,loss,residual_loss,bound_loss
0,37.496155,12.529857,24.966297
1,34.498436,11.942273,22.556164
2,31.779621,11.432959,20.346663
3,29.34271,11.000676,18.342033
4,27.18578,10.637098,16.54868
5,25.300657,10.332234,14.968423
6,23.674953,10.076972,13.597982
7,22.290684,9.861357,12.429327
8,21.126852,9.677387,11.449465
9,20.158062,9.5175085,10.6405525
10,19.356478,9.374837,9.98164
11,18.692343,9.243242,9.4491005
12,18.137108,9.117952,9.019154
13,17.663265,8.994551,8.668715
14,17.247566,8.87006,8.377506
15,16.871437,8.7424755,8.128961
16,16.520622,8.610006,7.910615
17,16.186548,8.472461,7.7140884
18,15.864714,8.330363,7.5343504
19,15.553508,8.184492,7.3690147
20,15.254005,8.036899,7.217107
21,14.9670315,7.888796,7.0782366
22,14.693886,7.7422066,6.951679
23,14.433865,7.5977955,6.8360696
24,14.185404,7.4563103,6.7290936
25,13.945184,7.317111,6.6280727
26,13.710164,7.179782,6.530382
27,13.478209,7.044303,6.4339056
28,13.246859,6.9091763,6.3376827
29,13.015785,6.7739134,6.2418714
30,12.785472,6.6377115,6.1477604
31,12.557409,6.5002894,6.0571194
32,12.3325,6.3606873,5.9718137
33,12.110657,6.2172832,5.8933735
34,11.891819,6.0691814,5.8226376
35,11.676468,5.916726,5.7597423
36,11.463281,5.7589602,5.704321
37,11.252687,5.596869,5.6558185
38,11.045404,5.432041,5.6133623
39,10.841136,5.2652016,5.5759344
40,10.640364,5.097847,5.5425167
41,10.443662,4.9316673,5.5119944
42,10.251301,4.76802,5.4832807
43,10.063389,4.6076355,5.4557543
44,9.88043,4.4513364,5.429094
45,9.7030945,4.299677,5.4034176
46,9.531496,4.152381,5.3791156
47,9.366034,4.0093713,5.3566623
48,9.207556,3.8712592,5.336297
49,9.055555,3.7374883,5.3180676
50,8.911366,3.6094697,5.301897
51,8.774706,3.4873822,5.2873235
52,8.645287,3.3712556,5.2740307
53,8.523379,3.261805,5.2615747
54,8.4087925,3.1589959,5.2497964
55,8.30138,3.0628362,5.2385435
56,8.200873,2.9731367,5.2277365
57,8.106748,2.8892322,5.217515
58,8.018375,2.8106909,5.2076845
59,7.9354553,2.7374363,5.198019
60,7.8573146,2.6689076,5.188407
61,7.7836094,2.6050649,5.178544
62,7.7137523,2.5454054,5.1683464
63,7.6471243,2.4892974,5.1578274
64,7.583728,2.436998,5.1467304
65,7.522811,2.3874557,5.135355
66,7.464205,2.3407626,5.1234426
67,7.40749,2.2965364,5.1109533
68,7.3527646,2.2550836,5.097681
69,7.2994733,2.215908,5.0835657
70,7.2475824,2.1789827,5.068599
71,7.1969576,2.144269,5.0526886
72,7.1474447,2.1114664,5.0359783
73,7.098918,2.0803237,5.0185947
74,7.0514097,2.0509336,5.0004764
75,7.004588,2.0228958,4.9816923
76,6.958673,1.9965508,4.962122
77,6.913231,1.9713857,4.941845
78,6.8684654,1.9475875,4.9208775
79,6.8242598,1.9249315,4.899328
80,6.7804146,1.9032891,4.8771257
81,6.737005,1.8825792,4.8544254
82,6.693843,1.8625762,4.831267
83,6.651086,1.8433759,4.8077097
84,6.608613,1.8247616,4.783851
85,6.566373,1.8067906,4.759582
86,6.5241346,1.7890646,4.73507
87,6.482237,1.7719178,4.7103186
88,6.440427,1.7551092,4.685318
89,6.398734,1.7386451,4.6600885
90,6.3570123,1.7223859,4.6346264
91,6.3154783,1.7064147,4.6090636
92,6.2739496,1.6906651,4.583285
93,6.232401,1.6750368,4.557364
94,6.1909122,1.6596357,4.5312767
95,6.149411,1.6444783,4.504933
96,6.107871,1.6294444,4.4784265
97,6.066306,1.6145781,4.451728
98,6.0245967,1.5997927,4.424804
99,5.982792,1.5851204,4.3976717
100,5.940883,1.5705229,4.3703604
101,5.8988876,1.5560914,4.342796
102,5.856731,1.5418061,4.3149247
103,5.8143673,1.5275811,4.286786
104,5.771963,1.5136402,4.258323
105,5.7290735,1.4995162,4.2295575
106,5.686283,1.4858457,4.2004375
107,5.643054,1.472058,4.1709957
108,5.599571,1.4583812,4.1411905
109,5.555802,1.4448214,4.1109805
110,5.511692,1.4313546,4.080337
111,5.4672823,1.4180443,4.0492377
112,5.422511,1.4047961,4.017715
113,5.377432,1.3917803,3.9856517
114,5.3319087,1.3787643,3.9531446
115,5.2859764,1.3658335,3.9201427
116,5.2397256,1.3531678,3.8865576
117,5.192952,1.3404801,3.8524718
118,5.1459,1.3280838,3.8178158
119,5.0983105,1.3157121,3.7825983
120,5.050307,1.3034973,3.7468095
121,5.002011,1.2915013,3.7105095
122,4.9532485,1.2796655,3.673583
123,4.9039774,1.2678726,3.6361046
124,4.854491,1.2564,3.5980911
125,4.804731,1.245128,3.5596027
126,4.7545795,1.2339865,3.520593
127,4.7041836,1.2231202,3.4810631
128,4.653577,1.2124304,3.4411466
129,4.6027727,1.2019804,3.4007921
130,4.551811,1.191762,3.3600497
131,4.500899,1.1818368,3.319062
132,4.449854,1.1721478,3.2777061
133,4.399031,1.1628689,3.2361622
134,4.34822,1.1538355,3.194384
135,4.2976923,1.1451381,3.1525543
136,4.2473993,1.1367059,3.1106935
137,4.1974726,1.1286535,3.0688186
138,4.1479425,1.1208954,3.0270472
139,4.098933,1.1135249,2.985408
140,4.050584,1.1065409,2.944043
141,4.0027757,1.0998328,2.9029431
142,3.955792,1.0935761,2.862216
143,3.9094243,1.0874884,2.8219361
144,3.8639684,1.0817816,2.7821867
145,3.8193386,1.0763329,2.7430058
146,3.775508,1.0711026,2.7044053
147,3.7326217,1.0660899,2.6665318
148,3.6906762,1.0612819,2.6293945
149,3.649541,1.056534,2.5930066
150,3.609469,1.051871,2.5575979
151,3.5702305,1.0473123,2.5229182
152,3.5318875,1.0427216,2.489166
153,3.4944499,1.0381238,2.456326
154,3.457778,1.033403,2.424375
155,3.422091,1.0286264,2.3934646
156,3.3871057,1.023746,2.3633597
157,3.3530087,1.0187062,2.3343024
158,3.3196075,1.0134578,2.30615
159,3.286945,1.0080655,2.2788796
160,3.2548976,1.002431,2.2524664
161,3.2236814,0.9967308,2.2269506
162,3.1930122,0.99071205,2.2023
163,3.163136,0.9846328,2.1785033
164,3.1337118,0.9782563,2.1554556
165,3.1050458,0.9718654,2.1331804
166,3.0769215,0.96528995,2.1116316
167,3.0494728,0.9586327,2.0908403
168,3.022514,0.9518386,2.0706754
169,2.996304,0.9450718,2.0512319
170,2.9704442,0.9381423,2.032302
171,2.9452925,0.9312443,2.014048
172,2.920672,0.92431736,1.9963547
173,2.8965497,0.9173558,1.9791937
174,2.873036,0.9104224,1.9626133
175,2.8501086,0.9036331,1.9464755
176,2.8276906,0.8968353,1.9308553
177,2.8057017,0.8899837,1.9157181
178,2.7843132,0.88329864,1.9010147
179,2.7634475,0.87659717,1.8868504
180,2.7431006,0.8700956,1.8730052
181,2.723229,0.86360145,1.8596275
182,2.7038703,0.85725963,1.8466107
183,2.6849723,0.850886,1.8340862
184,2.6664608,0.844666,1.8217946
185,2.648447,0.8385407,1.8099064
186,2.630824,0.832445,1.798379
187,2.613729,0.82652575,1.7872033
188,2.5970283,0.8206687,1.7763597
189,2.580666,0.8149415,1.7657247
190,2.5647306,0.80929166,1.755439
191,2.549151,0.80368155,1.7454695
192,2.5340254,0.79822665,1.7357986
193,2.5190609,0.79273725,1.7263236
194,2.5045724,0.78748786,1.7170844
195,2.4903316,0.7822533,1.7080783
196,2.4764187,0.77707237,1.6993463
197,2.4627752,0.7720411,1.6907341
198,2.4493704,0.767028,1.6823424
199,2.436259,0.7621168,1.6741424
200,2.4234037,0.7572843,1.6661195
201,2.410791,0.75254774,1.6582432
202,2.3983955,0.7478125,1.650583
203,2.3861418,0.7432425,1.6428994
204,2.3740997,0.73866665,1.6354332
205,2.3622904,0.7341761,1.6281142
206,2.350532,0.72970617,1.6208259
207,2.339073,0.72530556,1.6137675
208,2.3276687,0.7210251,1.6066433
209,2.316431,0.71670085,1.5997303
210,2.3052592,0.71249497,1.5927644
211,2.2942815,0.7083125,1.5859689
212,2.2833629,0.7042088,1.579154
213,2.2725205,0.7000818,1.5724387
214,2.2617922,0.6960436,1.5657487
215,2.251186,0.69209784,1.559088
216,2.2406054,0.6880977,1.5525076
217,2.230073,0.6841816,1.5458913
218,2.2196283,0.68028903,1.5393393
219,2.2092097,0.6764734,1.5327363
220,2.1988924,0.6726521,1.5262401
221,2.1885953,0.6688702,1.5197251
222,2.1782954,0.66514707,1.5131483
223,2.1680276,0.6614703,1.5065575
224,2.15783,0.6578151,1.5000148
225,2.1476126,0.65415704,1.4934554
226,2.137495,0.6506056,1.4868896
227,2.1273198,0.6470611,1.4802587
228,2.1171832,0.64352924,1.473654
229,2.10705,0.64007795,1.4669721
230,2.0970087,0.63665295,1.4603559
231,2.0868645,0.6332617,1.4536028
232,2.0768213,0.62992203,1.4468994
233,2.0667944,0.62659794,1.4401965
234,2.0567732,0.6233525,1.4334205
235,2.0466871,0.6201284,1.4265586
236,2.0367193,0.6169091,1.4198104
237,2.0267668,0.61379445,1.4129722
238,2.0167577,0.6107336,1.4060242
239,2.006859,0.60768574,1.3991733
240,1.9969213,0.60466576,1.3922555
241,1.9871838,0.60175806,1.3854258
242,1.9773335,0.5988829,1.3784508
243,1.9675761,0.5960232,1.371553
244,1.9578674,0.59320474,1.3646626
245,1.9482433,0.5905138,1.3577294
246,1.938623,0.5878191,1.3508039
247,1.9291205,0.58514667,1.3439739
248,1.9197156,0.5825939,1.3371218
249,1.9103918,0.5800669,1.3303248
250,1.9010618,0.5775646,1.3234973
251,1.8919146,0.57515365,1.3167609
252,1.8828461,0.5727836,1.3100625
253,1.873839,0.5704273,1.3034117
254,1.864953,0.56812453,1.2968284
255,1.8561705,0.5658944,1.290276
256,1.8475021,0.5637102,1.2837919
257,1.8389289,0.5615461,1.2773829
258,1.8304925,0.55937505,1.2711174
259,1.8221262,0.5573021,1.2648242
260,1.8138857,0.5552108,1.2586749
261,1.8057873,0.55311567,1.2526717
262,1.7977641,0.55108416,1.2466798
263,1.7898254,0.5490529,1.2407725
264,1.7819841,0.54702777,1.2349564
265,1.7742826,0.5449885,1.2292941
266,1.7665739,0.5429497,1.2236242
267,1.7589502,0.5409012,1.2180492
268,1.7514241,0.5388706,1.2125535
269,1.7439125,0.5368106,1.2071018
270,1.7364695,0.5347061,1.2017633
271,1.7291689,0.53262377,1.1965451
272,1.7217894,0.5305209,1.1912684
273,1.7144881,0.5283704,1.1861178
274,1.7072184,0.52622557,1.1809928
275,1.699981,0.5240513,1.1759298
276,1.6928072,0.5219005,1.1709068
277,1.6856693,0.519768,1.1659013
278,1.6784226,0.5175598,1.1608627
279,1.6713068,0.515404,1.155903
280,1.6640927,0.5132208,1.1508718
281,1.6570065,0.5110375,1.145969
282,1.6499145,0.50883687,1.1410778
283,1.6428038,0.5066729,1.1361308
284,1.6356809,0.5044844,1.1311965
285,1.6285541,0.5023611,1.1261929
286,1.6214209,0.5002284,1.1211926
287,1.6143959,0.49813807,1.1162578
288,1.607296,0.4960273,1.1112688
289,1.6002198,0.49392855,1.1062913
290,1.5931559,0.4918505,1.1013052
291,1.5860587,0.4898367,1.096222
292,1.5789664,0.48778972,1.0911766
293,1.5719259,0.48579675,1.0861292
294,1.5648535,0.483846,1.0810075
295,1.5577741,0.48186573,1.0759084
296,1.5507278,0.47992882,1.0707991
297,1.5436711,0.478034,1.0656371
298,1.5366248,0.47607082,1.060554
299,1.5295553,0.47421223,1.0553432
300,1.5224609,0.472356,1.0501049
301,1.5154126,0.47051308,1.0448996
302,1.5083768,0.4687109,1.0396659
303,1.5012796,0.4668994,1.0343802
304,1.4942126,0.46509618,1.0291164
305,1.487169,0.46333432,1.0238346
306,1.4800849,0.46157557,1.0185094
307,1.4729906,0.4598202,1.0131705
308,1.4660068,0.45812035,1.0078864
309,1.4589096,0.4564045,1.0025051
310,1.4518806,0.45470232,0.9971782
311,1.4447739,0.4530198,0.9917542
312,1.4376993,0.4513029,0.98639643
313,1.430604,0.44964114,0.9809629
314,1.4234986,0.447964,0.9755347
315,1.4164672,0.4463629,0.9701042
316,1.4094005,0.44476342,0.96463716
317,1.402297,0.44311583,0.9591812
318,1.3952756,0.441518,0.9537577
319,1.3881366,0.43988037,0.94825625
320,1.381066,0.43828237,0.9427836
321,1.3739522,0.43671983,0.9372324
322,1.3669388,0.43515015,0.9317887
323,1.3598317,0.43359703,0.92623466
324,1.3527308,0.43202215,0.92070866
325,1.3456292,0.43044764,0.9151815
326,1.3385923,0.42895573,0.9096365
327,1.3315442,0.42737567,0.9041684
328,1.3243843,0.42588526,0.89849913
329,1.3173465,0.42433834,0.8930081
330,1.3102198,0.42283297,0.8873868
331,1.3031669,0.4212953,0.88187146
332,1.2960941,0.41980034,0.8762937
333,1.2890081,0.41830468,0.87070346
334,1.2819645,0.41680604,0.8651585
335,1.274869,0.4153418,0.85952723
336,1.2678062,0.4138046,0.8540016
337,1.2607341,0.4123614,0.84837276
338,1.2537416,0.41089404,0.8428476
339,1.2466245,0.40940094,0.83722353
340,1.2395413,0.40791672,0.8316246
341,1.2325175,0.406505,0.8260124
342,1.2255223,0.40504962,0.8204726
343,1.2184528,0.40359092,0.8148619
344,1.2114403,0.40214333,0.809297
345,1.2043695,0.40066117,0.80370843
346,1.1973497,0.39923865,0.798111
347,1.1903379,0.39779857,0.79253936
348,1.1834018,0.3963851,0.78701663
349,1.1763637,0.39489856,0.78146523
350,1.1694045,0.3935132,0.7758913
351,1.1624398,0.39204335,0.7703965
352,1.1555107,0.39065614,0.7648545
353,1.148499,0.38918805,0.7593109
354,1.1415875,0.38776627,0.75382125
355,1.1346841,0.3863414,0.74834275
356,1.127723,0.38490576,0.74281716
357,1.1208563,0.3834867,0.73736966
358,1.1139741,0.38208145,0.7318927
359,1.1070518,0.38064837,0.72640336
360,1.1002241,0.3792131,0.72101104
361,1.0934228,0.3778461,0.71557665
362,1.0865481,0.37639296,0.71015507
363,1.0797043,0.37499914,0.7047051
364,1.0729325,0.37360436,0.69932806
365,1.0662093,0.37219518,0.69401413
366,1.0594507,0.3707828,0.6886679
367,1.05275,0.36938292,0.68336713
368,1.0459915,0.36796924,0.67802227
369,1.0393653,0.3665678,0.67279756
370,1.0326723,0.36516267,0.6675097
371,1.0260193,0.36375332,0.6622659
372,1.0194342,0.36234355,0.65709066
373,1.0128267,0.3609342,0.65189254
374,1.0062894,0.35951194,0.64677745
375,0.9996939,0.35818636,0.6415075
376,0.99325144,0.35677433,0.6364771
377,0.98682284,0.3553932,0.6314296
378,0.9803395,0.35403848,0.62630105
379,0.9739069,0.35260105,0.6213058
380,0.96760654,0.35123813,0.6163684
381,0.9611567,0.34987205,0.6112846
382,0.95490324,0.34844673,0.6064565
383,0.9486873,0.3471015,0.60158587
384,0.9424175,0.34573263,0.5966848
385,0.9362515,0.34438702,0.59186447
386,0.92999697,0.34304062,0.5869563
387,0.9239715,0.34158227,0.58238924
388,0.9179456,0.34033793,0.57760763
389,0.91177213,0.33890343,0.5728687
390,0.9059132,0.33755812,0.568355
391,0.89990175,0.33625576,0.563646
392,0.894061,0.33488905,0.55917203
393,0.8882236,0.3335703,0.5546533
394,0.8822923,0.3322348,0.55005753
395,0.8765683,0.3309204,0.5456479
396,0.8708122,0.32960254,0.5412096
397,0.86530644,0.32827586,0.5370306
398,0.8596437,0.3269875,0.53265613
399,0.8538705,0.32565296,0.52821755
400,0.8486041,0.32431072,0.5242934
401,0.84314907,0.32311392,0.52003515
402,0.8373811,0.3217668,0.51561433
403,0.8323754,0.32046235,0.51191306
404,0.82683873,0.31926388,0.5075748
405,0.8214078,0.31786573,0.50354207
406,0.81662387,0.31663144,0.49999243
407,0.8111435,0.31540865,0.4957348
408,0.80597687,0.31406373,0.4919132
409,0.8012694,0.3128578,0.4884116
410,0.7958149,0.31162855,0.4841863
411,0.7907549,0.31031603,0.4804389
412,0.7862946,0.3090777,0.4772169
413,0.7812332,0.3079119,0.47332123
414,0.7759758,0.30659327,0.46938252
415,0.77167064,0.3053226,0.46634805
416,0.7668284,0.30416942,0.46265906
417,0.76178646,0.30287367,0.45891276
418,0.7575096,0.30166468,0.45584494
419,0.7529856,0.30047545,0.45251015
420,0.7479891,0.29928118,0.44870794
421,0.7435932,0.29798168,0.4456115
422,0.73951983,0.2967977,0.44272217
423,0.73469955,0.29561752,0.43908203
424,0.7301443,0.29433545,0.4358089
425,0.72604597,0.2931456,0.43290037
426,0.7216748,0.29195088,0.4297239
427,0.71712124,0.29073906,0.42638215
428,0.7131658,0.28952062,0.42364523
429,0.7092642,0.28836298,0.42090124
430,0.7046707,0.28720582,0.4174649
431,0.70038164,0.28596216,0.41441953
432,0.6967773,0.28474638,0.41203088
433,0.692469,0.28362384,0.40884516
434,0.6881051,0.28235918,0.40574592
435,0.6845684,0.28113937,0.40342903
436,0.6802689,0.28002822,0.40024066
437,0.6760086,0.2787429,0.39726567
438,0.67294407,0.27753854,0.39540553
439,0.6688104,0.27644652,0.3923639
440,0.66457915,0.27518404,0.38939518
441,0.6612216,0.2740221,0.38719958
442,0.65726304,0.27288267,0.38438037
443,0.6534895,0.27167553,0.3818139
444,0.6499179,0.2705005,0.3794174
445,0.6462264,0.26931122,0.37691516
446,0.64233994,0.268151,0.37418896
447,0.638613,0.2669417,0.3716713
448,0.6353743,0.2657727,0.36960167
449,0.63175035,0.26462692,0.36712343
450,0.627947,0.26342905,0.36451796
451,0.6246731,0.26227352,0.36239958
452,0.6212491,0.26111394,0.36013514
453,0.6176846,0.259946,0.35773855
454,0.61416996,0.2587548,0.35541517
455,0.6112176,0.25758797,0.35362965
456,0.60758364,0.25648895,0.35109472
457,0.6037842,0.25524962,0.34853464
458,0.60147595,0.2541063,0.3473696
459,0.5979655,0.25308523,0.34488022
460,0.5939573,0.25181174,0.34214556
461,0.5916747,0.25066856,0.34100616
462,0.58791494,0.24957332,0.33834162
463,0.5846734,0.24829504,0.3363784
464,0.5825809,0.2472352,0.33534575
465,0.57909477,0.24614348,0.3329513
466,0.57574844,0.24496913,0.33077925
467,0.5733008,0.24385571,0.32944506
468,0.57008004,0.24275285,0.3273272
469,0.5666277,0.24153456,0.3250931
470,0.5643239,0.2403867,0.32393724
471,0.56129026,0.2392731,0.32201713
472,0.5584521,0.23816022,0.32029185
473,0.5557784,0.23704132,0.31873706
474,0.55313814,0.23597634,0.31716177
475,0.5501603,0.23487419,0.3152861
476,0.54769075,0.23373827,0.31395245
477,0.54501325,0.23264669,0.31236658
478,0.54232824,0.2315101,0.31081814
479,0.5399258,0.23042619,0.3094996
480,0.53734195,0.2293512,0.30799073
481,0.5348187,0.22825393,0.30656478
482,0.5324953,0.22717875,0.30531657
483,0.5299542,0.22608331,0.3038709
484,0.5276167,0.22500461,0.30261207
485,0.5253239,0.22392994,0.301394
486,0.5228791,0.22284582,0.30003333
487,0.5203782,0.2217708,0.2986074
488,0.5181561,0.22070193,0.2974542
489,0.51597106,0.21963687,0.2963342
490,0.51387393,0.21858501,0.29528892
491,0.5113285,0.21753661,0.2937919
492,0.50915384,0.21644902,0.29270482
493,0.5074613,0.2154536,0.29200768
494,0.5048585,0.21440116,0.29045737
495,0.5029181,0.21334083,0.2895773
496,0.5012204,0.21235505,0.2888654
497,0.49891132,0.21134135,0.28756994
498,0.49718893,0.21031266,0.2868763
499,0.49520242,0.20935647,0.28584594
500,0.4925999,0.20830429,0.28429562
501,0.49120963,0.20725062,0.28395903
502,0.48930722,0.20629579,0.28301147
503,0.48696464,0.20524728,0.28171736
504,0.4854133,0.2042704,0.28114292
505,0.48365822,0.20330492,0.2803533
506,0.48165017,0.2023485,0.2793017
507,0.47972846,0.20133123,0.27839726
508,0.4784947,0.20040584,0.2780889
509,0.47616872,0.19947481,0.27669394
510,0.474226,0.19844371,0.2757823
511,0.47324628,0.19753993,0.27570638
512,0.4708975,0.19660452,0.27429295
513,0.46873105,0.19558465,0.2731464
514,0.46759182,0.19463891,0.2729529
515,0.4663263,0.19377671,0.27254957
516,0.4640245,0.19284904,0.2711755
517,0.4626335,0.19191644,0.27071702
518,0.4610613,0.19103907,0.27002224
519,0.45916778,0.19010903,0.26905873
520,0.4578786,0.18918663,0.26869196
521,0.45678887,0.18834932,0.26843953
522,0.45444635,0.18747339,0.26697296
523,0.45307457,0.18653116,0.26654345
524,0.45195115,0.18570277,0.2662484
525,0.44985992,0.18480211,0.2650578
526,0.44869703,0.1839082,0.2647888
527,0.44728777,0.18308276,0.264205
528,0.4453857,0.18219803,0.26318765
529,0.4440049,0.18133451,0.26267037
530,0.4426491,0.18050513,0.26214397
531,0.44084153,0.17962363,0.2612179
532,0.44030333,0.17882553,0.26147777
533,0.43838328,0.17806944,0.2603138
534,0.4361158,0.17714491,0.25897086
535,0.4358722,0.17634806,0.2595241
536,0.43361777,0.17556255,0.25805524
537,0.43216038,0.17464307,0.25751734
538,0.43155277,0.17391801,0.25763473
539,0.4296252,0.17312196,0.25650325
540,0.42826837,0.17230123,0.25596714
541,0.42709824,0.17154665,0.2555516
542,0.42532504,0.17072062,0.25460443
543,0.42463556,0.1699484,0.25468716
544,0.42284432,0.16921717,0.25362718
545,0.42125395,0.1683706,0.25288334
546,0.42087033,0.1676575,0.25321284
547,0.41876692,0.16691397,0.25185293
548,0.4174473,0.16608113,0.25136614
549,0.4167481,0.16538683,0.25136128
550,0.41458547,0.16460887,0.2499766
551,0.41343322,0.16383353,0.2495997
552,0.41239417,0.16310787,0.2492863
553,0.41100296,0.16235095,0.248652
554,0.4097385,0.16162734,0.24811116
555,0.40871572,0.16090274,0.24781299
556,0.40798396,0.1602568,0.24772716
557,0.4059372,0.15952095,0.24641623
558,0.40502894,0.15875596,0.24627298
559,0.40385714,0.15806925,0.24578789
560,0.40211147,0.15730351,0.24480796
561,0.40161675,0.15660581,0.24501091
562,0.40012687,0.1559551,0.24417177
563,0.39838487,0.15522471,0.24316016
564,0.39748877,0.15452546,0.24296334
565,0.39619523,0.15383121,0.24236402
566,0.39503598,0.15311553,0.24192046
567,0.39393383,0.15246266,0.24147119
568,0.39230096,0.15177068,0.24053031
569,0.39147457,0.15108843,0.24038616
570,0.39045137,0.15045962,0.23999178
571,0.38864288,0.1497763,0.23886657
572,0.3876412,0.14907685,0.23856434
573,0.38680482,0.14844738,0.23835742
574,0.38501772,0.14776465,0.23725307
575,0.38455063,0.1471045,0.23744614
576,0.3832244,0.14649397,0.23673043
577,0.3818249,0.14580151,0.2360234
578,0.38109845,0.14519185,0.23590662
579,0.3796006,0.14453776,0.23506285
580,0.37854403,0.14386997,0.23467407
581,0.37744626,0.14324254,0.23420373
582,0.3760525,0.14259435,0.23345813
583,0.3751002,0.14197847,0.2331217
584,0.37415674,0.14137967,0.23277709
585,0.37299055,0.14075096,0.23223957
586,0.37199184,0.14012018,0.23187166
587,0.37064785,0.13950598,0.23114187
588,0.36964357,0.13885853,0.23078504
589,0.36906308,0.1382862,0.23077689
590,0.36722076,0.13767853,0.22954221
591,0.36630386,0.1370373,0.22926652
592,0.36552116,0.13646427,0.2290569
593,0.36389536,0.13583866,0.2280567
594,0.36291194,0.13520843,0.22770351
595,0.36220235,0.13465297,0.22754937
596,0.36070967,0.13404721,0.22666246
597,0.35966325,0.13345727,0.22620599
598,0.35858068,0.1328572,0.22572345
599,0.35735035,0.13224846,0.2251019
600,0.3565179,0.13166578,0.22485214
601,0.35525015,0.13110256,0.22414759
602,0.35442722,0.13052297,0.22390425
603,0.35364795,0.12999555,0.2236524
604,0.35240445,0.12939543,0.22300902
605,0.35136908,0.12882327,0.22254583
606,0.3499756,0.12823276,0.22174281
607,0.34925818,0.12765418,0.22160399
608,0.34799576,0.12711719,0.2208786
609,0.34665963,0.12652469,0.22013494
610,0.34607452,0.12598515,0.22008938
611,0.3446363,0.12544112,0.21919516
612,0.34366637,0.124845624,0.21882077
613,0.34311575,0.124337845,0.21877792
614,0.34172204,0.12378026,0.21794179
615,0.34121788,0.12324615,0.21797174
616,0.34016788,0.122738354,0.21742952
617,0.33845666,0.122158736,0.21629794
618,0.33756477,0.12158987,0.21597488
619,0.3365658,0.12104058,0.21552521
620,0.33525223,0.12047234,0.21477988
621,0.33451676,0.11995219,0.21456459
622,0.33360776,0.119441316,0.21416646
623,0.33279166,0.11893058,0.21386108
624,0.33186293,0.118414626,0.2134483
625,0.33087802,0.11789392,0.21298411
626,0.3299808,0.11737648,0.21260431
627,0.32879588,0.116846025,0.21194986
628,0.32787168,0.11631866,0.211553
629,0.32694346,0.115811504,0.21113193
630,0.32614845,0.11528905,0.21085939
631,0.3252979,0.11478989,0.21050802
632,0.32418823,0.11429109,0.20989715
633,0.32279903,0.11375772,0.2090413
634,0.32187098,0.11321838,0.20865259
635,0.32099056,0.11271535,0.2082752
636,0.31978697,0.11218923,0.2075977
637,0.31930798,0.11170885,0.2075991
638,0.31823546,0.111242354,0.20699307
639,0.31707203,0.11072686,0.20634519
640,0.31665245,0.110245794,0.20640665
641,0.31514326,0.10974232,0.20540094
642,0.31402284,0.10920462,0.20481823
643,0.3136057,0.10872994,0.20487574
644,0.31233442,0.10825582,0.20407863
645,0.3114506,0.10776043,0.20369017
646,0.31081212,0.10730022,0.20351188
647,0.30970985,0.10680406,0.20290577
648,0.30899155,0.10630581,0.20268576
649,0.30781072,0.10582006,0.20199066
650,0.30691585,0.10532439,0.20159146
651,0.30616337,0.10487849,0.2012849
652,0.30501658,0.10439084,0.20062575
653,0.30435118,0.103914484,0.2004367
654,0.30314836,0.10343501,0.19971336
655,0.30237228,0.10294631,0.19942597
656,0.30158657,0.10249279,0.19909379
657,0.30039895,0.10201492,0.19838405
658,0.3001996,0.10156143,0.19863817
659,0.29886216,0.10111906,0.19774309
660,0.2981418,0.10062277,0.19751903
661,0.2979306,0.10020276,0.19772784
662,0.29621214,0.09971808,0.19649407
663,0.29563236,0.09923666,0.19639568
664,0.29471993,0.098800406,0.19591951
665,0.29307413,0.09828109,0.19479303
666,0.29272208,0.09782463,0.19489744
667,0.29142624,0.09737529,0.19405097
668,0.29066697,0.09690781,0.19375917
669,0.29014045,0.09649806,0.19364238
670,0.28889412,0.096032515,0.19286162
671,0.28847036,0.095596544,0.19287382
672,0.2872185,0.095150925,0.19206758
673,0.28634614,0.094661996,0.19168413
674,0.28583524,0.094230056,0.19160518
675,0.284476,0.09377799,0.19069803
676,0.28358042,0.09331125,0.1902692
677,0.28284326,0.0928867,0.18995656
678,0.2818749,0.09241685,0.18945804
679,0.28172097,0.09200342,0.18971753
680,0.2805678,0.091594666,0.18897313
681,0.27954248,0.09113559,0.18840688
682,0.2791142,0.09072596,0.18838826
683,0.27782255,0.09024994,0.1875726
684,0.27746487,0.08981475,0.1876501
685,0.2766318,0.08940488,0.1872269
686,0.2757105,0.08896533,0.18674517
687,0.27499965,0.08854478,0.18645486
688,0.27386448,0.08809304,0.18577144
689,0.27312794,0.08766182,0.18546611
690,0.27188674,0.08721305,0.1846737
691,0.27135876,0.08678832,0.18457045
692,0.2705177,0.08638747,0.18413022
693,0.26936668,0.08594648,0.18342021
694,0.2688807,0.085534155,0.18334654
695,0.26781192,0.08511236,0.18269959
696,0.2670255,0.08467318,0.18235232
697,0.26634252,0.08426875,0.18207376
698,0.265459,0.08385277,0.18160623
699,0.2647385,0.08343504,0.18130344
700,0.26410472,0.08302474,0.18108
701,0.26305562,0.08261267,0.18044296
702,0.2623927,0.08218707,0.18020563
703,0.26170552,0.081807725,0.17989779
704,0.26049137,0.08138056,0.17911081
705,0.26012257,0.08097596,0.1791466
706,0.2592999,0.08057631,0.1787236
707,0.25842583,0.080163226,0.17826259
708,0.25772128,0.07977503,0.17794625
709,0.2567889,0.079370685,0.17741822
710,0.25615183,0.07897219,0.17717965
711,0.25544655,0.07856363,0.17688292
712,0.25430712,0.078172006,0.17613511
713,0.25331485,0.077760205,0.17555466
714,0.25292692,0.077375755,0.17555118
715,0.25222027,0.07699367,0.17522663
716,0.25159815,0.07661522,0.17498292
717,0.2508738,0.0762487,0.1746251
718,0.25009418,0.075855754,0.1742384
719,0.24930643,0.07546304,0.17384338
720,0.24853572,0.07508445,0.17345129
721,0.24767509,0.07471573,0.17295936
722,0.24677114,0.07432605,0.17244509
723,0.24615729,0.07394883,0.17220846
724,0.24534902,0.07357797,0.17177105
725,0.24456322,0.073214814,0.1713484
726,0.24385506,0.07284124,0.17101382
727,0.24344864,0.072489634,0.17095901
728,0.242614,0.072130814,0.1704832
729,0.24154231,0.07176301,0.1697793
730,0.24069636,0.07137312,0.16932324
731,0.24057302,0.07102531,0.1695477
732,0.2394219,0.07069174,0.16873017
733,0.23833415,0.0703116,0.16802254
734,0.23820624,0.06997891,0.16822733
735,0.23734257,0.06963834,0.16770422
736,0.2367277,0.06929155,0.16743615
737,0.23623194,0.06897213,0.16725981
738,0.23522913,0.06862956,0.16659959
739,0.23468086,0.068282284,0.16639857
740,0.2340072,0.06795343,0.16605377
741,0.23336907,0.06761316,0.1657559
742,0.23269016,0.067296244,0.1653939
743,0.23173584,0.06695919,0.16477665
744,0.23144382,0.066640496,0.16480333
745,0.23050812,0.066324264,0.16418386
746,0.22982213,0.06598823,0.16383389
747,0.22943227,0.065691285,0.16374099
748,0.22831944,0.06537227,0.16294715
749,0.2278058,0.065048516,0.16275728
750,0.22729649,0.064758234,0.16253826
751,0.22618806,0.064432,0.16175607
752,0.22593652,0.06413677,0.16179974
753,0.22514501,0.06385166,0.16129336
754,0.22483036,0.06354841,0.16128194
755,0.22436157,0.063283056,0.16107853
756,0.22323358,0.062973216,0.16026035
757,0.22294402,0.062676735,0.1602673
758,0.22251558,0.06241204,0.16010354
759,0.22147271,0.062111627,0.1593611
760,0.22125821,0.061838064,0.15942015
761,0.2205545,0.061571717,0.15898278
762,0.21974088,0.06127492,0.15846597
763,0.21948507,0.061008304,0.15847676
764,0.2185908,0.060735244,0.15785554
765,0.21810816,0.060463995,0.15764417
766,0.21761057,0.060212374,0.1573982
767,0.21662697,0.05992951,0.15669747
768,0.21636507,0.0596764,0.15668866
769,0.21551566,0.05941467,0.15610099
770,0.21524255,0.059157275,0.15608528
771,0.21466115,0.05892383,0.15573731
772,0.2137726,0.058653403,0.1551192
773,0.21376714,0.058412436,0.1553547
774,0.21311222,0.05818505,0.15492716
775,0.21227583,0.057915747,0.15436009
776,0.2123082,0.0576979,0.1546103
777,0.21130472,0.05745885,0.15384588
778,0.21066537,0.05719307,0.15347232
779,0.2105628,0.0569699,0.1535929
780,0.20968072,0.056727268,0.15295345
781,0.2093283,0.056484625,0.15284368
782,0.20935552,0.056301467,0.15305406
783,0.2080115,0.056057386,0.15195411
784,0.20779067,0.055808954,0.15198173
785,0.2077191,0.055618223,0.15210089
786,0.20646484,0.05536473,0.15110011
787,0.20626232,0.05513887,0.15112346
788,0.20558771,0.054925285,0.15066242
789,0.20529982,0.054698467,0.15060136
790,0.20504387,0.05450875,0.15053512
791,0.20394307,0.05427316,0.14966992
792,0.20402732,0.05405579,0.14997153
793,0.20369014,0.053874217,0.14981595
794,0.20270407,0.053641714,0.14906235
795,0.20242676,0.053427793,0.14899898
796,0.20199932,0.053223766,0.14877555
797,0.20140469,0.053008616,0.14839607
798,0.20136924,0.0528201,0.14854914
799,0.20058212,0.05262489,0.14795722
800,0.19991094,0.052401654,0.14750929
801,0.19989626,0.05221063,0.14768563
802,0.1990691,0.05201186,0.14705724
803,0.19836593,0.051787555,0.14657837
804,0.19845149,0.05160556,0.14684592
805,0.19782355,0.05141456,0.146409
806,0.19732869,0.051207066,0.14612162
807,0.19719678,0.051026165,0.14617062
808,0.19644126,0.050822288,0.14561896
809,0.19619837,0.050618514,0.14557984
810,0.19629133,0.050460413,0.1458309
811,0.19520292,0.05025546,0.14494747
812,0.1946307,0.05004818,0.14458251
813,0.19464868,0.049866408,0.14478227
814,0.19420218,0.049684256,0.14451793
815,0.19340935,0.049485542,0.14392382
816,0.19314009,0.049296502,0.14384359
817,0.19261876,0.049110055,0.1435087
818,0.19219896,0.048905246,0.14329372
819,0.19213703,0.0487315,0.14340553
820,0.19158523,0.048553504,0.14303172
821,0.19106004,0.04836186,0.14269817
822,0.19082454,0.048184384,0.14264016
823,0.1903244,0.04800163,0.14232278
824,0.18978353,0.047803815,0.14197971
825,0.18938217,0.047621384,0.14176078
826,0.18921301,0.047443517,0.1417695
827,0.18872112,0.04727248,0.14144865
828,0.18811515,0.04707507,0.14104009
829,0.1879714,0.04689972,0.14107168
830,0.18718919,0.046711504,0.14047769
831,0.18678275,0.046518408,0.14026435
832,0.18678215,0.046358388,0.14042377
833,0.18601188,0.04617113,0.13984075
834,0.18587904,0.045985,0.13989404
835,0.18596345,0.045837164,0.14012627
836,0.18479833,0.04563675,0.13916159
837,0.18471295,0.04544149,0.13927147
838,0.18460947,0.045289226,0.13932025
839,0.18364349,0.045089535,0.13855395
840,0.1836597,0.044917986,0.1387417
841,0.18319656,0.044746824,0.13844973
842,0.18249235,0.044549532,0.13794282
843,0.18265167,0.04438204,0.13826963
844,0.1822122,0.04422029,0.13799192
845,0.18162137,0.04402901,0.13759236
846,0.18157546,0.043859016,0.13771644
847,0.18122542,0.043689266,0.13753615
848,0.1805804,0.043501876,0.13707852
849,0.18024276,0.043318287,0.13692448
850,0.1801439,0.043148376,0.13699551
851,0.17950863,0.042969428,0.13653922
852,0.17889096,0.04278148,0.13610947
853,0.17885602,0.042609327,0.13624668
854,0.17850372,0.04244963,0.1360541
855,0.17764392,0.04224649,0.13539743
856,0.17778653,0.042078655,0.13570789
857,0.17723033,0.041913223,0.1353171
858,0.17653632,0.04171381,0.1348225
859,0.17661566,0.041548118,0.13506752
860,0.17600435,0.041372053,0.13463229
861,0.17564848,0.041186746,0.13446173
862,0.17584583,0.041031502,0.13481432
863,0.17516708,0.040857106,0.13430996
864,0.1745294,0.040659502,0.13386992
865,0.17446849,0.040488057,0.13398042
866,0.17396751,0.040313102,0.1336544
867,0.17353141,0.040129818,0.1334016
868,0.17331353,0.03995786,0.13335566
869,0.172828,0.039778642,0.13304937
870,0.17253198,0.03959761,0.13293436
871,0.17201184,0.03942375,0.13258809
872,0.17102395,0.039221346,0.1318026
873,0.17110574,0.03904611,0.13205965
874,0.17071754,0.03887985,0.1318377
875,0.17012843,0.038687624,0.1314408
876,0.17031077,0.038524155,0.13178661
877,0.16980362,0.038362224,0.1314414
878,0.16886613,0.038157612,0.13070852
879,0.16897494,0.037984036,0.1309909
880,0.16881785,0.037825845,0.13099201
881,0.1677229,0.037629414,0.13009349
882,0.167434,0.037439477,0.12999453
883,0.16764753,0.037280872,0.13036665
884,0.16688685,0.037099525,0.12978733
885,0.16626135,0.0368999,0.12936145
886,0.16615264,0.036733743,0.1294189
887,0.16539572,0.036548693,0.12884703
888,0.16500324,0.036354475,0.12864877
889,0.16500178,0.036194038,0.12880775
890,0.16438851,0.036012813,0.1283757
891,0.16399306,0.035833918,0.12815915
892,0.16361961,0.03565745,0.12796216
893,0.16321036,0.035476886,0.12773348
894,0.16307047,0.03530819,0.12776227
895,0.1624377,0.03513337,0.12730433
896,0.16160926,0.034931738,0.12667751
897,0.1616919,0.034764327,0.12692757
898,0.16132203,0.034604505,0.12671751
899,0.16046527,0.034406744,0.12605853
900,0.16027822,0.034233555,0.12604466
901,0.15985975,0.03406413,0.12579562
902,0.15915543,0.033878885,0.12527654
903,0.15872306,0.033696063,0.12502699
904,0.15839463,0.033526257,0.124868385
905,0.1580843,0.033352897,0.12473142
906,0.1574539,0.03317954,0.12427436
907,0.15673351,0.03299313,0.123740375
908,0.15665627,0.032826178,0.123830095
909,0.15641576,0.03266821,0.12374754
910,0.15582724,0.032490958,0.123336285
911,0.15558705,0.032326102,0.12326093
912,0.1550141,0.032159545,0.12285455
913,0.1544297,0.031982094,0.1224476
914,0.15414286,0.031821683,0.12232117
915,0.153369,0.03164678,0.121722214
916,0.15295854,0.031474315,0.121484235
917,0.1529809,0.0313273,0.12165359
918,0.1521206,0.03116337,0.12095724
919,0.15132926,0.030980496,0.120348774
920,0.15153031,0.03083931,0.120691
921,0.15100938,0.03069269,0.120316684
922,0.15004507,0.030509705,0.119535364
923,0.15018067,0.03036772,0.11981295
924,0.149537,0.030221142,0.119315855
925,0.14847296,0.030037291,0.11843567
926,0.14901784,0.02990925,0.119108595
927,0.14884378,0.029793419,0.119050354
928,0.14726487,0.029604774,0.1176601
929,0.14711314,0.029451676,0.11766146
930,0.14690621,0.029328533,0.11757769
931,0.14584696,0.029162925,0.116684034
932,0.14604539,0.029027727,0.11701767
933,0.14582048,0.02891424,0.11690625
934,0.14499715,0.028757632,0.116239525
935,0.1447846,0.028627459,0.116157144
936,0.14436315,0.028497094,0.11586606
937,0.14367293,0.028361507,0.11531143
938,0.14309539,0.028221507,0.114873886
939,0.14292203,0.028097305,0.11482473
940,0.14268294,0.02797685,0.1147061
941,0.1421377,0.027849477,0.114288226
942,0.14170323,0.02772203,0.1139812
943,0.14124656,0.02760114,0.113645434
944,0.1404751,0.02747045,0.113004655
945,0.13994946,0.027343273,0.11260618
946,0.13991416,0.027237877,0.11267627
947,0.13929743,0.027123325,0.11217409
948,0.13872151,0.026995927,0.11172559
949,0.1389823,0.026903424,0.11207886
950,0.13852647,0.026797058,0.11172941
951,0.1376958,0.026671803,0.11102401
952,0.13756101,0.02656392,0.110997096
953,0.13722362,0.0264658,0.11075782
954,0.1365867,0.026346259,0.11024044
955,0.13656104,0.026255943,0.11030509
956,0.13620904,0.026157722,0.11005131
957,0.13532884,0.026037913,0.10929093
958,0.13485493,0.025928628,0.1089263
959,0.13485746,0.025845904,0.10901156
960,0.13402635,0.025738424,0.10828793
961,0.13331302,0.02562122,0.107691795
962,0.13339286,0.025538588,0.10785428
963,0.13297115,0.02544727,0.10752389
964,0.13248846,0.02534359,0.10714487
965,0.13243654,0.02526031,0.10717622
966,0.13186324,0.025166918,0.10669632
967,0.13117342,0.025062196,0.10611123
968,0.13120577,0.024982631,0.106223136
969,0.13109805,0.024908856,0.1061892
970,0.1299848,0.024796199,0.10518861
971,0.12949847,0.024696825,0.10480164
972,0.12955216,0.024627302,0.10492486
973,0.12892205,0.024536723,0.10438532
974,0.12841687,0.024441548,0.103975326
975,0.12845089,0.024370521,0.104080364
976,0.12786926,0.02428322,0.10358605
977,0.12751319,0.024193715,0.10331947
978,0.12731585,0.02412048,0.10319538
979,0.12669012,0.024033349,0.102656774
980,0.12641749,0.02395295,0.102464534
981,0.12632251,0.023882639,0.10243987
982,0.12571533,0.023796342,0.10191899
983,0.12546803,0.02371554,0.10175249
984,0.12528513,0.023648158,0.10163697
985,0.124518864,0.023556616,0.10096225
986,0.12400167,0.023472093,0.10052957
987,0.12374122,0.023397652,0.10034357
988,0.123380974,0.023325754,0.10005522
989,0.12286848,0.023243215,0.09962526
990,0.12265618,0.023170948,0.09948523
991,0.122619815,0.02310915,0.09951067
992,0.121971905,0.023026288,0.09894562
993,0.12169433,0.022946347,0.09874798
994,0.121652186,0.022890273,0.09876191
995,0.12108709,0.022813726,0.09827337
996,0.12058739,0.022735428,0.09785197
997,0.120224044,0.022663552,0.097560495
998,0.119878024,0.022593277,0.09728475
999,0.11978844,0.022531185,0.09725726
1000,0.11929259,0.022461573,0.096831016
1001,0.118786514,0.02238223,0.096404284
1002,0.1187181,0.022323772,0.09639433
1003,0.11838186,0.02225941,0.09612246
1004,0.11785213,0.022183701,0.09566842
1005,0.117908955,0.022123244,0.09578571
1006,0.11763142,0.022067808,0.09556362
1007,0.116792604,0.021981686,0.09481092
1008,0.11672822,0.02192273,0.09480549
1009,0.116364524,0.021863284,0.09450124
1010,0.11560565,0.021785162,0.09382049
1011,0.11564949,0.021726584,0.0939229
1012,0.11564973,0.021682784,0.093966946
1013,0.114692435,0.021599703,0.093092725
1014,0.11447492,0.021532226,0.0929427
1015,0.11503096,0.021502886,0.09352808
1016,0.11392823,0.021424472,0.09250376
1017,0.11321563,0.021335166,0.09188047
1018,0.11379631,0.021307461,0.09248884
1019,0.11313327,0.021244053,0.09188922
1020,0.11252772,0.021166522,0.091361195
1021,0.11279549,0.021129258,0.09166623
1022,0.112073034,0.021063456,0.09100958
1023,0.11152834,0.02099311,0.09053522
1024,0.1117086,0.020949211,0.09075939
1025,0.1114386,0.020897798,0.090540804
1026,0.11088395,0.020831324,0.09005263
1027,0.110799536,0.020780891,0.090018645
1028,0.110365316,0.020724911,0.08964041
1029,0.10973935,0.020657636,0.08908171
1030,0.10961132,0.020606343,0.08900498
1031,0.1097424,0.020569919,0.08917248
1032,0.10938961,0.020515753,0.08887386
1033,0.108733036,0.020448709,0.08828433
1034,0.10852534,0.020392695,0.08813265
1035,0.10844319,0.020350616,0.08809258
1036,0.10800789,0.020295156,0.087712735
1037,0.10757817,0.020234244,0.08734393
1038,0.107586265,0.0201913,0.08739496
1039,0.10710107,0.020140853,0.08696022
1040,0.10670526,0.020082075,0.086623184
1041,0.10696853,0.020051766,0.08691676
1042,0.10647748,0.020000558,0.08647692
1043,0.10571044,0.019930076,0.08578037
1044,0.1062554,0.019903272,0.086352125
1045,0.10599001,0.019862872,0.08612713
1046,0.104931206,0.01978704,0.08514416
1047,0.1048803,0.01974177,0.08513853
1048,0.10499744,0.01971207,0.085285366
1049,0.10431485,0.019652463,0.084662385
1050,0.10389801,0.01959722,0.084300786
1051,0.103803664,0.019556735,0.08424693
1052,0.103701904,0.019517781,0.084184125
1053,0.103320405,0.019468646,0.083851755
1054,0.103084594,0.019420855,0.08366375
1055,0.10289404,0.019380238,0.083513804
1056,0.10241082,0.019325633,0.08308519
1057,0.10257551,0.019292645,0.08328287
1058,0.10239103,0.019257352,0.08313367
1059,0.10164794,0.019198574,0.08244937
1060,0.10118979,0.019143201,0.08204658
1061,0.10144034,0.019117743,0.0823226
1062,0.101236805,0.019080825,0.08215599
1063,0.10060656,0.019023571,0.081582986
1064,0.10048902,0.018984653,0.081504375
1065,0.10033197,0.018947769,0.0813842
1066,0.10006914,0.018905386,0.08116375
1067,0.10019105,0.018876929,0.08131412
1068,0.099952415,0.018840956,0.08111146
1069,0.09892927,0.01877207,0.080157205
1070,0.09880722,0.018726204,0.080081016
1071,0.09902412,0.018710867,0.08031325
1072,0.09811666,0.018651865,0.07946479
1073,0.09789297,0.018605597,0.07928737
1074,0.09848943,0.018594772,0.07989466
1075,0.09787467,0.018550593,0.07932408
1076,0.09722909,0.018492077,0.07873702
1077,0.097616985,0.018471738,0.07914524
1078,0.097491,0.018444456,0.07904655
1079,0.09671815,0.01838782,0.07833032
1080,0.096378475,0.018341986,0.078036495
1081,0.09659946,0.018320054,0.078279406
1082,0.09631907,0.018286753,0.078032315
1083,0.09588721,0.018242896,0.0776443
1084,0.09565163,0.018205486,0.07744615
1085,0.09551865,0.018171437,0.07734721
1086,0.09553748,0.018142426,0.07739505
1087,0.095255196,0.018107954,0.077147245
1088,0.09472788,0.018060464,0.07666741
1089,0.094635464,0.018027114,0.076608345
1090,0.09453094,0.017999511,0.076531425
1091,0.09424824,0.017961513,0.07628673
1092,0.09397262,0.017927028,0.07604559
1093,0.09358887,0.017888475,0.07570039
1094,0.093420334,0.017854476,0.07556586
1095,0.093414694,0.017832018,0.07558268
1096,0.0930215,0.017793272,0.07522823
1097,0.092787005,0.017758217,0.075028785
1098,0.09291613,0.017735118,0.07518102
1099,0.09250662,0.017697487,0.07480913
1100,0.09200472,0.017657317,0.07434741
1101,0.092114404,0.017632551,0.07448186
1102,0.092422426,0.017623108,0.074799314
1103,0.09169625,0.017575044,0.07412121
1104,0.09103255,0.017527021,0.07350552
1105,0.09128928,0.017509034,0.07378025
1106,0.09142092,0.017497,0.073923916
1107,0.09071599,0.01745211,0.07326388
1108,0.090664774,0.01742138,0.073243394
1109,0.0906025,0.017398767,0.07320374
1110,0.09023759,0.017362768,0.07287482
1111,0.09002766,0.017333802,0.072693855
1112,0.08994131,0.017310437,0.072630875
1113,0.08992067,0.017287236,0.07263344
1114,0.08967718,0.01725939,0.07241779
1115,0.089403585,0.017227475,0.0721761
1116,0.089429885,0.01720808,0.0722218
1117,0.08914289,0.017180756,0.07196213
1118,0.08889577,0.017150667,0.071745105
1119,0.08888288,0.017130338,0.07175255
1120,0.08848071,0.017096754,0.07138396
1121,0.08803917,0.017060298,0.070978865
1122,0.0880266,0.017041443,0.07098515
1123,0.08795886,0.0170223,0.07093656
1124,0.08748737,0.016986297,0.070501074
1125,0.087202676,0.016958673,0.07024401
1126,0.08723897,0.016939668,0.0702993
1127,0.08709262,0.016919164,0.07017346
1128,0.08694412,0.016894555,0.07004957
1129,0.08695794,0.016875599,0.070082344
1130,0.086569905,0.016846813,0.06972309
1131,0.086512506,0.016825104,0.069687404
1132,0.08662516,0.016815,0.06981016
1133,0.08610408,0.016783677,0.06932041
1134,0.08558024,0.01674585,0.06883439
1135,0.085737854,0.016735442,0.069002405
1136,0.08567759,0.016722428,0.06895516
1137,0.08529609,0.016692154,0.06860393
1138,0.085234255,0.016672418,0.06856184
1139,0.084863484,0.016645364,0.06821811
1140,0.08450809,0.016616413,0.06789168
1141,0.08473049,0.016610809,0.068119675
1142,0.084459126,0.016593132,0.06786598
1143,0.08407932,0.016560365,0.06751895
1144,0.084295295,0.01654945,0.06774585
1145,0.08403082,0.016531046,0.06749977
1146,0.083597556,0.016503606,0.067093946
1147,0.08364874,0.016493756,0.06715498
1148,0.08351815,0.016477851,0.067040294
1149,0.083293475,0.016452294,0.06684118
1150,0.08335241,0.016438704,0.06691371
1151,0.083459996,0.016433623,0.06702638
1152,0.08299494,0.016410075,0.06658486
1153,0.08291054,0.016395174,0.066515364
1154,0.08279757,0.016380377,0.066417195
1155,0.082122736,0.016344272,0.065778464
1156,0.08213566,0.01632775,0.06580791
1157,0.08257253,0.016334875,0.06623765
1158,0.082150504,0.016313855,0.06583665
1159,0.08162816,0.016283566,0.065344594
1160,0.081602946,0.016270377,0.06533257
1161,0.08142115,0.016256168,0.065164976
1162,0.08118124,0.016235216,0.064946026
1163,0.08142647,0.016233018,0.06519345
1164,0.08128759,0.016222466,0.06506513
1165,0.08073321,0.016192976,0.06454023
1166,0.08085337,0.016184462,0.064668916
1167,0.08129577,0.016192421,0.06510335
1168,0.080770895,0.016167639,0.064603254
1169,0.080335006,0.01614005,0.06419496
1170,0.08055075,0.01613981,0.06441094
1171,0.0804549,0.016131956,0.06432295
1172,0.080068894,0.016111238,0.063957654
1173,0.07997617,0.016096309,0.06387987
1174,0.08002445,0.016091254,0.06393319
1175,0.079730146,0.016076056,0.06365409
1176,0.079354495,0.016052702,0.063301794
1177,0.07941704,0.016048558,0.063368484
1178,0.07954105,0.016046308,0.06349474
1179,0.07915428,0.01602332,0.06313097
1180,0.078808114,0.016002152,0.062805966
1181,0.07885565,0.015997898,0.062857755
1182,0.07881907,0.015993137,0.062825926
1183,0.07860006,0.015980154,0.0626199
1184,0.07843336,0.015966076,0.06246728
1185,0.07845111,0.015957959,0.06249315
1186,0.07821909,0.015944425,0.062274665
1187,0.07806477,0.015930276,0.062134493
1188,0.07841471,0.015936166,0.06247855
1189,0.07804561,0.01592176,0.062123854
1190,0.07743877,0.015892603,0.06154617
1191,0.07769034,0.015892988,0.06179735
1192,0.077784225,0.015894068,0.061890155
1193,0.07711601,0.015864177,0.061251834
1194,0.07713361,0.01585557,0.061278038
1195,0.0773139,0.015859162,0.061454736
1196,0.07700818,0.01584474,0.06116344
1197,0.07688758,0.015833925,0.061053656
1198,0.076916054,0.015830185,0.06108587
1199,0.07650989,0.015810553,0.060699344
1200,0.07633062,0.015797002,0.06053362
1201,0.0764308,0.015797712,0.060633086
1202,0.07640728,0.015793221,0.060614064
1203,0.07609765,0.015778314,0.06031934
1204,0.075738624,0.015759002,0.05997962
1205,0.076158665,0.01576703,0.060391635
1206,0.07632744,0.015772646,0.060554802
1207,0.07583388,0.01574998,0.0600839
1208,0.07585638,0.01574141,0.060114972
1209,0.07616729,0.015749875,0.06041742
1210,0.07565223,0.01573009,0.05992214
1211,0.07528875,0.015710251,0.0595785
1212,0.0755371,0.015714083,0.059823014
1213,0.07549505,0.015710361,0.059784688
1214,0.07483126,0.015681513,0.05914975
1215,0.074920595,0.015676372,0.059244215
1216,0.07546922,0.015695807,0.059773415
1217,0.07494438,0.015676461,0.059267912
1218,0.07457617,0.015654856,0.058921315
1219,0.0752143,0.015671015,0.059543286
1220,0.075369455,0.015674058,0.059695397
1221,0.07435116,0.015631335,0.05871983
1222,0.07410285,0.0156168165,0.05848603
1223,0.07471972,0.015638491,0.059081227
1224,0.07481837,0.015643861,0.059174515
1225,0.07413012,0.0156112695,0.05851885
1226,0.07408572,0.01559723,0.05848849
1227,0.07446405,0.015607024,0.058857027
1228,0.07410306,0.015593922,0.058509134
1229,0.07380195,0.015581439,0.05822051
1230,0.07404889,0.0155871175,0.058461778
1231,0.07436106,0.015594963,0.058766104
1232,0.07391475,0.015570101,0.058344655
1233,0.07304956,0.0155339725,0.057515584
1234,0.072951406,0.015524349,0.05742706
1235,0.073331244,0.015540393,0.057790853
1236,0.07313682,0.015532339,0.057604484
1237,0.0729661,0.015516435,0.05744966
1238,0.07315171,0.015514682,0.05763703
1239,0.073039964,0.015505858,0.057534102
1240,0.072780035,0.015491998,0.057288036
1241,0.07258159,0.015481611,0.057099983
1242,0.07260926,0.015480144,0.057129122
1243,0.0726224,0.015478743,0.057143655
1244,0.07250677,0.0154670235,0.05703975
1245,0.07242297,0.015455362,0.056967605
1246,0.072352335,0.015448442,0.05690389
1247,0.07214167,0.015438832,0.056702837
1248,0.07223469,0.015439596,0.05679509
1249,0.07226058,0.015438274,0.056822307
1250,0.07213198,0.015428903,0.056703072
1251,0.07216495,0.015421046,0.05674391
1252,0.07238458,0.015424685,0.056959897
1253,0.072069034,0.015407572,0.056661464
1254,0.071666405,0.015387351,0.056279056
1255,0.07182972,0.01539118,0.056438543
1256,0.071956724,0.01539409,0.056562632
1257,0.07172036,0.015377329,0.05634304
1258,0.07137448,0.015356734,0.05601775
1259,0.07143888,0.01535283,0.05608605
1260,0.07152225,0.015353268,0.056168985
1261,0.07126907,0.015338551,0.05593052
1262,0.07107769,0.0153239975,0.055753693
1263,0.071066104,0.015320027,0.05574608
1264,0.07085801,0.015306491,0.05555152
1265,0.07094598,0.015305148,0.055640824
1266,0.07086739,0.0152994115,0.05556798
1267,0.07041672,0.015276656,0.05514006
1268,0.07042946,0.015269395,0.055160068
1269,0.07081987,0.015275318,0.055544555
1270,0.07072683,0.015266094,0.055460736
1271,0.07038748,0.015246567,0.05514092
1272,0.070574015,0.015250915,0.055323094
1273,0.070589125,0.015250253,0.05533888
1274,0.07020481,0.01522953,0.05497528
1275,0.07017282,0.015218042,0.054954775
1276,0.07050349,0.015221611,0.055281878
1277,0.070179075,0.015204355,0.054974716
1278,0.06946048,0.0151721835,0.054288298
1279,0.06968104,0.015176671,0.05450437
1280,0.0703785,0.015201841,0.055176653
1281,0.07002649,0.015178694,0.05484779
1282,0.06972757,0.015152641,0.05457493
1283,0.06992943,0.01515419,0.054775238
1284,0.070022024,0.015153673,0.05486835
1285,0.06978308,0.015141331,0.05464175
1286,0.069736585,0.015134387,0.054602202
1287,0.07001493,0.015138663,0.054876268
1288,0.069472924,0.015109565,0.054363355
1289,0.06891671,0.015078766,0.05383794
1290,0.06929121,0.015086399,0.054204814
1291,0.06975847,0.01510151,0.05465696
1292,0.06919979,0.015070297,0.054129496
1293,0.06875877,0.015044648,0.05371412
1294,0.069158,0.015056448,0.05410155
1295,0.069313556,0.015059566,0.05425399
1296,0.06849285,0.0150183765,0.05347447
1297,0.06834401,0.01500047,0.053343534
1298,0.06898507,0.015019532,0.05396554
1299,0.068929896,0.015013959,0.053915933
1300,0.06827327,0.014981806,0.053291462
1301,0.06855452,0.014981335,0.05357319
1302,0.06915313,0.015000468,0.05415266
1303,0.068402186,0.014962387,0.053439796
1304,0.06793079,0.014931589,0.0529992
1305,0.0684692,0.014947047,0.053522147
1306,0.068438634,0.014944564,0.053494073
1307,0.06781503,0.0149131175,0.05290191
1308,0.06784259,0.01490254,0.052940045
1309,0.06822163,0.014910811,0.05331082
1310,0.06800835,0.01489327,0.053115085
1311,0.067671776,0.014873028,0.052798744
1312,0.068072125,0.014879467,0.05319266
1313,0.06851597,0.014890775,0.053625204
1314,0.06814369,0.014867844,0.053275846
1315,0.06765884,0.014838405,0.052820437
1316,0.06774545,0.014833584,0.052911863
1317,0.06796804,0.014837178,0.053130865
1318,0.06766522,0.014815649,0.05284957
1319,0.06733813,0.014791299,0.052546836
1320,0.067355774,0.014785323,0.05257045
1321,0.06722794,0.014776502,0.05245143
1322,0.06727173,0.014772763,0.05249897
1323,0.06740115,0.014769077,0.05263207
1324,0.06736888,0.014755828,0.05261305
1325,0.067209944,0.014737022,0.05247292
1326,0.06686841,0.014716815,0.05215159
1327,0.06672506,0.014704519,0.052020542
1328,0.067093894,0.014713387,0.05238051
1329,0.06734533,0.014715431,0.052629896
1330,0.06695218,0.014687503,0.052264675
1331,0.0664616,0.014656573,0.051805027
1332,0.06678798,0.014662992,0.052124985
1333,0.06711745,0.014671519,0.05244593
1334,0.06675774,0.014647669,0.05211007
1335,0.06659268,0.014628276,0.051964395
1336,0.06670697,0.014625084,0.052081883
1337,0.066517174,0.014613759,0.05190342
1338,0.06630472,0.014596747,0.05170797
1339,0.06649012,0.014593709,0.051896412
1340,0.06664738,0.014587082,0.0520603
1341,0.0663176,0.014562791,0.05175481
1342,0.06608155,0.014544055,0.0515375
1343,0.066258244,0.014548907,0.05170934
1344,0.06629799,0.014545778,0.051752217
1345,0.06595639,0.0145194195,0.051436972
1346,0.066066824,0.014509525,0.0515573
1347,0.06617781,0.014503289,0.051674522
1348,0.06585448,0.014479065,0.05137542
1349,0.06588546,0.014474203,0.051411256
1350,0.06621977,0.014486763,0.051733006
1351,0.06624794,0.014476836,0.051771104
1352,0.065875046,0.014446942,0.051428106
1353,0.06562451,0.0144239385,0.051200572
1354,0.06589645,0.014425397,0.051471047
1355,0.066186786,0.014431192,0.051755592
1356,0.0656906,0.014404824,0.051285774
1357,0.06518114,0.0143743185,0.050806828
1358,0.065400176,0.014374778,0.051025394
1359,0.06562659,0.014375847,0.051250745
1360,0.06505372,0.014341056,0.050712664
1361,0.06448479,0.0143044265,0.050180368
1362,0.06493861,0.014313967,0.050624643
1363,0.06537384,0.014327675,0.051046163
1364,0.064771526,0.014294085,0.050477438
1365,0.06447806,0.0142699275,0.050208136
1366,0.06477084,0.014270998,0.05049984
1367,0.064680785,0.014259221,0.05042156
1368,0.06416839,0.014229996,0.049938396
1369,0.06428906,0.014225537,0.050063528
1370,0.06465443,0.014231361,0.05042307
1371,0.064515196,0.01421675,0.050298445
1372,0.06423532,0.014191644,0.050043676
1373,0.06452461,0.014193041,0.050331574
1374,0.064375296,0.014182055,0.050193246
1375,0.06410029,0.014160612,0.049939673
1376,0.0643852,0.014162361,0.050222836
1377,0.0644882,0.014155159,0.050333045
1378,0.064265996,0.014133887,0.05013211
1379,0.06427312,0.014123578,0.050149538
1380,0.06463672,0.014130436,0.05050629
1381,0.06469009,0.014123935,0.05056615
1382,0.06434798,0.014095623,0.05025236
1383,0.0644031,0.014086778,0.050316326
1384,0.06468495,0.014090415,0.05059454
1385,0.06430064,0.014066083,0.05023456
1386,0.06399009,0.014043899,0.04994619
1387,0.06422454,0.014042303,0.05018224
1388,0.06456754,0.014049314,0.05051823
1389,0.064272635,0.014025775,0.050246857
1390,0.06375649,0.013991851,0.049764633
1391,0.06396061,0.013988544,0.049972065
1392,0.064361766,0.014000326,0.050361443
1393,0.06405853,0.013975851,0.050082676
1394,0.06355991,0.013939069,0.049620844
1395,0.0636837,0.013934431,0.04974927
1396,0.06384448,0.013936298,0.04990818
1397,0.06349711,0.013912268,0.049584843
1398,0.06326783,0.013889154,0.049378674
1399,0.063631564,0.013894558,0.049737003
1400,0.06355671,0.013880286,0.049676422
1401,0.062916264,0.013843343,0.04907292
1402,0.0629443,0.013837821,0.04910648
1403,0.063461676,0.013853762,0.049607914
1404,0.06323872,0.013830764,0.04940796
1405,0.06283319,0.013797456,0.04903573
1406,0.063131794,0.013798263,0.049333528
1407,0.06344882,0.013808167,0.049640648
1408,0.06293377,0.013778867,0.049154907
1409,0.06261814,0.013753399,0.048864733
1410,0.063041136,0.013761004,0.04928013
1411,0.06299804,0.013747987,0.04925006
1412,0.06263867,0.01371925,0.048919424
1413,0.06264364,0.013709782,0.048933856
1414,0.06285291,0.0137141775,0.049138732
1415,0.06273659,0.013701003,0.049035586
1416,0.062531166,0.013677329,0.048853837
1417,0.06283094,0.013674495,0.049156442
1418,0.0629627,0.013669331,0.049293377
1419,0.062443413,0.013638023,0.048805386
1420,0.06241811,0.013627958,0.048790153
1421,0.06291066,0.013644602,0.049266055
1422,0.06281726,0.013628894,0.049188368
1423,0.06226658,0.0135879265,0.04867865
1424,0.062124424,0.013570137,0.048554286
1425,0.06249213,0.01358174,0.048910387
1426,0.062285274,0.013566472,0.048718803
1427,0.06192407,0.013537258,0.048386812
1428,0.062061794,0.013535157,0.048526634
1429,0.062471636,0.0135414,0.048930235
1430,0.062341306,0.013521317,0.04881999
1431,0.06200093,0.013492926,0.048508007
1432,0.0620405,0.013487263,0.048553236
1433,0.06208826,0.0134833595,0.0486049
1434,0.06208943,0.013474502,0.048614927
1435,0.06203706,0.0134578645,0.04857919
1436,0.06203153,0.013444319,0.04858721
1437,0.062010758,0.01343118,0.04857958
1438,0.06196184,0.013421878,0.048539963
1439,0.061949648,0.013414894,0.048534755
1440,0.061835438,0.013399741,0.048435695
1441,0.06166011,0.013380683,0.048279427
1442,0.06169769,0.013370009,0.048327684
1443,0.06181147,0.013365148,0.04844632
1444,0.06162297,0.013344405,0.048278563
1445,0.06136266,0.013323041,0.048039623
1446,0.06122143,0.01330936,0.04791207
1447,0.061434906,0.013310108,0.048124798
1448,0.061540782,0.013303407,0.048237376
1449,0.061436124,0.013283442,0.048152685
1450,0.061392456,0.013270559,0.0481219
1451,0.06137528,0.013261465,0.04811381
1452,0.06141088,0.013255609,0.048155274
1453,0.061197948,0.013236871,0.04796108
1454,0.060907967,0.013212643,0.047695324
1455,0.06111971,0.013207518,0.047912188
1456,0.061623834,0.013220144,0.04840369
1457,0.061233725,0.013194935,0.04803879
1458,0.06070052,0.013162704,0.04753782
1459,0.060826063,0.013159409,0.047666654
1460,0.061322577,0.013172935,0.04814964
1461,0.061168093,0.013149845,0.048018247
1462,0.060715735,0.013114326,0.04760141
1463,0.060710438,0.013105955,0.047604483
1464,0.06068708,0.013101558,0.047585525
1465,0.06054148,0.013088009,0.047453474
1466,0.06045974,0.0130721815,0.047387555
1467,0.06055046,0.013059436,0.04749102
1468,0.060596306,0.013050631,0.047545675
1469,0.060676537,0.013047278,0.04762926
1470,0.060747795,0.013042416,0.047705375
1471,0.060793646,0.013035385,0.04775826
1472,0.060654033,0.013018249,0.047635786
1473,0.060638413,0.0130022,0.04763621
1474,0.0606256,0.012990138,0.047635466
1475,0.060427025,0.012972124,0.0474549
1476,0.060513176,0.012970213,0.047542967
1477,0.06029086,0.012952029,0.04733883
1478,0.060083188,0.012931058,0.04715213
1479,0.06037011,0.012934249,0.047435857
1480,0.060385227,0.012922053,0.04746318
1481,0.060195804,0.0129016265,0.047294177
1482,0.060145233,0.0128888935,0.04725634
1483,0.060106207,0.012879197,0.04722701
1484,0.05997298,0.012864888,0.04710809
1485,0.059909884,0.012850989,0.047058895
1486,0.059928097,0.012839622,0.047088474
1487,0.059594326,0.012812521,0.0467818
1488,0.05969122,0.012804844,0.046886373
1489,0.060160942,0.012819689,0.04734125
1490,0.05981896,0.012797493,0.04702147
1491,0.059406806,0.012766158,0.04664065
1492,0.059778906,0.012773334,0.047005575
1493,0.060127363,0.0127814375,0.047345925
1494,0.0595712,0.012740081,0.046831116
1495,0.059276402,0.01271579,0.046560615
1496,0.059576683,0.012724219,0.046852462
1497,0.059943542,0.012733565,0.047209974
1498,0.05958072,0.012702211,0.046878513
1499,0.059089866,0.012664591,0.046425276
1500,0.059295543,0.012664138,0.046631403
1501,0.060017273,0.012691541,0.04732573
1502,0.060083624,0.012687651,0.04739597
1503,0.059500538,0.012648313,0.046852224
1504,0.05934141,0.012628861,0.046712548
1505,0.059713118,0.012635712,0.04707741
1506,0.059824936,0.012635736,0.0471892
1507,0.05921907,0.012592979,0.04662609
1508,0.05900885,0.012571907,0.046436943
1509,0.05936134,0.012584742,0.046776596
1510,0.05927232,0.0125752315,0.046697088
1511,0.059016414,0.012547334,0.046469077
1512,0.0591745,0.01253882,0.04663568
1513,0.059050053,0.012525268,0.046524785
1514,0.058866914,0.012508506,0.046358407
1515,0.058969907,0.012506412,0.046463497
1516,0.05887544,0.012490017,0.04638543
1517,0.05887985,0.012477113,0.046402737
1518,0.058973223,0.012468208,0.04650501
1519,0.058630176,0.012445124,0.046185054
1520,0.058510084,0.012432937,0.046077147
1521,0.05905962,0.012453829,0.046605796
1522,0.05903562,0.012438763,0.04659686
1523,0.058279045,0.012387836,0.04589121
1524,0.058331557,0.012379404,0.045952156
1525,0.058792517,0.012397502,0.046395015
1526,0.058357053,0.012367871,0.045989178
1527,0.05788249,0.01233382,0.04554867
1528,0.058220416,0.012338553,0.045881867
1529,0.058591254,0.012347074,0.046244178
1530,0.058298588,0.0123209525,0.045977637
1531,0.05804542,0.012299122,0.045746297
1532,0.0582892,0.012302114,0.04598709
1533,0.058622755,0.012309807,0.04631295
1534,0.058343872,0.012284737,0.04605914
1535,0.058130607,0.012265181,0.045865424
1536,0.05832818,0.0122650815,0.0460631
1537,0.058340814,0.012257915,0.0460829
1538,0.057978757,0.012229685,0.045749072
1539,0.057946503,0.012219362,0.04572714
1540,0.05809229,0.012216687,0.0458756
1541,0.05829386,0.012214328,0.04607953
1542,0.05807475,0.012193248,0.045881502
1543,0.05795002,0.012177776,0.045772247
1544,0.058117926,0.012178594,0.045939334
1545,0.058044232,0.012165397,0.045878835
1546,0.057988804,0.012151216,0.04583759
1547,0.058018018,0.012140997,0.04587702
1548,0.058002084,0.012129908,0.045872178
1549,0.057827104,0.012116382,0.04571072
1550,0.05801493,0.012119053,0.04589588
1551,0.058283485,0.012122056,0.046161428
1552,0.05791933,0.012089669,0.04582966
1553,0.057596944,0.012063904,0.045533042
1554,0.05783171,0.012069121,0.045762587
1555,0.05790013,0.012064585,0.045835543
1556,0.057632465,0.012038273,0.045594193
1557,0.057713933,0.012029724,0.04568421
1558,0.058005787,0.012034552,0.045971237
1559,0.05796221,0.012024209,0.045938
1560,0.057568308,0.011997446,0.04557086
1561,0.05754662,0.011986404,0.04556022
1562,0.057654873,0.011980455,0.045674417
1563,0.05752492,0.011964001,0.04556092
1564,0.057481274,0.011953545,0.045527726
1565,0.05730007,0.011937505,0.045362562
1566,0.057070725,0.011915657,0.04515507
1567,0.057054926,0.011904899,0.045150027
1568,0.057096697,0.011897741,0.045198955
1569,0.057038985,0.011885059,0.045153923
1570,0.056874637,0.011865933,0.045008704
1571,0.05692303,0.0118605085,0.045062523
1572,0.056919135,0.011854345,0.045064792
1573,0.056972478,0.01184525,0.045127228
1574,0.056978144,0.011833421,0.045144722
1575,0.056758024,0.011813682,0.044944346
1576,0.056821797,0.011808833,0.045012966
1577,0.057083663,0.011814267,0.045269392
1578,0.05698871,0.011798048,0.04519066
1579,0.056885146,0.011780426,0.04510472
1580,0.05691966,0.011773085,0.045146577
1581,0.056748487,0.011757428,0.04499106
1582,0.05669023,0.011745845,0.04494439
1583,0.05692578,0.011751901,0.04517388
1584,0.05708515,0.011747554,0.045337595
1585,0.05681303,0.0117205065,0.045092523
1586,0.056643557,0.011702532,0.044941023
1587,0.05667655,0.011700123,0.04497643
1588,0.056621023,0.011691129,0.044929896
1589,0.056580678,0.011676234,0.044904448
1590,0.05655483,0.011662827,0.044892006
1591,0.05625031,0.011638705,0.044611607
1592,0.056251578,0.011631267,0.044620313
1593,0.056398,0.011634171,0.044763833
1594,0.05617772,0.011613024,0.044564698
1595,0.055987902,0.0115919635,0.04439594
1596,0.05593343,0.01157842,0.044355012
1597,0.055993434,0.011574723,0.04441871
1598,0.056165755,0.011574394,0.04459136
1599,0.05621203,0.011565892,0.044646136
1600,0.056190863,0.011554085,0.04463678
1601,0.056090087,0.011538943,0.04455114
1602,0.056017447,0.011527605,0.044489846
1603,0.05599282,0.011520605,0.044472214
1604,0.055978037,0.011510413,0.04446762
1605,0.05610349,0.011506284,0.04459721
1606,0.056123465,0.011493819,0.044629645
1607,0.055956148,0.011476515,0.04447963
1608,0.055750962,0.011459369,0.044291593
1609,0.0558013,0.011453342,0.044347957
1610,0.05600749,0.011454705,0.044552784
1611,0.055956222,0.011441702,0.04451452
1612,0.055563837,0.0114118215,0.044152014
1613,0.055381276,0.0113960905,0.043985184
1614,0.055828713,0.011413274,0.044415437
1615,0.056084506,0.011416964,0.044667542
1616,0.055681072,0.011381883,0.044299185
1617,0.05528097,0.011351906,0.043929063
1618,0.055352353,0.011349887,0.044002466
1619,0.055757746,0.011365725,0.044392027
1620,0.05574008,0.011354478,0.044385605
1621,0.055321604,0.01131718,0.044004425
1622,0.05543264,0.0113129895,0.04411965
1623,0.056062903,0.01134357,0.04471933
1624,0.056118194,0.011336936,0.04478126
1625,0.055452414,0.011290045,0.044162367
1626,0.055197094,0.011266205,0.04393089
1627,0.055575803,0.011282146,0.044293657
1628,0.055647917,0.011281177,0.044366743
1629,0.055105306,0.011237213,0.043868095
1630,0.055153698,0.011229342,0.043924354
1631,0.05529967,0.011230733,0.044068933
1632,0.05512564,0.011216423,0.043909214
1633,0.05491995,0.011196032,0.04372392
1634,0.05512792,0.011197457,0.043930463
1635,0.05516555,0.011188441,0.04397711
1636,0.054879908,0.011162506,0.0437174
1637,0.054832585,0.011155073,0.043677516
1638,0.05509083,0.011162037,0.04392879
1639,0.05498285,0.011143982,0.043838866
1640,0.054745108,0.011121767,0.043623343
1641,0.054952882,0.011125382,0.0438275
1642,0.0550377,0.011121646,0.043916054
1643,0.054795302,0.011100329,0.043694973
1644,0.054667898,0.011084232,0.04358367
1645,0.054684624,0.011077188,0.043607436
1646,0.054545745,0.011063375,0.04348237
1647,0.05456118,0.011055278,0.0435059
1648,0.05482872,0.011060179,0.043768536
1649,0.054672804,0.011040878,0.043631926
1650,0.05453679,0.011022717,0.043514073
1651,0.05477824,0.011030458,0.043747783
1652,0.054882612,0.01103001,0.043852605
1653,0.054741558,0.011013577,0.04372798
1654,0.05455806,0.010991316,0.043566745
1655,0.0544221,0.010975977,0.043446124
1656,0.05466477,0.0109829,0.043681867
1657,0.054695353,0.010977386,0.043717965
1658,0.05445227,0.010952714,0.04349956
1659,0.054559816,0.010949112,0.043610707
1660,0.05449693,0.010936135,0.043560795
1661,0.054339826,0.010920763,0.043419063
1662,0.05438471,0.010915946,0.043468766
1663,0.05441799,0.010908269,0.04350972
1664,0.05418007,0.010886623,0.043293446
1665,0.054227903,0.010882229,0.043345675
1666,0.05448371,0.010887087,0.043596625
1667,0.05426396,0.010866748,0.04339721
1668,0.053936638,0.010841129,0.043095507
1669,0.054134972,0.010845376,0.043289598
1670,0.054316957,0.010846971,0.043469988
1671,0.0540065,0.010816874,0.043189622
1672,0.05386657,0.010801088,0.04306548
1673,0.053939357,0.010799809,0.043139547
1674,0.053902537,0.01079074,0.0431118
1675,0.05381003,0.010776043,0.043033987
1676,0.053899437,0.010772245,0.043127194
1677,0.053840347,0.010759548,0.043080796
1678,0.05353914,0.010735108,0.042804033
1679,0.053806335,0.010744008,0.043062326
1680,0.05398935,0.010747882,0.04324147
1681,0.05360265,0.010715192,0.042887457
1682,0.05341961,0.010694719,0.042724892
1683,0.053826723,0.010711227,0.043115497
1684,0.053913325,0.0107076885,0.043205634
1685,0.053514265,0.010675244,0.04283902
1686,0.053415813,0.010659682,0.042756133
1687,0.053713307,0.010673342,0.043039963
1688,0.053828143,0.010674948,0.043153197
1689,0.053437814,0.01063961,0.042798206
1690,0.05329722,0.010619953,0.04267727
1691,0.053676352,0.010635866,0.043040488
1692,0.053844776,0.010638097,0.043206677
1693,0.053793997,0.010626547,0.04316745
1694,0.05352565,0.010599127,0.042926524
1695,0.053434886,0.010588541,0.042846344
1696,0.053734258,0.010600435,0.043133825
1697,0.05392646,0.01060383,0.04332263
1698,0.05375426,0.010582482,0.04317178
1699,0.053592913,0.010563471,0.043029442
1700,0.053670883,0.010561034,0.04310985
1701,0.05385611,0.010565227,0.043290883
1702,0.05376085,0.010551669,0.04320918
1703,0.053410612,0.0105218105,0.042888798
1704,0.05321952,0.010503098,0.04271642
1705,0.05340897,0.010511203,0.04289777
1706,0.053468198,0.010507335,0.042960867
1707,0.05331302,0.010483606,0.042829417
1708,0.05308429,0.010459188,0.042625103
1709,0.053075746,0.0104570845,0.042618662
1710,0.053377796,0.010470763,0.042907037
1711,0.05329212,0.010455811,0.04283631
1712,0.05297082,0.010424842,0.04254598
1713,0.053010046,0.010417646,0.042592403
1714,0.053271607,0.0104269935,0.042844616
1715,0.053202532,0.0104176905,0.04278484
1716,0.052993216,0.01039754,0.042595677
1717,0.052817844,0.010377925,0.042439923
1718,0.052907415,0.010377773,0.042529643
1719,0.052839734,0.010366188,0.042473547
1720,0.05300138,0.010365906,0.042635478
1721,0.053028926,0.0103589725,0.042669952
1722,0.05263167,0.010328814,0.042302854
1723,0.052639306,0.010321964,0.04231734
1724,0.053066686,0.010341999,0.042724688
1725,0.05290892,0.010323932,0.042584985
1726,0.05255659,0.010293695,0.042262893
1727,0.05269638,0.010294274,0.042402107
1728,0.05288177,0.010299618,0.042582154
1729,0.05298483,0.01029982,0.04268501
1730,0.052849032,0.010279531,0.042569503
1731,0.052702554,0.010261595,0.04244096
1732,0.05291994,0.0102674235,0.042652514
1733,0.052887835,0.010258311,0.042629525
1734,0.052560136,0.0102332365,0.042326905
1735,0.052425772,0.010216942,0.042208835
1736,0.052625693,0.01021963,0.042406067
1737,0.05278703,0.010222766,0.04256426
1738,0.052495897,0.0101983715,0.042297527
1739,0.052346297,0.010181546,0.04216475
1740,0.052560814,0.010189881,0.042370934
1741,0.052797258,0.010195432,0.042601824
1742,0.052703977,0.010178942,0.042525034
1743,0.052488633,0.010156074,0.04233256
1744,0.052478522,0.010151455,0.04232707
1745,0.052708283,0.010159822,0.042548455
1746,0.05266173,0.010149868,0.042511865
1747,0.052173592,0.010111608,0.042061985
1748,0.052183144,0.010103568,0.042079575
1749,0.052573867,0.010120705,0.042453162
1750,0.052145578,0.010089606,0.04205597
1751,0.051883828,0.010066623,0.041817203
1752,0.052179486,0.010077033,0.04210245
1753,0.052415192,0.010081984,0.042333208
1754,0.052087516,0.010053342,0.042034175
1755,0.051850572,0.010031031,0.041819543
1756,0.05207845,0.010040807,0.042037643
1757,0.052304476,0.010049555,0.042254917
1758,0.05222857,0.010036295,0.042192273
1759,0.05188071,0.010006955,0.041873757
1760,0.051713876,0.009989428,0.041724447
1761,0.052027024,0.010001481,0.042025544
1762,0.052241523,0.010012406,0.042229116
1763,0.05191322,0.009981191,0.041932028
1764,0.051550277,0.009949596,0.04160068
1765,0.05169865,0.009950573,0.041748077
1766,0.05212722,0.009972725,0.04215449
1767,0.05212751,0.009964882,0.042162627
1768,0.05191551,0.009942674,0.04197284
1769,0.05195956,0.009937927,0.042021632
1770,0.051916048,0.009930805,0.041985244
1771,0.051738437,0.009915462,0.041822977
1772,0.051998507,0.009924009,0.0420745
1773,0.052054375,0.009916816,0.04213756
1774,0.051569432,0.009877691,0.041691743
1775,0.051526416,0.009872521,0.041653894
1776,0.052372653,0.009919845,0.04245281
1777,0.052501842,0.009915393,0.042586453
1778,0.0515438,0.009845337,0.041698463
1779,0.051338777,0.009829838,0.041508935
1780,0.052098267,0.009874208,0.042224057
1781,0.05241009,0.009884946,0.042525142
1782,0.051781006,0.009832552,0.041948453
1783,0.051577933,0.009810358,0.04176757
1784,0.051957894,0.009829773,0.042128123
1785,0.05183445,0.009823699,0.04201075
1786,0.051334046,0.009785569,0.041548476
1787,0.05140007,0.009778275,0.041621793
1788,0.051678266,0.009787634,0.041890632
1789,0.05145866,0.009770649,0.041688014
1790,0.051032122,0.009739628,0.041292496
1791,0.051182963,0.009740632,0.041442335
1792,0.05167887,0.009764128,0.041914742
1793,0.051401433,0.009735215,0.041666217
1794,0.05082938,0.009689331,0.04114005
1795,0.051012564,0.009701237,0.041311327
1796,0.051511493,0.009732498,0.041778997
1797,0.0513189,0.009706952,0.04161195
1798,0.050715394,0.00965954,0.04105585
1799,0.05071979,0.009655498,0.04106429
1800,0.05125644,0.00968913,0.04156731
1801,0.051411416,0.00969381,0.041717604
1802,0.05104427,0.00965547,0.041388802
1803,0.05087073,0.009633338,0.041237395
1804,0.051308997,0.009660597,0.041648395
1805,0.051519968,0.009672429,0.041847534
1806,0.050886206,0.009623278,0.041262932
1807,0.050633445,0.009599052,0.041034393
1808,0.050929442,0.009610516,0.041318923
1809,0.050952874,0.009607601,0.041345276
1810,0.050672792,0.009583168,0.041089624
1811,0.050861813,0.0095885815,0.04127323
1812,0.0509578,0.009583445,0.041374356
1813,0.050824143,0.009571396,0.041252747
1814,0.050658606,0.009555259,0.041103348
1815,0.05079043,0.009557538,0.04123289
1816,0.051019814,0.009565542,0.04145427
1817,0.0510851,0.009561078,0.041524023
1818,0.05090926,0.009542922,0.04136634
1819,0.050877795,0.009534595,0.041343197
1820,0.05101748,0.009539356,0.041478127
1821,0.051072,0.009534954,0.041537046
1822,0.050834533,0.009510932,0.041323602
1823,0.050606847,0.009489609,0.041117236
1824,0.050784804,0.009499852,0.041284952
1825,0.050808817,0.009496606,0.04131221
1826,0.05067161,0.009476108,0.041195504
1827,0.050625704,0.009463409,0.041162297
1828,0.050756693,0.009465378,0.04129132
1829,0.05088551,0.0094711725,0.041414335
1830,0.05079648,0.0094596725,0.041336805
1831,0.050607316,0.0094373375,0.04116998
1832,0.050719105,0.009437786,0.041281316
1833,0.05076731,0.009438233,0.04132908
1834,0.050831124,0.009434748,0.04139638
1835,0.050867107,0.00943012,0.041436985
1836,0.0504742,0.00939917,0.04107503
1837,0.050442263,0.009391431,0.04105083
1838,0.05081092,0.0094108805,0.041400038
1839,0.050586887,0.009388726,0.041198164
1840,0.050235778,0.009359278,0.0408765
1841,0.05042246,0.009367983,0.041054472
1842,0.05062133,0.009373201,0.041248128
1843,0.050296046,0.009343473,0.04095258
1844,0.05022791,0.0093326345,0.040895276
1845,0.05051934,0.009347892,0.041171446
1846,0.050392505,0.009334555,0.04105795
1847,0.04995838,0.009300114,0.04065827
1848,0.049916796,0.009291565,0.04062523
1849,0.05017825,0.009303382,0.04087487
1850,0.050208203,0.0092979,0.040910304
1851,0.049874865,0.009267547,0.04060732
1852,0.049760014,0.009253921,0.040506095
1853,0.049911574,0.009261491,0.04065008
1854,0.049822837,0.009250888,0.04057195
1855,0.04955453,0.009226961,0.040327568
1856,0.04934732,0.009208045,0.040139273
1857,0.04971444,0.0092282,0.04048624
1858,0.05019838,0.009252097,0.040946282
1859,0.049814276,0.009220032,0.04059425
1860,0.049202446,0.009171181,0.040031265
1861,0.049490087,0.009185135,0.04030495
1862,0.050204754,0.009230554,0.0409742
1863,0.04995379,0.00920629,0.0407475
1864,0.049278416,0.009151423,0.040126994
1865,0.04928057,0.009148644,0.040131927
1866,0.050008126,0.009197101,0.040811025
1867,0.04995129,0.00918792,0.040763367
1868,0.04904676,0.009116028,0.03993073
1869,0.049051646,0.009112086,0.03993956
1870,0.049737014,0.009155123,0.04058189
1871,0.04974042,0.009150498,0.04058992
1872,0.049213815,0.009106886,0.04010693
1873,0.04908599,0.0090894895,0.039996497
1874,0.049447358,0.009109844,0.04033751
1875,0.04960505,0.00911867,0.04048638
1876,0.04930705,0.009091636,0.04021541
1877,0.049207017,0.009075034,0.040131986
1878,0.049427815,0.009082105,0.040345706
1879,0.04934375,0.009073592,0.040270157
1880,0.04913987,0.009057296,0.040082574
1881,0.049251325,0.009060132,0.040191196
1882,0.049522236,0.009073934,0.0404483
1883,0.04934892,0.009053063,0.04029586
1884,0.049069017,0.009026641,0.040042378
1885,0.049286414,0.009038321,0.040248096
1886,0.049459383,0.009043651,0.040415734
1887,0.049307898,0.009026775,0.040281124
1888,0.049282294,0.009017577,0.04026472
1889,0.04941287,0.009017775,0.040395096
1890,0.049331,0.009010524,0.040320475
1891,0.049067754,0.008987762,0.040079992
1892,0.049290568,0.008996833,0.04029374
1893,0.049386732,0.00899752,0.04038921
1894,0.048938356,0.008959366,0.039978992
1895,0.04874964,0.008945085,0.039804555
1896,0.049044423,0.008961935,0.04008249
1897,0.049350478,0.0089772595,0.04037322
1898,0.04901277,0.008944997,0.04006777
1899,0.048813537,0.008921913,0.039891623
1900,0.049226582,0.008948276,0.040278308
1901,0.0492116,0.008943563,0.040268037
1902,0.048845142,0.008910591,0.039934553
1903,0.048922747,0.008912085,0.04001066
1904,0.04926852,0.0089297015,0.04033882
1905,0.049091086,0.008910401,0.040180683
1906,0.04873693,0.00887963,0.039857298
1907,0.048719488,0.0088750515,0.03984444
1908,0.04897623,0.008890998,0.040085234
1909,0.048820406,0.008873407,0.039947
1910,0.048561737,0.008848258,0.03971348
1911,0.048640236,0.008847434,0.039792806
1912,0.04880542,0.008858207,0.03994721
1913,0.048646294,0.008842666,0.03980363
1914,0.048366733,0.008817982,0.03954875
1915,0.048576787,0.008823713,0.039753076
1916,0.048833415,0.008836636,0.03999678
1917,0.048650056,0.008815976,0.03983408
1918,0.048295982,0.008788241,0.03950774
1919,0.048449926,0.008796496,0.03965343
1920,0.048982292,0.008828251,0.04015404
1921,0.048734598,0.008801494,0.0399331
1922,0.048033338,0.008748968,0.03928437
1923,0.048237987,0.00876306,0.039474927
1924,0.04883974,0.008800481,0.04003926
1925,0.04832001,0.008756527,0.039563484
1926,0.047617316,0.00870136,0.038915955
1927,0.048110016,0.008734023,0.039375994
1928,0.048526525,0.008762043,0.03976448
1929,0.04788758,0.008711733,0.039175846
1930,0.04768855,0.008689556,0.038998995
1931,0.04808502,0.008714217,0.0393708
1932,0.04830036,0.008725177,0.039575182
1933,0.047834773,0.0086867735,0.039148
1934,0.04763808,0.008667054,0.038971025
1935,0.047882088,0.0086790845,0.039203003
1936,0.04808104,0.008691135,0.03938991
1937,0.04800856,0.0086839795,0.03932458
1938,0.048110154,0.008678872,0.03943128
1939,0.048299376,0.008684017,0.03961536
1940,0.04813008,0.008671869,0.039458215
1941,0.047982547,0.008659586,0.03932296
1942,0.04804644,0.0086604785,0.03938596
1943,0.04810506,0.008654159,0.0394509
1944,0.04790464,0.008632123,0.03927252
1945,0.047728635,0.008616554,0.039112084
1946,0.047732897,0.008617923,0.039114974
1947,0.04784604,0.008619959,0.039226085
1948,0.04789509,0.008614697,0.039280392
1949,0.047470935,0.008579854,0.03889108
1950,0.047604878,0.008585965,0.039018914
1951,0.048208892,0.008628849,0.039580043
1952,0.04831543,0.008625355,0.039690074
1953,0.047540426,0.00856447,0.038975954
1954,0.047414914,0.008550376,0.038864538
1955,0.048241906,0.00861086,0.039631046
1956,0.048257038,0.008604775,0.039652266
1957,0.047638357,0.00854777,0.039090585
1958,0.047601096,0.008539522,0.039061572
1959,0.048156783,0.008580165,0.039576616
1960,0.048044574,0.008570975,0.0394736
1961,0.047386818,0.008515887,0.03887093
1962,0.04740506,0.00850939,0.03889567
1963,0.047722988,0.008530339,0.039192647
1964,0.047728196,0.008529827,0.03919837
1965,0.047753394,0.008526247,0.03922715
1966,0.047656335,0.008513887,0.03914245
1967,0.04744989,0.0084955,0.038954392
1968,0.04739035,0.008488001,0.03890235
1969,0.04764291,0.008501438,0.03914147
1970,0.04757489,0.008492496,0.039082393
1971,0.047378063,0.008472808,0.038905255
1972,0.04759551,0.008483097,0.03911241
1973,0.047862828,0.008501562,0.039361265
1974,0.047477473,0.0084681995,0.039009273
1975,0.047031935,0.008429736,0.0386022
1976,0.047262706,0.008444482,0.038818225
1977,0.04767105,0.008469123,0.039201923
1978,0.04738064,0.008443859,0.03893678
1979,0.046997488,0.008409817,0.03858767
1980,0.047262546,0.00842431,0.038838238
1981,0.04749363,0.008438246,0.03905538
1982,0.047343705,0.008421443,0.03892226
1983,0.04725019,0.008408586,0.038841605
1984,0.0475507,0.008425959,0.039124742
1985,0.047620595,0.008426966,0.03919363
1986,0.04730384,0.008398808,0.038905032
1987,0.047270484,0.008391095,0.038879387
1988,0.047352344,0.008394871,0.03895747
1989,0.0473464,0.008392512,0.03895389
1990,0.047283307,0.008382924,0.03890038
1991,0.047077876,0.00836339,0.038714483
1992,0.047067557,0.008360478,0.038707078
1993,0.047254194,0.008370444,0.03888375
1994,0.047310337,0.008365214,0.038945124
1995,0.046959914,0.008337265,0.038622648
1996,0.046855412,0.008328465,0.03852695
1997,0.047278125,0.00835753,0.038920596
1998,0.04748973,0.008367801,0.039121926
1999,0.047111243,0.008329368,0.038781874
2000,0.04685372,0.008307822,0.0385459
2001,0.04723116,0.008335987,0.038895175
2002,0.047607645,0.008357009,0.03925064
2003,0.047138676,0.008316513,0.038822163
2004,0.04700873,0.008300621,0.03870811
2005,0.047377206,0.008325462,0.039051745
2006,0.047114566,0.008303594,0.038810972
2007,0.04677528,0.00827584,0.038499437
2008,0.046857424,0.008276765,0.038580656
2009,0.047108196,0.008291525,0.038816676
2010,0.04706032,0.00828282,0.038777497
2011,0.04671773,0.008253099,0.038464632
2012,0.04670363,0.00824909,0.03845454
2013,0.04719522,0.008282209,0.03891301
2014,0.047087207,0.008270498,0.038816713
2015,0.046563655,0.008225535,0.038338117
2016,0.046759553,0.008236015,0.03852354
2017,0.047109134,0.008258617,0.03885052
2018,0.04684601,0.008233841,0.038612165
2019,0.04651486,0.008205449,0.03830941
2020,0.046700135,0.00821495,0.038485184
2021,0.047078572,0.00823985,0.03883872
2022,0.046830457,0.008215034,0.03861542
2023,0.046225235,0.008167816,0.03805742
2024,0.046280764,0.008171093,0.03810967
2025,0.046905696,0.008213941,0.03869175
2026,0.04668907,0.0081913695,0.0384977
2027,0.046108343,0.008143651,0.037964694
2028,0.046288062,0.008153615,0.03813445
2029,0.046818905,0.008190298,0.038628604
2030,0.04645247,0.0081610475,0.038291425
2031,0.046129845,0.008134811,0.037995037
2032,0.046415992,0.008151386,0.03826461
2033,0.04667665,0.008166294,0.038510356
2034,0.046326216,0.008136496,0.03818972
2035,0.04616414,0.008120234,0.03804391
2036,0.04659809,0.008150047,0.038448043
2037,0.0466054,0.0081498865,0.038455512
2038,0.04626774,0.008117333,0.038150407
2039,0.046376534,0.008118952,0.03825758
2040,0.046467893,0.00812258,0.03834531
2041,0.046332054,0.00811152,0.038220532
2042,0.046246156,0.008101892,0.03814426
2043,0.046506893,0.008119369,0.038387526
2044,0.04672639,0.008126263,0.038600132
2045,0.04649736,0.008104749,0.03839261
2046,0.04615102,0.008080332,0.038070686
2047,0.0462649,0.008088573,0.038176328
2048,0.0467012,0.008117721,0.038583476
2049,0.046523135,0.008094237,0.038428895
2050,0.04593754,0.008043044,0.037894495
2051,0.046083793,0.008054504,0.03802929
2052,0.04667519,0.008099559,0.03857563
2053,0.046646565,0.008087195,0.03855937
2054,0.04604152,0.008033367,0.03800815
2055,0.045773678,0.008013939,0.03775974
2056,0.04610146,0.008044102,0.038057357
2057,0.04648246,0.008070526,0.03841193
2058,0.046207312,0.008034341,0.03817297
2059,0.045478113,0.007977301,0.037500814
2060,0.045356423,0.007976645,0.037379775
2061,0.046243697,0.008045211,0.038198486
2062,0.046499003,0.0080496995,0.038449302
2063,0.045736387,0.007979597,0.037756793
2064,0.045458548,0.007963265,0.03749528
2065,0.04594619,0.00800809,0.0379381
2066,0.04626205,0.008025999,0.038236048
2067,0.045791626,0.007977619,0.037814006
2068,0.04548525,0.00794847,0.037536778
2069,0.04579261,0.007971973,0.037820637
2070,0.04596816,0.007988235,0.037979923
2071,0.045787312,0.007967241,0.03782007
2072,0.04574283,0.007953882,0.037788946
2073,0.04597307,0.00796788,0.038005188
2074,0.045828324,0.007960428,0.037867896
2075,0.04570285,0.007948242,0.037754606
2076,0.045846455,0.00795539,0.037891068
2077,0.045906622,0.007954275,0.03795235
2078,0.04578968,0.007942549,0.03784713
2079,0.045649506,0.007932574,0.037716933
2080,0.045801632,0.007942246,0.037859384
2081,0.045900933,0.007945948,0.037954986
2082,0.045651756,0.0079196915,0.037732065
2083,0.04561477,0.007914868,0.037699908
2084,0.04573571,0.007922075,0.037813637
2085,0.045527086,0.007906363,0.037620723
2086,0.04535618,0.007889665,0.03746652
2087,0.045326546,0.007883034,0.03744351
2088,0.045527518,0.007893218,0.037634302
2089,0.045424238,0.007884342,0.037539892
2090,0.04508224,0.007860327,0.037221916
2091,0.045318272,0.007872846,0.037445426
2092,0.045637004,0.007891381,0.037745625
2093,0.04541166,0.00787166,0.037540004
2094,0.045189388,0.007854738,0.03733465
2095,0.045287654,0.007861137,0.037426516
2096,0.04555396,0.007879264,0.037674695
2097,0.04544849,0.007866779,0.037581712
2098,0.045154206,0.007839526,0.037314683
2099,0.045346968,0.007851153,0.037495814
2100,0.045811392,0.007883893,0.037927493
2101,0.045662753,0.007867455,0.037795298
2102,0.04508638,0.007820647,0.037265733
2103,0.04524739,0.007831549,0.03741584
2104,0.045499012,0.007849804,0.037649207
2105,0.045231305,0.007826373,0.037404932
2106,0.044902638,0.0077967746,0.037105862
2107,0.04490391,0.007795695,0.03710822
2108,0.04530407,0.007826017,0.037478056
2109,0.04531404,0.007822491,0.03749155
2110,0.044872086,0.007783796,0.03708829
2111,0.04490508,0.007782678,0.037122402
2112,0.045388274,0.007817141,0.037571136
2113,0.04518133,0.00780249,0.03737884
2114,0.044849552,0.0077690296,0.037080523
2115,0.04506383,0.007781213,0.037282616
2116,0.0450164,0.007778615,0.037237786
2117,0.044814616,0.007763046,0.03705157
2118,0.044734158,0.0077545834,0.03697958
2119,0.044812925,0.0077564237,0.037056502
2120,0.04487638,0.007755205,0.037121177
2121,0.04455209,0.0077303415,0.036821753
2122,0.04434501,0.007715825,0.036629185
2123,0.04460863,0.007736208,0.036872424
2124,0.044992205,0.007755187,0.03723702
2125,0.04472778,0.0077306894,0.036997095
2126,0.04418165,0.0076902923,0.036491357
2127,0.044298664,0.0076995837,0.03659908
2128,0.044947505,0.0077477572,0.03719975
2129,0.044967636,0.007743286,0.037224352
2130,0.044396088,0.007691378,0.03670471
2131,0.044526007,0.0077046836,0.03682132
2132,0.045023117,0.0077427016,0.037280418
2133,0.044744138,0.0077168625,0.037027277
2134,0.044430576,0.0076854196,0.036745153
2135,0.04472788,0.0077069085,0.037020974
2136,0.04509197,0.0077369898,0.03735498
2137,0.044702545,0.0076998947,0.037002645
2138,0.044179507,0.0076555405,0.036523968
2139,0.044421904,0.007673718,0.036748186
2140,0.04479529,0.0077024773,0.037092812
2141,0.044551723,0.0076736743,0.036878046
2142,0.044264793,0.0076474855,0.03661731
2143,0.04450084,0.0076675834,0.036833256
2144,0.04452103,0.0076727066,0.03684832
2145,0.04412963,0.007637606,0.036492024
2146,0.04406872,0.007630781,0.036437936
2147,0.044280324,0.007646464,0.03663386
2148,0.044201493,0.0076402356,0.036561258
2149,0.04374897,0.007601925,0.036147043
2150,0.043785542,0.007601128,0.036184415
2151,0.044328105,0.0076445304,0.036683574
2152,0.044293657,0.0076367026,0.036656953
2153,0.043627992,0.0075821294,0.03604586
2154,0.04355709,0.0075802067,0.035976883
2155,0.04427812,0.0076346453,0.036643475
2156,0.044402137,0.0076358663,0.03676627
2157,0.04344949,0.007555491,0.035894
2158,0.043366544,0.007552616,0.035813928
2159,0.044374555,0.0076327436,0.036741808
2160,0.04454767,0.0076367054,0.036910966
2161,0.043525103,0.007549878,0.035975225
2162,0.043191455,0.0075272936,0.03566416
2163,0.0441769,0.007611871,0.036565028
2164,0.044700257,0.0076438924,0.037056364
2165,0.043853063,0.0075633666,0.0362897
2166,0.043319505,0.0075224573,0.03579705
2167,0.044002403,0.0075835483,0.036418855
2168,0.044767782,0.0076425625,0.037125222
2169,0.044100307,0.0075764153,0.036523893
2170,0.04324709,0.007501416,0.035745673
2171,0.04360055,0.007537761,0.036062792
2172,0.04441165,0.0076071196,0.036804534
2173,0.04418149,0.0075804237,0.036601067
2174,0.043620795,0.0075224033,0.03609839
2175,0.043709703,0.0075298604,0.036179844
2176,0.04421269,0.0075764703,0.03663622
2177,0.04427811,0.0075808447,0.03669727
2178,0.04349246,0.007507252,0.0359852
2179,0.043021634,0.007471582,0.03555005
2180,0.04382012,0.0075400285,0.036280096
2181,0.045012422,0.007628728,0.037383694
2182,0.044154465,0.0075455,0.036608964
2183,0.043240007,0.007471484,0.035768524
2184,0.043659274,0.0075155436,0.036143728
2185,0.044831045,0.007613286,0.03721776
2186,0.04465978,0.007578818,0.03708096
2187,0.04334658,0.007464545,0.035882033
2188,0.043211654,0.0074646305,0.03574702
2189,0.04451788,0.007581386,0.03693649
2190,0.04469383,0.007583143,0.037110686
2191,0.04317916,0.007441649,0.035737514
2192,0.04273463,0.0074135084,0.035321124
2193,0.043658487,0.0075032217,0.03615527
2194,0.04442943,0.0075652134,0.036864214
2195,0.04370721,0.007480182,0.03622703
2196,0.042787664,0.0074013835,0.03538628
2197,0.04293582,0.007430761,0.035505056
2198,0.044093862,0.0075390027,0.036554858
2199,0.044499774,0.0075525995,0.036947176
2200,0.043314286,0.0074279057,0.03588638
2201,0.04243729,0.0073725777,0.035064712
2202,0.043165658,0.007453791,0.03571187
2203,0.04458209,0.0075680325,0.03701406
2204,0.044025313,0.007485156,0.036540158
2205,0.042540845,0.0073608765,0.035179965
2206,0.04251995,0.0073800166,0.035139933
2207,0.044282228,0.0075424276,0.036739796
2208,0.044758074,0.007552285,0.03720579
2209,0.04287365,0.0073736184,0.035500035
2210,0.042320535,0.007339967,0.034980565
2211,0.04373227,0.0074813263,0.036250945
2212,0.04461941,0.0075515276,0.037067883
2213,0.043046933,0.00738707,0.035659865
2214,0.042120986,0.0073097483,0.034811236
2215,0.043096073,0.0074076923,0.03568838
2216,0.044168063,0.007513359,0.036654703
2217,0.043071136,0.0073973984,0.035673738
2218,0.04216934,0.007309366,0.034859974
2219,0.042711906,0.0073622656,0.03534964
2220,0.043488525,0.007445374,0.036043152
2221,0.043033697,0.007399409,0.035634287
2222,0.042333156,0.0073243617,0.03500879
2223,0.042479478,0.007332852,0.035146624
2224,0.04303258,0.007392239,0.03564034
2225,0.043050844,0.007398051,0.035652794
2226,0.04278729,0.007360951,0.03542634
2227,0.04271204,0.007345058,0.035366982
2228,0.042741716,0.0073562134,0.035385504
2229,0.042714767,0.00736133,0.035353437
2230,0.04259087,0.007344277,0.035246596
2231,0.042791367,0.007351608,0.03543976
2232,0.043043986,0.007365209,0.035678774
2233,0.042990364,0.007362966,0.0356274
2234,0.04295801,0.007361157,0.035596855
2235,0.042933933,0.007356897,0.035577036
2236,0.04288703,0.007346251,0.03554078
2237,0.042925775,0.007350562,0.03557521
2238,0.04288984,0.0073456205,0.035544224
2239,0.04295928,0.0073475987,0.03561168
2240,0.04302317,0.0073512974,0.035671875
2241,0.042912647,0.007343924,0.03556872
2242,0.04269086,0.007322005,0.035368852
2243,0.042635433,0.0073129553,0.03532248
2244,0.042740636,0.007323195,0.035417445
2245,0.04289973,0.0073350095,0.03556472
2246,0.042938836,0.0073362086,0.03560263
2247,0.04278934,0.0073177735,0.035471566
2248,0.042790003,0.007317227,0.03547278
2249,0.04271402,0.007314197,0.03539982
2250,0.042592306,0.0073057595,0.035286546
2251,0.042640325,0.007307063,0.03533326
2252,0.042675987,0.0073028477,0.03537314
2253,0.04247675,0.007280268,0.035196483
2254,0.042383708,0.007277501,0.035106204
2255,0.042678554,0.007306146,0.035372406
2256,0.042795036,0.0073066726,0.035488367
2257,0.04234585,0.007262444,0.035083406
2258,0.04199819,0.007240269,0.03475792
2259,0.04216817,0.007262761,0.034905408
2260,0.042639077,0.007292842,0.035346232
2261,0.042365737,0.0072572627,0.035108477
2262,0.041917525,0.0072221574,0.034695365
2263,0.04229042,0.0072604967,0.035029925
2264,0.04292348,0.0073108184,0.03561266
2265,0.042553104,0.0072674593,0.035285644
2266,0.041957915,0.007218118,0.0347398
2267,0.04202462,0.0072328146,0.034791805
2268,0.042500354,0.0072692987,0.035231054
2269,0.0426003,0.007269139,0.03533116
2270,0.042268034,0.0072340826,0.03503395
2271,0.042027738,0.0072167814,0.034810957
2272,0.04207821,0.0072240885,0.03485412
2273,0.04216756,0.00722847,0.034939088
2274,0.04210471,0.0072185793,0.03488613
2275,0.04221919,0.0072276024,0.03499159
2276,0.042432018,0.0072422912,0.035189725
2277,0.04234089,0.007234102,0.035106786
2278,0.042113066,0.0072146477,0.03489842
2279,0.042061225,0.0072145397,0.034846686
2280,0.042348154,0.007234521,0.035113633
2281,0.04254664,0.0072451644,0.035301477
2282,0.04203228,0.0071983184,0.034833964
2283,0.041769218,0.0071809324,0.034588285
2284,0.04241139,0.007238474,0.035172917
2285,0.04280315,0.0072597223,0.035543427
2286,0.042099737,0.0071902378,0.0349095
2287,0.041672446,0.0071608485,0.034511596
2288,0.04227595,0.0072214557,0.035054497
2289,0.042783014,0.0072578853,0.03552513
2290,0.042004116,0.007178006,0.03482611
2291,0.04116658,0.007112086,0.034054495
2292,0.041561965,0.007159018,0.034402944
2293,0.042573564,0.0072438437,0.035329722
2294,0.04209283,0.0071784146,0.03491441
2295,0.040930744,0.007079797,0.033850946
2296,0.04123702,0.007117695,0.034119327
2297,0.042834572,0.0072585223,0.03557605
2298,0.04227137,0.007190697,0.03508067
2299,0.040733628,0.007060067,0.03367356
2300,0.041042715,0.007098872,0.03394384
2301,0.04286114,0.007260157,0.035600983
2302,0.042969488,0.007245769,0.035723723
2303,0.041460782,0.007104953,0.03435583
2304,0.04101607,0.007081948,0.03393412
2305,0.042265676,0.007203365,0.03506231
2306,0.043487158,0.007292292,0.036194865
2307,0.042108282,0.0071433242,0.034964956
2308,0.040781908,0.007044867,0.03373704
2309,0.041540727,0.007133459,0.03440727
2310,0.043561235,0.0073047634,0.03625647
2311,0.04287825,0.0072056316,0.03567262
2312,0.040876433,0.007033952,0.03384248
2313,0.04046946,0.0070307646,0.033438697
2314,0.042580873,0.0072307843,0.03535009
2315,0.043880828,0.0072990265,0.036581803
2316,0.041277163,0.007047397,0.034229763
2317,0.03997322,0.0069697853,0.033003435
2318,0.041640203,0.0071406765,0.034499526
2319,0.044113442,0.0073371287,0.036776315
2320,0.041976634,0.0071031763,0.034873456
2321,0.039918277,0.0069467425,0.032971535
2322,0.040696062,0.0070447633,0.0336513
2323,0.04335381,0.007286298,0.036067512
2324,0.04312469,0.0072053066,0.035919387
2325,0.040375456,0.0069664,0.03340906
2326,0.039749287,0.0069466587,0.03280263
2327,0.04207246,0.007174543,0.034897916
2328,0.043675855,0.007276846,0.036399007
2329,0.041097194,0.007011826,0.034085367
2330,0.039449878,0.006906157,0.03254372
2331,0.040660415,0.007038556,0.03362186
2332,0.043658916,0.007293729,0.03636519
2333,0.042227566,0.0071057742,0.03512179
2334,0.039474197,0.0068917996,0.032582395
2335,0.0395509,0.006929407,0.032621495
2336,0.042542566,0.0072131455,0.03532942
2337,0.043331757,0.0072167953,0.03611496
2338,0.040037952,0.006917461,0.03312049
2339,0.03899719,0.0068689445,0.03212824
2340,0.04131364,0.0070981234,0.034215517
2341,0.04407418,0.0073116743,0.036762506
2342,0.041031487,0.0069794385,0.034052048
2343,0.038831778,0.0068375394,0.03199424
2344,0.040040597,0.0069720345,0.03306856
2345,0.04402569,0.007331486,0.036694206
2346,0.04219656,0.007081244,0.035115317
2347,0.038985286,0.006826484,0.0321588
2348,0.03926222,0.0068861544,0.032376062
2349,0.04324926,0.007276099,0.03597316
2350,0.04320906,0.0071886266,0.036020435
2351,0.039245106,0.0068288986,0.032416206
2352,0.03873007,0.0068220003,0.03190807
2353,0.042016223,0.007153932,0.034862295
2354,0.043769233,0.007276891,0.03649234
2355,0.0398274,0.0068652737,0.03296212
2356,0.038800806,0.00680306,0.031997748
2357,0.040852316,0.0070224963,0.03382982
2358,0.042759396,0.007204532,0.035554864
2359,0.040067323,0.0069055874,0.033161737
2360,0.038779616,0.006798627,0.03198099
2361,0.039829265,0.006911634,0.03291763
2362,0.041762352,0.0071084346,0.034653917
2363,0.040766325,0.0069752317,0.033791095
2364,0.038909096,0.006807892,0.032101203
2365,0.039156772,0.006849637,0.032307137
2366,0.04093062,0.0070267636,0.03390386
2367,0.04100419,0.0070017306,0.03400246
2368,0.039365366,0.0068361843,0.032529183
2369,0.038999192,0.006824892,0.0321743
2370,0.04054445,0.006982426,0.033562023
2371,0.041471034,0.0070543075,0.034416728
2372,0.03979498,0.0068673603,0.032927625
2373,0.038843576,0.0068006036,0.032042973
2374,0.039672066,0.0068961917,0.03277587
2375,0.041223302,0.0070371376,0.03418617
2376,0.04072196,0.00694546,0.0337765
2377,0.039051943,0.006806487,0.032245457
2378,0.03908299,0.006834426,0.032248564
2379,0.040672723,0.006986665,0.033686057
2380,0.040810518,0.006964232,0.03384629
2381,0.03920468,0.0068132738,0.032391407
2382,0.03881237,0.0068021547,0.032010213
2383,0.040394817,0.0069560953,0.03343872
2384,0.041190043,0.007000927,0.03418912
2385,0.03915997,0.006802162,0.032357804
2386,0.038503163,0.0067643696,0.031738795
2387,0.040395286,0.0069440324,0.03345125
2388,0.04112351,0.0069951164,0.034128394
2389,0.038956687,0.006785919,0.03217077
2390,0.038381785,0.006750668,0.031631116
2391,0.040215794,0.0069156075,0.033300187
2392,0.04087162,0.006972732,0.033898886
2393,0.039076,0.006795001,0.032280996
2394,0.038491078,0.0067513576,0.03173972
2395,0.040055707,0.0068992726,0.033156432
2396,0.04115364,0.00699587,0.034157768
2397,0.039336637,0.006806346,0.032530293
2398,0.038395338,0.0067324215,0.03166292
2399,0.039623078,0.0068595796,0.0327635
2400,0.041035544,0.0069878735,0.03404767
2401,0.03978768,0.0068402328,0.032947443
2402,0.038436323,0.0067183413,0.031717982
2403,0.03887949,0.0067854105,0.03209408
2404,0.04054296,0.0069493577,0.033593602
2405,0.04049041,0.006906792,0.03358362
2406,0.038799506,0.006737633,0.03206187
2407,0.03831584,0.0067245816,0.03159126
2408,0.039859064,0.006881749,0.032977313
2409,0.041172788,0.0069786925,0.034194097
2410,0.03958812,0.0067937034,0.032794416
2411,0.03820429,0.0066989353,0.031505354
2412,0.03872446,0.006775084,0.03194937
2413,0.040738434,0.0069559636,0.03378247
2414,0.040448017,0.006870469,0.03357755
2415,0.03837188,0.0066938326,0.031678047
2416,0.03816605,0.006706033,0.031460017
2417,0.04021347,0.006908442,0.033305027
2418,0.040956907,0.006925222,0.034031685
2419,0.03897296,0.0067263814,0.03224658
2420,0.03800863,0.0066761337,0.031332497
2421,0.03929618,0.006817743,0.032478437
2422,0.04102166,0.0069463747,0.034075283
2423,0.039652504,0.006776683,0.03287582
2424,0.038019262,0.006659351,0.03135991
2425,0.038570322,0.006739376,0.031830948
2426,0.040996492,0.006953636,0.034042854
2427,0.040586375,0.00685063,0.033735745
2428,0.038018435,0.0066441274,0.03137431
2429,0.037548922,0.0066436576,0.030905265
2430,0.040067576,0.0068830876,0.033184487
2431,0.041708056,0.006956263,0.034751795
2432,0.03866104,0.006673296,0.03198774
2433,0.037002005,0.006583994,0.030418009
2434,0.03861893,0.0067578955,0.031861033
2435,0.04216727,0.0070308726,0.035136394
2436,0.03962486,0.0067390557,0.032885805
2437,0.03684836,0.0065513044,0.030297054
2438,0.037591897,0.0066568367,0.030935062
2439,0.042292476,0.0070746015,0.035217874
2440,0.04146595,0.006888031,0.03457792
2441,0.037061594,0.0065447334,0.030516863
2442,0.036688395,0.0065548075,0.030133585
2443,0.04149676,0.0070215696,0.034475192
2444,0.043416135,0.007072467,0.036343668
2445,0.03772548,0.006557284,0.031168193
2446,0.036304396,0.0065106517,0.029793743
2447,0.03920999,0.0068085324,0.032401457
2448,0.044072803,0.007190369,0.036882438
2449,0.03915125,0.0066494048,0.03250185
2450,0.036309328,0.0064939144,0.029815413
2451,0.037571218,0.0066308863,0.030940332
2452,0.043963652,0.007219674,0.036743976
2453,0.04101126,0.0068034288,0.034207832
2454,0.036393605,0.0064845253,0.029909082
2455,0.036422424,0.00651394,0.029908482
2456,0.042171992,0.0070778187,0.03509417
2457,0.0428344,0.006989752,0.03584465
2458,0.036926642,0.006472163,0.030454481
2459,0.036041744,0.006474564,0.029567182
2460,0.040296692,0.006894818,0.033401877
2461,0.044222068,0.0071709175,0.03705115
2462,0.03768202,0.0064993147,0.031182706
2463,0.035941858,0.00645703,0.029484827
2464,0.038527496,0.0067108106,0.031816684
2465,0.045036644,0.0072857942,0.03775085
2466,0.03941663,0.00661995,0.032796677
2467,0.036027513,0.006447712,0.029579803
2468,0.03676024,0.006526554,0.030233685
2469,0.04352362,0.0071840463,0.036339574
2470,0.04089766,0.006771006,0.034126654
2471,0.036102563,0.0064107077,0.029691856
2472,0.035997342,0.006447698,0.029549643
2473,0.04160543,0.0070140567,0.034591377
2474,0.042521674,0.00696808,0.035553593
2475,0.036587022,0.0064116414,0.030175382
2476,0.03574606,0.0064122947,0.029333768
2477,0.03968729,0.006828418,0.03285887
2478,0.043113247,0.0070715593,0.036041684
2479,0.03706655,0.0064369524,0.0306296
2480,0.035592817,0.0063944696,0.029198345
2481,0.03804371,0.0066447235,0.03139899
2482,0.043077625,0.007095202,0.035982423
2483,0.03798035,0.0065092705,0.03147108
2484,0.035512283,0.0063788453,0.029133437
2485,0.036675997,0.0065011536,0.03017484
2486,0.041777737,0.007002027,0.03477571
2487,0.039053515,0.0066263257,0.032427188
2488,0.035631977,0.0063627,0.029269278
2489,0.03603541,0.0064242627,0.029611152
2490,0.040746164,0.006896942,0.03384922
2491,0.04012339,0.006743219,0.033380166
2492,0.035951234,0.006366086,0.02958515
2493,0.03567227,0.006384614,0.029287659
2494,0.038890727,0.006715754,0.032174975
2495,0.040025726,0.006768628,0.033257097
2496,0.036397982,0.006397787,0.030000195
2497,0.035527565,0.0063665705,0.029160993
2498,0.037625905,0.00658134,0.031044565
2499,0.039343998,0.0067302464,0.03261375
2500,0.036753308,0.0064358367,0.03031747
2501,0.035485823,0.0063572163,0.029128607
2502,0.036716536,0.0064959507,0.030220587
2503,0.03892415,0.0067025973,0.032221552
2504,0.037589166,0.006510107,0.03107906
2505,0.035731144,0.0063631255,0.02936802
2506,0.036035176,0.006428038,0.029607138
2507,0.038285844,0.0066469023,0.03163894
2508,0.038103066,0.006568948,0.031534117
2509,0.035912015,0.0063674734,0.02954454
2510,0.035606876,0.0063796584,0.029227216
2511,0.037565805,0.006580754,0.03098505
2512,0.038533203,0.006624226,0.031908974
2513,0.03623318,0.006390553,0.029842626
2514,0.03534002,0.006348774,0.028991245
2515,0.036708344,0.006495675,0.030212669
2516,0.038379956,0.00662876,0.031751197
2517,0.036731154,0.006431589,0.030299565
2518,0.03528419,0.0063354475,0.028948743
2519,0.036012113,0.0064264056,0.029585706
2520,0.0378754,0.0065969704,0.03127843
2521,0.036978647,0.006466153,0.030512493
2522,0.035243716,0.0063265236,0.028917193
2523,0.035485532,0.0063720723,0.02911346
2524,0.037503157,0.006560239,0.030942917
2525,0.03733982,0.006500383,0.03083944
2526,0.035338677,0.00632671,0.029011969
2527,0.035298895,0.006349843,0.028949052
2528,0.03741763,0.0065468196,0.030870812
2529,0.037309684,0.0065079955,0.030801687
2530,0.03541653,0.0063315025,0.029085029
2531,0.03552695,0.006352565,0.029174384
2532,0.037192248,0.0065176087,0.03067464
2533,0.03666829,0.006466075,0.030202214
2534,0.035464235,0.006342644,0.029121589
2535,0.03588491,0.006371734,0.029513177
2536,0.036673415,0.006462153,0.030211262
2537,0.036424674,0.006443813,0.029980864
2538,0.035936408,0.0063782716,0.029558137
2539,0.035975434,0.006377599,0.029597837
2540,0.036278717,0.0064222924,0.029856423
2541,0.036371622,0.0064348103,0.029936813
2542,0.03621377,0.0064079454,0.029805828
2543,0.035897516,0.006373251,0.029524263
2544,0.035839185,0.0063775303,0.029461654
2545,0.036169067,0.0064146956,0.029754374
2546,0.036583774,0.006437669,0.030146103
2547,0.036438547,0.006408772,0.030029777
2548,0.03613943,0.006387542,0.029751886
2549,0.036123134,0.006397119,0.029726014
2550,0.03629178,0.0064127846,0.029878996
2551,0.036449358,0.0064131552,0.030036204
2552,0.03620862,0.006389614,0.029819004
2553,0.03589599,0.006371181,0.02952481
2554,0.03604472,0.0063855983,0.029659122
2555,0.036126226,0.00638616,0.029740063
2556,0.035633832,0.006341894,0.029291935
2557,0.03532214,0.006325205,0.028996935
2558,0.03583677,0.006374224,0.029462546
2559,0.036334436,0.0064028325,0.029931605
2560,0.035908595,0.006358594,0.02955
2561,0.035249196,0.0063126595,0.028936535
2562,0.035552945,0.0063466015,0.029206343
2563,0.03653179,0.0064183837,0.030113406
2564,0.036586963,0.006406053,0.030180912
2565,0.035448305,0.0063161803,0.029132124
2566,0.03512235,0.00630719,0.028815158
2567,0.036093198,0.0063886857,0.029704511
2568,0.036547758,0.0064058816,0.030141875
2569,0.035800837,0.0063294685,0.029471366
2570,0.035365205,0.0063096955,0.02905551
2571,0.035845406,0.006361909,0.029483497
2572,0.0363547,0.006394459,0.02996024
2573,0.035912115,0.0063380194,0.029574096
2574,0.035130493,0.006281825,0.028848667
2575,0.035302743,0.006312058,0.028990686
2576,0.036196686,0.006387161,0.029809523
2577,0.035986003,0.0063451463,0.029640855
2578,0.034974117,0.0062616025,0.028712515
2579,0.03518343,0.00629562,0.028887808
2580,0.03665848,0.0064186295,0.030239852
2581,0.03628791,0.0063622175,0.029925693
2582,0.0344251,0.006218401,0.028206699
2583,0.034375086,0.006237787,0.028137296
2584,0.03683655,0.006437817,0.030398736
2585,0.0376403,0.0064549106,0.031185389
2586,0.034807608,0.0062243454,0.02858326
2587,0.033615533,0.0061751455,0.027440388
2588,0.03603647,0.0063961353,0.029640336
2589,0.03937965,0.0066092378,0.032770414
2590,0.036567606,0.006324972,0.030242637
2591,0.033405244,0.006138009,0.027267236
2592,0.03392514,0.006224707,0.027700435
2593,0.039237663,0.006644761,0.032592904
2594,0.03998381,0.0065743797,0.03340943
2595,0.034173124,0.0061565246,0.0280166
2596,0.03295534,0.006128027,0.026827313
2597,0.036706287,0.0064729666,0.03023332
2598,0.04170894,0.006749852,0.034959085
2599,0.03574015,0.0062254556,0.029514693
2600,0.03290294,0.006103554,0.026799385
2601,0.034880843,0.0063205343,0.028560309
2602,0.04377073,0.0069746296,0.0367961
2603,0.03829629,0.0063779308,0.031918358
2604,0.033344436,0.0061236927,0.027220745
2605,0.033347175,0.006161697,0.027185474
2606,0.044395655,0.007112017,0.037283637
2607,0.043705486,0.006761065,0.036944423
2608,0.03407566,0.006138903,0.027936757
2609,0.033539675,0.006142109,0.027397566
2610,0.041935973,0.00695154,0.034984432
2611,0.049081706,0.007234976,0.041846726
2612,0.035034753,0.0061120875,0.028922668
2613,0.034976315,0.0062331315,0.028743181
2614,0.039756462,0.0067384136,0.03301805
2615,0.052619405,0.0076197395,0.044999667
2616,0.035716753,0.006071437,0.029645316
2617,0.03641714,0.0063375123,0.030079627
2618,0.037671376,0.006480179,0.031191196
2619,0.053050384,0.007758665,0.04529172
2620,0.035960995,0.0060418174,0.029919177
2621,0.03663536,0.0063528144,0.030282546
2622,0.0356529,0.0062330477,0.029419849
2623,0.04947378,0.0075320797,0.041941702
2624,0.035665732,0.006051015,0.029614717
2625,0.03464573,0.006146907,0.028498821
2626,0.034809895,0.006126332,0.028683562
2627,0.04404614,0.0070699267,0.03697622
2628,0.034445696,0.0060518263,0.028393868
2629,0.032955263,0.0059982697,0.02695699
2630,0.034149684,0.0060673766,0.028082311
2631,0.03959608,0.0066709826,0.032925095
2632,0.03401163,0.0060847774,0.027926851
2633,0.032186136,0.005930385,0.02625575
2634,0.03376146,0.0060452,0.02771626
2635,0.03651706,0.006380882,0.030136183
2636,0.033815723,0.006103767,0.027711958
2637,0.032409664,0.0059436075,0.026466057
2638,0.03356327,0.006032723,0.02753055
2639,0.034853663,0.0062098857,0.028643776
2640,0.03358291,0.0060906676,0.027492244
2641,0.032899782,0.005992679,0.026907101
2642,0.033720076,0.006043556,0.027676523
2643,0.034109443,0.006127014,0.027982429
2644,0.033430573,0.0060735103,0.027357064
2645,0.03319584,0.0060282275,0.02716761
2646,0.03364804,0.00604817,0.027599871
2647,0.033594534,0.006073431,0.027521104
2648,0.03316393,0.0060438747,0.027120057
2649,0.033275317,0.0060442816,0.027231038
2650,0.03363256,0.006058961,0.0275736
2651,0.033529952,0.006060664,0.027469292
2652,0.033117127,0.0060289497,0.027088176
2653,0.03306963,0.0060287523,0.027040876
2654,0.03360598,0.006066855,0.027539127
2655,0.03385427,0.0060848785,0.02776939
2656,0.033193108,0.0060306685,0.02716244
2657,0.032948095,0.0060137026,0.026934393
2658,0.03379269,0.006079854,0.027712835
2659,0.0340205,0.0060977675,0.027922729
2660,0.03299884,0.0060164384,0.026982404
2661,0.032775164,0.0060036955,0.026771467
2662,0.033767745,0.006082775,0.02768497
2663,0.03414061,0.006106849,0.02803376
2664,0.032878846,0.0060008783,0.026877966
2665,0.03220139,0.0059609045,0.026240485
2666,0.033259533,0.006055527,0.027204007
2667,0.03457742,0.006148242,0.02842918
2668,0.033395775,0.0060327994,0.027362976
2669,0.032182828,0.0059456034,0.026237223
2670,0.032739766,0.0060115843,0.02672818
2671,0.034269698,0.0061342753,0.028135423
2672,0.033719756,0.006057219,0.027662538
2673,0.032523647,0.005959998,0.026563652
2674,0.03269245,0.005995544,0.026696905
2675,0.034030475,0.006113363,0.027917115
2676,0.03380271,0.0060705086,0.0277322
2677,0.032377142,0.0059511317,0.026426014
2678,0.032145716,0.0059520835,0.026193632
2679,0.03354191,0.006073936,0.027467974
2680,0.033998758,0.0060872016,0.027911557
2681,0.03236235,0.0059464797,0.02641587
2682,0.031929344,0.005931207,0.025998138
2683,0.033379078,0.0060626557,0.027316421
2684,0.033778064,0.006077188,0.027700875
2685,0.03245595,0.005951626,0.026504325
2686,0.032201037,0.005935777,0.02626526
2687,0.033210397,0.0060372073,0.02717319
2688,0.033860017,0.0060867267,0.02777329
2689,0.032746606,0.005974186,0.026772417
2690,0.032059003,0.005924876,0.026134126
2691,0.03277301,0.005998329,0.026774682
2692,0.033955127,0.006092249,0.027862877
2693,0.03331754,0.006009763,0.027307775
2694,0.032252625,0.005929372,0.026323255
2695,0.03245421,0.0059667546,0.026487457
2696,0.033529922,0.0060617765,0.027468147
2697,0.033551373,0.0060362415,0.027515134
2698,0.032368902,0.0059335576,0.026435345
2699,0.032111492,0.005931561,0.026179932
2700,0.033202216,0.006027152,0.027175065
2701,0.033703756,0.006043706,0.02766005
2702,0.03233665,0.0059254616,0.026411187
2703,0.03175192,0.0058997474,0.025852174
2704,0.03274759,0.0059911087,0.026756482
2705,0.03373847,0.006048945,0.027689528
2706,0.032546166,0.005936084,0.026610084
2707,0.031429455,0.0058700596,0.025559392
2708,0.032012396,0.0059324,0.026079994
2709,0.03342776,0.0060354564,0.027392302
2710,0.033024304,0.0059675593,0.027056746
2711,0.031474017,0.0058583515,0.025615664
2712,0.031466007,0.0058858064,0.0255802
2713,0.03358236,0.0060541756,0.027528184
2714,0.03380727,0.006022481,0.027784787
2715,0.031487744,0.0058453027,0.025642443
2716,0.031074576,0.0058464278,0.02522815
2717,0.033489555,0.006051723,0.027437832
2718,0.034342825,0.0060634525,0.028279375
2719,0.031462446,0.005832073,0.025630374
2720,0.030656522,0.005805903,0.024850618
2721,0.033226155,0.0060343007,0.027191855
2722,0.035404358,0.0061503965,0.029253963
2723,0.03202748,0.0058457386,0.026181743
2724,0.030494988,0.0057771206,0.024717867
2725,0.032311164,0.005963538,0.026347628
2726,0.035743013,0.00619392,0.029549096
2727,0.033097193,0.0059099784,0.027187217
2728,0.030555487,0.0057627396,0.024792748
2729,0.031185169,0.005857784,0.025327384
2730,0.035433814,0.0061945375,0.029239275
2731,0.034552842,0.006016179,0.028536662
2732,0.030769657,0.005755012,0.025014646
2733,0.030463248,0.0057805125,0.024682736
2734,0.03467761,0.0061464403,0.028531168
2735,0.03553555,0.006100457,0.029435093
2736,0.031001188,0.0057483707,0.025252817
2737,0.030140735,0.005737747,0.024402987
2738,0.034116633,0.0060983864,0.028018244
2739,0.037688293,0.0062771216,0.03141117
2740,0.031712204,0.005769597,0.025942605
2741,0.030021772,0.005719006,0.024302766
2742,0.03289156,0.0059964047,0.026895156
2743,0.039223388,0.0064314725,0.032791916
2744,0.032712836,0.0058097932,0.026903044
2745,0.03025288,0.0057194885,0.024533391
2746,0.031652655,0.0058741895,0.025778465
2747,0.03971641,0.0065029855,0.033213425
2748,0.034039147,0.0058826488,0.0281565
2749,0.030464135,0.0057144687,0.024749666
2750,0.030715719,0.005770241,0.024945477
2751,0.039639607,0.006521859,0.03311775
2752,0.0356991,0.0059949895,0.02970411
2753,0.030672453,0.0057023326,0.024970118
2754,0.030244494,0.005700133,0.024544362
2755,0.039250836,0.0064954143,0.03275542
2756,0.03685855,0.006091335,0.030767217
2757,0.030715453,0.005692402,0.02502305
2758,0.030139346,0.005669504,0.024469841
2759,0.03875868,0.0064568846,0.032301795
2760,0.037603587,0.0061621843,0.031441405
2761,0.030653317,0.005662199,0.024991117
2762,0.030139059,0.005650977,0.02448808
2763,0.037632965,0.0063446383,0.031288326
2764,0.038313642,0.006229905,0.03208374
2765,0.030480642,0.0056297407,0.024850901
2766,0.030047115,0.0056305043,0.02441661
2767,0.037141733,0.006286015,0.030855719
2768,0.037071012,0.0061595133,0.030911498
2769,0.030145133,0.005599396,0.024545737
2770,0.029864788,0.005601108,0.02426368
2771,0.03686022,0.006240656,0.030619565
2772,0.036356375,0.006101698,0.030254675
2773,0.029876247,0.0055798516,0.024296395
2774,0.029666692,0.0055850563,0.024081636
2775,0.035965554,0.0061572944,0.02980826
2776,0.03488447,0.0059925336,0.028891936
2777,0.029535726,0.0055556386,0.023980089
2778,0.029612679,0.0055685975,0.024044082
2779,0.034787074,0.006045974,0.028741103
2780,0.03315115,0.005867237,0.027283914
2781,0.029314259,0.0055419304,0.02377233
2782,0.029653419,0.005571694,0.024081726
2783,0.034302793,0.005995634,0.02830716
2784,0.032344796,0.005796317,0.026548479
2785,0.029197004,0.005541583,0.023655422
2786,0.029948186,0.0055930056,0.02435518
2787,0.033341486,0.005908393,0.027433094
2788,0.031059,0.0056882254,0.025370777
2789,0.029174138,0.0055372976,0.02363684
2790,0.030462962,0.0056330366,0.024829924
2791,0.03241552,0.0058279345,0.026587585
2792,0.030333005,0.005637441,0.024695564
2793,0.029259559,0.005543706,0.023715854
2794,0.03046364,0.0056372844,0.024826355
2795,0.03179231,0.005765483,0.026026824
2796,0.03015321,0.0056151133,0.024538096
2797,0.029348306,0.005548615,0.023799693
2798,0.030442145,0.0056388592,0.024803285
2799,0.031131709,0.0057112565,0.025420453
2800,0.02991432,0.005599724,0.024314595
2801,0.029448684,0.005557006,0.02389168
2802,0.03025135,0.0056252377,0.024626113
2803,0.030934963,0.005689905,0.02524506
2804,0.030234251,0.0056147673,0.024619482
2805,0.029630994,0.005566259,0.024064736
2806,0.03008976,0.005613565,0.024476193
2807,0.030753728,0.0056711603,0.02508257
2808,0.030125372,0.0056042904,0.024521083
2809,0.02966278,0.0055647334,0.024098046
2810,0.030242179,0.005617574,0.024624605
2811,0.031014336,0.005681741,0.025332596
2812,0.030363355,0.0056176847,0.02474567
2813,0.02970644,0.0055665458,0.024139896
2814,0.03011183,0.0056083407,0.024503492
2815,0.030809272,0.005662824,0.025146449
2816,0.030485976,0.0056177885,0.024868188
2817,0.029968973,0.0055764173,0.024392556
2818,0.030385787,0.0056203697,0.024765417
2819,0.030945186,0.0056646015,0.025280584
2820,0.030049877,0.005582698,0.024467178
2821,0.029639898,0.0055532902,0.024086606
2822,0.030259669,0.005607438,0.024652231
2823,0.03067502,0.0056345635,0.025040455
2824,0.030070823,0.0055745193,0.024496302
2825,0.029602814,0.0055406177,0.024062196
2826,0.02999419,0.005578857,0.024415333
2827,0.030588888,0.0056237034,0.024965184
2828,0.03030244,0.0055887382,0.024713702
2829,0.029548287,0.0055320924,0.024016194
2830,0.029519591,0.005541197,0.023978395
2831,0.030365827,0.005606221,0.024759606
2832,0.03040553,0.005588308,0.024817225
2833,0.029512584,0.0055199806,0.023992606
2834,0.02926797,0.0055193123,0.023748657
2835,0.0302825,0.005599643,0.024682857
2836,0.030754685,0.0056115645,0.02514312
2837,0.029328711,0.005495594,0.023833118
2838,0.028905343,0.005481622,0.023423724
2839,0.030415567,0.0056039365,0.02481163
2840,0.031209547,0.0056381915,0.025571356
2841,0.029344674,0.0054842504,0.023860423
2842,0.028641071,0.005455373,0.023185696
2843,0.030351628,0.0055990443,0.024752583
2844,0.031864267,0.005688277,0.02617599
2845,0.029547386,0.0054884963,0.02405889
2846,0.028352005,0.0054286164,0.02292339
2847,0.030127402,0.0055869613,0.024540441
2848,0.03251036,0.0057331766,0.026777182
2849,0.029890144,0.0054973466,0.024392797
2850,0.0281125,0.0053995666,0.022712935
2851,0.029313318,0.0055188686,0.02379445
2852,0.033525385,0.0058193924,0.027705994
2853,0.031432793,0.0055836868,0.025849104
2854,0.028042227,0.0053780805,0.022664145
2855,0.02847217,0.0054448918,0.023027278
2856,0.03427314,0.0058913752,0.028381767
2857,0.033495642,0.0057147993,0.027780842
2858,0.028247088,0.0053645,0.022882588
2859,0.027905397,0.005393294,0.022512104
2860,0.03400474,0.0058864327,0.028118309
2861,0.036377735,0.005916305,0.03046143
2862,0.02884711,0.0053716945,0.023475416
2863,0.02805208,0.0053808778,0.022671202
2864,0.03349647,0.0058556823,0.027640786
2865,0.040323034,0.0062105106,0.034112524
2866,0.029795336,0.005378159,0.024417177
2867,0.029075792,0.0054435,0.023632292
2868,0.032235056,0.005743607,0.026491448
2869,0.04530169,0.006627205,0.038674485
2870,0.031499594,0.005434422,0.026065174
2871,0.031084524,0.0055597434,0.025524782
2872,0.031440895,0.0056404555,0.025800439
2873,0.04934498,0.006955317,0.042389665
2874,0.032835476,0.005460229,0.027375245
2875,0.033646278,0.005726084,0.027920194
2876,0.031679727,0.0055942973,0.026085433
2877,0.053163853,0.0072588744,0.04590498
2878,0.03273184,0.0054050973,0.02732674
2879,0.035602666,0.0058386372,0.02976403
2880,0.03203626,0.0055583427,0.026477918
2881,0.05167202,0.0071375878,0.044534434
2882,0.030838106,0.0052783354,0.025559768
2883,0.034079958,0.0056803823,0.028399576
2884,0.03303632,0.0056061754,0.027430147
2885,0.045607246,0.0066395635,0.038967684
2886,0.028971553,0.0052059903,0.023765564
2887,0.030368438,0.0053787213,0.024989717
2888,0.033686534,0.0056674047,0.028019127
2889,0.036889583,0.005945615,0.030943967
2890,0.027555075,0.0051750178,0.022380056
2891,0.027701939,0.0051553,0.022546638
2892,0.03178507,0.005544533,0.026240537
2893,0.029908746,0.0054043448,0.0245044
2894,0.026972843,0.0051779724,0.02179487
2895,0.028159145,0.005191023,0.02296812
2896,0.029958822,0.0053997855,0.024559036
2897,0.027884938,0.0052417745,0.022643164
2898,0.027599558,0.0052135456,0.02238601
2899,0.029018631,0.005272898,0.023745734
2900,0.028291654,0.0052642217,0.023027431
2901,0.02757664,0.005216428,0.022360213
2902,0.028600946,0.0052753696,0.023325576
2903,0.02854696,0.00526155,0.02328541
2904,0.027498648,0.0052031646,0.022295484
2905,0.02807454,0.0052505187,0.022824021
2906,0.0287049,0.0052779997,0.023426902
2907,0.027909609,0.00522412,0.022685489
2908,0.027642552,0.0052103447,0.022432208
2909,0.028220247,0.0052530086,0.022967238
2910,0.028568394,0.0052678687,0.023300525
2911,0.028031096,0.0052339975,0.022797098
2912,0.027818453,0.005226122,0.02259233
2913,0.02822363,0.00525765,0.022965979
2914,0.02828107,0.0052537974,0.023027271
2915,0.027978953,0.0052328007,0.022746153
2916,0.027918313,0.0052317437,0.022686569
2917,0.028293792,0.0052594263,0.023034364
2918,0.028385181,0.0052602775,0.023124903
2919,0.02790023,0.0052236337,0.022676598
2920,0.027787317,0.0052194176,0.022567898
2921,0.02824784,0.0052548703,0.022992972
2922,0.028292669,0.005252464,0.023040205
2923,0.027700763,0.0052090846,0.022491679
2924,0.027777016,0.0052194223,0.022557594
2925,0.028352432,0.005261305,0.023091126
2926,0.028249446,0.0052475426,0.023001904
2927,0.027877156,0.005218504,0.02265865
2928,0.02780726,0.005218057,0.022589203
2929,0.028096788,0.0052390858,0.022857701
2930,0.028059047,0.005229743,0.022829302
2931,0.027771784,0.0052082883,0.022563495
2932,0.027719606,0.0052102506,0.022509355
2933,0.02791929,0.0052266503,0.022692641
2934,0.027834833,0.0052198283,0.022615004
2935,0.027471302,0.005188523,0.02228278
2936,0.027623776,0.005197405,0.02242637
2937,0.02799087,0.005222275,0.022768594
2938,0.027868522,0.005211088,0.022657435
2939,0.027540086,0.0051901094,0.022349976
2940,0.02745733,0.00518911,0.02226822
2941,0.027566835,0.0051982617,0.022368573
2942,0.027668146,0.005201559,0.022466589
2943,0.027529329,0.005182218,0.022347111
2944,0.027212448,0.0051637194,0.02204873
2945,0.027376905,0.005176846,0.02220006
2946,0.027904756,0.0052117314,0.022693023
2947,0.027805306,0.0051971553,0.02260815
2948,0.027370535,0.005168218,0.022202317
2949,0.027416661,0.005176482,0.02224018
2950,0.0279039,0.005212974,0.022690926
2951,0.028006092,0.0052099996,0.02279609
2952,0.02760183,0.0051762573,0.022425573
2953,0.027506946,0.00517348,0.022333466
2954,0.027957082,0.0052076364,0.022749444
2955,0.028143331,0.0052143307,0.022929002
2956,0.027544143,0.00516242,0.022381723
2957,0.027272612,0.005148202,0.02212441
2958,0.027774788,0.005189109,0.022585679
2959,0.028183026,0.005210962,0.022972064
2960,0.027503517,0.0051534204,0.022350095
2961,0.027036518,0.00512519,0.021911327
2962,0.027850894,0.005190865,0.022660028
2963,0.028477108,0.0052269585,0.023250148
2964,0.027430154,0.0051431404,0.022287015
2965,0.026855696,0.0051066587,0.021749038
2966,0.027841907,0.0051858444,0.022656063
2967,0.028492678,0.0052203583,0.023272319
2968,0.027349893,0.0051258267,0.022224065
2969,0.026613124,0.0050827833,0.021530341
2970,0.027451033,0.0051553845,0.022295648
2971,0.028326314,0.0052082865,0.023118027
2972,0.027195338,0.005113801,0.022081537
2973,0.026443113,0.005065212,0.021377902
2974,0.027421802,0.005146665,0.022275137
2975,0.028554006,0.0052197333,0.023334272
2976,0.027344013,0.0051116343,0.02223238
2977,0.026264302,0.005042471,0.021221831
2978,0.027100557,0.00511986,0.021980697
2979,0.028870443,0.005241436,0.023629006
2980,0.027762359,0.0051348154,0.022627544
2981,0.026204333,0.005027096,0.021177238
2982,0.02675154,0.005089226,0.021662315
2983,0.029059628,0.00525556,0.023804069
2984,0.028541662,0.0051755756,0.023366084
2985,0.026359886,0.005020097,0.021339789
2986,0.026181743,0.005036795,0.021144949
2987,0.028529502,0.005217566,0.023311935
2988,0.029595967,0.0052515524,0.024344414
2989,0.026891315,0.0050379355,0.02185338
2990,0.025719937,0.0049923705,0.020727566
2991,0.027716566,0.00515732,0.022559248
2992,0.030908734,0.0053511607,0.025557572
2993,0.028006587,0.005094221,0.022912368
2994,0.02542131,0.004954373,0.020466935
2995,0.02663663,0.005072047,0.02156458
2996,0.03267216,0.0054907743,0.027181387
2997,0.030013502,0.0052089794,0.024804521
2998,0.025525464,0.004938419,0.020587046
2999,0.025618829,0.0049899714,0.020628858
3000,0.031974405,0.005457727,0.026516682
3001,0.03247301,0.005367176,0.027105834
3002,0.026004918,0.004934822,0.021070097
3003,0.025352288,0.0049522715,0.020400016
3004,0.031424943,0.0054235477,0.026001396
3005,0.036361888,0.005646997,0.030714888
3006,0.026986614,0.004954418,0.022032196
3007,0.02608157,0.0049826475,0.021098923
3008,0.030061457,0.005324795,0.024736663
3009,0.04041815,0.005945985,0.034472167
3010,0.028190017,0.0049846773,0.02320534
3011,0.02796065,0.005087237,0.022873413
3012,0.029920045,0.005282064,0.024637982
3013,0.045374647,0.006310489,0.039064154
3014,0.029414017,0.0050072744,0.024406742
3015,0.030701688,0.005240795,0.025460891
3016,0.030461604,0.0052876016,0.025174003
3017,0.049423918,0.00659052,0.042833395
3018,0.029449202,0.004983043,0.024466157
3019,0.033336945,0.0053821355,0.027954811
3020,0.031594258,0.0053272815,0.026266973
3021,0.049865887,0.006595107,0.04327078
3022,0.028549947,0.004918801,0.023631144
3023,0.03232329,0.0052482765,0.027075013
3024,0.034086257,0.0054963906,0.028589867
3025,0.043248832,0.00604932,0.037199512
3026,0.0272085,0.004879848,0.02232865
3027,0.0278504,0.004885266,0.022965133
3028,0.033837467,0.005469217,0.028368251
3029,0.032259744,0.005264799,0.026994944
3030,0.02551302,0.0048127305,0.02070029
3031,0.025515448,0.004736188,0.02077926
3032,0.03102973,0.0052544298,0.025775298
3033,0.026748743,0.0048907693,0.021857973
3034,0.024489379,0.004747918,0.01974146
3035,0.026141047,0.0048167873,0.021324262
3036,0.027667273,0.0049938587,0.022673413
3037,0.025069717,0.0047907494,0.020278968
3038,0.024962697,0.004772523,0.020190176
3039,0.02666398,0.004881883,0.021782096
3040,0.025899414,0.004848063,0.021051351
3041,0.02483237,0.004775961,0.020056408
3042,0.025780186,0.004824668,0.020955518
3043,0.026506394,0.0048819073,0.021624487
3044,0.02518527,0.0047887154,0.020396555
3045,0.02494391,0.004778091,0.02016582
3046,0.02623193,0.004862739,0.021369189
3047,0.026285727,0.004870031,0.021415696
3048,0.025139004,0.0047860155,0.020352988
3049,0.025079763,0.0047867177,0.020293046
3050,0.02620746,0.0048672967,0.021340163
3051,0.025979422,0.0048575206,0.0211219
3052,0.025042366,0.004783359,0.020259008
3053,0.025123835,0.0047910926,0.020332742
3054,0.02591274,0.004853083,0.021059657
3055,0.025715422,0.004837586,0.020877834
3056,0.02505482,0.0047843317,0.02027049
3057,0.025164466,0.0047951536,0.020369312
3058,0.025722124,0.004843141,0.020878984
3059,0.025559517,0.0048282417,0.020731274
3060,0.025076527,0.004791417,0.02028511
3061,0.02523768,0.004805417,0.020432264
3062,0.025675505,0.0048377,0.020837806
3063,0.025565622,0.0048281504,0.020737473
3064,0.025048211,0.0047886106,0.0202596
3065,0.025013749,0.004787754,0.020225996
3066,0.025532033,0.004826381,0.020705651
3067,0.025549743,0.0048229434,0.0207268
3068,0.024969738,0.0047775945,0.020192144
3069,0.025013803,0.0047855005,0.020228302
3070,0.025623055,0.0048335358,0.020789519
3071,0.025506482,0.0048199035,0.020686578
3072,0.024959274,0.004777206,0.02018207
3073,0.024975562,0.004782833,0.02019273
3074,0.02534363,0.0048121917,0.020531438
3075,0.025261957,0.0048003616,0.020461597
3076,0.024850257,0.004770631,0.020079624
3077,0.024930697,0.0047787065,0.02015199
3078,0.025405651,0.004812157,0.020593494
3079,0.025202103,0.0047917315,0.020410372
3080,0.024906207,0.0047706934,0.020135514
3081,0.024998493,0.004780584,0.02021791
3082,0.025070982,0.00478888,0.0202821
3083,0.025055036,0.004780785,0.02027425
3084,0.02514923,0.004783743,0.020365488
3085,0.02493279,0.004771051,0.02016174
3086,0.024778709,0.004761335,0.020017374
3087,0.024904981,0.004767184,0.020137796
3088,0.02514971,0.0047828266,0.020366885
3089,0.025046177,0.0047728866,0.020273292
3090,0.024815166,0.0047573657,0.020057801
3091,0.02500816,0.004771242,0.020236917
3092,0.025253521,0.004787773,0.020465747
3093,0.025244316,0.0047815004,0.020462815
3094,0.024985768,0.004760339,0.02022543
3095,0.025015496,0.004764974,0.020250522
3096,0.025219515,0.0047799726,0.020439541
3097,0.025154877,0.004767426,0.020387452
3098,0.0247541,0.0047382982,0.0200158
3099,0.0248258,0.0047469055,0.020078894
3100,0.025488622,0.0047919997,0.020696621
3101,0.025383238,0.0047737057,0.020609532
3102,0.024492528,0.0047157044,0.019776825
3103,0.024580479,0.0047290935,0.019851387
3104,0.02544678,0.0047885557,0.020658223
3105,0.025415204,0.0047736475,0.020641556
3106,0.024550047,0.0047149137,0.019835133
3107,0.024463506,0.0047158794,0.019747626
3108,0.0254305,0.004781097,0.020649403
3109,0.02564541,0.0047837957,0.020861614
3110,0.024562223,0.0047030332,0.019859191
3111,0.024160828,0.0046842904,0.019476539
3112,0.025279842,0.0047641154,0.020515727
3113,0.026108459,0.00480665,0.02130181
3114,0.024742331,0.0047021224,0.020040207
3115,0.023853771,0.004657914,0.019195858
3116,0.024966609,0.004741828,0.020224784
3117,0.026725456,0.0048475107,0.021877944
3118,0.025275799,0.0047261305,0.020549668
3119,0.023714595,0.00463734,0.019077254
3120,0.024855494,0.0047299885,0.020125505
3121,0.02757022,0.00490004,0.02267018
3122,0.02575972,0.004748854,0.021010866
3123,0.023316585,0.0045984113,0.018718174
3124,0.023922589,0.004664061,0.019258529
3125,0.028221164,0.00494792,0.023273245
3126,0.02684302,0.0048048454,0.022038177
3127,0.023230832,0.004576549,0.018654283
3128,0.023424435,0.0046254247,0.01879901
3129,0.028965574,0.005012463,0.02395311
3130,0.028269194,0.0048931655,0.023376029
3131,0.02343722,0.0045660506,0.018871171
3132,0.02312456,0.004596645,0.018527916
3133,0.029377006,0.0050395997,0.024337407
3134,0.030855611,0.0050609075,0.025794704
3135,0.02390663,0.004566529,0.019340102
3136,0.02319368,0.004588117,0.018605564
3137,0.029313572,0.005035124,0.024278447
3138,0.034191128,0.0052679703,0.028923158
3139,0.024714896,0.004574447,0.02014045
3140,0.024331039,0.0046457234,0.019685315
3141,0.029001594,0.0049938913,0.0240077
3142,0.039339855,0.0056331437,0.033706713
3143,0.025870092,0.0046009556,0.021269137
3144,0.026868224,0.0048042983,0.022063926
3145,0.029678982,0.005012921,0.024666063
3146,0.044859845,0.005994374,0.03886547
3147,0.026923347,0.004611121,0.022312226
3148,0.029689413,0.0049496163,0.024739798
3149,0.03154512,0.0051035043,0.026441619
3150,0.046880856,0.0060912324,0.040789627
3151,0.027363598,0.00462422,0.02273938
3152,0.03053388,0.0049297186,0.025604162
3153,0.034603357,0.005300373,0.029302986
3154,0.04239091,0.005710682,0.03668023
3155,0.027123135,0.0046310434,0.02249209
3156,0.026960554,0.004617123,0.02234343
3157,0.036773305,0.005451151,0.03132215
3158,0.03225374,0.0049922904,0.027261449
3159,0.02585645,0.004610439,0.021246012
3160,0.024060415,0.0044063646,0.01965405
3161,0.033086456,0.0051901536,0.0278963
3162,0.025016755,0.004528065,0.020488689
3163,0.02304212,0.0044412157,0.018600907
3164,0.024342611,0.0044877985,0.019854814
3165,0.026398163,0.0046916176,0.021706546
3166,0.02263851,0.0044143684,0.018224142
3167,0.022625014,0.004391559,0.018233456
3168,0.024598708,0.0045410153,0.020057693
3169,0.023363255,0.004467656,0.0188956
3170,0.022483898,0.0044146357,0.018069264
3171,0.023599029,0.004467858,0.01913117
3172,0.024041738,0.004515366,0.019526372
3173,0.022579342,0.0044108564,0.018168487
3174,0.022751648,0.004429507,0.01832214
3175,0.02428164,0.004529543,0.019752096
3176,0.023354184,0.0044672242,0.01888696
3177,0.022330318,0.0044007227,0.017929595
3178,0.02329062,0.004464477,0.018826142
3179,0.024456609,0.004552639,0.01990397
3180,0.022856798,0.0044340957,0.018422702
3181,0.02252135,0.004410565,0.018110786
3182,0.023748506,0.004496566,0.01925194
3183,0.023753438,0.004505664,0.019247772
3184,0.0226322,0.0044258432,0.018206356
3185,0.022826497,0.0044328393,0.018393658
3186,0.023825886,0.0045042187,0.019321667
3187,0.023362836,0.0044770036,0.018885832
3188,0.022707937,0.004429643,0.018278295
3189,0.023085512,0.0044529336,0.01863258
3190,0.023404237,0.004480412,0.018923827
3191,0.023067813,0.004459342,0.018608473
3192,0.023074698,0.0044554337,0.018619264
3193,0.023392007,0.0044750767,0.01891693
3194,0.023227371,0.0044673486,0.018760022
3195,0.022869159,0.0044434825,0.018425677
3196,0.022946082,0.004449545,0.018496538
3197,0.023177054,0.004465809,0.018711245
3198,0.023007195,0.0044540307,0.018553164
3199,0.02275129,0.0044371206,0.018314168
3200,0.023089187,0.004461672,0.018627515
3201,0.023595935,0.0044928365,0.019103099
3202,0.023274038,0.004468119,0.018805921
3203,0.02277536,0.0044368645,0.018338496
3204,0.023033844,0.0044576395,0.018576205
3205,0.023451677,0.004481732,0.018969946
3206,0.023114936,0.0044540595,0.018660877
3207,0.022763623,0.0044284496,0.018335175
3208,0.023017664,0.0044502574,0.018567406
3209,0.023315378,0.0044714063,0.018843971
3210,0.022979906,0.0044420073,0.018537898
3211,0.022638947,0.004419877,0.018219069
3212,0.0229177,0.004441875,0.018475823
3213,0.023285542,0.004465853,0.01881969
3214,0.023010345,0.0044421647,0.01856818
3215,0.02259956,0.004414412,0.018185146
3216,0.022797164,0.004428996,0.01836817
3217,0.023209512,0.0044576037,0.018751908
3218,0.02297626,0.004438832,0.018537428
3219,0.022589408,0.0044105174,0.018178891
3220,0.022812005,0.004429113,0.018382892
3221,0.023271458,0.0044602863,0.018811172
3222,0.022948213,0.0044304645,0.018517748
3223,0.02251473,0.00440173,0.018113
3224,0.02287252,0.004429129,0.01844339
3225,0.023444852,0.004464474,0.018980378
3226,0.023162454,0.0044390494,0.018723406
3227,0.022472523,0.0043946584,0.018077863
3228,0.022713415,0.0044143684,0.018299047
3229,0.02382972,0.004484338,0.019345384
3230,0.023841843,0.004473555,0.019368287
3231,0.02270202,0.0043960633,0.018305957
3232,0.02257051,0.00439508,0.01817543
3233,0.023857148,0.00448094,0.019376207
3234,0.023869859,0.004470635,0.019399224
3235,0.022405148,0.004369285,0.018035863
3236,0.022257917,0.0043717986,0.017886119
3237,0.02382578,0.004477435,0.019348346
3238,0.02434066,0.004500108,0.01984055
3239,0.02261598,0.0043759374,0.018240042
3240,0.021757029,0.004332994,0.017424036
3241,0.023489613,0.004453157,0.019036457
3242,0.025377458,0.0045723002,0.020805158
3243,0.022971941,0.004387674,0.018584266
3244,0.021433035,0.004306445,0.01712659
3245,0.022707473,0.0044006053,0.018306868
3246,0.025874943,0.0046116104,0.021263331
3247,0.024564207,0.0044753402,0.020088866
3248,0.021532107,0.0042971405,0.017234968
3249,0.021652505,0.004332285,0.017320221
3250,0.02586966,0.0046129804,0.021256678
3251,0.026784044,0.0046164747,0.02216757
3252,0.021775225,0.004293208,0.017482016
3253,0.021026067,0.004283496,0.016742572
3254,0.02558427,0.0045950627,0.020989206
3255,0.030146925,0.00483229,0.025314637
3256,0.022549883,0.004307011,0.018242873
3257,0.02158435,0.004311989,0.017272362
3258,0.024822572,0.004536668,0.020285904
3259,0.03591139,0.0052340804,0.030677311
3260,0.024566036,0.0043802513,0.020185784
3261,0.023455061,0.0044180583,0.019037005
3262,0.024191916,0.0044625252,0.01972939
3263,0.040479027,0.0055469256,0.034932103
3264,0.02693912,0.0044645276,0.022474594
3265,0.026741873,0.0046049296,0.022136945
3266,0.024957053,0.004474139,0.020482915
3267,0.046713237,0.0059383856,0.040774852
3268,0.0279692,0.0044680303,0.023501169
3269,0.03155102,0.004855615,0.0266954
3270,0.026413377,0.004508458,0.02190492
3271,0.052410893,0.006262133,0.046148762
3272,0.027393807,0.0043896073,0.0230042
3273,0.034557335,0.0049769217,0.029580414
3274,0.028859552,0.0046312436,0.02422831
3275,0.048618212,0.0059187515,0.042699464
3276,0.025443166,0.0043054223,0.021137744
3277,0.029251374,0.0045646722,0.024686702
3278,0.03295307,0.0049333964,0.02801967
3279,0.034656614,0.004958228,0.029698387
3280,0.023639526,0.004284242,0.019355282
3281,0.022682838,0.0041209105,0.018561928
3282,0.03010286,0.0047671692,0.025335692
3283,0.023698527,0.0042694323,0.019429095
3284,0.020924997,0.0041373745,0.016787622
3285,0.02210477,0.0041443035,0.017960466
3286,0.024138274,0.004353838,0.019784436
3287,0.02084557,0.00412462,0.016720949
3288,0.020845462,0.004113053,0.01673241
3289,0.022537995,0.004219141,0.018318854
3290,0.021248557,0.004142232,0.017106324
3291,0.020662967,0.0041198935,0.016543072
3292,0.022217825,0.0042022,0.018015627
3293,0.022150505,0.0042100437,0.017940462
3294,0.020656753,0.004105392,0.01655136
3295,0.021071177,0.004139336,0.01693184
3296,0.022816112,0.004251207,0.018564906
3297,0.021574562,0.004179309,0.017395254
3298,0.020530578,0.0041057765,0.016424801
3299,0.021283373,0.0041585057,0.017124869
3300,0.022574633,0.0042495793,0.018325053
3301,0.021158468,0.004154846,0.017003622
3302,0.020554194,0.004113774,0.016440421
3303,0.021576952,0.0041793743,0.017397577
3304,0.022090737,0.0042254296,0.017865308
3305,0.02097985,0.004147878,0.016831972
3306,0.02071216,0.0041289907,0.016583167
3307,0.021506846,0.004184899,0.017321948
3308,0.02155643,0.0041956548,0.017360775
3309,0.020823404,0.004143358,0.016680045
3310,0.02094484,0.004150252,0.016794588
3311,0.021540005,0.0041925944,0.01734741
3312,0.02114632,0.0041705947,0.016975727
3313,0.02084795,0.004150833,0.016697116
3314,0.021137757,0.0041676546,0.016970104
3315,0.021184225,0.004172936,0.017011289
3316,0.020945894,0.0041605155,0.01678538
3317,0.020912483,0.004156114,0.016756369
3318,0.021034315,0.00416258,0.016871734
3319,0.020994091,0.0041628936,0.016831199
3320,0.020967018,0.0041621174,0.0168049
3321,0.021141026,0.0041725906,0.016968435
3322,0.021304742,0.004179361,0.01712538
3323,0.021318717,0.00418032,0.017138397
3324,0.021019273,0.004164061,0.016855212
3325,0.020848192,0.004154606,0.016693586
3326,0.021170698,0.0041748527,0.016995845
3327,0.021330917,0.004181691,0.017149225
3328,0.020994483,0.0041598636,0.01683462
3329,0.020828875,0.004151187,0.016677689
3330,0.020999216,0.004163618,0.016835596
3331,0.021137029,0.004170499,0.01696653
3332,0.021006495,0.00415954,0.016846955
3333,0.020787537,0.004145154,0.016642384
3334,0.02097321,0.004157688,0.01681552
3335,0.021098163,0.00416536,0.016932804
3336,0.020766456,0.0041422183,0.016624236
3337,0.02060698,0.0041307975,0.016476182
3338,0.020830885,0.004146304,0.01668458
3339,0.020965286,0.004153996,0.016811289
3340,0.020748315,0.0041373125,0.016611002
3341,0.020885788,0.0041437484,0.016742041
3342,0.021209216,0.004165113,0.017044103
3343,0.020983037,0.0041517126,0.016831325
3344,0.020650063,0.0041284766,0.016521586
3345,0.020753574,0.004137069,0.016616505
3346,0.020987812,0.0041512805,0.016836531
3347,0.02085467,0.004139351,0.016715322
3348,0.020766027,0.004132917,0.01663311
3349,0.02096157,0.0041470425,0.016814526
3350,0.020980157,0.004148269,0.016831886
3351,0.020735448,0.0041304445,0.016605005
3352,0.020807715,0.0041333833,0.016674332
3353,0.021010743,0.00414769,0.016863054
3354,0.020964805,0.0041429233,0.01682188
3355,0.02084484,0.0041317167,0.016713124
3356,0.020911563,0.0041375514,0.016774012
3357,0.02102711,0.0041434346,0.016883677
3358,0.020946957,0.0041360226,0.016810933
3359,0.020694356,0.0041205036,0.01657385
3360,0.02073558,0.0041243527,0.016611228
3361,0.020937316,0.0041363034,0.016801013
3362,0.020831767,0.0041238414,0.016707927
3363,0.02061563,0.004112766,0.016502865
3364,0.02080987,0.0041251834,0.016684687
3365,0.021095153,0.004140823,0.016954329
3366,0.021030802,0.0041336976,0.016897105
3367,0.020699875,0.004116035,0.01658384
3368,0.020508826,0.004105942,0.016402885
3369,0.020824589,0.004126546,0.016698042
3370,0.021282114,0.004149298,0.017132817
3371,0.020921193,0.0041254787,0.016795717
3372,0.020163983,0.004080973,0.01608301
3373,0.020186499,0.0040849964,0.016101502
3374,0.021151515,0.0041449247,0.01700659
3375,0.021236243,0.004145547,0.017090697
3376,0.020038191,0.0040663816,0.01597181
3377,0.019962182,0.0040702475,0.015891936
3378,0.02144232,0.0041639144,0.017278405
3379,0.021989923,0.004182975,0.017806947
3380,0.020414047,0.0040779365,0.01633611
3381,0.019944191,0.004062261,0.01588193
3382,0.021497373,0.0041620457,0.017335325
3383,0.022431526,0.004206595,0.018224932
3384,0.020487241,0.0040753353,0.016411906
3385,0.01944926,0.0040252493,0.015424009
3386,0.021068111,0.0041316207,0.01693649
3387,0.023132777,0.0042492524,0.018883524
3388,0.020620532,0.0040695355,0.016550995
3389,0.019083004,0.003994774,0.015088231
3390,0.020492664,0.0040948167,0.016397847
3391,0.02441134,0.0043322463,0.020079091
3392,0.021839052,0.004128075,0.017710976
3393,0.019039895,0.003982783,0.015057114
3394,0.019653339,0.0040378985,0.01561544
3395,0.025338206,0.0043938565,0.020944351
3396,0.02373418,0.0042338884,0.019500293
3397,0.019301554,0.0039784075,0.015323147
3398,0.01928633,0.004010002,0.015276328
3399,0.026608337,0.0044765547,0.022131782
3400,0.026834149,0.004412868,0.02242128
3401,0.019927533,0.0039844885,0.015943045
3402,0.019601893,0.0040264525,0.015575441
3403,0.0272923,0.004503773,0.022788528
3404,0.031605355,0.004711572,0.026893783
3405,0.02096792,0.0039938358,0.016974082
3406,0.021354577,0.004138351,0.017216226
3407,0.02736669,0.0044802222,0.02288647
3408,0.03834971,0.0051390277,0.033210684
3409,0.022807416,0.004025352,0.018782064
3410,0.025166404,0.0043638772,0.020802526
3411,0.028991567,0.0045173955,0.024474172
3412,0.046134204,0.0056291167,0.04050509
3413,0.02509826,0.004081451,0.02101681
3414,0.030572299,0.0046609105,0.025911387
3415,0.032764506,0.004689674,0.02807483
3416,0.05162093,0.0059016077,0.045719326
3417,0.028064769,0.004205303,0.023859467
3418,0.032651648,0.004704936,0.027946712
3419,0.03991641,0.005101498,0.034814913
3420,0.043370135,0.005296314,0.038073823
3421,0.03146477,0.0044530286,0.027011741
3422,0.025456637,0.0041280207,0.021328617
3423,0.043179467,0.0053314567,0.03784801
3424,0.026202664,0.004197051,0.022005614
3425,0.02696927,0.0042595007,0.02270977
3426,0.021894619,0.0039095413,0.01798508
3427,0.030061055,0.0045123054,0.025548749
3428,0.019144535,0.0038483378,0.015296197
3429,0.0191989,0.0037995353,0.015399365
3430,0.022397652,0.004027977,0.018369675
3431,0.019539045,0.0038594506,0.015679594
3432,0.018511463,0.0038235073,0.014687957
3433,0.020849958,0.003925969,0.016923988
3434,0.019722657,0.003863887,0.01585877
3435,0.018402863,0.0038025053,0.014600358
3436,0.020248666,0.003903585,0.016345082
3437,0.02112458,0.0039684833,0.017156098
3438,0.018555371,0.0037995246,0.014755847
3439,0.018682938,0.0038199755,0.014862962
3440,0.02124682,0.003975875,0.017270945
3441,0.019423302,0.0038804235,0.015542878
3442,0.018340062,0.0038059996,0.014534064
3443,0.019331712,0.0038626716,0.015469042
3444,0.020121096,0.0039265556,0.016194541
3445,0.018753018,0.0038477352,0.014905284
3446,0.018707123,0.003839675,0.014867449
3447,0.019629039,0.0038953866,0.01573365
3448,0.01926421,0.0038818475,0.015382362
3449,0.018708669,0.0038534752,0.014855193
3450,0.019099435,0.0038734006,0.015226034
3451,0.019320782,0.0038853483,0.015435435
3452,0.018835135,0.0038594133,0.01497572
3453,0.018769741,0.0038618997,0.014907841
3454,0.019241817,0.0038916012,0.015350216
3455,0.019115236,0.0038831243,0.01523211
3456,0.018715106,0.003860082,0.014855025
3457,0.018930014,0.0038737692,0.015056245
3458,0.019244209,0.0038957712,0.015348438
3459,0.018897546,0.003873772,0.0150237745
3460,0.018749867,0.0038650096,0.014884858
3461,0.01913939,0.0038906056,0.015248784
3462,0.019308938,0.0039031082,0.01540583
3463,0.018873386,0.0038753967,0.014997989
3464,0.01862599,0.0038608373,0.014765153
3465,0.018970823,0.0038820282,0.015088795
3466,0.019108806,0.003891604,0.015217201
3467,0.018724423,0.003867066,0.014857357
3468,0.018652704,0.0038639335,0.014788771
3469,0.018913325,0.0038801185,0.015033208
3470,0.018988118,0.0038834643,0.015104653
3471,0.018807622,0.0038732798,0.014934341
3472,0.018746672,0.003867975,0.014878698
3473,0.01885336,0.003877379,0.014975982
3474,0.018908901,0.003881195,0.015027707
3475,0.018755395,0.0038698134,0.01488558
3476,0.018614812,0.0038621076,0.014752705
3477,0.018713163,0.0038694146,0.014843749
3478,0.018895533,0.0038797194,0.015015813
3479,0.018810397,0.0038722795,0.014938118
3480,0.0187286,0.0038655286,0.014863072
3481,0.018977944,0.0038826931,0.015095253
3482,0.01905244,0.003887622,0.015164819
3483,0.018723648,0.0038662096,0.014857437
3484,0.018683037,0.0038619316,0.014821105
3485,0.018956397,0.00388161,0.015074787
3486,0.018938234,0.0038787273,0.0150595065
3487,0.018640518,0.0038585076,0.01478201
3488,0.018556379,0.003856049,0.014700331
3489,0.018857406,0.003876292,0.014981114
3490,0.01892969,0.003878523,0.015051167
3491,0.018615736,0.00385649,0.014759246
3492,0.018488219,0.0038508438,0.014637375
3493,0.018837508,0.0038748514,0.014962656
3494,0.018883394,0.003873305,0.015010089
3495,0.018440016,0.0038465667,0.0145934485
3496,0.01851213,0.0038530035,0.014659127
3497,0.018863436,0.0038756053,0.01498783
3498,0.018681187,0.003859911,0.014821277
3499,0.018353658,0.0038398036,0.014513854
3500,0.018493105,0.0038489592,0.014644146
3501,0.018781956,0.0038695405,0.014912416
3502,0.0186844,0.0038592324,0.014825168
3503,0.018383425,0.0038394649,0.01454396
3504,0.018318892,0.0038389503,0.014479942
3505,0.018782066,0.003865834,0.014916232
3506,0.019025125,0.0038759243,0.015149199
3507,0.018692266,0.0038573025,0.014834963
3508,0.018351618,0.0038376506,0.0145139685
3509,0.018841073,0.0038670164,0.014974057
3510,0.019382859,0.0038993084,0.015483551
3511,0.018771015,0.0038574105,0.014913604
3512,0.018207718,0.003823707,0.014384011
3513,0.018612357,0.0038515907,0.014760767
3514,0.019331258,0.0038964597,0.015434798
3515,0.018825835,0.0038570627,0.0149687715
3516,0.01804182,0.0038131345,0.014228685
3517,0.018424977,0.0038438507,0.014581127
3518,0.019631727,0.003913642,0.015718084
3519,0.019202158,0.003875777,0.015326382
3520,0.01796733,0.0038035295,0.0141638005
3521,0.018192586,0.0038253046,0.0143672805
3522,0.019921396,0.003928163,0.015993234
3523,0.01980783,0.0039095054,0.015898325
3524,0.017946387,0.003796714,0.014149673
3525,0.017826088,0.0038002888,0.0140258
3526,0.02001504,0.003932597,0.016082443
3527,0.020623457,0.0039563994,0.016667057
3528,0.018124135,0.0037966366,0.014327499
3529,0.017436847,0.0037745547,0.013662293
3530,0.019659642,0.003911483,0.015748158
3531,0.021931937,0.0040387763,0.017893162
3532,0.019067787,0.0038369913,0.015230795
3533,0.01727285,0.003757102,0.013515748
3534,0.01843374,0.003835497,0.014598243
3535,0.02265615,0.0040920675,0.018564083
3536,0.021275429,0.003961508,0.017313922
3537,0.017495584,0.0037535662,0.013742017
3538,0.017421888,0.0037710322,0.013650857
3539,0.022057194,0.004056773,0.01800042
3540,0.024300963,0.0041473843,0.020153578
3541,0.018237758,0.0037684245,0.014469333
3542,0.017234724,0.0037571737,0.01347755
3543,0.02046201,0.0039460594,0.01651595
3544,0.027349861,0.0043570306,0.02299283
3545,0.01987676,0.003826747,0.016050013
3546,0.017745873,0.00378781,0.013958063
3547,0.018932585,0.0038328825,0.015099702
3548,0.02962535,0.00451862,0.02510673
3549,0.023237202,0.003994867,0.019242335
3550,0.019012649,0.003840257,0.015172392
3551,0.018631233,0.0038030143,0.014828218
3552,0.03110658,0.004604598,0.026501983
3553,0.029006956,0.004318755,0.024688201
3554,0.021679185,0.003949667,0.017729517
3555,0.021430817,0.003976051,0.017454764
3556,0.035429552,0.004846203,0.030583348
3557,0.038703,0.0048893373,0.033813663
3558,0.027125,0.004171042,0.022953957
3559,0.02720039,0.0043190494,0.022881342
3560,0.044352412,0.0052970853,0.03905533
3561,0.042140357,0.0050228112,0.03711755
3562,0.036371805,0.004619452,0.031752355
3563,0.027343906,0.004207164,0.023136742
3564,0.05609655,0.0059351986,0.05016135
3565,0.030637756,0.0042836973,0.02635406
3566,0.040556997,0.004824578,0.03573242
3567,0.023424657,0.0038686318,0.019556025
3568,0.0493007,0.005452863,0.043847837
3569,0.020607416,0.0037655667,0.01684185
3570,0.025562573,0.0039478,0.021614775
3571,0.024792476,0.004030912,0.020761564
3572,0.02405044,0.0039500934,0.020100348
3573,0.017545227,0.0036591995,0.013886027
3574,0.01806128,0.0035732756,0.014488005
3575,0.019870121,0.00374886,0.016121263
3576,0.01690311,0.0035789409,0.0133241685
3577,0.01737761,0.0036025657,0.013775043
3578,0.019348707,0.003710243,0.015638463
3579,0.017091176,0.0035686817,0.013522494
3580,0.01677237,0.0035769916,0.013195379
3581,0.01959167,0.0037341304,0.01585754
3582,0.018068142,0.0036544,0.014413742
3583,0.01670108,0.0035620108,0.01313907
3584,0.017396538,0.0036097248,0.013786813
3585,0.01890168,0.0037123058,0.015189375
3586,0.017002346,0.003605572,0.0133967735
3587,0.016706267,0.0035806643,0.013125602
3588,0.017647061,0.0036361683,0.014010894
3589,0.017567003,0.0036420813,0.013924922
3590,0.016850628,0.0036065844,0.013244044
3591,0.017193126,0.0036207852,0.013572341
3592,0.017481048,0.0036372435,0.013843804
3593,0.016981797,0.0036158306,0.013365966
3594,0.017011825,0.0036209915,0.013390833
3595,0.01747159,0.0036475547,0.013824034
3596,0.017151661,0.0036303266,0.013521335
3597,0.01682161,0.0036139982,0.013207613
3598,0.017246889,0.0036418915,0.013604998
3599,0.017263139,0.0036446736,0.013618465
3600,0.016826486,0.0036188965,0.013207589
3601,0.0170223,0.0036315667,0.013390734
3602,0.017179593,0.0036435684,0.013536025
3603,0.016953288,0.0036313673,0.01332192
3604,0.016960155,0.0036331194,0.013327036
3605,0.017045455,0.0036357013,0.013409753
3606,0.01689847,0.0036295792,0.013268892
3607,0.016960295,0.0036351304,0.013325164
3608,0.017179513,0.0036464117,0.013533102
3609,0.016937073,0.0036328498,0.013304222
3610,0.016868109,0.003629806,0.013238303
3611,0.01705707,0.0036403285,0.013416741
3612,0.016966116,0.003637582,0.013328535
3613,0.016815402,0.0036262528,0.013189149
3614,0.016928626,0.0036328635,0.013295762
3615,0.01703256,0.0036431486,0.013389412
3616,0.016841907,0.0036312013,0.0132107055
3617,0.016783923,0.0036268716,0.013157051
3618,0.016937284,0.0036368205,0.013300464
3619,0.016938118,0.003640374,0.013297744
3620,0.016773589,0.0036285222,0.013145067
3621,0.016750984,0.0036261603,0.0131248245
3622,0.016850768,0.0036332752,0.013217492
3623,0.016725771,0.0036273715,0.0130984
3624,0.016608493,0.003620031,0.012988463
3625,0.01676906,0.0036285312,0.013140529
3626,0.01689276,0.0036367667,0.013255993
3627,0.016722184,0.0036277175,0.013094466
3628,0.016697275,0.0036246283,0.013072646
3629,0.016896978,0.0036378992,0.013259077
3630,0.016954917,0.0036397898,0.013315128
3631,0.01686116,0.0036322342,0.013228925
3632,0.01695248,0.0036359108,0.013316568
3633,0.01713302,0.0036489158,0.013484105
3634,0.01704121,0.0036396552,0.013401555
3635,0.016961638,0.003631817,0.013329822
3636,0.016990837,0.0036348277,0.0133560095
3637,0.017064681,0.0036418822,0.013422798
3638,0.017133038,0.0036425232,0.013490517
3639,0.017088696,0.0036388426,0.013449853
3640,0.017112399,0.0036433437,0.013469055
3641,0.017274663,0.0036518583,0.013622804
3642,0.01733246,0.003652223,0.013680238
3643,0.017122108,0.0036407723,0.013481336
3644,0.017010465,0.0036355047,0.013374961
3645,0.017161418,0.0036438704,0.013517547
3646,0.01723376,0.0036468015,0.013586959
3647,0.017106377,0.0036404715,0.013465906
3648,0.016956171,0.0036335695,0.013322601
3649,0.01707226,0.003640992,0.013431269
3650,0.017221536,0.0036469712,0.013574565
3651,0.016914101,0.0036299678,0.013284134
3652,0.016535744,0.0036078522,0.012927892
3653,0.016694067,0.0036170625,0.013077004
3654,0.017140985,0.0036445204,0.013496462
3655,0.017030846,0.0036353236,0.013395524
3656,0.016640348,0.0036108042,0.013029544
3657,0.016828127,0.00362537,0.0132027585
3658,0.017352642,0.0036613555,0.013691287
3659,0.017034413,0.003631696,0.013402717
3660,0.016608495,0.003606801,0.013001693
3661,0.016915467,0.0036314512,0.013284016
3662,0.017229846,0.0036477367,0.013582109
3663,0.016727336,0.003614041,0.013113295
3664,0.016381748,0.003595686,0.0127860615
3665,0.01689051,0.0036259606,0.01326455
3666,0.01752913,0.0036606696,0.01386846
3667,0.016868493,0.0036184913,0.013250002
3668,0.016178638,0.0035801367,0.0125985
3669,0.016646469,0.0036087926,0.013037677
3670,0.017726926,0.0036750506,0.014051876
3671,0.017371632,0.0036450936,0.01372654
3672,0.016139913,0.0035736742,0.012566239
3673,0.01597162,0.0035723117,0.0123993065
3674,0.017383948,0.0036534753,0.013730471
3675,0.018253144,0.0036955,0.014557643
3676,0.01654128,0.0035869963,0.0129542835
3677,0.015753098,0.003557696,0.012195403
3678,0.017009199,0.0036336225,0.013375577
3679,0.019032411,0.0037415582,0.0152908545
3680,0.017154355,0.0036169165,0.013537439
3681,0.015605588,0.0035422165,0.012063373
3682,0.016592454,0.0036007748,0.01299168
3683,0.019589258,0.0037886058,0.015800653
3684,0.018224059,0.003673838,0.014550221
3685,0.015650678,0.0035344674,0.012116211
3686,0.015889663,0.003557636,0.012332027
3687,0.020289898,0.0038343207,0.01645558
3688,0.020322463,0.0037927725,0.01652969
3689,0.015902659,0.0035335838,0.012369076
3690,0.01554568,0.0035391026,0.012006578
3691,0.019786702,0.0037918594,0.015994843
3692,0.023497269,0.003984974,0.019512296
3693,0.01680164,0.0035542112,0.01324743
3694,0.016064607,0.0035769646,0.0124876425
3695,0.01887251,0.0037178125,0.015154697
3696,0.027278788,0.0042359224,0.023042865
3697,0.018473355,0.0036015837,0.014871772
3698,0.01775451,0.003677513,0.014076996
3699,0.018156324,0.0036345464,0.014521777
3700,0.03290143,0.004600924,0.028300503
3701,0.022029586,0.003756647,0.018272938
3702,0.021553263,0.0038926338,0.017660629
3703,0.01883556,0.0036365963,0.015198965
3704,0.04031463,0.0050557675,0.03525886
3705,0.028003586,0.004044573,0.023959013
3706,0.02711355,0.004163065,0.022950485
3707,0.021294791,0.003733819,0.017560972
3708,0.04813396,0.005455554,0.04267841
3709,0.029678412,0.004092492,0.02558592
3710,0.03657852,0.004605852,0.03197267
3711,0.023020687,0.003765307,0.01925538
3712,0.06001287,0.006046479,0.05396639
3713,0.025342647,0.0037889867,0.021553658
3714,0.041680038,0.00484572,0.03683432
3715,0.025707942,0.003872478,0.021835465
3716,0.049569152,0.005338438,0.044230714
3717,0.022467274,0.0037063267,0.01876095
3718,0.02612482,0.0038620539,0.022262765
3719,0.02976132,0.0041973763,0.025563944
3720,0.023595601,0.003778579,0.019817023
3721,0.018602738,0.003591377,0.015011361
3722,0.017207678,0.0033822544,0.013825424
3723,0.021118617,0.0037166693,0.017401947
3724,0.01556678,0.0033762015,0.0121905785
3725,0.015215989,0.003351341,0.011864647
3726,0.01797405,0.0035165371,0.0144575145
3727,0.01570438,0.0033722995,0.01233208
3728,0.015129723,0.003363784,0.01176594
3729,0.017494991,0.0034866119,0.0140083805
3730,0.016605081,0.003444302,0.013160779
3731,0.0151383495,0.003353673,0.011784676
3732,0.015695903,0.0033850786,0.012310823
3733,0.018019065,0.0035402882,0.014478778
3734,0.015512315,0.0033834076,0.012128906
3735,0.015061069,0.0033564488,0.01170462
3736,0.016403036,0.003437331,0.012965705
3737,0.016798716,0.0034793117,0.013319405
3738,0.015141107,0.0033720369,0.011769071
3739,0.015266966,0.003374508,0.011892458
3740,0.016338099,0.0034477087,0.012890389
3741,0.01581258,0.0034217946,0.012390785
3742,0.015213319,0.003383902,0.011829417
3743,0.015668947,0.0034083086,0.01226064
3744,0.015776476,0.0034245267,0.012351949
3745,0.015277857,0.003395288,0.01188257
3746,0.01542472,0.0034004499,0.01202427
3747,0.015684266,0.0034198724,0.012264393
3748,0.015388229,0.0034051116,0.011983117
3749,0.015364945,0.003402036,0.011962908
3750,0.015625682,0.003419996,0.0122056855
3751,0.015464023,0.0034106367,0.012053386
3752,0.015226513,0.003398494,0.011828018
3753,0.015488591,0.0034153825,0.012073208
3754,0.015795395,0.0034354604,0.012359935
3755,0.0153481625,0.0034099692,0.011938193
3756,0.015218867,0.0034009498,0.011817917
3757,0.015593935,0.003426144,0.01216779
3758,0.015643312,0.0034287905,0.012214521
3759,0.015349265,0.0034093144,0.011939952
3760,0.015465651,0.0034172735,0.012048378
3761,0.015754975,0.0034371377,0.012317836
3762,0.015530237,0.0034233104,0.012106927
3763,0.015293779,0.003409823,0.011883955
3764,0.015482518,0.0034220922,0.012060425
3765,0.015596073,0.003428672,0.012167401
3766,0.015379535,0.0034152004,0.011964334
3767,0.015287917,0.0034106127,0.011877304
3768,0.015490654,0.0034258254,0.012064829
3769,0.015608655,0.0034300846,0.01217857
3770,0.015392398,0.003416779,0.011975618
3771,0.015303268,0.0034121864,0.011891082
3772,0.015676396,0.0034347475,0.0122416485
3773,0.015797544,0.0034377952,0.0123597495
3774,0.015333874,0.0034128083,0.011921065
3775,0.015287813,0.003412616,0.011875197
3776,0.015793134,0.0034415685,0.012351566
3777,0.015771149,0.0034403773,0.0123307705
3778,0.015302628,0.0034117035,0.011890924
3779,0.015260471,0.0034104474,0.011850025
3780,0.015626635,0.0034333505,0.012193283
3781,0.015590722,0.003429586,0.012161136
3782,0.0153694,0.0034153094,0.0119540915
3783,0.01549838,0.0034216247,0.012076756
3784,0.015705686,0.003434052,0.012271634
3785,0.015586553,0.003426331,0.012160223
3786,0.015405325,0.003417366,0.01198796
3787,0.0153044285,0.0034119096,0.011892519
3788,0.015373629,0.003414487,0.011959142
3789,0.015499976,0.003422576,0.0120774
3790,0.015410892,0.0034174928,0.011993399
3791,0.015234539,0.003405644,0.011828896
3792,0.015353192,0.0034138868,0.011939305
3793,0.015609282,0.0034282615,0.01218102
3794,0.01552861,0.0034193052,0.012109305
3795,0.01522645,0.003403224,0.011823226
3796,0.015207559,0.0034044744,0.011803084
3797,0.015654115,0.0034310273,0.012223087
3798,0.01572438,0.0034310557,0.012293323
3799,0.015240924,0.0034001712,0.011840754
3800,0.015271895,0.0034058746,0.01186602
3801,0.015705997,0.003432344,0.0122736525
3802,0.015602665,0.0034222996,0.012180366
3803,0.01523729,0.003399963,0.011837327
3804,0.015308209,0.003404317,0.011903891
3805,0.015623332,0.0034237665,0.012199566
3806,0.015586939,0.0034215604,0.012165379
3807,0.015264236,0.003397815,0.011866421
3808,0.015122101,0.00339236,0.011729741
3809,0.015416995,0.0034127447,0.012004251
3810,0.015634619,0.0034195222,0.012215098
3811,0.0153177995,0.0034019877,0.011915812
3812,0.014984425,0.0033842698,0.011600155
3813,0.015253681,0.0034019202,0.011851761
3814,0.01582591,0.0034332408,0.01239267
3815,0.015596574,0.003416886,0.012179688
3816,0.014934763,0.0033758786,0.011558885
3817,0.015107276,0.0033891625,0.011718113
3818,0.015948676,0.0034430106,0.0125056645
3819,0.015812937,0.0034277623,0.0123851765
3820,0.01481916,0.003367319,0.011451841
3821,0.014756765,0.0033695656,0.0113872
3822,0.015906133,0.0034427512,0.0124633815
3823,0.01614307,0.0034466535,0.012696417
3824,0.01479713,0.003361328,0.011435801
3825,0.0145335365,0.0033561676,0.011177368
3826,0.015996596,0.0034449613,0.012551634
3827,0.016639624,0.0034713706,0.013168252
3828,0.014907028,0.0033653188,0.011541709
3829,0.014233144,0.0033365951,0.010896549
3830,0.01584782,0.0034364755,0.012411345
3831,0.017872902,0.003546215,0.014326686
3832,0.015489453,0.0033887192,0.012100734
3833,0.013999084,0.0033185505,0.010680533
3834,0.015046581,0.003382989,0.0116635915
3835,0.018861163,0.0036109923,0.0152501725
3836,0.016836222,0.0034566997,0.013379523
3837,0.014127292,0.003315723,0.010811567
3838,0.014268644,0.0033303318,0.010938312
3839,0.019025467,0.003623752,0.015401715
3840,0.019756768,0.0036317995,0.016124967
3841,0.014604678,0.0033184332,0.011286245
3842,0.014414117,0.0033400632,0.011074053
3843,0.018393137,0.0035733012,0.014819836
3844,0.024053434,0.0038921824,0.020161252
3845,0.015675142,0.003332261,0.012342881
3846,0.015725873,0.0034309637,0.01229491
3847,0.017837463,0.0034964297,0.014341033
3848,0.02893177,0.0042126263,0.024719143
3849,0.017425466,0.0033756294,0.014049837
3850,0.018800724,0.003626439,0.0151742855
3851,0.017871866,0.0034495792,0.014422286
3852,0.036264904,0.004667904,0.031597003
3853,0.020526458,0.0034820116,0.017044445
3854,0.024711557,0.003947789,0.020763766
3855,0.019364811,0.0034738404,0.015890969
3856,0.045484312,0.0051956773,0.040288635
3857,0.023049023,0.0035473285,0.019501694
3858,0.032852396,0.004385176,0.028467223
3859,0.022570878,0.0035745925,0.018996285
3860,0.053940807,0.0056259427,0.048314862
3861,0.023343798,0.0035063287,0.019837469
3862,0.038587496,0.0046372917,0.033950202
3863,0.029347848,0.0039420915,0.025405755
3864,0.04773672,0.005097309,0.042639412
3865,0.025878247,0.0037287571,0.022149492
3866,0.026062334,0.0037408234,0.022321511
3867,0.034775034,0.0043624844,0.030412551
3868,0.02318701,0.0036110627,0.019575948
3869,0.021420833,0.0035769502,0.017843882
3870,0.01651328,0.0032137204,0.01329956
3871,0.02232733,0.0036442215,0.01868311
3872,0.014339484,0.0031896606,0.011149824
3873,0.0140531985,0.003140985,0.0109122135
3874,0.016829412,0.003323154,0.013506258
3875,0.014233305,0.003160152,0.0110731535
3876,0.013803468,0.0031560694,0.010647399
3877,0.015960319,0.003275924,0.012684396
3878,0.014722243,0.003190443,0.011531799
3879,0.01372616,0.0031504396,0.010575721
3880,0.015062846,0.0032063958,0.011856452
3881,0.016583677,0.0033349297,0.013248747
3882,0.013873228,0.0031472826,0.010725945
3883,0.01371998,0.0031492584,0.010570722
3884,0.015607099,0.0032590285,0.012348071
3885,0.015315444,0.0032579473,0.012057496
3886,0.013661153,0.003148816,0.010512337
3887,0.013844009,0.0031577847,0.010686224
3888,0.0151329525,0.0032510716,0.01188188
3889,0.014277484,0.0031986353,0.011078848
3890,0.013634176,0.0031581556,0.010476021
3891,0.014197738,0.0031919,0.0110058375
3892,0.014352873,0.0032088393,0.011144033
3893,0.013887677,0.0031811893,0.010706488
3894,0.014024492,0.0031866208,0.010837871
3895,0.014230756,0.003203511,0.011027245
3896,0.013975884,0.0031889766,0.010786907
3897,0.013960239,0.003187887,0.010772351
3898,0.014219186,0.003204715,0.011014471
3899,0.014101273,0.0031983354,0.0109029375
3900,0.01390474,0.0031855875,0.010719152
3901,0.014129758,0.0032007073,0.010929051
3902,0.014322086,0.0032133185,0.011108768
3903,0.013977546,0.0031950115,0.010782536
3904,0.01393718,0.0031930278,0.010744152
3905,0.014265404,0.003211062,0.011054343
3906,0.014294965,0.0032163453,0.01107862
3907,0.014064966,0.0032020775,0.010862889
3908,0.014163185,0.003204814,0.010958371
3909,0.014432702,0.0032240357,0.0112086665
3910,0.014263413,0.0032174396,0.011045974
3911,0.014066764,0.0032032146,0.01086355
3912,0.014203338,0.0032097206,0.010993617
3913,0.014251905,0.0032176636,0.011034242
3914,0.014035654,0.0032024113,0.010833243
3915,0.014100108,0.0032068174,0.010893291
3916,0.014243038,0.0032174024,0.011025636
3917,0.014147101,0.0032084822,0.010938619
3918,0.014044453,0.003203302,0.010841152
3919,0.014115566,0.003211339,0.010904227
3920,0.014249403,0.003215501,0.011033902
3921,0.014202957,0.0032134233,0.010989534
3922,0.014041832,0.0032068095,0.010835022
3923,0.014050854,0.0032052528,0.010845602
3924,0.01429544,0.0032182522,0.011077188
3925,0.014263272,0.0032174871,0.011045786
3926,0.013957958,0.0031978642,0.010760093
3927,0.013944926,0.0031997403,0.010745185
3928,0.014133202,0.003212152,0.01092105
3929,0.01402783,0.0032020926,0.010825738
3930,0.013843298,0.0031918893,0.010651409
3931,0.013964213,0.0032031538,0.01076106
3932,0.014177289,0.0032142065,0.010963082
3933,0.014005041,0.0032024612,0.01080258
3934,0.013836047,0.003193907,0.01064214
3935,0.014068807,0.0032055704,0.010863236
3936,0.014242932,0.0032146797,0.011028253
3937,0.013911486,0.0031966842,0.010714802
3938,0.013697172,0.0031845313,0.010512641
3939,0.013976382,0.0031995804,0.010776801
3940,0.014170395,0.0032132328,0.010957162
3941,0.013779422,0.0031870238,0.010592399
3942,0.013647586,0.0031789378,0.010468649
3943,0.0139769,0.0032012481,0.010775652
3944,0.014060346,0.0032047778,0.010855569
3945,0.01366342,0.0031780037,0.010485417
3946,0.013578266,0.0031760945,0.010402171
3947,0.013910359,0.003197243,0.010713116
3948,0.0138922725,0.0031949428,0.010697331
3949,0.013592331,0.003176523,0.010415807
3950,0.013637701,0.0031796647,0.010458037
3951,0.013936024,0.0031966008,0.010739423
3952,0.013854587,0.0031912616,0.010663327
3953,0.0135768205,0.0031742742,0.010402545
3954,0.013700904,0.0031814468,0.010519458
3955,0.014134949,0.0032036533,0.010931295
3956,0.01403347,0.0031994097,0.010834061
3957,0.013490564,0.0031676043,0.01032296
3958,0.013484588,0.0031666157,0.010317972
3959,0.0141716935,0.0032089367,0.010962756
3960,0.014218289,0.0032094007,0.0110088885
3961,0.013470305,0.0031614243,0.01030888
3962,0.013446684,0.0031633407,0.0102833435
3963,0.014158575,0.0032089911,0.010949584
3964,0.014178859,0.0032022481,0.010976612
3965,0.013503489,0.0031580604,0.010345429
3966,0.01345238,0.0031609978,0.010291383
3967,0.014178538,0.0032067294,0.010971809
3968,0.014393052,0.003208361,0.0111846905
3969,0.013497392,0.0031578345,0.010339557
3970,0.013171168,0.0031431848,0.010027984
3971,0.01404264,0.003193447,0.010849193
3972,0.0147922095,0.0032354486,0.01155676
3973,0.013667472,0.0031655058,0.010501966
3974,0.013086993,0.0031354465,0.009951547
3975,0.014002473,0.0031901076,0.010812365
3976,0.015149573,0.0032578635,0.01189171
3977,0.013879374,0.00317247,0.010706903
3978,0.012914175,0.0031232429,0.009790933
3979,0.013846099,0.003174283,0.010671817
3980,0.015849037,0.0033032014,0.012545836
3981,0.01429118,0.0031897402,0.01110144
3982,0.012734594,0.0031092456,0.009625347
3983,0.013268324,0.0031393697,0.010128954
3984,0.016884409,0.0033680876,0.01351632
3985,0.015768513,0.0032633357,0.012505177
3986,0.012883591,0.0031097736,0.009773818
3987,0.012854146,0.0031151494,0.009738997
3988,0.017181035,0.0033793335,0.013801701
3989,0.018815419,0.0034457752,0.015369643
3990,0.013414428,0.0031152987,0.010299129
3991,0.013241634,0.0031455327,0.010096101
3992,0.01663131,0.003328874,0.013302436
3993,0.023350772,0.003738404,0.019612366
3994,0.014819725,0.003144037,0.0116756875
3995,0.015007389,0.0032616986,0.01174569
3996,0.015862022,0.0032371704,0.012624852
3997,0.029755875,0.004155762,0.025600113
3998,0.0181274,0.0032716312,0.01485577
3999,0.01929899,0.0035210846,0.015777905
4000,0.016160993,0.0031996667,0.012961325
4001,0.038183413,0.00467242,0.033510994
4002,0.025123503,0.0036073,0.021516204
4003,0.026526257,0.0039164815,0.022609778
4004,0.019850131,0.0033588256,0.016491305
4005,0.04863994,0.0052874545,0.043352485
4006,0.029931087,0.0038038928,0.026127193
4007,0.038672585,0.0045211525,0.03415143
4008,0.02280185,0.0034245746,0.019377276
4009,0.064570025,0.0061091203,0.058460902
4010,0.025421489,0.0034675812,0.021953907
4011,0.0468287,0.0048750695,0.04195363
4012,0.026873238,0.0036229198,0.023250317
4013,0.049773246,0.005042634,0.044730615
4014,0.024371896,0.0035335417,0.020838356
4015,0.024076905,0.003440217,0.020636687
4016,0.031562544,0.0040332153,0.027529329
4017,0.017748576,0.0031857332,0.0145628415
4018,0.016593965,0.0031914865,0.013402479
4019,0.016654301,0.0031241472,0.013530154
4020,0.015280521,0.0030805138,0.012200006
4021,0.013231479,0.003003899,0.01022758
4022,0.014742875,0.0030372697,0.011705605
4023,0.015168097,0.0030756132,0.012092484
4024,0.013253117,0.0029652917,0.010287825
4025,0.013619985,0.0029730909,0.010646895
4026,0.016843446,0.003189789,0.0136536565
4027,0.012820267,0.0029351804,0.009885087
4028,0.01279513,0.0029422278,0.009852902
4029,0.014604704,0.0030416385,0.011563066
4030,0.013790067,0.0030162695,0.0107737975
4031,0.012319086,0.0029331162,0.00938597
4032,0.013005329,0.0029519792,0.01005335
4033,0.013520213,0.0030067782,0.010513434
4034,0.012464071,0.002948269,0.009515801
4035,0.012635775,0.0029517403,0.009684035
4036,0.013300351,0.0029910961,0.010309255
4037,0.012704516,0.0029588004,0.009745715
4038,0.0124847945,0.0029501705,0.009534624
4039,0.013205113,0.002990228,0.010214884
4040,0.01327583,0.0030001295,0.010275701
4041,0.012534509,0.002950846,0.009583663
4042,0.0127044935,0.0029616936,0.0097428
4043,0.013473064,0.0030133873,0.010459676
4044,0.012840236,0.002977519,0.009862716
4045,0.012409646,0.0029509717,0.009458674
4046,0.012968829,0.0029842015,0.009984627
4047,0.013356095,0.0030136188,0.010342477
4048,0.012646526,0.0029691518,0.009677375
4049,0.012435156,0.0029578053,0.009477351
4050,0.012982531,0.002991501,0.00999103
4051,0.013352392,0.0030154204,0.010336973
4052,0.012736304,0.0029779058,0.009758398
4053,0.012489188,0.0029654242,0.009523763
4054,0.0129398815,0.0029931818,0.009946699
4055,0.013385003,0.003019942,0.010365061
4056,0.012734279,0.0029818304,0.009752449
4057,0.0124057755,0.0029647257,0.00944105
4058,0.012834601,0.0029938826,0.009840718
4059,0.013369957,0.0030246214,0.010345336
4060,0.012769692,0.002986732,0.009782959
4061,0.012355294,0.0029644815,0.009390813
4062,0.012957588,0.0030011807,0.009956406
4063,0.013481954,0.0030339397,0.010448014
4064,0.012631897,0.0029819645,0.009649932
4065,0.012347076,0.0029653409,0.009381735
4066,0.013149515,0.0030139298,0.010135585
4067,0.013548506,0.0030414439,0.010507062
4068,0.012541158,0.0029761752,0.009564983
4069,0.012331074,0.0029658745,0.009365199
4070,0.013207514,0.0030216745,0.01018584
4071,0.013477046,0.0030366671,0.010440378
4072,0.012530422,0.0029753414,0.00955508
4073,0.012349473,0.0029675933,0.00938188
4074,0.013211321,0.0030178684,0.010193453
4075,0.013517128,0.0030376813,0.010479447
4076,0.012560778,0.0029782173,0.009582561
4077,0.01229405,0.0029642764,0.009329774
4078,0.013151384,0.0030176062,0.010133778
4079,0.013684246,0.003050974,0.010633272
4080,0.012655908,0.0029836027,0.009672305
4081,0.0122129265,0.0029603322,0.009252595
4082,0.012789787,0.002999045,0.009790742
4083,0.0138401445,0.0030627474,0.010777397
4084,0.013230417,0.0030177091,0.010212707
4085,0.0121626,0.0029583913,0.009204209
4086,0.012271576,0.0029697635,0.009301813
4087,0.01374997,0.003059839,0.01069013
4088,0.01362352,0.0030391803,0.0105843395
4089,0.012191659,0.0029545655,0.009237093
4090,0.012063016,0.0029557918,0.009107225
4091,0.013711706,0.0030556666,0.010656038
4092,0.014122173,0.0030694122,0.011052761
4093,0.012255381,0.002955731,0.00929965
4094,0.011921681,0.0029465617,0.00897512
4095,0.01379817,0.0030542808,0.010743888
4096,0.0147238895,0.0031065273,0.0116173625
4097,0.0123207215,0.002953955,0.0093667675
4098,0.011859693,0.002942947,0.008916746
4099,0.013830708,0.0030558882,0.010774819
4100,0.015523564,0.0031590685,0.012364496
4101,0.012426201,0.0029521761,0.009474025
4102,0.011905141,0.0029442818,0.008960859
4103,0.013716918,0.0030461522,0.010670766
4104,0.016368965,0.0032126284,0.013156336
4105,0.012628948,0.002956946,0.009672002
4106,0.012003018,0.002946405,0.009056613
4107,0.013732715,0.0030416485,0.010691066
4108,0.016996585,0.003251562,0.013745023
4109,0.012799245,0.0029577892,0.009841456
4110,0.012300782,0.0029636761,0.009337106
4111,0.013587572,0.0030270328,0.010560539
4112,0.018920753,0.0033609685,0.015559783
4113,0.013495016,0.002987572,0.010507444
4114,0.012788195,0.0029838583,0.009804336
4115,0.013355002,0.0030024527,0.010352548
4116,0.020430176,0.0034436071,0.016986568
4117,0.014317971,0.0030245734,0.011293396
4118,0.013827782,0.003036179,0.0107916035
4119,0.013212234,0.0029802076,0.010232026
4120,0.02367965,0.003646135,0.020033514
4121,0.016030192,0.003103876,0.012926316
4122,0.015969917,0.003147604,0.012822313
4123,0.013611749,0.0029853787,0.01062637
4124,0.02805619,0.0038886345,0.024167554
4125,0.018105002,0.0032006493,0.014904354
4126,0.018640429,0.0032759025,0.015364526
4127,0.014372952,0.0029989856,0.011373967
4128,0.031989444,0.0041166297,0.027872816
4129,0.019742971,0.0032539368,0.016489035
4130,0.021728884,0.0034276745,0.018301208
4131,0.015254263,0.0030152048,0.0122390585
4132,0.036990475,0.0043879435,0.03260253
4133,0.019037452,0.0031857076,0.015851745
4134,0.025444187,0.0036268504,0.021817338
4135,0.016089149,0.0030248717,0.013064277
4136,0.03894953,0.004458811,0.03449072
4137,0.016637078,0.0030247103,0.013612367
4138,0.024122592,0.0035034525,0.02061914
4139,0.017826362,0.0031242876,0.014702073
4140,0.029872393,0.0038780305,0.025994364
4141,0.014685003,0.0029535324,0.01173147
4142,0.016406411,0.0030266307,0.013379781
4143,0.018574324,0.0032189484,0.0153553765
4144,0.017256191,0.0031145136,0.014141677
4145,0.012615808,0.0028785116,0.009737296
4146,0.012405286,0.002823792,0.009581494
4147,0.014938053,0.0030152106,0.011922843
4148,0.012234217,0.0028527232,0.009381494
4149,0.011517664,0.0028149353,0.008702729
4150,0.012540536,0.0028699506,0.009670585
4151,0.011967734,0.0028386386,0.009129096
4152,0.0116206035,0.002828242,0.008792361
4153,0.0125511475,0.002885718,0.00966543
4154,0.012173926,0.0028546106,0.009319317
4155,0.011520637,0.0028205682,0.008700069
4156,0.012025105,0.0028533502,0.009171754
4157,0.012920012,0.0029124813,0.01000753
4158,0.011822632,0.002841664,0.008980967
4159,0.011519639,0.0028259456,0.008693693
4160,0.0122246,0.0028733974,0.009351202
4161,0.012513513,0.002889765,0.009623747
4162,0.011691399,0.002840715,0.008850683
4163,0.011593966,0.0028353436,0.008758621
4164,0.012261957,0.0028780627,0.009383894
4165,0.012388144,0.0028839395,0.009504205
4166,0.011763077,0.0028511202,0.008911957
4167,0.011704061,0.0028477758,0.008856286
4168,0.012275645,0.0028796871,0.009395957
4169,0.0124146845,0.0028883629,0.009526322
4170,0.011830279,0.002856004,0.008974275
4171,0.011712922,0.0028495633,0.008863359
4172,0.012168135,0.0028761583,0.009291977
4173,0.012231645,0.0028842965,0.0093473485
4174,0.01173906,0.0028532012,0.008885859
4175,0.011692258,0.0028500166,0.008842241
4176,0.012026208,0.0028709893,0.009155219
4177,0.012073943,0.002880806,0.009193137
4178,0.011741689,0.0028567037,0.008884986
4179,0.0116483625,0.0028510003,0.008797362
4180,0.0119302925,0.0028701774,0.009060116
4181,0.012204368,0.0028883088,0.009316059
4182,0.011836,0.0028643594,0.008971641
4183,0.011592014,0.0028516573,0.008740356
4184,0.011988902,0.0028759097,0.009112993
4185,0.012405932,0.0028992565,0.009506675
4186,0.011879304,0.0028663003,0.009013005
4187,0.01153947,0.0028496278,0.008689843
4188,0.012020366,0.00287984,0.009140526
4189,0.012537969,0.0029084883,0.009629481
4190,0.011906069,0.0028684437,0.009037625
4191,0.01151519,0.0028472692,0.008667921
4192,0.011966743,0.002875953,0.0090907905
4193,0.012527532,0.0029086908,0.009618841
4194,0.011971764,0.0028730426,0.009098722
4195,0.011467848,0.0028433478,0.0086245015
4196,0.011806728,0.0028658714,0.008940857
4197,0.012605259,0.002917572,0.009687686
4198,0.012330789,0.00289504,0.009435749
4199,0.011556415,0.0028485716,0.008707844
4200,0.011508398,0.0028514033,0.0086569935
4201,0.012550899,0.0029157167,0.009635182
4202,0.012960077,0.0029329592,0.010027118
4203,0.01168997,0.0028547626,0.008835208
4204,0.011188325,0.0028336102,0.008354714
4205,0.012299266,0.0029032575,0.009396008
4206,0.013687774,0.0029773782,0.010710396
4207,0.012149974,0.0028769583,0.009273015
4208,0.01110721,0.0028249777,0.008282232
4209,0.011816245,0.0028684856,0.008947759
4210,0.014523784,0.0030352394,0.011488545
4211,0.012961466,0.0029225443,0.010038923
4212,0.011178742,0.0028252397,0.0083535025
4213,0.01145125,0.0028422882,0.0086089615
4214,0.015695693,0.003105606,0.012590087
4215,0.014075174,0.0029777684,0.011097405
4216,0.011666773,0.0028478447,0.008818928
4217,0.011446532,0.002839584,0.008606948
4218,0.017292751,0.0031955964,0.014097154
4219,0.016954683,0.003147435,0.013807248
4220,0.012222284,0.0028560583,0.009366225
4221,0.01202606,0.0028754203,0.00915064
4222,0.018008728,0.0032323909,0.014776338
4223,0.020494312,0.0033700587,0.017124254
4224,0.013111695,0.00287043,0.0102412645
4225,0.013981143,0.00299916,0.010981983
4226,0.01797903,0.0031897763,0.014789254
4227,0.025875982,0.003700337,0.022175644
4228,0.014368591,0.0028797856,0.011488806
4229,0.017447665,0.003213984,0.014233681
4230,0.017901827,0.0030948767,0.01480695
4231,0.03211816,0.004112211,0.02800595
4232,0.016260903,0.002889101,0.013371802
4233,0.022749458,0.0035551565,0.019194301
4234,0.019821057,0.0031138456,0.016707212
4235,0.039350163,0.0045608957,0.034789268
4236,0.01854932,0.0029491489,0.01560017
4237,0.027363852,0.0037928424,0.023571007
4238,0.02483726,0.003369675,0.021467585
4239,0.04085501,0.0045681437,0.03628687
4240,0.021598157,0.0031293246,0.018468833
4241,0.024946602,0.0035389662,0.021407636
4242,0.031150805,0.003775781,0.027375024
4243,0.027824905,0.0036849505,0.024139954
4244,0.023263942,0.0033051758,0.019958768
4245,0.0156085035,0.0029020566,0.012706447
4246,0.029222295,0.0037431903,0.025479104
4247,0.014498881,0.0028799921,0.011618889
4248,0.016272362,0.002972796,0.013299565
4249,0.013358623,0.002806541,0.010552082
4250,0.016518544,0.0029996033,0.013518942
4251,0.011180118,0.002727442,0.008452676
4252,0.011198964,0.0026925248,0.008506439
4253,0.013480578,0.0028491006,0.010631477
4254,0.011363083,0.0027125082,0.008650575
4255,0.010897737,0.002696821,0.0082009155
4256,0.012533451,0.00279684,0.0097366115
4257,0.011869747,0.0027416144,0.009128133
4258,0.010848431,0.0026954226,0.008153008
4259,0.011557387,0.0027302816,0.008827106
4260,0.012983394,0.0028307526,0.010152642
4261,0.0112662725,0.0027096192,0.008556653
4262,0.010841465,0.0026944783,0.008146986
4263,0.011957938,0.0027651363,0.009192802
4264,0.012533935,0.0028010136,0.009732921
4265,0.010996803,0.0027056579,0.008291145
4266,0.010883829,0.0027027247,0.008181104
4267,0.012254521,0.0027866624,0.009467859
4268,0.012075409,0.0027777897,0.00929762
4269,0.01092015,0.002708933,0.008211218
4270,0.010964271,0.002714585,0.008249686
4271,0.011904836,0.0027719992,0.009132836
4272,0.011688262,0.002761188,0.008927074
4273,0.010948978,0.0027169208,0.008232057
4274,0.01101777,0.0027231951,0.008294575
4275,0.011614664,0.002762579,0.008852085
4276,0.011338197,0.0027474058,0.008590791
4277,0.011000284,0.0027262701,0.008274014
4278,0.011171896,0.0027376139,0.008434282
4279,0.011335388,0.0027513816,0.008584007
4280,0.011204541,0.0027443883,0.008460152
4281,0.011176604,0.002742791,0.008433812
4282,0.011247435,0.0027466617,0.008500773
4283,0.011174558,0.0027437326,0.008430826
4284,0.011166845,0.0027453771,0.008421469
4285,0.01123715,0.0027510934,0.008486057
4286,0.011141505,0.0027463296,0.008395176
4287,0.011068303,0.0027417927,0.00832651
4288,0.011224596,0.0027514203,0.008473176
4289,0.0112813115,0.0027559674,0.008525344
4290,0.011117158,0.0027467622,0.008370396
4291,0.011104714,0.0027465643,0.00835815
4292,0.011207735,0.0027528503,0.008454885
4293,0.011215681,0.0027554976,0.008460183
4294,0.011085812,0.0027464968,0.008339315
4295,0.011026943,0.0027420865,0.008284857
4296,0.011129152,0.0027518643,0.008377288
4297,0.011159644,0.0027561719,0.008403473
4298,0.011117046,0.0027499772,0.008367068
4299,0.011118628,0.0027518868,0.008366742
4300,0.011145737,0.0027564839,0.008389253
4301,0.011157386,0.0027546484,0.008402737
4302,0.011100928,0.0027527292,0.0083482
4303,0.01111535,0.0027545944,0.008360755
4304,0.011167677,0.002757167,0.00841051
4305,0.011104351,0.0027534654,0.008350886
4306,0.010967438,0.0027467161,0.008220722
4307,0.010973284,0.0027483357,0.008224947
4308,0.011039415,0.002751416,0.008288
4309,0.011044899,0.002752923,0.0082919765
4310,0.010997087,0.0027503404,0.008246748
4311,0.011013939,0.0027501644,0.008263774
4312,0.011078812,0.0027549881,0.008323824
4313,0.011078874,0.0027553425,0.008323531
4314,0.011102615,0.0027553728,0.008347241
4315,0.011188806,0.002760455,0.008428351
4316,0.011176233,0.0027602534,0.00841598
4317,0.011137194,0.0027605179,0.008376677
4318,0.011174524,0.0027613346,0.00841319
4319,0.011238695,0.0027638855,0.00847481
4320,0.011247135,0.0027649323,0.008482203
4321,0.0112037435,0.0027618036,0.00844194
4322,0.011161332,0.0027586734,0.008402659
4323,0.011117653,0.0027586697,0.008358983
4324,0.011183845,0.0027630795,0.008420765
4325,0.011211662,0.0027608937,0.008450769
4326,0.011045689,0.0027536214,0.008292068
4327,0.010965487,0.0027501862,0.008215301
4328,0.011096861,0.0027567213,0.008340141
4329,0.011260608,0.0027679964,0.008492612
4330,0.011217823,0.0027663233,0.0084515
4331,0.011079982,0.0027548373,0.008325146
4332,0.011194302,0.0027621123,0.00843219
4333,0.011378208,0.0027787783,0.008599429
4334,0.011248849,0.0027659058,0.008482943
4335,0.01097537,0.002748731,0.00822664
4336,0.011099581,0.0027588962,0.008340685
4337,0.011468122,0.0027822894,0.008685833
4338,0.01129689,0.0027666476,0.008530242
4339,0.010856995,0.0027435455,0.00811345
4340,0.011021467,0.002755546,0.008265922
4341,0.011670146,0.0027937884,0.008876357
4342,0.011675123,0.002789284,0.00888584
4343,0.01101649,0.0027501886,0.008266302
4344,0.010809004,0.0027409461,0.008068059
4345,0.011483042,0.0027821045,0.008700936
4346,0.012171855,0.0028218864,0.009349969
4347,0.011215596,0.0027601724,0.008455425
4348,0.010495242,0.0027212524,0.0077739893
4349,0.011011317,0.0027526729,0.0082586445
4350,0.01269441,0.0028587524,0.009835658
4351,0.012199806,0.00281741,0.009382395
4352,0.010525497,0.0027186396,0.007806857
4353,0.010490581,0.0027198102,0.007770771
4354,0.012515375,0.0028493856,0.00966599
4355,0.013748668,0.0029073216,0.010841346
4356,0.011104381,0.0027410693,0.008363312
4357,0.010205938,0.0027072635,0.007498675
4358,0.011252835,0.0027655587,0.008487277
4359,0.015302752,0.0030164658,0.012286287
4360,0.0127431955,0.0028268613,0.0099163335
4361,0.010321174,0.0027123592,0.0076088146
4362,0.010589117,0.0027163369,0.007872781
4363,0.014865229,0.0030005586,0.011864671
4364,0.014521134,0.0029268689,0.011594265
4365,0.010634003,0.0027166577,0.0079173455
4366,0.010781432,0.0027361126,0.008045319
4367,0.013787542,0.002924285,0.010863257
4368,0.018734453,0.0032111914,0.015523261
4369,0.011678654,0.0027336776,0.008944976
4370,0.011693399,0.0028071196,0.00888628
4371,0.012146257,0.002784395,0.009361862
4372,0.022130081,0.0034693168,0.018660765
4373,0.015069608,0.0028876779,0.01218193
4374,0.013280437,0.0029184073,0.01036203
4375,0.0121736545,0.002754385,0.00941927
4376,0.023864638,0.003583711,0.020280927
4377,0.023312919,0.0033828635,0.019930057
4378,0.014778111,0.0029445817,0.01183353
4379,0.017304435,0.0030944366,0.014209999
4380,0.02311566,0.0034655423,0.019650117
4381,0.035294335,0.004172181,0.031122155
4382,0.017539639,0.0029488471,0.0145907905
4383,0.02592605,0.0036991714,0.022226878
4384,0.026046691,0.0034653316,0.022581361
4385,0.04594642,0.0048825773,0.041063845
4386,0.023496225,0.0031008748,0.02039535
4387,0.03498728,0.004245508,0.03074177
4388,0.036058757,0.0039001133,0.032158643
4389,0.047916792,0.004896257,0.04302053
4390,0.035525244,0.0037117573,0.031813487
4391,0.030695211,0.003798225,0.026896987
4392,0.053472035,0.004940393,0.04853164
4393,0.02677565,0.0034764518,0.0232992
4394,0.038099974,0.00396506,0.034134917
4395,0.016499842,0.0028336018,0.0136662405
4396,0.034094833,0.0038647088,0.030230124
4397,0.01370048,0.002780029,0.010920451
4398,0.014969233,0.0027341582,0.012235074
4399,0.016814101,0.0029470865,0.013867014
4400,0.011547684,0.0026131142,0.00893457
4401,0.010823295,0.0025936556,0.008229639
4402,0.013789789,0.0027656434,0.011024145
4403,0.011247899,0.0025607822,0.008687116
4404,0.010872303,0.002605874,0.0082664285
4405,0.013907395,0.0027305898,0.011176805
4406,0.011595665,0.0026331951,0.008962469
4407,0.010813696,0.002573481,0.0082402155
4408,0.011092587,0.0025808504,0.008511737
4409,0.011908552,0.0026496728,0.009258878
4410,0.010007737,0.0025421814,0.007465556
4411,0.010331124,0.0025485442,0.0077825794
4412,0.010789946,0.0025806925,0.008209254
4413,0.010044124,0.002546954,0.00749717
4414,0.0104343705,0.0025676833,0.007866687
4415,0.010899028,0.0025955625,0.008303465
4416,0.01007401,0.002545648,0.007528362
4417,0.0101020485,0.0025529927,0.0075490563
4418,0.010987071,0.00260115,0.008385922
4419,0.010267182,0.0025707148,0.0076964675
4420,0.009976067,0.0025512478,0.0074248184
4421,0.0104528945,0.0025771935,0.0078757005
4422,0.010535836,0.002586315,0.007949522
4423,0.010068857,0.0025644344,0.007504422
4424,0.010175742,0.0025703092,0.0076054335
4425,0.010421706,0.0025824523,0.007839253
4426,0.010181211,0.002576149,0.007605063
4427,0.010127515,0.0025745984,0.007552917
4428,0.010348082,0.0025862376,0.0077618435
4429,0.010224821,0.0025801824,0.0076446384
4430,0.010144512,0.0025778865,0.007566626
4431,0.010322504,0.0025908367,0.0077316677
4432,0.010320355,0.0025909431,0.007729412
4433,0.010178052,0.002582758,0.0075952937
4434,0.010311345,0.0025933743,0.0077179703
4435,0.010449301,0.002604197,0.007845104
4436,0.01029782,0.0025939906,0.0077038286
4437,0.01028673,0.002595067,0.007691662
4438,0.010416562,0.0026033018,0.00781326
4439,0.010407314,0.0026037209,0.007803593
4440,0.010296969,0.0025977117,0.0076992577
4441,0.01034789,0.0026036005,0.007744289
4442,0.010420511,0.0026078215,0.007812689
4443,0.010315224,0.002601772,0.0077134515
4444,0.010276797,0.00260222,0.0076745767
4445,0.010340821,0.0026059854,0.007734835
4446,0.010340476,0.0026055647,0.007734912
4447,0.01030073,0.0026055044,0.007695226
4448,0.010351862,0.0026099426,0.007741919
4449,0.010382121,0.0026112983,0.0077708224
4450,0.010242125,0.0026058073,0.007636317
4451,0.01020566,0.0026058198,0.0075998404
4452,0.010289969,0.0026104713,0.007679497
4453,0.010308193,0.0026125428,0.00769565
4454,0.010151865,0.002605467,0.007546398
4455,0.010129672,0.0026053214,0.0075243497
4456,0.010206064,0.0026103589,0.007595705
4457,0.010190198,0.0026096804,0.0075805187
4458,0.010117298,0.0026062876,0.0075110104
4459,0.010155521,0.0026103295,0.007545192
4460,0.010213063,0.0026137582,0.0075993054
4461,0.010153013,0.0026116981,0.0075413156
4462,0.01011528,0.002610152,0.007505128
4463,0.010217896,0.00261538,0.007602516
4464,0.010300025,0.0026212865,0.007678739
4465,0.010202756,0.0026179128,0.0075848433
4466,0.0101215895,0.002611787,0.0075098025
4467,0.010217592,0.0026166122,0.00760098
4468,0.010321751,0.00262466,0.0076970914
4469,0.010233676,0.002618959,0.007614717
4470,0.010166908,0.002613672,0.007553236
4471,0.0102479495,0.0026216079,0.0076263417
4472,0.010384968,0.002629725,0.0077552414
4473,0.010297736,0.0026235464,0.00767419
4474,0.010247286,0.0026218002,0.0076254867
4475,0.010400362,0.0026339106,0.0077664517
4476,0.010389701,0.0026325407,0.007757161
4477,0.010215761,0.0026216963,0.007594065
4478,0.010192255,0.0026201522,0.0075721024
4479,0.010263674,0.002626182,0.0076374924
4480,0.010243813,0.0026258938,0.007617919
4481,0.010176468,0.0026209797,0.007555488
4482,0.0102342535,0.0026246095,0.007609644
4483,0.010320334,0.0026332207,0.0076871123
4484,0.010234719,0.0026255024,0.0076092165
4485,0.010147899,0.0026211885,0.0075267116
4486,0.010314299,0.002633783,0.007680515
4487,0.010427266,0.002639663,0.007787604
4488,0.010277598,0.0026290005,0.0076485975
4489,0.010132946,0.0026226048,0.007510341
4490,0.010214845,0.0026275464,0.007587298
4491,0.010275794,0.0026303385,0.007645456
4492,0.010146514,0.002624183,0.0075223306
4493,0.010026197,0.002617376,0.007408821
4494,0.010142855,0.002624237,0.0075186174
4495,0.010411311,0.0026417603,0.00776955
4496,0.010332679,0.002636443,0.007696236
4497,0.010064229,0.002618184,0.0074460455
4498,0.0101802815,0.0026272554,0.0075530265
4499,0.010477052,0.0026474379,0.007829614
4500,0.010347841,0.002637342,0.0077104988
4501,0.010037418,0.0026192968,0.007418122
4502,0.010204395,0.0026301742,0.0075742207
4503,0.010672655,0.0026575087,0.0080151465
4504,0.010573149,0.0026519941,0.007921155
4505,0.010050932,0.002619645,0.007431287
4506,0.010043727,0.0026196698,0.007424058
4507,0.01066152,0.0026589725,0.0080025485
4508,0.010818118,0.002666233,0.008151885
4509,0.010099528,0.002619406,0.0074801226
4510,0.009828499,0.002607273,0.0072212256
4511,0.010415226,0.0026458912,0.0077693355
4512,0.011112542,0.0026863664,0.008426175
4513,0.010549011,0.0026440113,0.007904999
4514,0.009770293,0.0026042033,0.0071660895
4515,0.009914459,0.002615638,0.0072988207
4516,0.011099863,0.0026885485,0.008411314
4517,0.011188272,0.0026871813,0.008501091
4518,0.009918818,0.0026094804,0.007309338
4519,0.009678084,0.0025997567,0.007078328
4520,0.010957098,0.0026794616,0.008277637
4521,0.012313372,0.0027624576,0.009550915
4522,0.010609749,0.0026452472,0.007964501
4523,0.009478901,0.002587465,0.006891435
4524,0.010141764,0.002628741,0.007513022
4525,0.012919559,0.0028061066,0.010113453
4526,0.01196672,0.002723489,0.009243231
4527,0.009555512,0.0025889818,0.0069665303
4528,0.009505207,0.0025873235,0.0069178827
4529,0.011873603,0.0027423687,0.009131234
4530,0.01439346,0.0028881836,0.011505277
4531,0.010410499,0.0026167417,0.007793757
4532,0.009653924,0.0026097167,0.007044207
4533,0.01037335,0.002636705,0.0077366447
4534,0.01589091,0.0030112371,0.0128796715
4535,0.013428107,0.0027791879,0.010648919
4536,0.009942714,0.0026334617,0.007309252
4537,0.01003691,0.0026048073,0.007432103
4538,0.014569614,0.0029298894,0.011639725
4539,0.018353166,0.0031012297,0.015251936
4540,0.010517947,0.002612616,0.0079053305
4541,0.0113553405,0.0027208352,0.008634506
4542,0.011560954,0.0026864465,0.008874508
4543,0.02187886,0.0034007118,0.018478148
4544,0.0143518,0.0027711042,0.011580696
4545,0.012397716,0.0028174722,0.009580243
4546,0.011528721,0.002642648,0.008886074
4547,0.02150046,0.003417565,0.018082894
4548,0.023444412,0.003329391,0.020115022
4549,0.012714199,0.002763847,0.009950352
4550,0.016210387,0.0029712375,0.013239149
4551,0.01907149,0.0031331768,0.015938312
4552,0.033590894,0.0040828763,0.029508019
4553,0.014814494,0.002696008,0.012118486
4554,0.023961253,0.003585687,0.020375568
4555,0.019541375,0.002974946,0.01656643
4556,0.0463765,0.004964571,0.04141193
4557,0.019381765,0.0027698567,0.016611908
4558,0.036165066,0.004335833,0.031829234
4559,0.025041493,0.003128897,0.021912597
4560,0.05710557,0.0055704643,0.05153511
4561,0.026002875,0.0030309747,0.0229719
4562,0.040454287,0.004446958,0.03600733
4563,0.039340634,0.0039246287,0.035416003
4564,0.04315978,0.004506099,0.03865368
4565,0.036824673,0.003740375,0.0330843
4566,0.02121548,0.003061358,0.01815412
4567,0.04288352,0.004301502,0.03858202
4568,0.015232063,0.0027599728,0.012472089
4569,0.021534031,0.0030635502,0.018470481
4570,0.015327568,0.0027620592,0.0125655085
4571,0.015415383,0.0027538582,0.012661524
4572,0.011109259,0.0025812406,0.008528017
4573,0.011131972,0.0025131623,0.008618809
4574,0.012558272,0.0025974067,0.009960866
4575,0.010228088,0.0024983808,0.0077297064
4576,0.010733081,0.002471792,0.008261289
4577,0.013373587,0.00268393,0.010689657
4578,0.010183385,0.0024342933,0.007749092
4579,0.009878794,0.00245512,0.007423674
4580,0.012820998,0.0026115386,0.01020946
4581,0.010605398,0.002499369,0.008106029
4582,0.009617101,0.0024333107,0.0071837907
4583,0.009934315,0.0024468047,0.0074875103
4584,0.010762824,0.002504882,0.008257942
4585,0.009298238,0.0024294443,0.0068687936
4586,0.009407217,0.002430882,0.006976334
4587,0.010098768,0.0024714686,0.0076272995
4588,0.009463736,0.0024390356,0.0070247008
4589,0.009376874,0.0024366928,0.006940181
4590,0.009966094,0.0024727448,0.007493349
4591,0.009527961,0.0024462312,0.00708173
4592,0.009231463,0.002434147,0.006797316
4593,0.00980366,0.0024678153,0.0073358454
4594,0.009856373,0.0024784768,0.007377897
4595,0.009257931,0.00244152,0.0068164114
4596,0.00942212,0.0024510575,0.006971062
4597,0.00978706,0.002478017,0.007309043
4598,0.009459885,0.0024617976,0.006998087
4599,0.009311924,0.0024532692,0.006858654
4600,0.00957497,0.0024685482,0.007106422
4601,0.00955457,0.0024720714,0.007082498
4602,0.009335041,0.002459934,0.006875107
4603,0.0094498675,0.0024672183,0.006982649
4604,0.009544403,0.0024755378,0.007068866
4605,0.009403358,0.0024679257,0.006935433
4606,0.009369504,0.00246544,0.0069040637
4607,0.009497119,0.0024751765,0.007021943
4608,0.009447103,0.0024745977,0.006972506
4609,0.00938151,0.0024714102,0.0069101006
4610,0.009487361,0.0024798969,0.0070074643
4611,0.0095840525,0.0024857589,0.0070982943
4612,0.00943989,0.0024796405,0.0069602495
4613,0.009383853,0.0024779036,0.0069059487
4614,0.009529358,0.0024886136,0.0070407446
4615,0.009540752,0.0024908786,0.0070498735
4616,0.009380612,0.002482805,0.0068978067
4617,0.009396348,0.0024840361,0.0069123115
4618,0.009524135,0.0024940195,0.0070301155
4619,0.009465162,0.0024903533,0.0069748075
4620,0.009439322,0.0024901119,0.0069492105
4621,0.009536643,0.0024980172,0.007038626
4622,0.009499622,0.0024959808,0.007003641
4623,0.009444053,0.002494332,0.006949721
4624,0.009477422,0.0024972335,0.0069801877
4625,0.009518219,0.0025005457,0.007017674
4626,0.009455853,0.0024974602,0.0069583924
4627,0.009397486,0.0024944637,0.0069030225
4628,0.009455652,0.0024995864,0.006956065
4629,0.009460954,0.0024999992,0.006960954
4630,0.009370172,0.0024945359,0.006875637
4631,0.00942967,0.0025007632,0.006928907
4632,0.009547805,0.0025090058,0.0070388
4633,0.009453326,0.0025021536,0.0069511724
4634,0.009270889,0.0024931722,0.0067777163
4635,0.009305736,0.0024960428,0.006809693
4636,0.009488342,0.0025084997,0.0069798427
4637,0.00950039,0.0025087502,0.00699164
4638,0.009371807,0.0025019115,0.0068698954
4639,0.009367939,0.002502222,0.0068657175
4640,0.009562902,0.0025148687,0.007048033
4641,0.009501422,0.002513201,0.006988222
4642,0.009302663,0.0025008116,0.006801851
4643,0.009467046,0.002510205,0.006956841
4644,0.009802923,0.0025319478,0.007270975
4645,0.009706255,0.0025263787,0.007179876
4646,0.009402074,0.0025072047,0.006894869
4647,0.009436404,0.0025109323,0.006925472
4648,0.009832004,0.0025366936,0.0072953096
4649,0.009755138,0.0025299224,0.0072252154
4650,0.009271642,0.0025016428,0.00677
4651,0.009163579,0.0024981038,0.0066654757
4652,0.009626038,0.0025263154,0.0070997234
4653,0.010034636,0.0025502015,0.007484434
4654,0.0094367005,0.002512047,0.006924653
4655,0.009060915,0.0024943526,0.0065665618
4656,0.009589363,0.0025257226,0.0070636394
4657,0.010264837,0.0025688107,0.0076960265
4658,0.009491268,0.0025172387,0.0069740294
4659,0.008994326,0.0024911077,0.006503219
4660,0.009551918,0.0025252393,0.007026679
4661,0.010604931,0.0025934977,0.008011433
4662,0.009726495,0.0025305916,0.007195903
4663,0.008921054,0.002486891,0.006434163
4664,0.009326477,0.002511526,0.00681495
4665,0.010877458,0.0026121985,0.008265261
4666,0.009981727,0.0025448417,0.0074368855
4667,0.0088980105,0.0024849165,0.0064130947
4668,0.009176329,0.0025020645,0.0066742636
4669,0.011156894,0.002633905,0.008522989
4670,0.01044297,0.0025724361,0.0078705335
4671,0.00894887,0.0024867933,0.0064620767
4672,0.009006793,0.0024930476,0.0065137455
4673,0.01178042,0.002673917,0.009106504
4674,0.011780317,0.0026541667,0.009126151
4675,0.009173515,0.0024922173,0.006681298
4676,0.008975646,0.0024963492,0.006479297
4677,0.011639613,0.00264925,0.008990362
4678,0.014252513,0.00282091,0.011431603
4679,0.009732228,0.0025017636,0.0072304644
4680,0.00979607,0.0025622072,0.0072338623
4681,0.010904802,0.0025877398,0.008317063
4682,0.01797992,0.0030708385,0.014909082
4683,0.011555798,0.0025737518,0.008982047
4684,0.011390977,0.0026685004,0.008722476
4685,0.010287816,0.0025245608,0.0077632545
4686,0.020661762,0.0032556108,0.01740615
4687,0.016172165,0.0028337552,0.013338409
4688,0.013234577,0.002752101,0.010482476
4689,0.012141514,0.002636524,0.00950499
4690,0.022063702,0.0033142082,0.018749494
4691,0.022431243,0.003232319,0.019198924
4692,0.015223317,0.002790304,0.012433013
4693,0.016019091,0.0029008419,0.013118249
4694,0.02432821,0.0033519513,0.020976258
4695,0.029243903,0.0036931126,0.02555079
4696,0.019014893,0.0028735048,0.016141389
4697,0.021515789,0.0032836155,0.018232172
4698,0.030501943,0.003590962,0.026910981
4699,0.03488316,0.004066887,0.030816272
4700,0.026439253,0.0032105297,0.023228724
4701,0.023263007,0.0033236744,0.019939333
4702,0.041226413,0.004195356,0.03703106
4703,0.026945643,0.0034693119,0.02347633
4704,0.03339424,0.0036603275,0.029733911
4705,0.015915785,0.0027309607,0.013184823
4706,0.04063218,0.0041856295,0.036446553
4707,0.013903618,0.002641211,0.011262406
4708,0.022834647,0.0031055775,0.01972907
4709,0.0141183445,0.0026625558,0.011455789
4710,0.019527748,0.0029658675,0.01656188
4711,0.010547989,0.0025116703,0.008036319
4712,0.0102047855,0.0024086596,0.007796126
4713,0.012687776,0.0026048701,0.010082906
4714,0.009300644,0.0023993328,0.0069013108
4715,0.008946308,0.0023796293,0.006566678
4716,0.0108267125,0.002503722,0.0083229905
4717,0.009417173,0.0023824037,0.00703477
4718,0.00899471,0.0023960993,0.0065986104
4719,0.0105122,0.0024636365,0.008048564
4720,0.011056535,0.0025117844,0.0085447505
4721,0.009040348,0.0023759503,0.0066643977
4722,0.008899162,0.0023718376,0.006527324
4723,0.010681954,0.0024897766,0.008192178
4724,0.009462442,0.0024111052,0.007051337
4725,0.00874162,0.0023693456,0.0063722744
4726,0.009151656,0.0023943668,0.006757289
4727,0.009792557,0.0024370006,0.007355557
4728,0.008923691,0.0023908662,0.0065328246
4729,0.008868471,0.0023856796,0.0064827907
4730,0.0092279855,0.0024090814,0.006818904
4731,0.009063656,0.0024013394,0.0066623166
4732,0.008964028,0.0023997356,0.006564293
4733,0.009146895,0.0024137618,0.006733134
4734,0.00904012,0.0024038493,0.0066362713
4735,0.008914562,0.0023988322,0.0065157297
4736,0.0090780165,0.0024133236,0.0066646924
4737,0.009086706,0.002414417,0.006672289
4738,0.008926728,0.002405786,0.006520942
4739,0.008995762,0.0024115378,0.0065842243
4740,0.009116389,0.0024200007,0.006696388
4741,0.009110628,0.0024205819,0.006690046
4742,0.009028849,0.0024163243,0.0066125244
4743,0.008938036,0.002413902,0.0065241344
4744,0.008992061,0.0024182429,0.006573818
4745,0.00915083,0.0024290015,0.0067218286
4746,0.0090955105,0.0024262005,0.006669309
4747,0.008956695,0.0024177101,0.006538985
4748,0.009005819,0.0024216666,0.0065841526
4749,0.009164063,0.002434004,0.00673006
4750,0.009071374,0.0024295324,0.006641842
4751,0.008928942,0.002421036,0.006507906
4752,0.009022325,0.002427789,0.006594536
4753,0.009099258,0.0024355594,0.0066636987
4754,0.008997044,0.002429673,0.00656737
4755,0.00896877,0.0024285116,0.006540258
4756,0.0090698935,0.0024347217,0.0066351714
4757,0.009062699,0.0024375895,0.0066251094
4758,0.008956723,0.0024312807,0.006525442
4759,0.008915916,0.0024290958,0.00648682
4760,0.009023037,0.002438405,0.0065846313
4761,0.009017224,0.0024384353,0.006578789
4762,0.008877662,0.0024305067,0.006447155
4763,0.008844215,0.0024307505,0.0064134654
4764,0.008967018,0.00243941,0.0065276083
4765,0.009011261,0.0024409008,0.0065703597
4766,0.0088850465,0.0024343336,0.0064507127
4767,0.008840471,0.0024332087,0.0064072614
4768,0.008991659,0.0024438058,0.0065478524
4769,0.00907251,0.0024482333,0.0066242767
4770,0.008895419,0.0024393196,0.006456099
4771,0.008844741,0.0024363333,0.0064084074
4772,0.009064195,0.0024490221,0.006615173
4773,0.009150573,0.002455358,0.006695215
4774,0.008916233,0.0024418356,0.0064743976
4775,0.00883726,0.0024378244,0.006399436
4776,0.009132072,0.0024545002,0.006677572
4777,0.009298902,0.0024683608,0.0068305414
4778,0.008950316,0.0024452144,0.006505102
4779,0.0087668,0.0024349792,0.006331821
4780,0.009079646,0.002458361,0.0066212853
4781,0.009324576,0.0024715182,0.0068530575
4782,0.0089216335,0.0024446393,0.0064769937
4783,0.008767782,0.0024389157,0.006328866
4784,0.009132023,0.002463736,0.006668287
4785,0.009172957,0.002462418,0.0067105396
4786,0.008811799,0.0024429213,0.006368878
4787,0.008758122,0.0024417508,0.006316371
4788,0.009091616,0.0024607005,0.0066309148
4789,0.009266906,0.0024716663,0.0067952406
4790,0.008934506,0.0024533158,0.006481191
4791,0.008696459,0.0024376616,0.006258798
4792,0.008920325,0.0024523688,0.0064679566
4793,0.0092665795,0.0024759653,0.0067906138
4794,0.008941549,0.0024531363,0.0064884126
4795,0.008602299,0.0024341652,0.0061681336
4796,0.008858981,0.0024513649,0.0064076167
4797,0.009420178,0.0024863,0.006933878
4798,0.009020899,0.0024567968,0.006564103
4799,0.008520825,0.0024317154,0.0060891095
4800,0.008840822,0.0024516715,0.00638915
4801,0.009926807,0.0025190834,0.007407724
4802,0.00957538,0.0024937135,0.0070816665
4803,0.008552736,0.0024315352,0.0061212005
4804,0.008578934,0.0024367385,0.006142196
4805,0.01001369,0.002529738,0.0074839527
4806,0.01030945,0.0025401618,0.0077692885
4807,0.008749286,0.0024381923,0.0063110935
4808,0.008387932,0.0024276657,0.005960265
4809,0.009640815,0.0025043464,0.007136468
4810,0.011385283,0.0026075998,0.008777684
4811,0.00939208,0.002471859,0.006920221
4812,0.00839294,0.002429974,0.005962966
4813,0.008850951,0.0024507558,0.0064001945
4814,0.012462674,0.0026892023,0.009773472
4815,0.011754148,0.00260872,0.0091454275
4816,0.008698837,0.0024406242,0.006258213
4817,0.008719659,0.0024461383,0.0062735216
4818,0.011683358,0.002637769,0.009045588
4819,0.016671993,0.0029402701,0.013731722
4820,0.010133936,0.0024849717,0.0076489644
4821,0.01015041,0.0025639099,0.0075865006
4822,0.009453975,0.002458171,0.0069958037
4823,0.017951645,0.0030764993,0.014875144
4824,0.015358426,0.0027670478,0.012591378
4825,0.010285053,0.002566014,0.007719039
4826,0.011104781,0.0025742257,0.008530555
4827,0.015542565,0.0029034382,0.012639128
4828,0.024869956,0.0034398858,0.021430071
4829,0.011509011,0.0025225652,0.008986445
4830,0.017828304,0.0030930256,0.014735278
4831,0.013819287,0.0026320633,0.011187224
4832,0.03608664,0.0043025273,0.031784117
4833,0.01581572,0.0026021763,0.013213544
4834,0.026606701,0.0037143077,0.022892393
4835,0.0158537,0.0026038752,0.013249824
4836,0.046853606,0.0050164885,0.04183712
4837,0.020795919,0.0027650218,0.018030897
4838,0.037037257,0.004309114,0.032728143
4839,0.019267906,0.0026949341,0.016572973
4840,0.055700433,0.00540475,0.050295684
4841,0.021251228,0.0027244356,0.01852679
4842,0.04320322,0.0045167953,0.038686424
4843,0.025703706,0.003068212,0.022635493
4844,0.047369935,0.0046665175,0.04270342
4845,0.025434956,0.0031009088,0.022334049
4846,0.024192158,0.0031768582,0.021015301
4847,0.03296051,0.0036923662,0.029268144
4848,0.016032131,0.0027333717,0.01329876
4849,0.016916418,0.0027841872,0.014132231
4850,0.012138154,0.0024940618,0.009644092
4851,0.012675395,0.0025309983,0.010144398
4852,0.009376585,0.0023871274,0.0069894567
4853,0.009419099,0.0023481771,0.0070709228
4854,0.010916296,0.0024339166,0.00848238
4855,0.008947163,0.0023334883,0.0066136746
4856,0.009195912,0.0023185858,0.006877326
4857,0.012063692,0.0025319294,0.009531762
4858,0.008896152,0.0022953874,0.006600764
4859,0.008888387,0.0023226836,0.006565704
4860,0.010593966,0.0024060437,0.008187922
4861,0.009714855,0.0023772519,0.0073376037
4862,0.008432458,0.0022963537,0.0061361045
4863,0.008734958,0.002302146,0.006432812
4864,0.0095107965,0.0023662653,0.0071445317
4865,0.008385985,0.0022985078,0.0060874773
4866,0.008421027,0.0022970713,0.0061239554
4867,0.009011637,0.0023365798,0.0066750576
4868,0.0084675765,0.0023056627,0.0061619137
4869,0.008331445,0.0023023256,0.006029119
4870,0.008900091,0.0023382665,0.0065618246
4871,0.00874109,0.0023284368,0.0064126533
4872,0.008304334,0.0023032678,0.006001066
4873,0.008544557,0.0023192132,0.006225343
4874,0.009009368,0.0023547541,0.006654613
4875,0.008424993,0.0023176097,0.0061073825
4876,0.008308383,0.0023104148,0.005997968
4877,0.008732918,0.0023396565,0.0063932613
4878,0.008823778,0.0023475965,0.006476181
4879,0.0083945,0.0023237378,0.0060707624
4880,0.008438602,0.0023266622,0.0061119394
4881,0.008768934,0.0023489557,0.006419978
4882,0.008659493,0.0023425347,0.006316959
4883,0.008491197,0.0023337314,0.0061574653
4884,0.008603217,0.0023423098,0.0062609073
4885,0.008670273,0.002346111,0.006324162
4886,0.008534349,0.0023401445,0.006194204
4887,0.008472697,0.0023390832,0.006133613
4888,0.008509434,0.0023425876,0.006166846
4889,0.008529978,0.002343725,0.006186253
4890,0.008550885,0.002347747,0.0062031383
4891,0.008574006,0.002351644,0.0062223617
4892,0.008539403,0.0023490137,0.0061903894
4893,0.008575387,0.0023515571,0.0062238304
4894,0.008640088,0.0023584012,0.0062816865
4895,0.00857121,0.0023556098,0.0062156008
4896,0.008531436,0.0023524095,0.0061790273
4897,0.00863508,0.0023605218,0.0062745586
4898,0.008673594,0.0023643672,0.006309227
4899,0.008583205,0.0023584664,0.006224738
4900,0.00863432,0.0023633568,0.0062709637
4901,0.008768127,0.002374156,0.006393972
4902,0.0085912775,0.0023629894,0.0062282877
4903,0.008446867,0.00235579,0.006091077
4904,0.008618982,0.0023679612,0.006251021
4905,0.0087471865,0.0023761229,0.006371064
4906,0.008569093,0.0023651961,0.006203897
4907,0.008419015,0.0023588906,0.006060125
4908,0.008540271,0.0023669577,0.0061733136
4909,0.00877835,0.0023824414,0.006395909
4910,0.008705086,0.0023780975,0.0063269883
4911,0.008443828,0.0023632299,0.0060805976
4912,0.008456528,0.0023655698,0.006090958
4913,0.008821269,0.002390069,0.0064311996
4914,0.008898054,0.0023945528,0.006503501
4915,0.008472108,0.0023665123,0.006105596
4916,0.008284783,0.0023583863,0.005926396
4917,0.008678796,0.0023838934,0.0062949024
4918,0.009079648,0.002407088,0.0066725602
4919,0.008600842,0.0023780256,0.006222817
4920,0.00825343,0.0023584347,0.0058949953
4921,0.008614542,0.0023818784,0.0062326635
4922,0.009082219,0.0024111662,0.0066710524
4923,0.008537038,0.0023746006,0.0061624376
4924,0.008184545,0.0023564808,0.005828065
4925,0.008607782,0.0023853886,0.0062223934
4926,0.0092655085,0.0024255882,0.00683992
4927,0.008574759,0.0023807606,0.0061939983
4928,0.008075297,0.0023527665,0.00572253
4929,0.00848918,0.0023800721,0.0061091087
4930,0.00963695,0.0024515057,0.0071854442
4931,0.008943746,0.0024048968,0.0065388493
4932,0.008070265,0.0023528766,0.005717388
4933,0.008260079,0.0023666043,0.005893475
4934,0.009765085,0.0024654286,0.007299657
4935,0.009397712,0.0024322597,0.006965451
4936,0.008111304,0.0023539644,0.0057573398
4937,0.008138493,0.0023608445,0.0057776487
4938,0.010123844,0.0024874997,0.0076363445
4939,0.009998199,0.0024703774,0.0075278208
4940,0.008192333,0.0023549832,0.00583735
4941,0.008063254,0.002357977,0.0057052774
4942,0.010269817,0.0024967093,0.007773107
4943,0.010845545,0.002527618,0.008317927
4944,0.008379752,0.0023592738,0.0060204775
4945,0.008151036,0.0023681754,0.0057828603
4946,0.010203362,0.0024837283,0.007719634
4947,0.012595791,0.0026525508,0.009943241
4948,0.008832502,0.0023696916,0.0064628106
4949,0.008590614,0.0024056365,0.006184978
4950,0.009653719,0.0024348304,0.007218888
4951,0.014651377,0.002796852,0.011854524
4952,0.0098248115,0.002409759,0.0074150525
4953,0.009746112,0.00248482,0.007261292
4954,0.009091693,0.0023856098,0.0067060827
4955,0.017119346,0.0029608568,0.014158489
4956,0.01277886,0.002582459,0.010196401
4957,0.011120551,0.0025544548,0.008566096
4958,0.01012186,0.0024453355,0.007676524
4959,0.018515684,0.0030416506,0.015474033
4960,0.018544681,0.002945194,0.015599487
4961,0.012679517,0.0025868858,0.010092631
4962,0.013548419,0.0026844179,0.010864002
4963,0.019895155,0.0030404236,0.01685473
4964,0.025687989,0.0034399936,0.022247992
4965,0.014819641,0.0026046373,0.012215003
4966,0.018758183,0.0030590915,0.015699092
4967,0.021646835,0.0030274235,0.01861941
4968,0.032034453,0.0038824282,0.028152024
4969,0.017564677,0.0026631188,0.014901558
4970,0.023208871,0.0033240006,0.019884871
4971,0.025376778,0.003161013,0.022215765
4972,0.034564745,0.003989584,0.03057516
4973,0.022037167,0.00287158,0.019165589
4974,0.022075597,0.0031663706,0.018909227
4975,0.03107626,0.00349127,0.027584989
4976,0.024664221,0.0032902441,0.021373978
4977,0.02455293,0.00307992,0.02147301
4978,0.014007075,0.002583765,0.011423309
4979,0.02962965,0.003473288,0.026156362
4980,0.012618015,0.0025318249,0.010086189
4981,0.016888324,0.0027112341,0.01417709
4982,0.010643027,0.0024063757,0.008236651
4983,0.01687264,0.002736743,0.014135899
4984,0.008747782,0.0023294212,0.0064183604
4985,0.008939345,0.0022867266,0.006652619
4986,0.0103159975,0.0023908326,0.007925165
4987,0.008766701,0.0022952002,0.0064715007
4988,0.007961525,0.0022624645,0.00569906
4989,0.008873984,0.0023148563,0.006559128
4990,0.00868953,0.0022825222,0.0064070085
4991,0.007921629,0.0022578998,0.0056637283
4992,0.008700652,0.00229043,0.0064102216
4993,0.009249479,0.0023440649,0.006905414
4994,0.00804688,0.002251167,0.0057957135
4995,0.008016523,0.0022576856,0.0057588373
4996,0.009282138,0.0023353174,0.0069468208
4997,0.008485237,0.0022952291,0.0061900076
4998,0.007919544,0.0022557522,0.0056637917
4999,0.008252541,0.0022764457,0.0059760953
