,loss,residual_loss,bound_loss
0,29.872196,10.777683,19.094513
1,29.76744,10.749673,19.017767
2,29.662651,10.721851,18.9408
3,29.557606,10.693843,18.863764
4,29.453123,10.666045,18.787079
5,29.350765,10.638629,18.712137
6,29.24814,10.611386,18.636755
7,29.147207,10.584235,18.562971
8,29.045845,10.557445,18.4884
9,28.94382,10.530457,18.413364
10,28.842905,10.503536,18.339369
11,28.744478,10.477352,18.267126
12,28.64521,10.4511385,18.194073
13,28.547277,10.425074,18.122204
14,28.45008,10.39951,18.050571
15,28.352005,10.3735695,17.978436
16,28.255575,10.348222,17.907354
17,28.159595,10.323198,17.836397
18,28.06433,10.298266,17.766064
19,27.97021,10.273447,17.696762
20,27.876688,10.249308,17.62738
21,27.782711,10.224681,17.558031
22,27.688751,10.200588,17.488163
23,27.59687,10.177007,17.419865
24,27.504883,10.153411,17.35147
25,27.41342,10.130061,17.28336
26,27.323517,10.107311,17.216206
27,27.233137,10.084272,17.148865
28,27.14335,10.061476,17.081875
29,27.054651,10.039409,17.015242
30,26.96629,10.017297,16.948992
31,26.878145,9.995354,16.882792
32,26.792702,9.974094,16.818607
33,26.70602,9.952809,16.75321
34,26.618835,9.931468,16.687366
35,26.532845,9.910676,16.62217
36,26.448736,9.890041,16.558695
37,26.364628,9.86976,16.49487
38,26.281616,9.849753,16.431864
39,26.197968,9.830119,16.367847
40,26.115643,9.810327,16.305317
41,26.03336,9.790957,16.242401
42,25.951721,9.771795,16.179926
43,25.870798,9.752922,16.117876
44,25.791214,9.7344475,16.056767
45,25.712673,9.716166,15.996509
46,25.633823,9.698096,15.935727
47,25.555403,9.680324,15.875078
48,25.476902,9.662621,15.814282
49,25.399403,9.645254,15.754148
50,25.323154,9.628275,15.69488
51,25.246984,9.611285,15.635699
52,25.172052,9.594878,15.577173
53,25.097404,9.578525,15.518881
54,25.02363,9.562397,15.461233
55,24.948261,9.5463085,15.401953
56,24.875694,9.530733,15.344961
57,24.80322,9.515472,15.287748
58,24.731413,9.500318,15.231096
59,24.660471,9.485529,15.174942
60,24.590271,9.470898,15.119372
61,24.51885,9.456469,15.062383
62,24.44885,9.442155,15.006696
63,24.380135,9.42853,14.951605
64,24.31136,9.414758,14.896602
65,24.243567,9.401484,14.842082
66,24.17626,9.388437,14.787824
67,24.110012,9.375583,14.734428
68,24.043398,9.362886,14.680511
69,23.975912,9.350239,14.625674
70,23.911367,9.338069,14.5732975
71,23.846262,9.325991,14.520271
72,23.782202,9.314248,14.467954
73,23.718174,9.302772,14.415402
74,23.655254,9.291648,14.363606
75,23.592386,9.280441,14.311945
76,23.52973,9.269678,14.260051
77,23.467968,9.258996,14.208972
78,23.406698,9.248561,14.158136
79,23.345562,9.238459,14.107104
80,23.285824,9.228459,14.0573635
81,23.226421,9.218722,14.007698
82,23.166935,9.209216,13.957718
83,23.10876,9.199842,13.908917
84,23.04969,9.190692,13.858999
85,22.992136,9.181764,13.810373
86,22.935303,9.17305,13.762253
87,22.87826,9.1645355,13.713724
88,22.821314,9.156143,13.665172
89,22.765726,9.147938,13.617788
90,22.711063,9.140151,13.570912
91,22.655722,9.132295,13.523428
92,22.601158,9.124641,13.476517
93,22.546616,9.117317,13.429298
94,22.493221,9.110093,13.383128
95,22.43988,9.103144,13.336737
96,22.388086,9.096377,13.291708
97,22.336359,9.089841,13.246519
98,22.285633,9.083347,13.202286
99,22.234573,9.077148,13.157425
100,22.183846,9.07091,13.112936
101,22.133966,9.064988,13.068979
102,22.084019,9.059259,13.024759
103,22.035576,9.053763,12.981813
104,21.98699,9.048247,12.938742
105,21.938583,9.042932,12.895653
106,21.891336,9.037896,12.853441
107,21.84319,9.032937,12.810251
108,21.796534,9.028159,12.768375
109,21.749886,9.023561,12.726324
110,21.70412,9.019089,12.685033
111,21.658943,9.014807,12.644137
112,21.614935,9.010682,12.604253
113,21.57055,9.006634,12.563917
114,21.527052,9.002827,12.524225
115,21.483282,8.999117,12.484164
116,21.44003,8.995489,12.444541
117,21.398096,8.9921255,12.405971
118,21.356058,8.988798,12.367261
119,21.314718,8.985617,12.329102
120,21.273876,8.982589,12.291288
121,21.233053,8.979632,12.25342
122,21.192785,8.976827,12.215959
123,21.152685,8.9740925,12.178594
124,21.113474,8.971543,12.141931
125,21.073748,8.969051,12.104696
126,21.03541,8.966676,12.068733
127,20.997295,8.9644165,12.032878
128,20.959848,8.962299,11.997548
129,20.922798,8.9602375,11.962562
130,20.886816,8.958288,11.928528
131,20.84995,8.956371,11.8935795
132,20.814161,8.954601,11.859559
133,20.778362,8.952876,11.825487
134,20.743013,8.95127,11.791742
135,20.708414,8.949746,11.758667
136,20.673588,8.94824,11.7253475
137,20.640104,8.946862,11.693241
138,20.605865,8.945542,11.660322
139,20.572659,8.944245,11.628412
140,20.539515,8.943022,11.596494
141,20.506678,8.94188,11.564797
142,20.474146,8.940784,11.5333605
143,20.442389,8.939749,11.502641
144,20.410593,8.938759,11.471834
145,20.379253,8.937785,11.441469
146,20.348795,8.936907,11.411889
147,20.318148,8.9360285,11.38212
148,20.287548,8.93519,11.352358
149,20.257631,8.9344015,11.323231
150,20.227732,8.933645,11.294087
151,20.198456,8.932932,11.265524
152,20.16966,8.932268,11.237392
153,20.140434,8.931602,11.208833
154,20.111374,8.930951,11.180422
155,20.083473,8.930383,11.15309
156,20.0553,8.929802,11.125498
157,20.027721,8.929238,11.098484
158,20.000483,8.928697,11.071787
159,19.973139,8.928206,11.044931
160,19.945772,8.927715,11.018057
161,19.918993,8.927202,10.991792
162,19.89253,8.926746,10.965785
163,19.866222,8.926297,10.939925
164,19.839863,8.925838,10.914023
165,19.814756,8.925453,10.889303
166,19.789854,8.925036,10.864817
167,19.764538,8.9246645,10.839874
168,19.739492,8.924236,10.815256
169,19.714323,8.923889,10.790433
170,19.689726,8.923481,10.766245
171,19.665035,8.923125,10.74191
172,19.641188,8.922806,10.718383
173,19.61724,8.922431,10.694811
174,19.59367,8.922081,10.671588
175,19.569616,8.921707,10.647908
176,19.546211,8.921356,10.624855
177,19.523012,8.92101,10.602003
178,19.499802,8.920673,10.579127
179,19.477297,8.920368,10.556928
180,19.454586,8.920063,10.534523
181,19.432613,8.919754,10.51286
182,19.410461,8.919426,10.491035
183,19.388538,8.919125,10.469415
184,19.366648,8.918803,10.447844
185,19.3449,8.91847,10.42643
186,19.323294,8.918168,10.405126
187,19.301659,8.91785,10.383809
188,19.279858,8.917545,10.362312
189,19.259352,8.917287,10.342064
190,19.238562,8.916964,10.321599
191,19.217978,8.916691,10.301287
192,19.197172,8.916379,10.280793
193,19.177212,8.916096,10.261115
194,19.157024,8.915786,10.241239
195,19.137125,8.915473,10.221651
196,19.117434,8.915155,10.202278
197,19.097937,8.914906,10.183031
198,19.078402,8.914588,10.163813
199,19.058847,8.914281,10.144567
200,19.039297,8.913974,10.125322
201,19.020338,8.913697,10.106641
202,19.001299,8.913381,10.087919
203,18.982124,8.913094,10.069032
204,18.963371,8.912801,10.0505705
205,18.944971,8.912528,10.032442
206,18.92637,8.912239,10.014132
207,18.90775,8.911949,9.9958
208,18.889606,8.91164,9.977966
209,18.871498,8.911361,9.960136
210,18.853415,8.911072,9.942343
211,18.835854,8.910779,9.925075
212,18.818237,8.910503,9.907734
213,18.800766,8.9102125,9.890553
214,18.783937,8.90994,9.873997
215,18.766077,8.909664,9.856412
216,18.749134,8.909392,9.839742
217,18.732046,8.909127,9.82292
218,18.715414,8.908853,9.806562
219,18.698832,8.908557,9.790276
220,18.682262,8.908288,9.773975
221,18.665812,8.908023,9.757789
222,18.649591,8.907765,9.741826
223,18.632988,8.907493,9.725496
224,18.617048,8.907254,9.709794
225,18.600842,8.906981,9.69386
226,18.584826,8.906719,9.678106
227,18.568811,8.906434,9.662378
228,18.552921,8.906146,9.646774
229,18.537338,8.905893,9.631445
230,18.52174,8.905649,9.616092
231,18.506424,8.905409,9.601016
232,18.491055,8.905162,9.585894
233,18.475895,8.904906,9.570989
234,18.460655,8.90463,9.556025
235,18.445843,8.904373,9.541471
236,18.430883,8.904125,9.526757
237,18.416008,8.903895,9.512114
238,18.401537,8.903623,9.497914
239,18.387053,8.903407,9.4836445
240,18.372452,8.9031925,9.469259
241,18.358261,8.902954,9.455308
242,18.343851,8.902699,9.441152
243,18.329899,8.902491,9.427408
244,18.31566,8.902253,9.413406
245,18.301805,8.9020405,9.399765
246,18.28771,8.901818,9.385892
247,18.274029,8.901603,9.372425
248,18.260248,8.901395,9.358853
249,18.24665,8.901181,9.345469
250,18.2333,8.900968,9.332331
251,18.219664,8.900743,9.318921
252,18.206638,8.900551,9.3060875
253,18.193064,8.900342,9.292721
254,18.180239,8.900134,9.280105
255,18.167011,8.899937,9.267075
256,18.15413,8.899718,9.254412
257,18.14078,8.899512,9.241266
258,18.128283,8.899359,9.228924
259,18.115595,8.899139,9.216456
260,18.102907,8.898954,9.203952
261,18.090643,8.898741,9.191901
262,18.077787,8.898586,9.179201
263,18.065557,8.898405,9.167152
264,18.053541,8.898217,9.155323
265,18.041231,8.89804,9.143192
266,18.029356,8.897851,9.131505
267,18.017284,8.89768,9.119604
268,18.005257,8.89753,9.107727
269,17.993263,8.89736,9.095903
270,17.981508,8.89718,9.084329
271,17.969597,8.89702,9.0725765
272,17.958025,8.896858,9.061167
273,17.946478,8.896682,9.049795
274,17.934677,8.896524,9.038152
275,17.923136,8.896379,9.026756
276,17.912037,8.896224,9.015813
277,17.900724,8.896081,9.0046425
278,17.889536,8.895921,8.993614
279,17.87846,8.895766,8.982695
280,17.867283,8.895628,8.971655
281,17.856493,8.895463,8.96103
282,17.845587,8.895336,8.95025
283,17.834558,8.8952,8.939359
284,17.823652,8.895049,8.928604
285,17.813103,8.894944,8.918158
286,17.802244,8.894787,8.907456
287,17.791702,8.894663,8.897039
288,17.781107,8.894551,8.886556
289,17.770872,8.894446,8.876425
290,17.760624,8.894328,8.866297
291,17.750416,8.894162,8.856253
292,17.739994,8.89405,8.845944
293,17.729998,8.893929,8.836069
294,17.719679,8.893819,8.825861
295,17.709639,8.893685,8.815953
296,17.699665,8.893602,8.806063
297,17.689571,8.893495,8.796076
298,17.679834,8.893382,8.786452
299,17.669966,8.893268,8.776697
300,17.660343,8.893173,8.76717
301,17.650644,8.893073,8.75757
302,17.641088,8.892961,8.748129
303,17.631577,8.89286,8.738716
304,17.622055,8.892768,8.729287
305,17.61235,8.892668,8.719683
306,17.603016,8.892563,8.710454
307,17.593538,8.892467,8.701071
308,17.584438,8.892386,8.692051
309,17.575483,8.892316,8.683168
310,17.566177,8.892211,8.673966
311,17.55698,8.892122,8.664857
312,17.547997,8.89205,8.655947
313,17.539206,8.891969,8.647238
314,17.530268,8.891858,8.638409
315,17.52157,8.891785,8.6297865
316,17.512703,8.891725,8.620979
317,17.504168,8.891663,8.612505
318,17.495367,8.891579,8.603788
319,17.486704,8.891533,8.595172
320,17.478096,8.891465,8.586632
321,17.469557,8.891403,8.578154
322,17.460955,8.891334,8.56962
323,17.452229,8.89126,8.560969
324,17.443974,8.891193,8.552779
325,17.43576,8.891136,8.544625
326,17.427189,8.891084,8.536104
327,17.418867,8.891003,8.527864
328,17.410934,8.890949,8.519985
329,17.402887,8.890904,8.511983
330,17.394789,8.890857,8.503933
331,17.386703,8.890793,8.495911
332,17.378832,8.890755,8.488077
333,17.370882,8.8907175,8.4801655
334,17.362955,8.890651,8.472304
335,17.35503,8.890615,8.464416
336,17.347254,8.890573,8.456681
337,17.339502,8.8905325,8.44897
338,17.331926,8.890475,8.441452
339,17.324251,8.8904295,8.433822
340,17.31658,8.8903675,8.426213
341,17.309155,8.890349,8.418804
342,17.301218,8.890281,8.410938
343,17.293705,8.89026,8.403445
344,17.286415,8.890227,8.396189
345,17.279,8.890197,8.3888035
346,17.271614,8.890193,8.381421
347,17.264402,8.890156,8.374247
348,17.257168,8.8901205,8.367047
349,17.250011,8.890088,8.359924
350,17.242746,8.890047,8.352699
351,17.235676,8.890029,8.345648
352,17.22858,8.8899975,8.338583
353,17.221483,8.889997,8.331486
354,17.214489,8.889995,8.324495
355,17.207449,8.889971,8.317478
356,17.20081,8.889961,8.310849
357,17.193764,8.889952,8.303812
358,17.186855,8.889931,8.296925
359,17.179937,8.889914,8.290024
360,17.173151,8.889915,8.2832365
361,17.166418,8.8898945,8.276523
362,17.159807,8.889868,8.269938
363,17.153225,8.889836,8.263388
364,17.14655,8.889832,8.256719
365,17.140118,8.889818,8.250299
366,17.133547,8.889783,8.243763
367,17.127142,8.889812,8.2373295
368,17.12061,8.889794,8.230815
369,17.114197,8.889788,8.224409
370,17.108007,8.889804,8.2182045
371,17.101479,8.889782,8.211698
372,17.095076,8.88977,8.205305
373,17.08894,8.889771,8.199167
374,17.082544,8.889752,8.192793
375,17.076376,8.889742,8.186633
376,17.07016,8.88974,8.18042
377,17.064112,8.889768,8.174343
378,17.057808,8.8897705,8.168037
379,17.05188,8.889768,8.162112
380,17.045902,8.889747,8.156155
381,17.039925,8.889769,8.150156
382,17.033932,8.889744,8.144188
383,17.02808,8.889742,8.138338
384,17.022247,8.889724,8.132523
385,17.016323,8.889727,8.126596
386,17.010618,8.889713,8.120905
387,17.004725,8.889719,8.115005
388,16.998892,8.889698,8.109194
389,16.993366,8.889695,8.10367
390,16.987417,8.889721,8.097696
391,16.981808,8.889743,8.092065
392,16.976282,8.889755,8.086528
393,16.97074,8.889764,8.0809765
394,16.965076,8.88978,8.075296
395,16.959787,8.889777,8.07001
396,16.954193,8.889799,8.064394
397,16.948751,8.889822,8.058929
398,16.94335,8.889834,8.0535145
399,16.938055,8.889808,8.048246
400,16.93268,8.889835,8.042845
401,16.927326,8.889833,8.037493
402,16.921932,8.889826,8.032106
403,16.916685,8.889787,8.026899
404,16.91143,8.8898325,8.021597
405,16.906199,8.889822,8.016377
406,16.900965,8.889844,8.011122
407,16.8959,8.88986,8.006041
408,16.890732,8.889856,8.0008745
409,16.885727,8.889859,7.9958687
410,16.880598,8.889903,7.9906945
411,16.875689,8.889922,7.985766
412,16.870567,8.889891,7.980677
413,16.865652,8.8899145,7.9757376
414,16.860811,8.8899555,7.9708557
415,16.855944,8.889942,7.966001
416,16.850811,8.889951,7.9608603
417,16.845984,8.889938,7.9560456
418,16.841305,8.889928,7.951378
419,16.836494,8.8899555,7.9465394
420,16.831734,8.889975,7.9417586
421,16.82697,8.889984,7.936984
422,16.822357,8.889968,7.9323897
423,16.817629,8.889991,7.927638
424,16.813074,8.890018,7.9230547
425,16.80856,8.890052,7.918508
426,16.803778,8.890031,7.913747
427,16.799362,8.890046,7.909316
428,16.794804,8.890051,7.904752
429,16.7902,8.8900585,7.9001403
430,16.78573,8.890044,7.8956857
431,16.781168,8.890045,7.8911233
432,16.776579,8.890037,7.8865433
433,16.7723,8.890029,7.8822722
434,16.767984,8.890011,7.8779726
435,16.763685,8.890025,7.87366
436,16.759321,8.890011,7.869311
437,16.75483,8.890025,7.8648043
438,16.750772,8.890025,7.860747
439,16.746286,8.889981,7.856305
440,16.742167,8.889978,7.852188
441,16.737743,8.88998,7.847763
442,16.733522,8.889938,7.8435836
443,16.72936,8.889931,7.839429
444,16.725428,8.889916,7.8355117
445,16.721247,8.889953,7.8312936
446,16.717213,8.889932,7.827282
447,16.713118,8.889903,7.8232145
448,16.70898,8.889878,7.819102
449,16.705008,8.889863,7.8151436
450,16.70102,8.889848,7.811171
451,16.696941,8.889866,7.8070755
452,16.693026,8.889858,7.803167
453,16.68893,8.889835,7.799095
454,16.685291,8.889812,7.795479
455,16.681387,8.889767,7.791621
456,16.677494,8.889738,7.7877555
457,16.67351,8.889701,7.783808
458,16.669773,8.889687,7.7800875
459,16.665981,8.889678,7.7763023
460,16.66222,8.889653,7.7725663
461,16.658367,8.889577,7.7687902
462,16.654818,8.889545,7.7652726
463,16.651224,8.88952,7.7617044
464,16.647457,8.8895235,7.757933
465,16.643969,8.88948,7.754489
466,16.64016,8.88946,7.7507005
467,16.636562,8.889452,7.7471094
468,16.633081,8.889405,7.743675
469,16.629524,8.889389,7.740136
470,16.625925,8.889352,7.7365723
471,16.622406,8.889325,7.7330804
472,16.618986,8.889287,7.7296996
473,16.615406,8.889249,7.726157
474,16.611917,8.889208,7.7227097
475,16.60838,8.88915,7.7192297
476,16.605007,8.889111,7.7158966
477,16.60171,8.889076,7.7126327
478,16.5981,8.889041,7.7090592
479,16.594769,8.888952,7.7058153
480,16.591543,8.888912,7.7026305
481,16.588108,8.888864,7.699244
482,16.584787,8.888813,7.695974
483,16.58165,8.888779,7.692872
484,16.578148,8.888751,7.689396
485,16.57493,8.888677,7.6862535
486,16.57183,8.888659,7.6831727
487,16.568632,8.888604,7.680028
488,16.565506,8.888542,7.6769648
489,16.562271,8.888499,7.673771
490,16.559158,8.888433,7.670724
491,16.555954,8.888369,7.667585
492,16.553015,8.888294,7.6647215
493,16.549795,8.88823,7.661565
494,16.546661,8.888166,7.658496
495,16.543644,8.888098,7.6555457
496,16.540487,8.88806,7.6524277
497,16.537642,8.888031,7.64961
498,16.534586,8.8879595,7.6466265
499,16.531612,8.887853,7.6437597
500,16.528557,8.887777,7.6407804
501,16.525606,8.88773,7.637876
502,16.522673,8.887623,7.635051
503,16.519796,8.887543,7.632254
504,16.5169,8.8874445,7.629454
505,16.514128,8.887364,7.626764
506,16.511333,8.887229,7.624105
507,16.50823,8.887145,7.6210847
508,16.50556,8.887048,7.618511
509,16.50271,8.886997,7.6157126
510,16.49989,8.886908,7.6129813
511,16.497068,8.886821,7.6102476
512,16.494326,8.886712,7.6076136
513,16.49149,8.88662,7.60487
514,16.48891,8.886534,7.6023774
515,16.48613,8.886428,7.599702
516,16.483438,8.886324,7.5971146
517,16.480742,8.886225,7.5945177
518,16.477894,8.886129,7.5917635
519,16.475363,8.886001,7.5893617
520,16.472483,8.885865,7.5866175
521,16.470057,8.885757,7.5843
522,16.467396,8.885647,7.581749
523,16.464739,8.88554,7.5791993
524,16.46231,8.885446,7.576865
525,16.459694,8.885351,7.574342
526,16.457058,8.885246,7.5718107
527,16.454521,8.885119,7.569401
528,16.452145,8.885023,7.5671225
529,16.449488,8.884917,7.5645704
530,16.447079,8.88478,7.562298
531,16.444489,8.884649,7.559839
532,16.442062,8.884513,7.5575485
533,16.439735,8.884405,7.5553293
534,16.437105,8.884291,7.5528154
535,16.434742,8.884148,7.5505943
536,16.432291,8.884,7.548291
537,16.429926,8.883889,7.546036
538,16.42752,8.883758,7.543762
539,16.425182,8.883637,7.5415444
540,16.422873,8.883492,7.53938
541,16.420532,8.8833685,7.5371637
542,16.418085,8.883202,7.534884
543,16.415804,8.883087,7.532717
544,16.413467,8.882959,7.530507
545,16.411144,8.8828125,7.5283318
546,16.408876,8.882653,7.5262237
547,16.406576,8.882498,7.5240784
548,16.404243,8.882351,7.5218925
549,16.402088,8.882209,7.51988
550,16.399694,8.882089,7.5176063
551,16.39756,8.881946,7.5156145
552,16.395382,8.881777,7.5136046
553,16.393135,8.881621,7.511514
554,16.390965,8.881449,7.5095153
555,16.388742,8.881313,7.5074286
556,16.386744,8.881164,7.5055795
557,16.384508,8.880985,7.503522
558,16.382277,8.88081,7.501467
559,16.380205,8.880686,7.4995193
560,16.378155,8.880525,7.4976296
561,16.375916,8.880316,7.495599
562,16.373833,8.880152,7.4936814
563,16.371752,8.879994,7.4917574
564,16.36978,8.879818,7.4899607
565,16.367533,8.879626,7.4879065
566,16.365469,8.879436,7.4860334
567,16.363592,8.879263,7.484329
568,16.36147,8.879104,7.4823656
569,16.35945,8.878929,7.4805207
570,16.357372,8.878785,7.478587
571,16.355564,8.878604,7.476959
572,16.353514,8.878435,7.4750786
573,16.351562,8.878255,7.473307
574,16.349571,8.878091,7.4714804
575,16.347513,8.877891,7.469622
576,16.345718,8.877723,7.4679947
577,16.343586,8.877512,7.4660735
578,16.341724,8.877333,7.4643908
579,16.339779,8.877108,7.462671
580,16.33793,8.876899,7.4610314
581,16.335836,8.876706,7.4591293
582,16.334063,8.87648,7.457582
583,16.332163,8.876333,7.4558306
584,16.330141,8.876141,7.454001
585,16.328316,8.875945,7.4523697
586,16.326532,8.875719,7.4508123
587,16.324764,8.875524,7.4492407
588,16.322823,8.875288,7.447534
589,16.321117,8.875078,7.4460387
590,16.3192,8.874862,7.4443398
591,16.31736,8.874659,7.4427023
592,16.31578,8.874438,7.4413424
593,16.313856,8.874249,7.4396067
594,16.31205,8.874059,7.4379907
595,16.310118,8.873837,7.4362803
596,16.308548,8.873612,7.434935
597,16.3068,8.873374,7.433427
598,16.304783,8.873172,7.431611
599,16.303137,8.872965,7.430173
600,16.301477,8.872724,7.428753
601,16.299683,8.872521,7.4271607
602,16.297983,8.872294,7.4256883
603,16.296225,8.872075,7.4241486
604,16.294638,8.871862,7.4227753
605,16.29289,8.87162,7.42127
606,16.29137,8.871372,7.419997
607,16.289547,8.871113,7.418434
608,16.287937,8.870875,7.417061
609,16.286266,8.870606,7.415661
610,16.284502,8.870392,7.4141097
611,16.282904,8.870133,7.4127703
612,16.281202,8.86991,7.4112916
613,16.27956,8.869663,7.409898
614,16.27797,8.869414,7.408554
615,16.276255,8.869139,7.407115
616,16.274715,8.868917,7.4057984
617,16.273039,8.868648,7.4043913
618,16.27148,8.868396,7.4030848
619,16.26974,8.868152,7.4015875
620,16.268177,8.867903,7.400274
621,16.266785,8.867653,7.399131
622,16.265026,8.867392,7.3976355
623,16.263464,8.867171,7.3962927
624,16.262032,8.86692,7.395111
625,16.260416,8.866658,7.3937583
626,16.258787,8.86639,7.3923965
627,16.257048,8.866126,7.390921
628,16.255688,8.8658495,7.3898377
629,16.254194,8.86557,7.3886247
630,16.252562,8.865299,7.387263
631,16.251112,8.865009,7.386102
632,16.249666,8.86473,7.3849363
633,16.248028,8.8644705,7.383558
634,16.246462,8.864155,7.3823066
635,16.245045,8.863893,7.381152
636,16.243515,8.863624,7.379892
637,16.242067,8.863375,7.3786926
638,16.240528,8.86309,7.377439
639,16.239119,8.86282,7.3762994
640,16.237555,8.862538,7.375016
641,16.236069,8.862245,7.373825
642,16.234674,8.862004,7.37267
643,16.233343,8.861706,7.3716364
644,16.231743,8.861438,7.370305
645,16.230322,8.861105,7.369217
646,16.228716,8.860808,7.367907
647,16.22731,8.860553,7.366758
648,16.225985,8.860294,7.3656907
649,16.22449,8.860016,7.364474
650,16.223093,8.859727,7.363366
651,16.22182,8.859412,7.3624086
652,16.220188,8.859091,7.361097
653,16.218832,8.858784,7.3600473
654,16.217474,8.858527,7.3589463
655,16.215994,8.858248,7.357745
656,16.214727,8.857929,7.3567986
657,16.21327,8.857623,7.3556466
658,16.211819,8.857334,7.3544846
659,16.210491,8.857038,7.3534536
660,16.20911,8.856741,7.3523703
661,16.20781,8.856398,7.3514113
662,16.206291,8.856104,7.350187
663,16.204973,8.855814,7.34916
664,16.203688,8.855507,7.3481803
665,16.202183,8.855203,7.34698
666,16.200974,8.854895,7.34608
667,16.19955,8.854588,7.344963
668,16.198292,8.854278,7.344014
669,16.196793,8.853941,7.342852
670,16.195518,8.853605,7.3419137
671,16.194294,8.853281,7.3410125
672,16.192795,8.852964,7.3398314
673,16.191576,8.852654,7.338922
674,16.190247,8.852334,7.3379135
675,16.188868,8.852024,7.336844
676,16.187548,8.851707,7.3358407
677,16.186186,8.851367,7.3348184
678,16.184887,8.851027,7.333861
679,16.1836,8.850721,7.332879
680,16.18225,8.8503895,7.3318586
681,16.18106,8.850031,7.3310304
682,16.179691,8.849669,7.330022
683,16.17829,8.84935,7.32894
684,16.177065,8.8490095,7.3280554
685,16.175869,8.848709,7.327159
686,16.174696,8.848342,7.3263535
687,16.173357,8.848005,7.3253527
688,16.172039,8.847656,7.324383
689,16.170795,8.847322,7.323474
690,16.169508,8.846969,7.3225393
691,16.168161,8.846621,7.321542
692,16.166903,8.846288,7.320615
693,16.165699,8.845942,7.319757
694,16.16436,8.845615,7.3187447
695,16.163145,8.845297,7.317848
696,16.161829,8.844944,7.316886
697,16.16075,8.844589,7.3161607
698,16.159372,8.844252,7.3151197
699,16.158094,8.843896,7.3141975
700,16.15691,8.843522,7.3133874
701,16.155596,8.84319,7.3124046
702,16.154512,8.842829,7.3116837
703,16.15329,8.84248,7.310811
704,16.151955,8.842142,7.309813
705,16.150711,8.841769,7.308942
706,16.149475,8.841421,7.3080544
707,16.148336,8.841019,7.307318
708,16.147154,8.840679,7.3064756
709,16.145844,8.840333,7.30551
710,16.14465,8.839938,7.304712
711,16.143385,8.839569,7.3038163
712,16.142105,8.839205,7.3029
713,16.140945,8.838846,7.3020997
714,16.13977,8.838462,7.3013077
715,16.13853,8.838075,7.3004556
716,16.137335,8.837722,7.2996125
717,16.13614,8.837336,7.298806
718,16.134964,8.836958,7.2980056
719,16.133684,8.836592,7.2970934
720,16.132622,8.836241,7.2963805
721,16.13126,8.835888,7.295372
722,16.13006,8.835502,7.2945595
723,16.129015,8.83511,7.293905
724,16.127768,8.834711,7.2930574
725,16.126476,8.834327,7.2921486
726,16.125326,8.833926,7.2913995
727,16.124193,8.833577,7.290616
728,16.123014,8.833217,7.289798
729,16.12185,8.832848,7.2890015
730,16.120607,8.832475,7.288133
731,16.119461,8.832077,7.287384
732,16.118238,8.831673,7.2865653
733,16.117014,8.831289,7.2857246
734,16.115925,8.830892,7.2850327
735,16.114918,8.830515,7.2844024
736,16.113686,8.830103,7.2835836
737,16.11254,8.829699,7.2828407
738,16.1114,8.8293495,7.282051
739,16.11009,8.828951,7.2811384
740,16.108892,8.828525,7.2803674
741,16.107874,8.828116,7.2797575
742,16.106657,8.827745,7.2789125
743,16.105509,8.827344,7.278165
744,16.104397,8.826968,7.277429
745,16.103188,8.82659,7.2765975
746,16.102085,8.826179,7.275907
747,16.100962,8.825801,7.275161
748,16.099697,8.82536,7.2743363
749,16.098629,8.824987,7.273641
750,16.097466,8.824574,7.2728906
751,16.096224,8.824185,7.272039
752,16.095139,8.823776,7.2713623
753,16.094059,8.823341,7.2707176
754,16.09287,8.822945,7.2699256
755,16.091742,8.82253,7.2692122
756,16.090431,8.822094,7.268338
757,16.089367,8.821683,7.2676835
758,16.088343,8.821269,7.267073
759,16.087095,8.820838,7.266257
760,16.085985,8.82043,7.2655554
761,16.084854,8.820031,7.2648225
762,16.083685,8.819629,7.264056
763,16.082642,8.819204,7.2634377
764,16.081453,8.8188305,7.262623
765,16.08044,8.81841,7.2620316
766,16.079088,8.817988,7.2611
767,16.078081,8.817566,7.260516
768,16.076979,8.817135,7.2598433
769,16.07581,8.816735,7.259075
770,16.074785,8.816335,7.258451
771,16.07363,8.815904,7.257726
772,16.072346,8.815467,7.256879
773,16.07125,8.815028,7.256223
774,16.070137,8.814606,7.2555313
775,16.068903,8.814163,7.25474
776,16.067957,8.813755,7.254201
777,16.06675,8.813325,7.2534246
778,16.06567,8.81291,7.252761
779,16.06442,8.812484,7.2519364
780,16.06351,8.812053,7.2514586
781,16.062294,8.811624,7.2506704
782,16.061098,8.811188,7.24991
783,16.060005,8.8107815,7.2492247
784,16.058926,8.810372,7.248553
785,16.0578,8.809929,7.2478714
786,16.05678,8.809497,7.247284
787,16.055504,8.809086,7.246419
788,16.054417,8.808638,7.2457786
789,16.05347,8.808225,7.245247
790,16.052317,8.807785,7.2445326
791,16.051188,8.807346,7.243842
792,16.05001,8.806897,7.2431135
793,16.04894,8.806462,7.2424784
794,16.047728,8.806032,7.2416945
795,16.046747,8.805602,7.241145
796,16.045597,8.80517,7.2404265
797,16.04456,8.80475,7.23981
798,16.043266,8.8043,7.2389665
799,16.042236,8.803829,7.238408
800,16.041035,8.8034,7.2376356
801,16.04004,8.802955,7.2370834
802,16.039001,8.802529,7.2364717
803,16.037762,8.8020735,7.2356873
804,16.036583,8.801645,7.234937
805,16.035427,8.801215,7.2342124
806,16.034437,8.800756,7.2336807
807,16.033352,8.8003025,7.2330484
808,16.032366,8.799848,7.232518
809,16.031235,8.799389,7.231846
810,16.029985,8.798961,7.2310243
811,16.028954,8.79853,7.230423
812,16.027802,8.798083,7.229718
813,16.026693,8.797623,7.2290716
814,16.02565,8.797208,7.228442
815,16.02452,8.796754,7.2277665
816,16.023365,8.796281,7.2270837
817,16.022406,8.795852,7.226555
818,16.021227,8.795418,7.2258086
819,16.020102,8.794977,7.2251244
820,16.019003,8.794539,7.224463
821,16.017845,8.794092,7.2237535
822,16.016777,8.793624,7.223153
823,16.015682,8.793178,7.2225037
824,16.014599,8.792737,7.221863
825,16.01348,8.792303,7.221176
826,16.012468,8.791835,7.220633
827,16.011288,8.791363,7.219925
828,16.010248,8.790901,7.2193465
829,16.009054,8.790462,7.2185926
830,16.007963,8.79001,7.2179527
831,16.006952,8.789558,7.217395
832,16.00582,8.789109,7.2167106
833,16.004631,8.788644,7.215988
834,16.003704,8.788208,7.215496
835,16.002565,8.787742,7.2148237
836,16.001368,8.787274,7.2140937
837,16.00021,8.786829,7.2133803
838,15.999035,8.786378,7.2126565
839,15.998126,8.785921,7.212205
840,15.997167,8.785462,7.2117043
841,15.995926,8.785037,7.210889
842,15.994658,8.784575,7.210083
843,15.993784,8.784105,7.2096786
844,15.992576,8.783637,7.2089386
845,15.991679,8.783176,7.2085023
846,15.990598,8.782715,7.207883
847,15.989284,8.782268,7.207016
848,15.988295,8.781798,7.2064962
849,15.987205,8.78135,7.205854
850,15.986271,8.780927,7.205344
851,15.984997,8.780437,7.2045593
852,15.983957,8.779985,7.203972
853,15.98284,8.779515,7.203325
854,15.981705,8.779071,7.2026343
855,15.980591,8.778618,7.201973
856,15.979644,8.778175,7.2014685
857,15.978663,8.777676,7.200988
858,15.977494,8.777214,7.20028
859,15.976278,8.7767725,7.199506
860,15.975146,8.776319,7.198828
861,15.974075,8.775858,7.198217
862,15.972898,8.775417,7.19748
863,15.971947,8.7749605,7.196986
864,15.9708805,8.774517,7.196363
865,15.969823,8.774057,7.1957655
866,15.968833,8.773593,7.19524
867,15.967656,8.773126,7.1945305
868,15.966647,8.772662,7.193985
869,15.965473,8.772226,7.1932464
870,15.964303,8.77175,7.192553
871,15.963316,8.7712965,7.1920195
872,15.962173,8.770849,7.1913238
873,15.961131,8.770395,7.190736
874,15.960084,8.769935,7.190149
875,15.95894,8.7695055,7.189434
876,15.9578085,8.769035,7.1887727
877,15.9567175,8.76859,7.188128
878,15.955687,8.768139,7.187547
879,15.954585,8.7676735,7.1869116
880,15.953441,8.767227,7.186213
881,15.952373,8.76676,7.1856127
882,15.951287,8.766342,7.1849456
883,15.950195,8.765892,7.1843033
884,15.949161,8.765419,7.183741
885,15.948068,8.76496,7.183107
886,15.947065,8.764487,7.1825776
887,15.945972,8.764047,7.1819253
888,15.944864,8.763587,7.1812773
889,15.94376,8.763116,7.180644
890,15.942675,8.76266,7.180014
891,15.941682,8.762207,7.1794753
892,15.940486,8.761757,7.178729
893,15.939366,8.761289,7.1780777
894,15.938382,8.760859,7.177523
895,15.937336,8.760398,7.1769385
896,15.936218,8.75995,7.176268
897,15.93507,8.759501,7.175569
898,15.934223,8.759056,7.175167
899,15.933043,8.758601,7.1744413
900,15.931951,8.7581625,7.1737876
901,15.930921,8.757698,7.1732225
902,15.929726,8.757254,7.1724725
903,15.928518,8.756788,7.17173
904,15.927456,8.756347,7.171109
905,15.926443,8.7558975,7.170545
906,15.925462,8.755432,7.1700296
907,15.924365,8.75498,7.169385
908,15.923245,8.754532,7.168714
909,15.922162,8.754078,7.1680846
910,15.921175,8.753628,7.1675467
911,15.91999,8.753168,7.1668215
912,15.918798,8.752725,7.166074
913,15.917842,8.752275,7.165567
914,15.916837,8.751812,7.1650248
915,15.915676,8.751383,7.164294
916,15.914591,8.750895,7.1636963
917,15.913541,8.750458,7.163083
918,15.9125595,8.750013,7.1625466
919,15.911398,8.749552,7.161846
920,15.910231,8.749096,7.1611342
921,15.909308,8.748639,7.160669
922,15.90817,8.74821,7.1599593
923,15.90705,8.747783,7.1592674
924,15.905998,8.747316,7.1586823
925,15.905011,8.746877,7.1581345
926,15.903878,8.746438,7.15744
927,15.902856,8.745993,7.1568627
928,15.901848,8.745544,7.1563034
929,15.900744,8.745077,7.1556673
930,15.899445,8.744628,7.1548166
931,15.898431,8.7441845,7.1542463
932,15.897503,8.7437525,7.1537504
933,15.896352,8.743309,7.153043
934,15.895323,8.7428665,7.152456
935,15.894359,8.742412,7.151947
936,15.8929615,8.741994,7.1509676
937,15.892026,8.741531,7.1504946
938,15.890978,8.741103,7.149874
939,15.889908,8.7406645,7.1492434
940,15.88888,8.740235,7.1486444
941,15.887739,8.73979,7.147949
942,15.886697,8.73935,7.1473465
943,15.885614,8.738909,7.1467056
944,15.884635,8.73844,7.146196
945,15.8835745,8.737996,7.145579
946,15.882431,8.737561,7.14487
947,15.88131,8.737136,7.144174
948,15.880199,8.736688,7.143512
949,15.87918,8.736251,7.142929
950,15.87797,8.735809,7.14216
951,15.876986,8.735383,7.141603
952,15.8760605,8.734928,7.1411324
953,15.874847,8.734498,7.1403494
954,15.873719,8.734061,7.1396575
955,15.872759,8.733647,7.1391115
956,15.871643,8.733181,7.138462
957,15.87053,8.732767,7.1377625
958,15.869567,8.732334,7.1372323
959,15.868517,8.731898,7.1366186
960,15.867505,8.731445,7.1360598
961,15.866308,8.7310295,7.135278
962,15.865154,8.730599,7.134555
963,15.86416,8.730174,7.133986
964,15.862946,8.729726,7.1332197
965,15.861982,8.729297,7.1326857
966,15.860805,8.728858,7.1319466
967,15.85974,8.728428,7.1313124
968,15.858793,8.727988,7.1308045
969,15.857782,8.727565,7.130217
970,15.856603,8.727138,7.1294646
971,15.855373,8.726693,7.1286798
972,15.854479,8.726267,7.128212
973,15.853249,8.725823,7.1274247
974,15.852196,8.725404,7.126792
975,15.851147,8.724996,7.126151
976,15.850122,8.724556,7.125566
977,15.849033,8.724126,7.1249075
978,15.8478775,8.723669,7.124208
979,15.84677,8.723261,7.1235094
980,15.845758,8.722846,7.122912
981,15.844794,8.72244,7.122354
982,15.843748,8.721991,7.1217575
983,15.842583,8.721565,7.1210175
984,15.84144,8.721135,7.120305
985,15.84046,8.720731,7.1197295
986,15.839273,8.720288,7.118985
987,15.838296,8.719877,7.118418
988,15.837277,8.719436,7.1178412
989,15.836081,8.719026,7.117055
990,15.835022,8.718591,7.116431
991,15.833919,8.7181635,7.1157556
992,15.832894,8.717754,7.11514
993,15.8318205,8.717331,7.1144896
994,15.830792,8.716902,7.11389
995,15.8295965,8.716475,7.1131225
996,15.828457,8.716054,7.112403
997,15.827469,8.715615,7.1118536
998,15.826325,8.715186,7.11114
999,15.825377,8.714745,7.110633
1000,15.824239,8.71433,7.109909
1001,15.823204,8.713904,7.1093
1002,15.822165,8.713484,7.1086807
1003,15.821012,8.713072,7.1079397
1004,15.819918,8.71263,7.1072874
1005,15.818748,8.712237,7.106511
1006,15.817737,8.711826,7.1059103
1007,15.816638,8.71142,7.105218
1008,15.8156,8.710997,7.104604
1009,15.814465,8.710579,7.1038857
1010,15.813326,8.710187,7.103139
1011,15.812295,8.709762,7.102533
1012,15.811187,8.709345,7.1018424
1013,15.8101425,8.7089205,7.101222
1014,15.809014,8.708496,7.1005187
1015,15.807898,8.708076,7.099822
1016,15.806857,8.707671,7.099186
1017,15.8059635,8.707258,7.0987053
1018,15.804701,8.706841,7.0978594
1019,15.803553,8.706426,7.097127
1020,15.802551,8.706015,7.096536
1021,15.801564,8.705599,7.0959654
1022,15.80038,8.705206,7.0951743
1023,15.799206,8.704801,7.0944047
1024,15.798,8.70439,7.0936112
1025,15.797219,8.703976,7.0932436
1026,15.796031,8.7035475,7.0924835
1027,15.794887,8.703132,7.091755
1028,15.793806,8.702722,7.0910845
1029,15.79278,8.702324,7.0904555
1030,15.791742,8.701933,7.0898094
1031,15.790569,8.701495,7.089074
1032,15.78946,8.701094,7.0883665
1033,15.788436,8.700687,7.087748
1034,15.787345,8.700293,7.087053
1035,15.786256,8.699872,7.086384
1036,15.785148,8.69948,7.0856676
1037,15.784108,8.699071,7.085037
1038,15.7829075,8.698658,7.08425
1039,15.781877,8.698263,7.083613
1040,15.780605,8.697841,7.082765
1041,15.77964,8.697439,7.0822005
1042,15.778649,8.697035,7.081614
1043,15.777474,8.696624,7.080851
1044,15.77633,8.696224,7.080106
1045,15.775257,8.695813,7.079444
1046,15.774189,8.695421,7.0787683
1047,15.773121,8.695025,7.078096
1048,15.77197,8.694611,7.0773597
1049,15.770866,8.694235,7.076631
1050,15.769784,8.693819,7.075965
1051,15.768672,8.693423,7.0752487
1052,15.767624,8.693017,7.074607
1053,15.766435,8.692642,7.0737925
1054,15.765326,8.692212,7.0731134
1055,15.764351,8.691819,7.0725317
1056,15.763241,8.691421,7.0718203
1057,15.762098,8.691031,7.071067
1058,15.760979,8.690631,7.070348
1059,15.759919,8.690243,7.0696764
1060,15.758781,8.689853,7.0689287
1061,15.757657,8.689457,7.0682
1062,15.756624,8.689078,7.067546
1063,15.755552,8.688688,7.066864
1064,15.754394,8.6882715,7.0661216
1065,15.753257,8.687871,7.0653853
1066,15.752077,8.687493,7.064584
1067,15.751145,8.687108,7.0640373
1068,15.749971,8.686688,7.063283
1069,15.74891,8.686279,7.0626307
1070,15.747805,8.685906,7.0618987
1071,15.746668,8.685491,7.0611777
1072,15.745368,8.685101,7.060267
1073,15.744396,8.684714,7.059682
1074,15.743353,8.684345,7.059008
1075,15.742177,8.683947,7.0582304
1076,15.741179,8.683562,7.057617
1077,15.739861,8.683165,7.0566955
1078,15.738977,8.682775,7.056203
1079,15.73778,8.682357,7.055423
1080,15.736648,8.681972,7.054676
1081,15.735398,8.681585,7.0538125
1082,15.734349,8.6812,7.0531487
1083,15.733343,8.680822,7.0525208
1084,15.732187,8.680432,7.051755
1085,15.7310505,8.680042,7.0510077
1086,15.729979,8.679669,7.050309
1087,15.728829,8.679277,7.049552
1088,15.727635,8.678876,7.0487595
1089,15.726581,8.678502,7.048079
1090,15.725412,8.678117,7.0472956
1091,15.724298,8.677729,7.0465684
1092,15.723083,8.677336,7.045747
1093,15.722052,8.676956,7.045095
1094,15.720822,8.676575,7.0442476
1095,15.719757,8.676219,7.043538
1096,15.718794,8.675841,7.0429525
1097,15.717581,8.675443,7.0421386
1098,15.71644,8.675056,7.0413833
1099,15.715318,8.674684,7.040634
1100,15.714202,8.674305,7.0398965
1101,15.713136,8.673926,7.039209
1102,15.712043,8.673547,7.0384965
1103,15.710844,8.673181,7.037664
1104,15.709756,8.672807,7.036949
1105,15.708606,8.672439,7.036167
1106,15.707426,8.672067,7.0353594
1107,15.706324,8.671666,7.0346575
1108,15.705187,8.67128,7.0339065
1109,15.704037,8.670894,7.0331435
1110,15.702935,8.670512,7.0324235
1111,15.7018175,8.670121,7.0316963
1112,15.700444,8.669761,7.030684
1113,15.699597,8.6693735,7.030224
1114,15.698456,8.6690035,7.029452
1115,15.697307,8.668645,7.0286613
1116,15.696161,8.668252,7.0279093
1117,15.694927,8.667858,7.027069
1118,15.693876,8.667478,7.0263987
1119,15.692811,8.667115,7.025696
1120,15.691567,8.666729,7.0248384
1121,15.690484,8.666382,7.024102
1122,15.689268,8.665989,7.0232787
1123,15.688201,8.665626,7.0225754
1124,15.686989,8.665259,7.0217295
1125,15.685824,8.664897,7.0209274
1126,15.684728,8.66453,7.0201974
1127,15.683667,8.66416,7.019507
1128,15.682462,8.663784,7.0186777
1129,15.681298,8.663431,7.017867
1130,15.680235,8.663069,7.017166
1131,15.679086,8.662692,7.016394
1132,15.677921,8.662328,7.015593
1133,15.676863,8.661952,7.0149107
1134,15.675697,8.661578,7.014119
1135,15.674496,8.661231,7.0132647
1136,15.673259,8.660857,7.0124016
1137,15.672145,8.660494,7.011651
1138,15.670987,8.660116,7.010871
1139,15.669908,8.659761,7.010146
1140,15.668707,8.659405,7.0093017
1141,15.667486,8.659051,7.0084352
1142,15.666233,8.658662,7.007571
1143,15.665238,8.658308,7.0069304
1144,15.664165,8.657939,7.0062256
1145,15.662853,8.657575,7.005278
1146,15.661675,8.657215,7.004461
1147,15.660616,8.656844,7.003772
1148,15.659419,8.656495,7.0029235
1149,15.658271,8.656119,7.0021515
1150,15.657106,8.655761,7.001345
1151,15.655985,8.655393,7.000592
1152,15.654803,8.65502,6.9997835
1153,15.65375,8.654659,6.999091
1154,15.652566,8.654315,6.9982514
1155,15.651407,8.653956,6.9974504
1156,15.650189,8.653577,6.9966125
1157,15.649126,8.653239,6.9958863
1158,15.647765,8.652862,6.9949036
1159,15.646626,8.652476,6.9941497
1160,15.645503,8.652145,6.9933577
1161,15.644382,8.651781,6.992601
1162,15.643172,8.65143,6.991742
1163,15.641998,8.651061,6.990937
1164,15.6407385,8.650703,6.9900346
1165,15.639601,8.650365,6.989236
1166,15.638376,8.65001,6.9883666
1167,15.637287,8.649667,6.9876204
1168,15.636125,8.649307,6.9868174
1169,15.635006,8.648957,6.9860487
1170,15.633742,8.648575,6.985167
1171,15.632698,8.64821,6.984488
1172,15.631474,8.647866,6.9836073
1173,15.630203,8.647519,6.982684
1174,15.629033,8.647175,6.9818583
1175,15.627831,8.646813,6.981018
1176,15.626667,8.64647,6.980197
1177,15.625461,8.646112,6.9793487
1178,15.624271,8.64576,6.978512
1179,15.623185,8.6454115,6.977774
1180,15.622001,8.645029,6.9769716
1181,15.6207695,8.64468,6.9760895
1182,15.619626,8.644344,6.9752817
1183,15.618389,8.644004,6.9743853
1184,15.617163,8.64365,6.973512
1185,15.61612,8.643321,6.9728
1186,15.614731,8.64297,6.9717607
1187,15.613598,8.642618,6.97098
1188,15.612465,8.642271,6.9701934
1189,15.611388,8.641933,6.969455
1190,15.6099825,8.641586,6.968396
1191,15.608926,8.641233,6.9676924
1192,15.607781,8.6409025,6.9668794
1193,15.606572,8.640554,6.9660177
1194,15.605338,8.6402235,6.9651146
1195,15.604043,8.639874,6.9641685
1196,15.60293,8.639531,6.9633994
1197,15.601585,8.639192,6.9623938
1198,15.600503,8.638817,6.9616866
1199,15.599253,8.638465,6.960788
1200,15.59804,8.6381235,6.9599166
1201,15.596941,8.637775,6.959165
1202,15.595753,8.637448,6.9583044
1203,15.594505,8.6370945,6.9574103
1204,15.593112,8.636757,6.956355
1205,15.592258,8.636428,6.9558306
1206,15.590921,8.636102,6.95482
1207,15.589745,8.635758,6.953986
1208,15.5885515,8.635424,6.953128
1209,15.587112,8.635077,6.952035
1210,15.5860615,8.634764,6.9512978
1211,15.584689,8.634417,6.9502726
1212,15.583799,8.634072,6.949727
1213,15.582531,8.633741,6.94879
1214,15.58133,8.633398,6.9479322
1215,15.579956,8.633072,6.946884
1216,15.5789,8.632734,6.9461656
1217,15.577598,8.632412,6.9451857
1218,15.576309,8.632062,6.9442472
1219,15.575095,8.631748,6.943347
1220,15.573917,8.631414,6.9425035
1221,15.572683,8.631087,6.941596
1222,15.571511,8.630752,6.940759
1223,15.570297,8.630414,6.939883
1224,15.569125,8.630092,6.9390335
1225,15.567807,8.629729,6.9380774
1226,15.566545,8.629391,6.937154
1227,15.56538,8.629054,6.9363265
1228,15.564101,8.628727,6.9353743
1229,15.562813,8.628408,6.934404
1230,15.561688,8.628056,6.933633
1231,15.560484,8.627752,6.9327316
1232,15.559239,8.627434,6.931806
1233,15.557991,8.627101,6.93089
1234,15.55668,8.626764,6.929915
1235,15.555551,8.626429,6.9291215
1236,15.554252,8.626083,6.9281683
1237,15.5531225,8.625793,6.927329
1238,15.551732,8.625448,6.9262834
1239,15.550562,8.625121,6.925441
1240,15.549254,8.624793,6.9244614
1241,15.548103,8.624457,6.923646
1242,15.546845,8.624138,6.9227076
1243,15.545613,8.623824,6.9217887
1244,15.544192,8.623499,6.9206934
1245,15.543104,8.6231575,6.919946
1246,15.541826,8.62283,6.918996
1247,15.54058,8.622514,6.9180655
1248,15.539435,8.62219,6.917245
1249,15.538141,8.621871,6.9162703
1250,15.536877,8.621551,6.9153266
1251,15.53561,8.621212,6.914398
1252,15.534337,8.620883,6.9134536
1253,15.5330925,8.620565,6.9125276
1254,15.5318985,8.620254,6.9116454
1255,15.530654,8.619953,6.910701
1256,15.529258,8.619613,6.909645
1257,15.528083,8.619306,6.9087777
1258,15.526785,8.61897,6.9078155
1259,15.525629,8.618642,6.906987
1260,15.524285,8.618309,6.9059763
1261,15.523025,8.617996,6.9050283
1262,15.52164,8.617686,6.9039536
1263,15.52051,8.617373,6.9031363
1264,15.519358,8.617045,6.902312
1265,15.518084,8.616726,6.901358
1266,15.516674,8.616417,6.900257
1267,15.515404,8.616094,6.89931
1268,15.514304,8.6157875,6.8985167
1269,15.512788,8.615478,6.89731
1270,15.511684,8.615148,6.896537
1271,15.51034,8.614833,6.895507
1272,15.509083,8.614519,6.894564
1273,15.50784,8.614182,6.8936577
1274,15.506546,8.613866,6.89268
1275,15.505254,8.613551,6.891703
1276,15.504013,8.613254,6.89076
1277,15.502574,8.612936,6.889638
1278,15.501376,8.612632,6.8887444
1279,15.500164,8.612329,6.8878355
1280,15.49895,8.611997,6.886954
1281,15.497444,8.611691,6.885752
1282,15.496354,8.611398,6.8849564
1283,15.494891,8.611092,6.8837996
1284,15.493644,8.61077,6.8828735
1285,15.49245,8.610469,6.881981
1286,15.491083,8.610156,6.880927
1287,15.489908,8.609846,6.880062
1288,15.488584,8.609545,6.879039
1289,15.487206,8.60922,6.877987
1290,15.48603,8.608894,6.8771353
1291,15.484674,8.608597,6.876078
1292,15.483358,8.608293,6.875066
1293,15.482115,8.607995,6.87412
1294,15.480814,8.60768,6.8731337
1295,15.479438,8.607368,6.8720694
1296,15.478267,8.607067,6.8711996
1297,15.47686,8.606774,6.8700857
1298,15.475509,8.606483,6.869025
1299,15.474343,8.606176,6.8681664
1300,15.472931,8.605899,6.867032
1301,15.47157,8.60558,6.8659897
1302,15.470399,8.605296,6.8651023
1303,15.469019,8.604982,6.8640366
1304,15.467741,8.604668,6.863074
1305,15.466499,8.604368,6.8621316
1306,15.46501,8.604056,6.8609533
1307,15.46379,8.603758,6.860032
1308,15.462649,8.603463,6.8591857
1309,15.461169,8.603163,6.8580065
1310,15.459883,8.602874,6.8570085
1311,15.458665,8.602568,6.856097
1312,15.457169,8.602251,6.854918
1313,15.455827,8.601952,6.853875
1314,15.454615,8.60167,6.8529444
1315,15.453317,8.60137,6.851947
1316,15.452055,8.601065,6.8509903
1317,15.4505415,8.600742,6.849799
1318,15.449369,8.600474,6.8488946
1319,15.448036,8.600167,6.847869
1320,15.4466305,8.599862,6.8467684
1321,15.445363,8.59956,6.8458037
1322,15.443935,8.599244,6.844691
1323,15.442848,8.598956,6.843892
1324,15.441443,8.598658,6.8427863
1325,15.440074,8.598372,6.8417015
1326,15.4387,8.598083,6.840617
1327,15.437364,8.597784,6.8395796
1328,15.435991,8.597498,6.8384933
1329,15.434708,8.597216,6.8374915
1330,15.433304,8.596914,6.836389
1331,15.431819,8.596615,6.8352036
1332,15.430575,8.596325,6.8342505
1333,15.429279,8.596022,6.833258
1334,15.427965,8.595742,6.8322234
1335,15.426514,8.595442,6.8310714
1336,15.425278,8.595173,6.830105
1337,15.423996,8.5948715,6.8291245
1338,15.422577,8.594576,6.8280005
1339,15.421217,8.594293,6.8269243
1340,15.419787,8.594004,6.8257837
1341,15.418439,8.593725,6.8247137
1342,15.417164,8.593415,6.8237486
1343,15.415805,8.593125,6.822679
1344,15.414366,8.59285,6.8215165
1345,15.413039,8.592576,6.8204637
1346,15.411641,8.592285,6.819356
1347,15.410259,8.591971,6.818288
1348,15.408999,8.591709,6.8172903
1349,15.4076185,8.591431,6.816188
1350,15.4062,8.591134,6.8150663
1351,15.404811,8.590849,6.813962
1352,15.403536,8.59056,6.812976
1353,15.402137,8.590266,6.8118706
1354,15.400933,8.589993,6.810941
1355,15.399546,8.589726,6.809819
1356,15.398136,8.58943,6.808706
1357,15.396774,8.589133,6.807641
1358,15.395316,8.588842,6.8064737
1359,15.393899,8.588567,6.805332
1360,15.392572,8.588267,6.804305
1361,15.391172,8.587988,6.8031845
1362,15.389738,8.587728,6.8020105
1363,15.388448,8.587449,6.8009987
1364,15.387142,8.587163,6.799979
1365,15.385631,8.586872,6.7987585
1366,15.384355,8.5865965,6.7977576
1367,15.382888,8.586332,6.7965555
1368,15.381463,8.586048,6.795415
1369,15.380131,8.58578,6.794351
1370,15.378731,8.585498,6.793233
1371,15.377255,8.585232,6.792024
1372,15.376061,8.584935,6.7911263
1373,15.374527,8.584642,6.789884
1374,15.373156,8.584375,6.78878
1375,15.371792,8.584074,6.7877183
1376,15.370387,8.583817,6.78657
1377,15.368791,8.583532,6.7852583
1378,15.367568,8.583259,6.7843094
1379,15.366244,8.582977,6.783267
1380,15.364601,8.582711,6.78189
1381,15.363335,8.582446,6.780889
1382,15.362038,8.582181,6.7798567
1383,15.360425,8.581926,6.778498
1384,15.359114,8.581643,6.777471
1385,15.35779,8.581379,6.7764106
1386,15.356184,8.581111,6.775073
1387,15.355016,8.580837,6.7741785
1388,15.353487,8.580558,6.772929
1389,15.351998,8.580287,6.771711
1390,15.350804,8.579994,6.77081
1391,15.349343,8.57973,6.7696137
1392,15.347762,8.579458,6.7683043
1393,15.346421,8.5791855,6.7672358
1394,15.345083,8.578903,6.7661805
1395,15.343558,8.5786295,6.7649293
1396,15.342108,8.578355,6.7637534
1397,15.340682,8.578108,6.7625747
1398,15.339401,8.577827,6.761574
1399,15.337926,8.577564,6.7603617
1400,15.336512,8.577303,6.7592087
1401,15.335107,8.577011,6.7580957
1402,15.333757,8.576743,6.7570143
1403,15.332245,8.576476,6.7557693
1404,15.330792,8.576224,6.7545686
1405,15.329326,8.575932,6.753394
1406,15.327719,8.575677,6.7520423
1407,15.326498,8.575409,6.7510886
1408,15.324968,8.575158,6.74981
1409,15.323614,8.574897,6.748717
1410,15.322154,8.57462,6.7475333
1411,15.320735,8.574351,6.7463837
1412,15.319176,8.574101,6.7450743
1413,15.317719,8.57384,6.743879
1414,15.316397,8.5735655,6.7428308
1415,15.314901,8.573305,6.741596
1416,15.31338,8.573034,6.740346
1417,15.311918,8.572768,6.73915
1418,15.3105545,8.572484,6.73807
1419,15.309062,8.572233,6.736829
1420,15.307653,8.571966,6.7356873
1421,15.306221,8.571709,6.7345123
1422,15.30476,8.571462,6.733298
1423,15.30321,8.571197,6.7320137
1424,15.301767,8.57092,6.7308474
1425,15.300529,8.570672,6.729857
1426,15.298926,8.5704155,6.728511
1427,15.297377,8.570155,6.727221
1428,15.295935,8.569891,6.7260437
1429,15.2945175,8.569633,6.724885
1430,15.292979,8.56938,6.7235994
1431,15.291438,8.569113,6.7223253
1432,15.290122,8.568846,6.7212768
1433,15.28876,8.568586,6.7201743
1434,15.287144,8.568329,6.718815
1435,15.28569,8.568087,6.717603
1436,15.284208,8.567839,6.7163696
1437,15.282791,8.5675745,6.715216
1438,15.281257,8.567314,6.713942
1439,15.279809,8.567049,6.71276
1440,15.27835,8.566809,6.7115417
1441,15.276864,8.566524,6.710341
1442,15.275349,8.566273,6.709076
1443,15.273961,8.566033,6.7079277
1444,15.272362,8.565775,6.7065873
1445,15.27095,8.5655155,6.7054353
1446,15.269367,8.565273,6.704094
1447,15.267917,8.5650215,6.7028947
1448,15.266469,8.564755,6.7017136
1449,15.264957,8.564508,6.7004485
1450,15.263474,8.564263,6.699211
1451,15.2619505,8.564005,6.6979456
1452,15.260475,8.563764,6.6967115
1453,15.258974,8.563517,6.6954575
1454,15.257439,8.563256,6.694182
1455,15.256023,8.562998,6.693025
1456,15.254526,8.562749,6.691777
1457,15.2529545,8.562505,6.6904497
1458,15.251352,8.562248,6.6891036
1459,15.249935,8.561995,6.68794
1460,15.248302,8.561751,6.6865516
1461,15.247113,8.561501,6.6856127
1462,15.2455635,8.561254,6.6843095
1463,15.243969,8.561005,6.6829643
1464,15.242457,8.560744,6.681713
1465,15.24085,8.560512,6.680339
1466,15.239233,8.560264,6.6789694
1467,15.237889,8.56001,6.6778793
1468,15.236327,8.5597515,6.676576
1469,15.2349,8.559506,6.6753936
1470,15.233347,8.559285,6.6740623
1471,15.231846,8.559047,6.6727996
1472,15.230384,8.558809,6.6715746
1473,15.22871,8.558551,6.67016
1474,15.227366,8.558306,6.6690607
1475,15.22558,8.558042,6.667539
1476,15.224303,8.557806,6.6664977
1477,15.222742,8.557562,6.66518
1478,15.221236,8.557319,6.6639175
1479,15.219657,8.55707,6.662587
1480,15.218061,8.55682,6.661241
1481,15.216486,8.5565605,6.659926
1482,15.214906,8.556326,6.6585793
1483,15.213462,8.556078,6.657384
1484,15.212186,8.555833,6.656353
1485,15.21056,8.555586,6.6549745
1486,15.208892,8.555368,6.653524
1487,15.207299,8.555125,6.6521735
1488,15.2058935,8.554875,6.6510186
1489,15.204281,8.554631,6.649649
1490,15.2027235,8.554386,6.6483374
1491,15.20118,8.554134,6.647046
1492,15.199672,8.553906,6.645765
1493,15.198095,8.553686,6.644409
1494,15.196598,8.553457,6.6431413
1495,15.194904,8.553208,6.641696
1496,15.193413,8.552988,6.6404243
1497,15.191941,8.552731,6.6392107
1498,15.190265,8.552475,6.6377897
1499,15.188902,8.552257,6.6366453
1500,15.187233,8.552014,6.6352186
1501,15.1856575,8.551784,6.6338744
1502,15.184073,8.551527,6.632547
1503,15.182453,8.55129,6.631163
1504,15.18098,8.551056,6.629924
1505,15.17942,8.550824,6.6285963
1506,15.177829,8.550575,6.627253
1507,15.176326,8.550353,6.6259727
1508,15.174751,8.550118,6.624633
1509,15.173095,8.549877,6.6232176
1510,15.171472,8.549658,6.6218133
1511,15.170001,8.549405,6.6205955
1512,15.168525,8.549176,6.619348
1513,15.166869,8.548935,6.617934
1514,15.16536,8.548689,6.6166716
1515,15.163712,8.548459,6.6152525
1516,15.162388,8.548251,6.6141367
1517,15.160619,8.548024,6.6125946
1518,15.159198,8.547773,6.6114244
1519,15.157501,8.547576,6.6099257
1520,15.155913,8.547327,6.608587
1521,15.154328,8.547084,6.607245
1522,15.152695,8.54685,6.605844
1523,15.151124,8.54661,6.6045136
1524,15.149682,8.546394,6.6032877
1525,15.147905,8.546153,6.601752
1526,15.146431,8.545917,6.6005144
1527,15.144866,8.54569,6.599176
1528,15.143111,8.545473,6.597638
1529,15.141545,8.54523,6.596316
1530,15.139881,8.54501,6.5948715
1531,15.138334,8.5447855,6.593549
1532,15.13676,8.544536,6.592224
1533,15.135065,8.544306,6.5907593
1534,15.133582,8.54409,6.5894914
1535,15.132106,8.543867,6.5882387
1536,15.130447,8.543635,6.586812
1537,15.128825,8.543406,6.5854197
1538,15.127239,8.543176,6.584063
1539,15.125663,8.54295,6.5827127
1540,15.123982,8.542718,6.5812645
1541,15.122399,8.54251,6.579889
1542,15.120803,8.542276,6.5785265
1543,15.119254,8.542049,6.5772047
1544,15.117513,8.541828,6.5756845
1545,15.115961,8.541602,6.574359
1546,15.11441,8.541388,6.5730224
1547,15.112624,8.541168,6.571456
1548,15.111044,8.540945,6.570099
1549,15.109422,8.540728,6.568694
1550,15.107758,8.540494,6.567263
1551,15.106231,8.54027,6.5659614
1552,15.104613,8.540059,6.5645537
1553,15.102911,8.539827,6.5630836
1554,15.101283,8.539616,6.5616674
1555,15.099818,8.539381,6.560437
1556,15.097951,8.539173,6.5587783
1557,15.096371,8.538952,6.557419
1558,15.094792,8.538726,6.556067
1559,15.093156,8.538499,6.554657
1560,15.091525,8.538293,6.5532327
1561,15.089928,8.538063,6.5518646
1562,15.088257,8.537845,6.5504127
1563,15.0866995,8.537611,6.549089
1564,15.084872,8.537419,6.5474534
1565,15.083557,8.537199,6.5463576
1566,15.081915,8.536971,6.544944
1567,15.08018,8.536748,6.5434327
1568,15.078545,8.536537,6.5420074
1569,15.076824,8.536289,6.540535
1570,15.0751505,8.536104,6.539046
1571,15.073671,8.53588,6.5377913
1572,15.071898,8.535649,6.5362496
1573,15.070243,8.535437,6.5348067
1574,15.068748,8.535226,6.533522
1575,15.066928,8.534982,6.5319457
1576,15.065279,8.534748,6.5305314
1577,15.063666,8.534535,6.5291305
1578,15.062086,8.534341,6.5277452
1579,15.060326,8.534124,6.526201
1580,15.058669,8.533917,6.524751
1581,15.057063,8.533694,6.523369
1582,15.055276,8.533472,6.521804
1583,15.053733,8.533273,6.5204606
1584,15.052083,8.53306,6.5190225
1585,15.050299,8.53286,6.5174384
1586,15.048739,8.532664,6.516075
1587,15.047271,8.532445,6.5148253
1588,15.04529,8.532241,6.513049
1589,15.043764,8.532029,6.5117354
1590,15.042255,8.531815,6.510441
1591,15.040481,8.531611,6.508869
1592,15.038781,8.531389,6.507392
1593,15.037054,8.53118,6.5058737
1594,15.035437,8.530953,6.504483
1595,15.033855,8.530763,6.503093
1596,15.032103,8.530569,6.5015335
1597,15.030363,8.530367,6.499996
1598,15.028781,8.530151,6.4986296
1599,15.027107,8.529946,6.4971604
1600,15.025469,8.529717,6.4957514
1601,15.023678,8.529513,6.4941645
1602,15.02217,8.52929,6.4928794
1603,15.020475,8.5290985,6.4913774
1604,15.01867,8.528884,6.4897857
1605,15.01704,8.528677,6.488363
1606,15.015332,8.528482,6.48685
1607,15.013667,8.528277,6.4853897
1608,15.012054,8.52807,6.4839845
1609,15.010261,8.527866,6.482394
1610,15.008617,8.527671,6.480947
1611,15.006954,8.527467,6.4794874
1612,15.005226,8.52726,6.4779663
1613,15.003642,8.527056,6.4765863
1614,15.001898,8.526848,6.4750495
1615,15.000124,8.526648,6.4734764
1616,14.998543,8.526444,6.472098
1617,14.996821,8.526251,6.4705706
1618,14.99515,8.526035,6.469114
1619,14.993484,8.525821,6.467663
1620,14.991729,8.525626,6.4661026
1621,14.990029,8.525416,6.4646134
1622,14.98827,8.525211,6.4630585
1623,14.9866085,8.525019,6.46159
1624,14.984723,8.524815,6.4599085
1625,14.982993,8.524622,6.458371
1626,14.981441,8.524414,6.4570265
1627,14.979652,8.524215,6.4554377
1628,14.977893,8.524002,6.453891
1629,14.976336,8.5238085,6.452527
1630,14.97461,8.523608,6.4510016
1631,14.972973,8.523414,6.4495597
1632,14.971315,8.523223,6.4480925
1633,14.969681,8.523017,6.446664
1634,14.9678755,8.522814,6.445062
1635,14.966007,8.522607,6.4434
1636,14.964329,8.522416,6.441912
1637,14.9626,8.522229,6.440371
1638,14.961007,8.522024,6.4389825
1639,14.959178,8.521836,6.437341
1640,14.957522,8.52163,6.4358926
1641,14.955881,8.521453,6.434428
1642,14.954016,8.521256,6.4327593
1643,14.952489,8.521034,6.431455
1644,14.950773,8.5208435,6.4299293
1645,14.948944,8.520674,6.42827
1646,14.946969,8.520491,6.4264784
1647,14.9453335,8.520281,6.4250526
1648,14.943625,8.52009,6.4235353
1649,14.942004,8.519908,6.4220963
1650,14.940322,8.519714,6.420607
1651,14.938457,8.519522,6.418935
1652,14.936908,8.519344,6.4175634
1653,14.935199,8.519137,6.4160614
1654,14.933235,8.518944,6.4142914
1655,14.931627,8.518764,6.4128637
1656,14.929883,8.518569,6.4113135
1657,14.928065,8.518387,6.4096785
1658,14.926287,8.518199,6.4080873
1659,14.9248905,8.518023,6.406868
1660,14.922897,8.5178175,6.40508
1661,14.921241,8.517638,6.4036026
1662,14.919624,8.517455,6.402169
1663,14.917624,8.517254,6.40037
1664,14.915915,8.517056,6.398858
1665,14.914325,8.516877,6.397447
1666,14.91264,8.516688,6.3959513
1667,14.911061,8.516517,6.394545
1668,14.909164,8.5163355,6.392829
1669,14.907523,8.516142,6.3913817
1670,14.905602,8.515953,6.38965
1671,14.903734,8.515772,6.3879623
1672,14.901956,8.515581,6.386375
1673,14.900251,8.51539,6.384861
1674,14.898551,8.515215,6.3833365
1675,14.896779,8.51503,6.381749
1676,14.895214,8.514839,6.3803754
1677,14.893461,8.514665,6.3787966
1678,14.891579,8.514478,6.3771005
1679,14.88983,8.514289,6.3755407
1680,14.887905,8.514107,6.373799
1681,14.886249,8.51392,6.3723288
1682,14.884491,8.513741,6.370751
1683,14.882743,8.513544,6.3691993
1684,14.880875,8.513369,6.3675056
1685,14.879161,8.513184,6.365977
1686,14.877392,8.512993,6.3643985
1687,14.875682,8.512823,6.3628583
1688,14.8740015,8.512657,6.361345
1689,14.872166,8.512471,6.3596945
1690,14.870292,8.512287,6.358004
1691,14.868739,8.512102,6.3566375
1692,14.866992,8.511928,6.355064
1693,14.864942,8.511748,6.353193
1694,14.863272,8.511585,6.3516865
1695,14.861593,8.511435,6.3501587
1696,14.859796,8.511241,6.348554
1697,14.858041,8.511045,6.346995
1698,14.856308,8.510879,6.3454294
1699,14.8544655,8.510705,6.34376
1700,14.852698,8.510526,6.342172
1701,14.851124,8.510358,6.3407664
1702,14.849276,8.510167,6.3391085
1703,14.847396,8.509997,6.3373985
1704,14.845631,8.509821,6.33581
1705,14.843926,8.509652,6.3342743
1706,14.841928,8.509495,6.332433
1707,14.840281,8.50932,6.3309603
1708,14.838545,8.509147,6.329398
1709,14.836753,8.508965,6.3277884
1710,14.83499,8.508799,6.326191
1711,14.833242,8.508611,6.324632
1712,14.831366,8.508454,6.3229113
1713,14.8295,8.508275,6.321225
1714,14.8278055,8.508092,6.3197136
1715,14.826092,8.507925,6.318167
1716,14.824146,8.507773,6.316373
1717,14.822327,8.507599,6.314728
1718,14.820575,8.50742,6.3131547
1719,14.818782,8.507256,6.3115263
1720,14.817062,8.507078,6.309984
1721,14.81531,8.506902,6.308408
1722,14.813503,8.506742,6.3067613
1723,14.811623,8.506554,6.3050685
1724,14.809682,8.506389,6.3032928
1725,14.808061,8.506232,6.3018284
1726,14.806317,8.506069,6.3002486
1727,14.804355,8.505913,6.2984424
1728,14.802664,8.505739,6.2969246
1729,14.800854,8.505558,6.2952957
1730,14.798944,8.505392,6.2935524
1731,14.7972555,8.505213,6.2920427
1732,14.795491,8.505063,6.290428
1733,14.793847,8.504885,6.288963
1734,14.791827,8.50474,6.287088
1735,14.790107,8.504569,6.2855377
1736,14.788326,8.504415,6.2839117
1737,14.786419,8.504248,6.2821712
1738,14.784856,8.504081,6.2807755
1739,14.782863,8.503905,6.2789574
1740,14.78101,8.5037365,6.2772737
1741,14.779169,8.503584,6.2755857
1742,14.777438,8.503399,6.2740393
1743,14.775759,8.503249,6.2725096
1744,14.773917,8.5030985,6.270819
1745,14.77207,8.502934,6.2691355
1746,14.770029,8.50276,6.2672687
1747,14.768306,8.502607,6.2656984
1748,14.766568,8.502457,6.2641115
1749,14.764749,8.502295,6.262454
1750,14.763183,8.502133,6.2610497
1751,14.761283,8.501974,6.259309
1752,14.759474,8.501821,6.2576528
1753,14.757598,8.501652,6.2559466
1754,14.755869,8.501502,6.254367
1755,14.753923,8.501348,6.2525764
1756,14.752191,8.501199,6.250992
1757,14.750464,8.501027,6.249438
1758,14.748685,8.5009,6.247785
1759,14.746678,8.500748,6.245931
1760,14.745016,8.500564,6.244452
1761,14.743,8.500398,6.242602
1762,14.741093,8.500257,6.2408366
1763,14.739239,8.500098,6.2391405
1764,14.737432,8.499946,6.2374854
1765,14.735419,8.499801,6.2356186
1766,14.733988,8.499639,6.2343497
1767,14.731948,8.499484,6.232464
1768,14.730076,8.499323,6.230753
1769,14.7283125,8.499159,6.2291536
1770,14.726463,8.499004,6.227459
1771,14.724863,8.498858,6.226004
1772,14.723115,8.498697,6.2244177
1773,14.721078,8.49855,6.2225275
1774,14.719229,8.498404,6.2208257
1775,14.717488,8.498235,6.2192535
1776,14.71568,8.498081,6.2175994
1777,14.713741,8.497929,6.2158127
1778,14.712155,8.497789,6.214366
1779,14.710088,8.497652,6.2124357
1780,14.708218,8.497501,6.2107162
1781,14.706351,8.497343,6.2090077
1782,14.7045,8.497192,6.2073083
1783,14.702912,8.497038,6.2058744
1784,14.700836,8.496881,6.2039557
1785,14.698852,8.4967375,6.202114
1786,14.697224,8.496578,6.2006454
1787,14.695481,8.496431,6.1990495
1788,14.693599,8.496278,6.1973205
1789,14.691714,8.496143,6.1955705
1790,14.689912,8.495988,6.193924
1791,14.6879835,8.495827,6.192157
1792,14.686186,8.495694,6.1904917
1793,14.684514,8.495554,6.1889596
1794,14.682535,8.495407,6.1871285
1795,14.680742,8.495267,6.185476
1796,14.678854,8.49512,6.183734
1797,14.677115,8.494968,6.182147
1798,14.675293,8.49482,6.1804733
1799,14.673409,8.49466,6.178749
1800,14.671477,8.4945345,6.1769423
1801,14.669849,8.494376,6.1754737
1802,14.667809,8.494249,6.1735587
1803,14.665924,8.494092,6.171832
1804,14.664071,8.493945,6.1701255
1805,14.662162,8.493787,6.1683755
1806,14.660238,8.493651,6.1665864
1807,14.658242,8.493504,6.1647387
1808,14.6566515,8.493359,6.163293
1809,14.654861,8.493209,6.1616526
1810,14.65301,8.4930725,6.159938
1811,14.651131,8.492925,6.158206
1812,14.64912,8.492788,6.1563315
1813,14.647417,8.492642,6.1547747
1814,14.645523,8.492509,6.1530137
1815,14.643504,8.492365,6.1511393
1816,14.641845,8.492258,6.149587
1817,14.639894,8.492115,6.1477785
1818,14.638018,8.491964,6.146054
1819,14.636174,8.49182,6.144354
1820,14.634371,8.491692,6.1426787
1821,14.63256,8.49157,6.140989
1822,14.6308975,8.491443,6.139455
1823,14.6287775,8.4913,6.137478
1824,14.627018,8.491164,6.135854
1825,14.625191,8.491014,6.134177
1826,14.623317,8.490882,6.1324353
1827,14.621583,8.490741,6.130842
1828,14.6196575,8.490615,6.129043
1829,14.617576,8.490481,6.1270943
1830,14.615633,8.490336,6.125297
1831,14.614057,8.4902115,6.123845
1832,14.612079,8.490047,6.122031
1833,14.610424,8.489916,6.120508
1834,14.608386,8.489803,6.1185827
1835,14.606483,8.489652,6.116832
1836,14.604721,8.489527,6.115194
1837,14.603034,8.489408,6.113627
1838,14.600888,8.489258,6.1116304
1839,14.5989685,8.489138,6.1098313
1840,14.5971,8.488987,6.1081133
1841,14.595321,8.488858,6.1064625
1842,14.5932865,8.488711,6.1045747
1843,14.591611,8.488599,6.1030116
1844,14.589639,8.488469,6.1011696
1845,14.587849,8.48832,6.0995283
1846,14.585896,8.4881735,6.097722
1847,14.584127,8.488041,6.096086
1848,14.582173,8.487915,6.0942583
1849,14.580517,8.487786,6.0927305
1850,14.578435,8.487643,6.090792
1851,14.576539,8.487534,6.0890055
1852,14.574647,8.487408,6.0872397
1853,14.572852,8.487278,6.0855746
1854,14.570737,8.487154,6.083583
1855,14.56883,8.487034,6.081796
1856,14.567145,8.486902,6.080243
1857,14.5653715,8.486753,6.078618
1858,14.563464,8.486631,6.076833
1859,14.5616255,8.486502,6.075124
1860,14.559675,8.486398,6.073277
1861,14.557816,8.486267,6.0715485
1862,14.55599,8.48613,6.069861
1863,14.554134,8.486032,6.0681024
1864,14.552086,8.48589,6.0661955
1865,14.550168,8.485755,6.064413
1866,14.548473,8.485629,6.0628443
1867,14.546567,8.48552,6.0610466
1868,14.544463,8.485383,6.0590796
1869,14.542743,8.48525,6.0574923
1870,14.54076,8.485127,6.055632
1871,14.539175,8.4850025,6.0541725
1872,14.537232,8.484858,6.052375
1873,14.535155,8.484732,6.0504236
1874,14.533379,8.484617,6.0487614
1875,14.531362,8.484482,6.04688
1876,14.529444,8.484353,6.0450907
1877,14.527534,8.484228,6.0433054
1878,14.52565,8.484101,6.0415483
1879,14.523712,8.48398,6.039732
1880,14.521844,8.483856,6.037987
1881,14.519992,8.483749,6.0362425
1882,14.518345,8.483632,6.0347123
1883,14.516231,8.483513,6.032717
1884,14.514135,8.483403,6.0307317
1885,14.512358,8.483275,6.029083
1886,14.5105715,8.483154,6.027417
1887,14.508758,8.483015,6.025743
1888,14.506642,8.482906,6.0237365
1889,14.504733,8.4828005,6.021932
1890,14.502909,8.482674,6.0202355
1891,14.501043,8.482558,6.018485
1892,14.499245,8.482452,6.0167923
1893,14.497443,8.482328,6.0151143
1894,14.495405,8.482236,6.0131693
1895,14.493474,8.482109,6.0113654
1896,14.491696,8.481977,6.009719
1897,14.489786,8.481853,6.007933
1898,14.4877,8.481742,6.0059586
1899,14.485852,8.481624,6.004228
1900,14.484081,8.481512,6.0025687
1901,14.482258,8.481393,6.000865
1902,14.480484,8.481288,5.9991956
1903,14.478431,8.481165,5.997266
1904,14.476363,8.481066,5.9952974
1905,14.474556,8.480952,5.993604
1906,14.472567,8.480822,5.991745
1907,14.470957,8.480701,5.990255
1908,14.468906,8.480586,5.9883204
1909,14.466974,8.480486,5.9864883
1910,14.465174,8.480363,5.9848104
1911,14.463218,8.480245,5.982973
1912,14.461141,8.48012,5.981021
1913,14.459439,8.480018,5.979422
1914,14.457453,8.479907,5.9775453
1915,14.455514,8.479804,5.97571
1916,14.453651,8.479682,5.9739695
1917,14.45184,8.47957,5.97227
1918,14.450036,8.4794655,5.9705706
1919,14.448005,8.479347,5.9686575
1920,14.446007,8.479222,5.9667845
1921,14.444087,8.47912,5.964967
1922,14.442264,8.479025,5.9632387
1923,14.4404545,8.478912,5.961542
1924,14.4384365,8.47879,5.959646
1925,14.436478,8.478666,5.9578114
1926,14.434631,8.478563,5.9560685
1927,14.432733,8.478466,5.9542665
1928,14.43084,8.47835,5.95249
1929,14.428759,8.478263,5.9504957
1930,14.427088,8.478164,5.948924
1931,14.425206,8.478042,5.947165
1932,14.423244,8.477931,5.9453135
1933,14.421216,8.477818,5.943399
1934,14.419227,8.477696,5.94153
1935,14.417185,8.477583,5.939602
1936,14.415393,8.477487,5.9379063
1937,14.413453,8.477409,5.9360437
1938,14.411755,8.477274,5.9344807
1939,14.4097395,8.477177,5.9325624
1940,14.407646,8.477066,5.93058
1941,14.405834,8.47696,5.928874
1942,14.404156,8.476856,5.9272995
1943,14.402232,8.4767475,5.9254847
1944,14.400109,8.476648,5.923461
1945,14.398008,8.476541,5.9214673
1946,14.3963995,8.4764385,5.9199605
1947,14.394621,8.4763365,5.9182844
1948,14.392736,8.47623,5.9165063
1949,14.390652,8.476122,5.9145293
1950,14.388821,8.476031,5.9127893
1951,14.386839,8.475935,5.9109035
1952,14.384778,8.475812,5.9089665
1953,14.382899,8.475713,5.9071865
1954,14.380886,8.4756155,5.905271
1955,14.379119,8.475527,5.9035926
1956,14.37728,8.475397,5.901883
1957,14.375389,8.475304,5.900086
1958,14.373308,8.475194,5.898114
1959,14.371457,8.475104,5.8963523
1960,14.369473,8.475009,5.894465
1961,14.367638,8.474906,5.8927317
1962,14.365826,8.4748125,5.891013
1963,14.3638525,8.47469,5.889162
1964,14.361802,8.474603,5.887199
1965,14.359756,8.474477,5.885279
1966,14.358217,8.474374,5.883844
1967,14.356294,8.4742775,5.8820157
1968,14.354205,8.474189,5.8800163
1969,14.352011,8.474086,5.8779244
1970,14.350124,8.473992,5.876132
1971,14.348386,8.473902,5.8744836
1972,14.346355,8.473786,5.872569
1973,14.344459,8.473703,5.870755
1974,14.342364,8.473601,5.868763
1975,14.340836,8.473515,5.8673215
1976,14.33917,8.473419,5.8657517
1977,14.336836,8.473316,5.86352
1978,14.334927,8.473216,5.861711
1979,14.332964,8.473116,5.8598475
1980,14.330776,8.473026,5.8577495
1981,14.329024,8.472926,5.856098
1982,14.327203,8.472824,5.8543787
1983,14.325069,8.472728,5.8523417
1984,14.32319,8.472645,5.850545
1985,14.321336,8.472558,5.848778
1986,14.319373,8.472452,5.846921
1987,14.317482,8.47235,5.8451324
1988,14.315752,8.472265,5.843487
1989,14.313785,8.472168,5.841616
1990,14.311756,8.472084,5.839672
1991,14.309721,8.471981,5.83774
1992,14.307896,8.4718685,5.836027
1993,14.30607,8.471767,5.8343034
1994,14.304143,8.47168,5.8324637
1995,14.302254,8.471586,5.8306675
1996,14.300119,8.471502,5.828617
1997,14.298232,8.471422,5.82681
1998,14.296369,8.471339,5.82503
1999,14.294441,8.471236,5.823205
2000,14.292404,8.471152,5.821252
2001,14.290475,8.471057,5.819418
2002,14.288503,8.470965,5.817537
2003,14.28665,8.470881,5.8157682
2004,14.28469,8.470782,5.813907
2005,14.282843,8.470683,5.8121595
2006,14.281038,8.470588,5.8104506
2007,14.279169,8.470523,5.808646
2008,14.277019,8.470427,5.8065925
2009,14.274864,8.470336,5.8045278
2010,14.273163,8.470248,5.8029146
2011,14.271208,8.47017,5.801038
2012,14.269243,8.470092,5.7991514
2013,14.267435,8.469983,5.7974524
2014,14.265529,8.469902,5.7956266
2015,14.263433,8.469811,5.7936225
2016,14.261895,8.469738,5.792157
2017,14.260002,8.469649,5.7903533
2018,14.258112,8.469562,5.7885504
2019,14.255618,8.469469,5.786149
2020,14.253834,8.469378,5.784455
2021,14.251548,8.469289,5.7822595
2022,14.249653,8.469206,5.780447
2023,14.247936,8.469108,5.7788286
2024,14.24601,8.469022,5.776988
2025,14.2440605,8.4689455,5.775115
2026,14.242024,8.468876,5.773149
2027,14.240153,8.468779,5.7713747
2028,14.238157,8.46869,5.7694674
2029,14.236373,8.468577,5.7677956
2030,14.234446,8.468509,5.765937
2031,14.232643,8.468432,5.7642107
2032,14.2307005,8.468353,5.762347
2033,14.228574,8.468261,5.7603126
2034,14.226421,8.468177,5.758245
2035,14.224717,8.4681015,5.7566156
2036,14.222565,8.468013,5.754552
2037,14.220952,8.467913,5.7530394
2038,14.218938,8.467843,5.7510953
2039,14.217148,8.467765,5.7493834
2040,14.215241,8.467677,5.7475643
2041,14.213156,8.467582,5.745574
2042,14.211262,8.467508,5.7437534
2043,14.209231,8.467423,5.7418084
2044,14.207127,8.467368,5.7397585
2045,14.205413,8.467296,5.738117
2046,14.203584,8.467204,5.7363796
2047,14.201764,8.46712,5.734644
2048,14.199943,8.467026,5.732917
2049,14.197788,8.46693,5.730858
2050,14.195723,8.466868,5.7288537
2051,14.193771,8.466798,5.7269735
2052,14.191877,8.466709,5.7251687
2053,14.190068,8.4666395,5.723429
2054,14.188239,8.466558,5.7216806
2055,14.185881,8.466466,5.7194147
2056,14.184119,8.466404,5.7177153
2057,14.182306,8.466318,5.715988
2058,14.180148,8.466246,5.713902
2059,14.178192,8.4661665,5.7120256
2060,14.176478,8.466078,5.7104006
2061,14.174259,8.466002,5.7082567
2062,14.172217,8.465918,5.7063
2063,14.170329,8.465841,5.704488
2064,14.168359,8.465773,5.702586
2065,14.166571,8.465685,5.7008853
2066,14.164569,8.465611,5.698958
2067,14.162786,8.465536,5.69725
2068,14.16103,8.465444,5.695586
2069,14.158778,8.465375,5.6934037
2070,14.156894,8.465291,5.6916027
2071,14.154872,8.465246,5.6896257
2072,14.153063,8.465168,5.6878953
2073,14.150908,8.465098,5.6858106
2074,14.14916,8.465023,5.6841373
2075,14.146922,8.464947,5.6819754
2076,14.145111,8.46486,5.680251
2077,14.14318,8.464783,5.678397
2078,14.141227,8.464713,5.676514
2079,14.139249,8.464634,5.6746154
2080,14.137514,8.46457,5.672944
2081,14.135587,8.464506,5.6710806
2082,14.133739,8.464414,5.6693254
2083,14.131736,8.464345,5.667391
2084,14.129846,8.464297,5.6655483
2085,14.127639,8.464218,5.6634207
2086,14.125901,8.464139,5.6617618
2087,14.123881,8.46406,5.659821
2088,14.121683,8.464003,5.6576805
2089,14.11986,8.463925,5.6559343
2090,14.117916,8.463842,5.6540737
2091,14.116218,8.463779,5.652438
2092,14.114306,8.463696,5.6506104
2093,14.112409,8.463629,5.6487794
2094,14.11028,8.463554,5.6467257
2095,14.108462,8.463484,5.644979
2096,14.106338,8.463432,5.6429048
2097,14.104332,8.463358,5.6409736
2098,14.102371,8.463301,5.63907
2099,14.100578,8.463229,5.637349
2100,14.098453,8.463148,5.6353045
2101,14.096531,8.463071,5.63346
2102,14.094657,8.462992,5.631665
2103,14.092646,8.462919,5.6297264
2104,14.090909,8.462843,5.628066
2105,14.088836,8.462793,5.626043
2106,14.087188,8.462737,5.6244507
2107,14.085124,8.462639,5.622485
2108,14.08307,8.462576,5.620494
2109,14.081243,8.4625225,5.6187196
2110,14.079177,8.462449,5.6167274
2111,14.077321,8.462381,5.614939
2112,14.0752125,8.462315,5.6128983
2113,14.073424,8.462259,5.6111655
2114,14.071555,8.462192,5.6093636
2115,14.069549,8.462132,5.6074166
2116,14.067578,8.462071,5.605507
2117,14.065639,8.461989,5.603649
2118,14.063571,8.461918,5.601653
2119,14.062028,8.461859,5.600169
2120,14.059974,8.461782,5.5981913
2121,14.057808,8.461723,5.5960846
2122,14.0558,8.461671,5.5941296
2123,14.053772,8.461602,5.5921693
2124,14.052031,8.461531,5.5905004
2125,14.050106,8.461476,5.58863
2126,14.048135,8.461409,5.5867257
2127,14.046043,8.461338,5.5847054
2128,14.04424,8.461287,5.5829535
2129,14.042247,8.461217,5.5810294
2130,14.0403,8.461133,5.5791674
2131,14.038505,8.461079,5.577426
2132,14.03656,8.461028,5.5755315
2133,14.034499,8.460959,5.5735397
2134,14.032664,8.460906,5.5717583
2135,14.030874,8.460821,5.570053
2136,14.028575,8.460742,5.5678325
2137,14.026587,8.460691,5.5658956
2138,14.0247345,8.460623,5.564111
2139,14.022824,8.460557,5.5622673
2140,14.021001,8.460497,5.5605035
2141,14.018848,8.460419,5.5584297
2142,14.016864,8.460363,5.556501
2143,14.014888,8.460291,5.5545974
2144,14.013098,8.460222,5.5528755
2145,14.011019,8.460155,5.5508637
2146,14.00911,8.460105,5.549006
2147,14.007247,8.460026,5.547221
2148,14.005442,8.459985,5.5454564
2149,14.003291,8.459922,5.54337
2150,14.001408,8.459866,5.541542
2151,13.999736,8.459806,5.53993
2152,13.997569,8.459757,5.537812
2153,13.995733,8.459699,5.536035
2154,13.993768,8.459633,5.5341344
2155,13.991749,8.459588,5.5321608
2156,13.989852,8.459525,5.530327
2157,13.98796,8.459466,5.5284944
2158,13.986123,8.459411,5.526712
2159,13.9840145,8.459371,5.524644
2160,13.981906,8.459292,5.5226135
2161,13.979982,8.459218,5.5207644
2162,13.97786,8.459181,5.51868
2163,13.97616,8.459137,5.517023
2164,13.974224,8.459056,5.515168
2165,13.972103,8.459016,5.5130873
2166,13.970272,8.458936,5.511336
2167,13.968386,8.458876,5.50951
2168,13.966661,8.458823,5.507838
2169,13.964948,8.458753,5.5061955
2170,13.962975,8.458697,5.504277
2171,13.9608135,8.458642,5.502172
2172,13.958948,8.458568,5.5003805
2173,13.956947,8.458526,5.4984217
2174,13.954989,8.458466,5.496524
2175,13.95304,8.458414,5.494626
2176,13.950954,8.4583435,5.492611
2177,13.949066,8.458278,5.4907885
2178,13.947121,8.458224,5.488897
2179,13.945012,8.458187,5.486825
2180,13.943243,8.458128,5.485115
2181,13.941499,8.458088,5.483411
2182,13.939566,8.4580145,5.481551
2183,13.937455,8.45796,5.4794946
2184,13.935217,8.457888,5.4773293
2185,13.933549,8.457846,5.475703
2186,13.931474,8.457797,5.473676
2187,13.929739,8.457738,5.4720006
2188,13.92787,8.45768,5.4701896
2189,13.925864,8.457613,5.468251
2190,13.923858,8.457573,5.4662848
2191,13.921856,8.457504,5.4643517
2192,13.919732,8.457472,5.46226
2193,13.917859,8.457414,5.460446
2194,13.916073,8.457355,5.4587183
2195,13.914432,8.457296,5.457135
2196,13.912613,8.457252,5.455361
2197,13.910608,8.4572115,5.453397
2198,13.908555,8.457141,5.4514136
2199,13.906483,8.457098,5.4493847
2200,13.904469,8.457037,5.447432
2201,13.902605,8.456977,5.445628
2202,13.900823,8.4569235,5.4438987
2203,13.898841,8.456857,5.4419847
2204,13.896808,8.456803,5.440005
2205,13.894674,8.456761,5.437913
2206,13.89278,8.456694,5.436086
2207,13.890876,8.456631,5.434245
2208,13.889207,8.456606,5.4326005
2209,13.887301,8.45653,5.430772
2210,13.885104,8.456463,5.4286413
2211,13.883153,8.45643,5.426722
2212,13.881253,8.456368,5.424885
2213,13.879202,8.456346,5.422857
2214,13.877479,8.456281,5.421198
2215,13.875348,8.456235,5.419113
2216,13.873531,8.456211,5.4173203
2217,13.871727,8.456154,5.4155726
2218,13.869831,8.456087,5.413744
2219,13.867849,8.45605,5.411799
2220,13.866137,8.455987,5.41015
2221,13.864215,8.455952,5.4082627
2222,13.862322,8.455899,5.406423
2223,13.860343,8.455846,5.404497
2224,13.858423,8.455788,5.402636
2225,13.856347,8.455734,5.400613
2226,13.854699,8.4556875,5.399012
2227,13.852522,8.455662,5.3968606
2228,13.850553,8.455601,5.394952
2229,13.848684,8.455542,5.3931427
2230,13.846672,8.455507,5.3911643
2231,13.844804,8.45546,5.389344
2232,13.84293,8.455408,5.3875213
2233,13.840988,8.455363,5.3856254
2234,13.838901,8.455294,5.383607
2235,13.836999,8.455244,5.381755
2236,13.834911,8.455188,5.379723
2237,13.833151,8.455152,5.3779993
2238,13.831236,8.455084,5.3761525
2239,13.829253,8.455049,5.3742046
2240,13.827206,8.454992,5.3722134
2241,13.825461,8.454943,5.3705187
2242,13.82369,8.454881,5.36881
2243,13.821695,8.454826,5.3668694
2244,13.81969,8.454784,5.3649054
2245,13.817684,8.454737,5.3629475
2246,13.81587,8.454694,5.361176
2247,13.81418,8.454639,5.3595405
2248,13.812211,8.454585,5.357626
2249,13.810455,8.454544,5.3559113
2250,13.808354,8.454483,5.3538713
2251,13.80656,8.454428,5.3521314
2252,13.804499,8.454384,5.3501143
2253,13.802492,8.454328,5.3481646
2254,13.800693,8.454271,5.3464212
2255,13.798667,8.454223,5.3444443
2256,13.796901,8.45418,5.3427205
2257,13.794793,8.454134,5.3406587
2258,13.792846,8.454098,5.338748
2259,13.790939,8.454022,5.336917
2260,13.789227,8.453972,5.335254
2261,13.786885,8.453932,5.3329535
2262,13.785038,8.453887,5.331151
2263,13.78326,8.453845,5.329416
2264,13.781295,8.453812,5.3274827
2265,13.77964,8.453751,5.325889
2266,13.777592,8.453707,5.3238845
2267,13.775605,8.453644,5.321962
2268,13.77366,8.453598,5.3200617
2269,13.772159,8.453552,5.3186064
2270,13.770116,8.453496,5.31662
2271,13.76815,8.45346,5.3146906
2272,13.766545,8.453434,5.313111
2273,13.7645645,8.453379,5.3111854
2274,13.762287,8.453337,5.3089504
2275,13.760295,8.453293,5.307002
2276,13.758314,8.45323,5.3050838
2277,13.756379,8.453194,5.3031855
2278,13.754639,8.453143,5.301496
2279,13.752931,8.453084,5.2998466
2280,13.7507305,8.453046,5.2976847
2281,13.748933,8.452988,5.295945
2282,13.74709,8.452943,5.2941475
2283,13.745264,8.452904,5.29236
2284,13.743218,8.452855,5.2903633
2285,13.741238,8.452826,5.2884116
2286,13.739416,8.452783,5.2866335
2287,13.737483,8.452731,5.2847524
2288,13.73555,8.452685,5.2828646
2289,13.733824,8.452641,5.2811837
2290,13.731974,8.4525795,5.2793937
2291,13.730018,8.452496,5.2775226
2292,13.728169,8.452471,5.275699
2293,13.726169,8.452433,5.273736
2294,13.724172,8.452378,5.271794
2295,13.722235,8.452348,5.269887
2296,13.7204,8.452292,5.2681074
2297,13.718405,8.4522505,5.2661543
2298,13.71663,8.4522,5.2644296
2299,13.714659,8.452171,5.262487
2300,13.7126465,8.4521265,5.26052
2301,13.710713,8.452035,5.2586784
2302,13.709215,8.4520035,5.257212
2303,13.707058,8.451961,5.2550974
2304,13.705282,8.451917,5.2533655
2305,13.703392,8.45185,5.251542
2306,13.701453,8.451805,5.2496476
2307,13.699519,8.451782,5.247737
2308,13.69768,8.45173,5.24595
2309,13.695675,8.451669,5.244006
2310,13.693809,8.451626,5.2421827
2311,13.691991,8.451561,5.2404304
2312,13.690156,8.451537,5.2386193
2313,13.688232,8.451495,5.2367373
2314,13.686253,8.451433,5.2348194
2315,13.684402,8.451393,5.2330093
2316,13.682371,8.451333,5.2310386
2317,13.680611,8.451288,5.229322
2318,13.678805,8.451216,5.2275896
2319,13.676912,8.451177,5.2257357
2320,13.674783,8.451133,5.2236505
2321,13.673166,8.451074,5.2220926
2322,13.670849,8.451029,5.21982
2323,13.669113,8.450995,5.218117
2324,13.667245,8.450955,5.2162895
2325,13.6654005,8.450906,5.214495
2326,13.663736,8.450859,5.2128773
2327,13.661725,8.450808,5.210917
2328,13.659807,8.450784,5.2090235
2329,13.6580515,8.450715,5.207336
2330,13.656026,8.4506645,5.2053614
2331,13.654002,8.450592,5.20341
2332,13.652064,8.450565,5.201499
2333,13.650339,8.450524,5.1998153
2334,13.648494,8.450493,5.1980004
2335,13.6464815,8.450419,5.1960616
2336,13.644715,8.450395,5.1943207
2337,13.642911,8.450342,5.192569
2338,13.6408205,8.45029,5.190531
2339,13.638792,8.450238,5.188554
2340,13.637083,8.450195,5.186888
2341,13.635267,8.450162,5.1851053
2342,13.633349,8.450117,5.1832323
2343,13.63135,8.450083,5.181267
2344,13.629434,8.450024,5.17941
2345,13.627778,8.449973,5.1778045
2346,13.626144,8.449923,5.1762214
2347,13.624483,8.449867,5.1746163
2348,13.622176,8.449823,5.172353
2349,13.620149,8.449776,5.1703734
2350,13.618405,8.449733,5.1686726
2351,13.616486,8.449691,5.166795
2352,13.6146965,8.449663,5.165033
2353,13.612919,8.449611,5.163308
2354,13.61093,8.449551,5.16138
2355,13.609021,8.449492,5.159529
2356,13.607135,8.449443,5.1576924
2357,13.604921,8.449372,5.155549
2358,13.603208,8.449329,5.153878
2359,13.60144,8.449275,5.152166
2360,13.599618,8.449219,5.1503997
2361,13.59784,8.449169,5.1486707
2362,13.595686,8.449107,5.146579
2363,13.593832,8.449082,5.1447496
2364,13.592116,8.44905,5.1430664
2365,13.590487,8.449018,5.1414695
2366,13.588497,8.448989,5.1395082
2367,13.586597,8.448918,5.1376786
2368,13.584763,8.4488735,5.1358895
2369,13.58278,8.44883,5.13395
2370,13.580881,8.448783,5.132098
2371,13.578881,8.448722,5.13016
2372,13.577057,8.448665,5.1283917
2373,13.575106,8.448621,5.126485
2374,13.573502,8.448563,5.124939
2375,13.571536,8.448515,5.123021
2376,13.569655,8.448455,5.1212006
2377,13.567978,8.448424,5.119554
2378,13.566165,8.448367,5.117798
2379,13.564184,8.448312,5.1158724
2380,13.562177,8.448256,5.1139207
2381,13.560242,8.448221,5.112021
2382,13.558392,8.448151,5.110241
2383,13.556529,8.448124,5.108405
2384,13.554875,8.448065,5.10681
2385,13.553007,8.448032,5.1049747
2386,13.551134,8.447989,5.1031446
2387,13.549411,8.447947,5.1014643
2388,13.547437,8.447892,5.0995445
2389,13.545651,8.447829,5.097822
2390,13.543779,8.447787,5.095992
2391,13.541929,8.447745,5.0941834
2392,13.540131,8.447684,5.0924463
2393,13.538258,8.44763,5.0906277
2394,13.536237,8.447586,5.088651
2395,13.534518,8.447549,5.086969
2396,13.532591,8.447505,5.085086
2397,13.530783,8.44745,5.083333
2398,13.528876,8.447367,5.0815096
2399,13.526861,8.447343,5.0795183
2400,13.525242,8.4472685,5.0779734
2401,13.523494,8.44722,5.076274
2402,13.521685,8.447163,5.0745225
2403,13.51965,8.4471245,5.072526
2404,13.518076,8.4470825,5.0709934
2405,13.516042,8.447022,5.0690193
2406,13.514302,8.446971,5.067332
2407,13.512226,8.446921,5.065305
2408,13.510199,8.446868,5.06333
2409,13.508594,8.446816,5.0617766
2410,13.506605,8.446759,5.0598464
2411,13.50458,8.446702,5.0578775
2412,13.50299,8.446659,5.0563307
2413,13.501171,8.446619,5.054552
2414,13.499325,8.446557,5.0527678
2415,13.497614,8.446499,5.051115
2416,13.495841,8.446476,5.049365
2417,13.494126,8.4464245,5.047702
2418,13.492293,8.446362,5.045932
2419,13.490579,8.446311,5.044268
2420,13.488827,8.446258,5.0425687
2421,13.486795,8.446221,5.0405746
2422,13.484742,8.446164,5.0385776
2423,13.482966,8.446116,5.03685
2424,13.481126,8.446047,5.035079
2425,13.479329,8.445982,5.0333467
2426,13.477425,8.445944,5.0314803
2427,13.475576,8.445871,5.0297046
2428,13.473661,8.445847,5.0278153
2429,13.471599,8.445783,5.025816
2430,13.469816,8.445726,5.0240903
2431,13.4679365,8.445696,5.0222406
2432,13.466268,8.445619,5.020649
2433,13.464393,8.445537,5.018856
2434,13.462409,8.445482,5.0169272
2435,13.460784,8.445454,5.0153303
2436,13.458955,8.445402,5.013552
2437,13.457226,8.445346,5.01188
2438,13.455513,8.445287,5.0102262
2439,13.453716,8.445249,5.0084677
2440,13.451804,8.445186,5.006619
2441,13.44988,8.445094,5.004786
2442,13.44812,8.445057,5.0030627
2443,13.44633,8.4450035,5.001326
2444,13.444449,8.444957,4.9994926
2445,13.442498,8.444916,4.9975824
2446,13.440826,8.444878,4.9959493
2447,13.439126,8.444827,4.9942985
2448,13.437423,8.444763,4.9926596
2449,13.435733,8.444724,4.9910088
2450,13.433943,8.444664,4.9892783
2451,13.432211,8.444621,4.98759
2452,13.430217,8.4445715,4.9856453
2453,13.428368,8.444504,4.983864
2454,13.4265,8.444436,4.9820642
2455,13.424643,8.444381,4.980262
2456,13.4225235,8.444329,4.978194
2457,13.420633,8.444266,4.976367
2458,13.419258,8.444219,4.97504
2459,13.417287,8.444149,4.973138
2460,13.415471,8.444101,4.9713693
2461,13.413538,8.444036,4.9695024
2462,13.411813,8.443968,4.967845
2463,13.410003,8.443902,4.9661
2464,13.408337,8.443858,4.964479
2465,13.406531,8.443799,4.9627323
2466,13.404747,8.443752,4.9609942
2467,13.402698,8.443685,4.9590135
2468,13.401055,8.443617,4.9574385
2469,13.399392,8.443565,4.9558268
2470,13.397725,8.443505,4.9542203
2471,13.395806,8.443467,4.9523396
2472,13.3938055,8.443401,4.9504037
2473,13.391895,8.443348,4.9485474
2474,13.390127,8.443298,4.9468293
2475,13.388225,8.443232,4.944993
2476,13.386339,8.443166,4.9431734
2477,13.3846855,8.443105,4.941581
2478,13.382851,8.443043,4.9398074
2479,13.381062,8.442984,4.9380774
2480,13.379412,8.44295,4.936462
2481,13.378025,8.442897,4.9351277
2482,13.3763,8.442849,4.9334507
2483,13.3742695,8.442795,4.931475
2484,13.372131,8.442727,4.9294043
2485,13.37041,8.442673,4.927737
2486,13.368617,8.442609,4.926008
2487,13.366813,8.442554,4.924258
2488,13.365112,8.442517,4.9225945
2489,13.363419,8.442453,4.920965
2490,13.361667,8.442396,4.91927
2491,13.3599615,8.44234,4.9176216
2492,13.358334,8.442268,4.916065
2493,13.356566,8.442199,4.914367
2494,13.354775,8.442146,4.912629
2495,13.352833,8.442083,4.9107494
2496,13.350806,8.441998,4.908809
2497,13.348945,8.441943,4.907002
2498,13.347303,8.441892,4.9054117
2499,13.345365,8.441819,4.903545
2500,13.343666,8.441762,4.901904
2501,13.341691,8.441697,4.899994
2502,13.339835,8.441628,4.898207
2503,13.338186,8.441581,4.8966055
2504,13.336543,8.441492,4.895051
2505,13.3347225,8.441421,4.893302
2506,13.332937,8.441341,4.8915954
2507,13.331012,8.44131,4.889702
2508,13.329358,8.441254,4.8881044
2509,13.327523,8.441208,4.8863153
2510,13.32582,8.44114,4.8846803
2511,13.324135,8.441087,4.883048
2512,13.322225,8.441025,4.8812
2513,13.320379,8.44094,4.8794394
2514,13.318786,8.440888,4.8778973
2515,13.317121,8.4408245,4.8762965
2516,13.315414,8.440773,4.8746414
2517,13.313442,8.440714,4.8727283
2518,13.311801,8.440648,4.8711524
2519,13.309872,8.440594,4.8692784
2520,13.3079605,8.440543,4.8674173
2521,13.306261,8.440486,4.8657746
2522,13.304468,8.440444,4.8640237
2523,13.302831,8.440357,4.862474
2524,13.301051,8.440289,4.8607626
2525,13.299341,8.440247,4.8590946
2526,13.297592,8.440172,4.8574195
2527,13.296112,8.440115,4.8559966
2528,13.294266,8.440048,4.854218
2529,13.292225,8.439988,4.8522367
2530,13.290371,8.439933,4.850438
2531,13.288611,8.439875,4.848737
2532,13.286958,8.439804,4.8471537
2533,13.285197,8.439749,4.845449
2534,13.283542,8.439677,4.843865
2535,13.281804,8.439584,4.8422203
2536,13.280124,8.439526,4.840598
2537,13.278311,8.439466,4.838844
2538,13.276473,8.439386,4.837087
2539,13.274918,8.439321,4.835597
2540,13.273047,8.439254,4.8337936
2541,13.271443,8.439164,4.832279
2542,13.269739,8.439106,4.8306327
2543,13.267925,8.43905,4.8288755
2544,13.266379,8.438984,4.827395
2545,13.264569,8.438921,4.8256483
2546,13.262586,8.438857,4.823729
2547,13.26078,8.438789,4.821991
2548,13.2590475,8.438728,4.820319
2549,13.257231,8.438672,4.818559
2550,13.255487,8.438587,4.8169007
2551,13.253757,8.438523,4.815234
2552,13.252082,8.438469,4.813613
2553,13.250443,8.43841,4.8120337
2554,13.248517,8.438344,4.8101726
2555,13.246792,8.43827,4.8085227
2556,13.245102,8.438209,4.8068933
2557,13.243398,8.438143,4.805255
2558,13.241578,8.43805,4.8035283
2559,13.240009,8.437977,4.802032
2560,13.238094,8.437915,4.8001795
2561,13.236339,8.437852,4.7984867
2562,13.234729,8.437778,4.7969503
2563,13.233027,8.437701,4.795326
2564,13.231158,8.437632,4.7935266
2565,13.229633,8.437579,4.792054
2566,13.2281275,8.4375105,4.790617
2567,13.226005,8.43744,4.788565
2568,13.224102,8.437385,4.7867174
2569,13.222275,8.43733,4.7849445
2570,13.220446,8.437247,4.783199
2571,13.218773,8.437183,4.78159
2572,13.217206,8.437102,4.780104
2573,13.215498,8.437017,4.7784805
2574,13.213807,8.43696,4.776847
2575,13.212055,8.436902,4.775153
2576,13.210267,8.43684,4.773427
2577,13.208575,8.436783,4.7717924
2578,13.206971,8.43669,4.7702813
2579,13.205181,8.436623,4.7685585
2580,13.203638,8.4365635,4.7670746
2581,13.201951,8.436485,4.7654657
2582,13.200114,8.436417,4.7636976
2583,13.1983185,8.436362,4.761956
2584,13.196778,8.436305,4.7604737
2585,13.194985,8.436228,4.7587576
2586,13.193233,8.436174,4.757058
2587,13.191353,8.436116,4.7552366
2588,13.189734,8.43602,4.7537146
2589,13.187849,8.435922,4.7519274
2590,13.186163,8.435874,4.750289
2591,13.184548,8.435796,4.748753
2592,13.182879,8.435745,4.7471337
2593,13.181176,8.435678,4.745499
2594,13.179336,8.435612,4.743724
2595,13.177705,8.435539,4.742166
2596,13.175863,8.43546,4.7404037
2597,13.174189,8.435384,4.738805
2598,13.172528,8.435299,4.7372293
2599,13.170839,8.435224,4.7356153
2600,13.169064,8.435159,4.733905
2601,13.167524,8.435079,4.7324457
2602,13.165839,8.434983,4.730856
2603,13.164066,8.434926,4.7291403
2604,13.161919,8.434849,4.72707
2605,13.160241,8.434768,4.7254734
2606,13.158481,8.434689,4.7237916
2607,13.156967,8.434601,4.7223663
2608,13.15539,8.434531,4.7208586
2609,13.153892,8.434453,4.719438
2610,13.152223,8.434371,4.717851
2611,13.150432,8.434303,4.716128
2612,13.148816,8.434253,4.714564
2613,13.146955,8.434166,4.712788
2614,13.145123,8.434096,4.711026
2615,13.143577,8.434052,4.7095237
2616,13.14185,8.43395,4.7079005
2617,13.140031,8.4339,4.7061305
2618,13.138281,8.4338455,4.7044353
2619,13.136625,8.433763,4.7028627
2620,13.135238,8.433707,4.7015305
2621,13.133534,8.433655,4.69988
2622,13.131782,8.433569,4.6982126
2623,13.130185,8.433474,4.6967115
2624,13.128495,8.43339,4.695106
2625,13.126827,8.433302,4.693526
2626,13.125152,8.4332285,4.6919236
2627,13.1232815,8.433162,4.6901193
2628,13.121596,8.433084,4.6885123
2629,13.119712,8.433021,4.686691
2630,13.118148,8.432916,4.6852326
2631,13.116621,8.432845,4.683776
2632,13.114986,8.432754,4.6822333
2633,13.113199,8.432672,4.6805277
2634,13.111744,8.432607,4.6791368
2635,13.109835,8.432514,4.67732
2636,13.108262,8.43243,4.6758323
2637,13.106375,8.4323635,4.6740108
2638,13.104366,8.432281,4.672086
2639,13.102462,8.432193,4.670269
2640,13.100827,8.432121,4.6687055
2641,13.099252,8.432034,4.667218
2642,13.097534,8.431933,4.6656003
2643,13.095976,8.431867,4.664109
2644,13.094623,8.431812,4.6628103
2645,13.092854,8.4317465,4.661107
2646,13.09114,8.431646,4.659494
2647,13.089591,8.431581,4.6580105
2648,13.087927,8.431507,4.6564198
2649,13.086313,8.431417,4.654896
2650,13.084826,8.431373,4.6534543
2651,13.082846,8.431298,4.651548
2652,13.080847,8.431233,4.6496134
2653,13.079315,8.431163,4.648152
2654,13.077694,8.431077,4.6466165
2655,13.075955,8.431004,4.644952
2656,13.074245,8.43092,4.643326
2657,13.07293,8.43088,4.6420507
2658,13.07114,8.430783,4.6403565
2659,13.069325,8.430733,4.6385927
2660,13.067534,8.430635,4.636899
2661,13.0658865,8.4305725,4.635314
2662,13.064245,8.43045,4.633795
2663,13.062614,8.430358,4.6322565
2664,13.060846,8.430285,4.630561
2665,13.059191,8.430229,4.6289616
2666,13.057463,8.430121,4.6273413
2667,13.055734,8.430031,4.6257033
2668,13.053955,8.429969,4.6239862
2669,13.052353,8.4299,4.6224527
2670,13.050792,8.429789,4.621003
2671,13.049168,8.429731,4.6194363
2672,13.047418,8.429651,4.617766
2673,13.045651,8.429569,4.6160817
2674,13.044216,8.429505,4.614711
2675,13.04227,8.429409,4.61286
2676,13.040753,8.429337,4.611417
2677,13.038676,8.4292555,4.609421
2678,13.03724,8.429169,4.6080713
2679,13.035711,8.429101,4.6066103
2680,13.033853,8.429018,4.6048346
2681,13.032094,8.428919,4.603175
2682,13.030409,8.428847,4.6015615
2683,13.028549,8.4288025,4.5997467
2684,13.027228,8.428715,4.598514
2685,13.025562,8.428649,4.5969133
2686,13.023545,8.428566,4.5949793
2687,13.021803,8.42849,4.593313
2688,13.019908,8.42841,4.591498
2689,13.018606,8.428341,4.5902658
2690,13.01707,8.428262,4.588808
2691,13.015436,8.428168,4.587268
2692,13.01376,8.428102,4.5856576
2693,13.011874,8.428041,4.5838323
2694,13.010506,8.4279585,4.582547
2695,13.008634,8.427903,4.58073
2696,13.007244,8.427833,4.579412
2697,13.005404,8.427735,4.5776687
2698,13.003656,8.427655,4.576001
2699,13.001745,8.427577,4.5741677
2700,12.999842,8.427493,4.5723486
2701,12.998267,8.427433,4.570834
2702,12.996863,8.427336,4.569527
2703,12.995288,8.427286,4.5680017
2704,12.993358,8.427218,4.5661397
2705,12.99157,8.42714,4.56443
2706,12.989879,8.427065,4.5628138
2707,12.987975,8.426994,4.560981
2708,12.986355,8.426908,4.5594473
2709,12.984801,8.426838,4.5579634
2710,12.98294,8.426741,4.5561996
2711,12.981252,8.426672,4.5545797
2712,12.979691,8.426583,4.5531073
2713,12.977996,8.426502,4.5514936
2714,12.976193,8.426429,4.5497646
2715,12.97439,8.426378,4.548012
2716,12.972639,8.4263,4.546339
2717,12.970634,8.426223,4.5444117
2718,12.969084,8.426154,4.5429296
2719,12.967473,8.426086,4.541387
2720,12.965471,8.426017,4.5394545
2721,12.963857,8.425916,4.5379405
2722,12.962153,8.42585,4.5363035
2723,12.960393,8.425785,4.534608
2724,12.958784,8.425711,4.533073
2725,12.95698,8.425649,4.531331
2726,12.955424,8.42556,4.5298643
2727,12.953205,8.425519,4.527686
2728,12.951379,8.425439,4.5259395
2729,12.949257,8.425385,4.5238714
2730,12.947784,8.425302,4.522483
2731,12.946079,8.425221,4.520858
2732,12.944087,8.4251375,4.518949
2733,12.942297,8.425055,4.517242
2734,12.940454,8.424999,4.5154543
2735,12.938244,8.4249325,4.513312
2736,12.936586,8.424853,4.511733
2737,12.934886,8.424793,4.5100927
2738,12.932892,8.424733,4.5081587
2739,12.930819,8.42466,4.506159
2740,12.928854,8.424602,4.5042524
2741,12.927026,8.424505,4.5025206
2742,12.925282,8.424441,4.50084
2743,12.923139,8.424372,4.4987664
2744,12.921422,8.424283,4.497139
2745,12.919557,8.424171,4.495385
2746,12.917825,8.424109,4.4937153
2747,12.916027,8.424074,4.491953
2748,12.914072,8.423989,4.4900827
2749,12.912261,8.42392,4.4883413
2750,12.910171,8.423869,4.486301
2751,12.908054,8.4237995,4.484255
2752,12.90642,8.423726,4.482693
2753,12.904273,8.423644,4.480629
2754,12.902215,8.423561,4.478654
2755,12.900446,8.4234705,4.476975
2756,12.897884,8.423377,4.4745073
2757,12.896147,8.4233,4.472847
2758,12.893984,8.423237,4.4707465
2759,12.891757,8.423142,4.4686146
2760,12.889623,8.42306,4.4665623
2761,12.887428,8.422931,4.464498
2762,12.885367,8.42288,4.462487
2763,12.883153,8.4227915,4.460361
2764,12.881047,8.422704,4.4583435
2765,12.878664,8.422608,4.456056
2766,12.876715,8.422506,4.4542084
2767,12.874279,8.422426,4.4518533
2768,12.872093,8.42236,4.4497323
2769,12.869807,8.42226,4.447547
2770,12.867581,8.422179,4.4454017
2771,12.865131,8.422099,4.4430323
2772,12.862866,8.421998,4.440868
2773,12.860618,8.421891,4.4387264
2774,12.858206,8.421774,4.4364314
2775,12.856277,8.421665,4.4346123
2776,12.853595,8.421567,4.4320273
2777,12.851466,8.421461,4.4300046
2778,12.849062,8.421361,4.4277015
2779,12.846434,8.421274,4.425159
2780,12.844165,8.421182,4.4229836
2781,12.841649,8.421059,4.42059
2782,12.83933,8.420967,4.418363
2783,12.836784,8.420836,4.4159474
2784,12.834421,8.42076,4.413661
2785,12.831937,8.420678,4.411259
2786,12.829773,8.420528,4.409245
2787,12.82688,8.420418,4.4064627
2788,12.824096,8.420271,4.403825
2789,12.821888,8.420156,4.4017324
2790,12.8190775,8.420042,4.3990355
2791,12.816659,8.419912,4.396746
2792,12.813487,8.419794,4.3936934
2793,12.811189,8.419664,4.3915243
2794,12.808125,8.419517,4.388608
2795,12.805582,8.419376,4.386206
2796,12.803213,8.4192295,4.3839836
2797,12.800617,8.419075,4.3815417
2798,12.797833,8.4189415,4.3788924
2799,12.794764,8.418791,4.3759723
2800,12.792252,8.418646,4.373606
2801,12.789456,8.4185095,4.3709464
2802,12.786509,8.418388,4.3681207
2803,12.783462,8.41821,4.365252
2804,12.780714,8.4180355,4.362678
2805,12.777868,8.417888,4.3599806
2806,12.775356,8.41773,4.3576264
2807,12.772483,8.417587,4.354895
2808,12.769519,8.417425,4.352094
2809,12.766716,8.417271,4.3494453
2810,12.7639065,8.417092,4.346814
2811,12.760918,8.416942,4.343976
2812,12.758162,8.416764,4.3413973
2813,12.754927,8.416588,4.338339
2814,12.751889,8.416407,4.335483
2815,12.749134,8.41624,4.332894
2816,12.746534,8.416052,4.330483
2817,12.743782,8.415892,4.3278904
2818,12.740134,8.415697,4.324437
2819,12.737634,8.415526,4.3221073
2820,12.734623,8.415323,4.3192997
2821,12.731243,8.415105,4.3161387
2822,12.728515,8.414923,4.3135915
2823,12.725662,8.414711,4.310951
2824,12.722519,8.414513,4.3080063
2825,12.719706,8.414294,4.3054113
2826,12.716664,8.414109,4.302555
2827,12.713931,8.4139,4.3000307
2828,12.711241,8.413674,4.2975664
2829,12.708257,8.41346,4.294797
2830,12.704748,8.413252,4.2914963
2831,12.701991,8.412998,4.288993
2832,12.698903,8.412802,4.2861013
2833,12.695783,8.412582,4.2832003
2834,12.692936,8.412374,4.2805624
2835,12.68993,8.412158,4.2777724
2836,12.687116,8.411926,4.275189
2837,12.683876,8.411693,4.2721834
2838,12.681237,8.411469,4.2697673
2839,12.678445,8.411236,4.2672095
2840,12.675483,8.411005,4.264478
2841,12.672779,8.410785,4.2619944
2842,12.669354,8.410528,4.2588263
2843,12.66673,8.410316,4.2564135
2844,12.6637945,8.410046,4.2537494
2845,12.66074,8.40979,4.25095
2846,12.658211,8.409576,4.2486343
2847,12.655574,8.409322,4.2462525
2848,12.652239,8.409078,4.243161
2849,12.649831,8.408823,4.241008
2850,12.647041,8.408576,4.238465
2851,12.644123,8.408293,4.2358303
2852,12.641081,8.408096,4.232985
2853,12.63812,8.407845,4.230275
2854,12.63556,8.407591,4.227969
2855,12.632561,8.407341,4.2252197
2856,12.630022,8.407115,4.222907
2857,12.626718,8.406834,4.219884
2858,12.62422,8.406575,4.2176447
2859,12.621447,8.406343,4.215103
2860,12.618778,8.406111,4.2126675
2861,12.615718,8.405874,4.2098436
2862,12.612889,8.405663,4.207227
2863,12.61029,8.405407,4.2048826
2864,12.607282,8.405138,4.2021437
2865,12.604545,8.404942,4.199603
2866,12.601933,8.404695,4.1972375
2867,12.599376,8.404467,4.194909
2868,12.596505,8.404216,4.1922894
2869,12.593688,8.403978,4.189709
2870,12.5909395,8.403711,4.1872277
2871,12.588337,8.403497,4.18484
2872,12.58502,8.403291,4.1817293
2873,12.582205,8.403024,4.179181
2874,12.5795555,8.402806,4.176749
2875,12.576883,8.4025755,4.174308
2876,12.574152,8.402353,4.1717987
2877,12.571445,8.402154,4.169292
2878,12.568739,8.401956,4.1667833
2879,12.566001,8.401728,4.1642737
2880,12.563489,8.401509,4.1619797
2881,12.560846,8.401299,4.159547
2882,12.5582905,8.40106,4.1572304
2883,12.555213,8.400872,4.1543403
2884,12.552412,8.400643,4.151768
2885,12.549868,8.400471,4.1493974
2886,12.547074,8.400256,4.1468186
2887,12.544495,8.400073,4.1444216
2888,12.541781,8.399839,4.141942
2889,12.539176,8.39964,4.139536
2890,12.536586,8.399434,4.1371512
2891,12.533786,8.399275,4.134511
2892,12.531282,8.399055,4.132228
2893,12.52848,8.398859,4.129621
2894,12.525636,8.398693,4.1269426
2895,12.523185,8.398472,4.124713
2896,12.520125,8.398245,4.1218805
2897,12.5176935,8.398064,4.1196303
2898,12.515227,8.397876,4.117351
2899,12.512416,8.397657,4.114758
2900,12.510073,8.397483,4.11259
2901,12.507272,8.397312,4.1099596
2902,12.504917,8.3970995,4.1078176
2903,12.502262,8.396907,4.1053553
2904,12.499779,8.396736,4.103043
2905,12.496973,8.396541,4.1004324
2906,12.494301,8.396343,4.0979576
2907,12.491602,8.396186,4.095416
2908,12.489028,8.396001,4.0930266
2909,12.486596,8.395828,4.0907683
2910,12.483855,8.395655,4.0882006
2911,12.481278,8.395496,4.0857825
2912,12.478678,8.395307,4.083371
2913,12.47651,8.395117,4.0813937
2914,12.473646,8.394976,4.07867
2915,12.47087,8.394756,4.076113
2916,12.468052,8.394592,4.07346
2917,12.465578,8.394444,4.0711336
2918,12.463124,8.394271,4.068854
2919,12.460583,8.3941,4.066482
2920,12.457987,8.393943,4.0640435
2921,12.455752,8.39377,4.061982
2922,12.453084,8.39361,4.059474
2923,12.450381,8.393422,4.0569587
2924,12.447782,8.393253,4.0545287
2925,12.445004,8.393084,4.051921
2926,12.442519,8.392888,4.0496306
2927,12.440146,8.392781,4.047365
2928,12.437911,8.392632,4.0452795
2929,12.435362,8.392441,4.042921
2930,12.432485,8.392284,4.0402
2931,12.430185,8.392146,4.038039
2932,12.42767,8.391952,4.035718
2933,12.425348,8.391791,4.033557
2934,12.422722,8.391601,4.0311213
2935,12.420299,8.391442,4.0288563
2936,12.417969,8.3912735,4.0266957
2937,12.415411,8.391085,4.024326
2938,12.4127445,8.390937,4.021807
2939,12.410022,8.390816,4.019206
2940,12.407518,8.390675,4.0168443
2941,12.405136,8.390505,4.0146313
2942,12.402607,8.390342,4.012265
2943,12.400043,8.390188,4.009855
2944,12.39744,8.390038,4.0074024
2945,12.394986,8.389872,4.005114
2946,12.392406,8.389714,4.0026927
2947,12.389742,8.389594,4.0001483
2948,12.387345,8.389464,3.997881
2949,12.384691,8.389296,3.9953957
2950,12.382428,8.389131,3.993298
2951,12.3800535,8.388959,3.9910946
2952,12.377198,8.388794,3.9884045
2953,12.374604,8.3886385,3.9859653
2954,12.372094,8.38848,3.9836135
2955,12.369766,8.388343,3.9814236
2956,12.367326,8.388234,3.9790912
2957,12.365254,8.388107,3.9771469
2958,12.36249,8.3878975,3.9745922
2959,12.359986,8.387786,3.9722009
2960,12.357663,8.387586,3.970078
2961,12.355431,8.38746,3.9679704
2962,12.3528385,8.387317,3.9655213
2963,12.35056,8.387128,3.963433
2964,12.348086,8.386968,3.9611182
2965,12.345721,8.386851,3.9588706
2966,12.343282,8.386668,3.9566135
2967,12.340832,8.386515,3.954317
2968,12.3382,8.386387,3.9518123
2969,12.335992,8.386245,3.9497476
2970,12.3333845,8.386114,3.9472702
2971,12.330991,8.385923,3.9450676
2972,12.328721,8.385764,3.9429564
2973,12.326646,8.385599,3.9410472
2974,12.324076,8.385462,3.938614
2975,12.321901,8.385333,3.9365685
2976,12.319353,8.385166,3.934187
2977,12.317059,8.384988,3.9320703
2978,12.314935,8.384843,3.9300914
2979,12.312666,8.384715,3.9279513
2980,12.309797,8.384552,3.925246
2981,12.307581,8.38437,3.9232116
2982,12.304885,8.384231,3.9206538
2983,12.302634,8.384083,3.9185517
2984,12.300287,8.383921,3.9163666
2985,12.297871,8.383776,3.9140944
2986,12.295416,8.383595,3.9118202
2987,12.292998,8.383468,3.9095314
2988,12.290578,8.383323,3.907256
2989,12.288365,8.383163,3.9052014
2990,12.285949,8.383041,3.9029076
2991,12.283685,8.38288,3.900805
2992,12.281618,8.382742,3.8988762
2993,12.279108,8.382552,3.8965557
2994,12.276306,8.382439,3.8938668
2995,12.273863,8.382266,3.8915963
2996,12.271553,8.382103,3.88945
2997,12.269323,8.381951,3.8873723
2998,12.267241,8.381851,3.8853893
2999,12.265076,8.381743,3.8833325
3000,12.262711,8.381578,3.8811326
3001,12.260002,8.381435,3.8785667
3002,12.257842,8.381269,3.876573
3003,12.255304,8.38109,3.8742142
3004,12.252827,8.380923,3.871903
3005,12.250689,8.380751,3.8699386
3006,12.2481985,8.38061,3.8675885
3007,12.245819,8.380459,3.8653598
3008,12.243764,8.380311,3.863453
3009,12.241125,8.380169,3.8609562
3010,12.238961,8.380022,3.8589387
3011,12.236536,8.379877,3.8566582
3012,12.234065,8.379745,3.85432
3013,12.231645,8.379609,3.852035
3014,12.22945,8.379443,3.8500066
3015,12.227143,8.379266,3.8478775
3016,12.224842,8.379108,3.845733
3017,12.222648,8.378947,3.8437004
3018,12.220446,8.378741,3.8417046
3019,12.218035,8.378606,3.8394294
3020,12.215598,8.378472,3.8371253
3021,12.213386,8.378328,3.8350568
3022,12.21121,8.378177,3.833034
3023,12.208713,8.378044,3.8306687
3024,12.2064705,8.377871,3.8286004
3025,12.204225,8.377756,3.826469
3026,12.20203,8.377576,3.8244538
3027,12.199846,8.377451,3.8223953
3028,12.197416,8.377315,3.820102
3029,12.195049,8.3771515,3.8178978
3030,12.192867,8.377002,3.8158658
3031,12.19046,8.376836,3.8136241
3032,12.187882,8.376678,3.8112035
3033,12.18561,8.376528,3.809082
3034,12.183514,8.376374,3.807139
3035,12.181258,8.376185,3.8050733
3036,12.179103,8.376039,3.803065
3037,12.176739,8.375895,3.8008437
3038,12.17445,8.375711,3.798738
3039,12.172009,8.375599,3.7964108
3040,12.169542,8.375429,3.7941132
3041,12.1675625,8.375271,3.7922924
3042,12.165449,8.375135,3.790313
3043,12.163123,8.374997,3.788126
3044,12.160826,8.374794,3.7860317
3045,12.158483,8.374699,3.7837837
3046,12.156298,8.374548,3.7817492
3047,12.154187,8.374373,3.7798142
3048,12.152064,8.374205,3.7778594
3049,12.149888,8.374028,3.7758603
3050,12.147513,8.373907,3.773606
3051,12.14531,8.373713,3.7715976
3052,12.143389,8.373551,3.7698371
3053,12.14108,8.373408,3.767671
3054,12.138897,8.373269,3.7656283
3055,12.136614,8.373122,3.7634914
3056,12.134377,8.373003,3.761373
3057,12.132001,8.372825,3.7591758
3058,12.129781,8.372659,3.7571213
3059,12.127463,8.37249,3.7549736
3060,12.12531,8.372305,3.7530053
3061,12.123165,8.372142,3.751023
3062,12.121095,8.371992,3.749103
3063,12.118811,8.3718195,3.7469914
3064,12.11643,8.371666,3.7447648
3065,12.1143055,8.371469,3.7428365
3066,12.112304,8.371273,3.741031
3067,12.109677,8.371119,3.738559
3068,12.1076355,8.370943,3.736692
3069,12.1054125,8.370795,3.7346168
3070,12.103308,8.370653,3.732654
3071,12.101176,8.370533,3.7306428
3072,12.098931,8.370374,3.728558
3073,12.096787,8.370215,3.726572
3074,12.0944605,8.370048,3.7244134
3075,12.091945,8.36985,3.722095
3076,12.089734,8.36972,3.7200131
3077,12.087561,8.369573,3.7179878
3078,12.085391,8.369427,3.7159638
3079,12.083163,8.369276,3.713887
3080,12.081101,8.369139,3.7119622
3081,12.078763,8.3689375,3.7098255
3082,12.076641,8.368794,3.7078464
3083,12.07455,8.368638,3.7059116
3084,12.072292,8.368474,3.7038188
3085,12.0700445,8.368331,3.701714
3086,12.06785,8.368147,3.6997032
3087,12.065875,8.36795,3.6979241
3088,12.063707,8.367808,3.6958992
3089,12.061685,8.367621,3.6940625
3090,12.059355,8.367494,3.6918614
3091,12.057161,8.367344,3.689818
3092,12.055068,8.367129,3.6879392
3093,12.0529175,8.366981,3.6859367
3094,12.050865,8.366872,3.683993
3095,12.048533,8.366685,3.6818478
3096,12.046574,8.366472,3.6801007
3097,12.044167,8.366299,3.677868
3098,12.042072,8.3662,3.675872
3099,12.039655,8.366057,3.6735969
3100,12.037579,8.365879,3.6716995
3101,12.035595,8.365689,3.6699052
3102,12.033287,8.365475,3.6678116
3103,12.031374,8.365323,3.6660504
3104,12.029229,8.365147,3.664083
3105,12.026832,8.364993,3.6618385
3106,12.024466,8.3648615,3.6596045
3107,12.022192,8.364679,3.6575134
3108,12.0201,8.364518,3.6555817
3109,12.018202,8.3643675,3.6538348
3110,12.015928,8.364235,3.6516933
3111,12.013875,8.364007,3.6498685
3112,12.011707,8.363854,3.6478531
3113,12.009419,8.363662,3.6457582
3114,12.007049,8.363521,3.643528
3115,12.00519,8.363354,3.6418362
3116,12.002998,8.363145,3.639853
3117,12.00096,8.36302,3.6379406
3118,11.999009,8.362852,3.6361566
3119,11.996703,8.362696,3.634007
3120,11.994482,8.362503,3.6319783
3121,11.992262,8.362373,3.629888
3122,11.990358,8.362195,3.6281636
3123,11.988425,8.362019,3.6264064
3124,11.986233,8.361814,3.6244195
3125,11.984074,8.361624,3.6224494
3126,11.981958,8.361468,3.6204898
3127,11.979831,8.361263,3.618567
3128,11.977657,8.361083,3.616574
3129,11.975581,8.360938,3.6146438
3130,11.9732065,8.360807,3.6123993
3131,11.971043,8.360642,3.6103997
3132,11.968828,8.360498,3.6083298
3133,11.9668,8.360326,3.606474
3134,11.964742,8.360166,3.604576
3135,11.96264,8.360014,3.602626
3136,11.960695,8.359808,3.600888
3137,11.958662,8.359624,3.5990384
3138,11.956257,8.359496,3.5967605
3139,11.954121,8.359332,3.5947888
3140,11.9519205,8.359201,3.5927186
3141,11.950069,8.35903,3.5910397
3142,11.9477415,8.358871,3.5888705
3143,11.945753,8.358691,3.5870616
3144,11.943687,8.358487,3.5852008
3145,11.941797,8.358319,3.5834777
3146,11.939648,8.358178,3.58147
3147,11.937582,8.35802,3.579562
3148,11.935174,8.357803,3.5773702
3149,11.932816,8.357654,3.5751617
3150,11.930614,8.357439,3.5731754
3151,11.928831,8.357238,3.5715935
3152,11.926931,8.357096,3.5698361
3153,11.925018,8.356882,3.5681367
3154,11.92278,8.356728,3.566053
3155,11.920627,8.356535,3.564092
3156,11.918633,8.356355,3.5622783
3157,11.916523,8.356186,3.5603375
3158,11.914534,8.356051,3.5584817
3159,11.912346,8.355893,3.5564525
3160,11.910239,8.3557005,3.5545387
3161,11.908169,8.355504,3.552665
3162,11.9057045,8.35537,3.5503345
3163,11.9039345,8.355169,3.5487647
3164,11.90204,8.3550005,3.547039
3165,11.900167,8.354846,3.5453217
3166,11.897982,8.354704,3.5432777
3167,11.896133,8.354554,3.5415795
3168,11.893944,8.354376,3.5395675
3169,11.891654,8.354171,3.5374832
3170,11.889632,8.354042,3.53559
3171,11.887627,8.353832,3.5337944
3172,11.885567,8.353656,3.5319104
3173,11.883512,8.35346,3.5300508
3174,11.881277,8.3532915,3.527985
3175,11.8792095,8.353104,3.5261064
3176,11.877048,8.352919,3.5241287
3177,11.874768,8.352732,3.5220368
3178,11.872859,8.352584,3.520275
3179,11.870746,8.352448,3.5182967
3180,11.868683,8.352247,3.5164356
3181,11.866761,8.352016,3.5147445
3182,11.864586,8.351836,3.51275
3183,11.862411,8.351661,3.5107498
3184,11.860409,8.351505,3.5089035
3185,11.858437,8.351373,3.507064
3186,11.856208,8.351197,3.50501
3187,11.854265,8.350976,3.5032897
3188,11.852236,8.350826,3.50141
3189,11.849957,8.350642,3.4993153
3190,11.847793,8.350471,3.497322
3191,11.845692,8.350303,3.4953892
3192,11.843716,8.350124,3.4935913
3193,11.841542,8.349926,3.4916165
3194,11.839305,8.3497505,3.489555
3195,11.837339,8.349578,3.487761
3196,11.83545,8.349434,3.4860158
3197,11.833456,8.34922,3.4842353
3198,11.831539,8.349004,3.4825351
3199,11.829378,8.348855,3.4805229
3200,11.827099,8.348655,3.4784443
3201,11.825152,8.348467,3.476685
3202,11.8233595,8.348285,3.4750748
3203,11.821466,8.348158,3.4733086
3204,11.819166,8.348031,3.4711356
3205,11.817066,8.347814,3.4692528
3206,11.814912,8.34767,3.4672425
3207,11.812787,8.347459,3.4653282
3208,11.810793,8.347236,3.4635575
3209,11.808828,8.347061,3.4617672
3210,11.8066025,8.346906,3.4596963
3211,11.804595,8.346731,3.4578636
3212,11.802531,8.346514,3.456018
3213,11.800491,8.346352,3.4541402
3214,11.798613,8.346173,3.4524395
3215,11.796623,8.345992,3.4506314
3216,11.794562,8.345836,3.4487274
3217,11.792164,8.345643,3.4465203
3218,11.790193,8.345469,3.4447236
3219,11.788267,8.345286,3.4429803
3220,11.7861185,8.345074,3.4410453
3221,11.784033,8.344868,3.4391644
3222,11.781853,8.344692,3.437161
3223,11.779862,8.344537,3.435325
3224,11.777982,8.344336,3.4336457
3225,11.775898,8.344141,3.431757
3226,11.773645,8.34397,3.4296746
3227,11.7714405,8.343809,3.4276314
3228,11.769333,8.343663,3.42567
3229,11.767471,8.343507,3.4239647
3230,11.765489,8.343329,3.4221587
3231,11.763395,8.343137,3.4202583
3232,11.761348,8.342902,3.4184463
3233,11.759287,8.3427305,3.416556
3234,11.757187,8.342582,3.414605
3235,11.755272,8.342355,3.4129174
3236,11.753428,8.342205,3.411223
3237,11.751296,8.3419485,3.4093475
3238,11.7494545,8.341787,3.4076672
3239,11.747381,8.341621,3.4057593
3240,11.745419,8.341429,3.4039903
3241,11.743477,8.341293,3.402184
3242,11.7413225,8.341169,3.4001527
3243,11.7390585,8.340979,3.3980803
3244,11.73694,8.340783,3.396157
3245,11.734891,8.340524,3.3943672
3246,11.732863,8.340336,3.392527
3247,11.730817,8.340135,3.3906827
3248,11.728715,8.339997,3.3887177
3249,11.726729,8.339781,3.386949
3250,11.724546,8.339587,3.384959
3251,11.722531,8.339373,3.3831592
3252,11.720377,8.339143,3.3812344
3253,11.718424,8.33896,3.379464
3254,11.716435,8.338787,3.3776479
3255,11.714521,8.338587,3.3759346
3256,11.71247,8.338425,3.374045
3257,11.71062,8.338289,3.372331
3258,11.708565,8.338136,3.3704295
3259,11.706682,8.337941,3.3687408
3260,11.70469,8.337747,3.3669434
3261,11.702237,8.337534,3.3647027
3262,11.700137,8.337375,3.362763
3263,11.69802,8.337208,3.3608124
3264,11.695972,8.3370075,3.3589654
3265,11.694046,8.336816,3.3572307
3266,11.692378,8.336612,3.3557663
3267,11.690367,8.336412,3.353955
3268,11.688167,8.336236,3.351931
3269,11.686155,8.3359995,3.3501556
3270,11.684131,8.335823,3.3483078
3271,11.682194,8.335689,3.346505
3272,11.680151,8.335481,3.3446705
3273,11.67785,8.33525,3.3425994
3274,11.675764,8.335107,3.340657
3275,11.673843,8.334859,3.3389847
3276,11.671591,8.334617,3.3369737
3277,11.669587,8.334415,3.3351722
3278,11.667711,8.334276,3.333435
3279,11.665492,8.3341255,3.3313668
3280,11.663185,8.33394,3.3292458
3281,11.6611395,8.333782,3.327357
3282,11.659067,8.333591,3.3254757
3283,11.65673,8.333382,3.3233476
3284,11.65518,8.3331995,3.3219802
3285,11.653176,8.333023,3.3201537
3286,11.651333,8.332829,3.3185036
3287,11.649331,8.332586,3.316745
3288,11.647379,8.3323965,3.3149827
3289,11.645512,8.332197,3.313314
3290,11.643325,8.332059,3.311266
3291,11.641323,8.331922,3.309401
3292,11.63926,8.331735,3.3075252
3293,11.637344,8.33153,3.3058147
3294,11.6351385,8.331261,3.3038776
3295,11.633067,8.33106,3.3020072
3296,11.630931,8.330875,3.3000557
3297,11.628597,8.330695,3.2979019
3298,11.626689,8.330436,3.2962532
3299,11.624785,8.330281,3.2945037
3300,11.622884,8.330047,3.2928376
3301,11.620734,8.329815,3.2909198
3302,11.618727,8.329661,3.2890658
3303,11.616653,8.329478,3.2871757
3304,11.614618,8.329282,3.2853367
3305,11.612525,8.329051,3.2834733
3306,11.6103325,8.328902,3.28143
3307,11.608517,8.328727,3.2797897
3308,11.606378,8.3285055,3.2778728
3309,11.60443,8.328278,3.2761528
3310,11.602636,8.32811,3.2745266
3311,11.600559,8.3279295,3.2726295
3312,11.598195,8.327761,3.2704346
3313,11.596343,8.327571,3.2687721
3314,11.594315,8.327364,3.266951
3315,11.592459,8.327165,3.2652946
3316,11.590577,8.326997,3.2635796
3317,11.588352,8.3267765,3.2615764
3318,11.586208,8.326556,3.2596517
3319,11.584174,8.326377,3.2577972
3320,11.582162,8.32619,3.2559724
3321,11.58013,8.326023,3.2541065
3322,11.577807,8.325795,3.2520118
3323,11.575638,8.3255415,3.250096
3324,11.573572,8.325249,3.248323
3325,11.571643,8.32504,3.2466025
3326,11.569789,8.324898,3.2448914
3327,11.567568,8.324715,3.2428536
3328,11.565526,8.324536,3.240989
3329,11.563495,8.324317,3.2391777
3330,11.561411,8.324056,3.237355
3331,11.559279,8.323899,3.2353797
3332,11.557258,8.323731,3.2335262
3333,11.55515,8.3235445,3.2316055
3334,11.552997,8.323316,3.2296805
3335,11.551054,8.323119,3.2279344
3336,11.549114,8.322955,3.2261596
3337,11.54703,8.322733,3.224298
3338,11.544817,8.322512,3.2223046
3339,11.542933,8.322312,3.2206218
3340,11.540945,8.3221245,3.21882
3341,11.539136,8.321949,3.2171872
3342,11.537052,8.321761,3.2152913
3343,11.534842,8.3215475,3.2132945
3344,11.5329485,8.321305,3.2116432
3345,11.53084,8.321096,3.2097435
3346,11.528736,8.320848,3.2078872
3347,11.526716,8.320676,3.2060401
3348,11.524364,8.320475,3.2038903
3349,11.52243,8.320234,3.2021966
3350,11.520428,8.319983,3.2004457
3351,11.518463,8.319739,3.1987236
3352,11.516531,8.3195305,3.1970007
3353,11.514269,8.319325,3.194943
3354,11.512474,8.319139,3.1933353
3355,11.510253,8.318987,3.1912665
3356,11.508135,8.3187685,3.1893663
3357,11.50603,8.318582,3.1874485
3358,11.503927,8.318408,3.185519
3359,11.501691,8.318211,3.1834807
3360,11.499907,8.317983,3.181924
3361,11.497664,8.317748,3.1799164
3362,11.495317,8.317543,3.1777744
3363,11.493518,8.317325,3.1761928
3364,11.491613,8.317123,3.17449
3365,11.48959,8.316872,3.1727176
3366,11.487622,8.316639,3.1709833
3367,11.485636,8.316412,3.169224
3368,11.483667,8.316243,3.1674237
3369,11.481391,8.316077,3.1653142
3370,11.479281,8.315798,3.1634836
3371,11.477524,8.315582,3.161941
3372,11.475567,8.315375,3.160192
3373,11.473272,8.315159,3.158113
3374,11.471074,8.314981,3.1560922
3375,11.469003,8.31483,3.1541724
3376,11.466917,8.314645,3.1522725
3377,11.464725,8.314385,3.1503394
3378,11.462509,8.3142395,3.1482692
3379,11.460461,8.3140335,3.1464274
3380,11.458598,8.31378,3.1448183
3381,11.456512,8.313469,3.1430435
3382,11.45467,8.313205,3.141465
3383,11.452932,8.312929,3.1400027
3384,11.450905,8.312775,3.13813
3385,11.448841,8.312566,3.136275
3386,11.446745,8.312357,3.1343884
3387,11.44461,8.312131,3.1324787
3388,11.442306,8.311941,3.130364
3389,11.440211,8.311714,3.1284976
3390,11.438254,8.311536,3.1267178
3391,11.436249,8.311335,3.1249137
3392,11.434199,8.311038,3.1231613
3393,11.432104,8.310817,3.121287
3394,11.430173,8.310657,3.1195168
3395,11.427698,8.310451,3.117248
3396,11.425614,8.310226,3.115388
3397,11.423563,8.3099985,3.1135638
3398,11.421277,8.309713,3.1115632
3399,11.41919,8.309459,3.1097322
3400,11.417006,8.309178,3.1078277
3401,11.41528,8.308976,3.1063042
3402,11.413361,8.308741,3.10462
3403,11.41115,8.308525,3.102625
3404,11.409212,8.308332,3.1008797
3405,11.407242,8.308136,3.0991054
3406,11.405024,8.307815,3.0972095
3407,11.402784,8.307579,3.0952048
3408,11.400808,8.307389,3.0934196
3409,11.398803,8.3071785,3.0916247
3410,11.396708,8.30696,3.089747
3411,11.394539,8.306746,3.0877929
3412,11.39236,8.306482,3.0858777
3413,11.390237,8.306265,3.0839722
3414,11.388305,8.306076,3.0822284
3415,11.38607,8.305841,3.080228
3416,11.384255,8.305639,3.0786161
3417,11.382109,8.30538,3.0767288
3418,11.379794,8.305145,3.0746489
3419,11.377823,8.304967,3.0728555
3420,11.37556,8.304654,3.070906
3421,11.373716,8.30443,3.0692868
3422,11.371633,8.304179,3.0674531
3423,11.369705,8.303907,3.065797
3424,11.367635,8.303695,3.0639398
3425,11.365301,8.303427,3.0618742
3426,11.363421,8.303185,3.0602353
3427,11.3614025,8.302938,3.0584636
3428,11.359507,8.302759,3.0567482
3429,11.357262,8.302488,3.0547729
3430,11.355202,8.302241,3.0529597
3431,11.353088,8.302063,3.0510259
3432,11.350773,8.301791,3.0489814
3433,11.348491,8.30155,3.046941
3434,11.346196,8.301254,3.044942
3435,11.344395,8.301019,3.0433764
3436,11.342315,8.30079,3.041525
3437,11.3401375,8.300588,3.0395496
3438,11.338289,8.300318,3.037972
3439,11.336441,8.3000765,3.0363646
3440,11.334112,8.299835,3.0342762
3441,11.332113,8.2996025,3.0325105
3442,11.329931,8.299427,3.0305047
3443,11.327602,8.299156,3.028446
3444,11.325371,8.298891,3.0264795
3445,11.323507,8.298686,3.0248215
3446,11.321064,8.298423,3.0226417
3447,11.318923,8.298128,3.0207944
3448,11.317042,8.297835,3.019207
3449,11.314905,8.2975445,3.0173607
3450,11.313003,8.297254,3.015749
3451,11.311137,8.297022,3.014115
3452,11.30897,8.296746,3.0122247
3453,11.306728,8.296555,3.0101738
3454,11.304772,8.296359,3.0084128
3455,11.302755,8.296112,3.0066428
3456,11.300385,8.295829,3.0045562
3457,11.298352,8.295571,3.0027816
3458,11.296329,8.2953,3.0010288
3459,11.294262,8.295122,2.9991403
3460,11.2923,8.294873,2.9974272
3461,11.290103,8.294599,2.9955049
3462,11.288206,8.294333,2.9938722
3463,11.286224,8.294058,2.992167
3464,11.283857,8.293824,2.9900327
3465,11.281697,8.293626,2.9880717
3466,11.279765,8.293318,2.9864478
3467,11.277702,8.293016,2.9846854
3468,11.275496,8.292702,2.9827933
3469,11.273319,8.292417,2.980903
3470,11.2709255,8.292135,2.9787903
3471,11.268767,8.291916,2.9768512
3472,11.266801,8.291653,2.9751482
3473,11.264651,8.291401,2.97325
3474,11.262548,8.291109,2.9714398
3475,11.260258,8.290758,2.9695
3476,11.258212,8.290525,2.9676864
3477,11.256108,8.290247,2.9658616
3478,11.254001,8.290011,2.9639893
3479,11.252073,8.289829,2.9622433
3480,11.249739,8.289489,2.9602504
3481,11.247345,8.289192,2.9581532
3482,11.245632,8.28895,2.9566822
3483,11.243827,8.288693,2.9551332
3484,11.241684,8.288443,2.9532416
3485,11.239243,8.288133,2.9511096
3486,11.237,8.2878065,2.949194
3487,11.235128,8.287524,2.9476044
3488,11.233013,8.287223,2.9457903
3489,11.231088,8.287009,2.944079
3490,11.2292185,8.286707,2.9425118
3491,11.226892,8.286435,2.9404569
3492,11.224513,8.286122,2.9383907
3493,11.2222805,8.28587,2.936411
3494,11.220368,8.285618,2.9347506
3495,11.218076,8.285355,2.9327207
3496,11.216128,8.285032,2.9310966
3497,11.213968,8.284737,2.9292314
3498,11.211465,8.284444,2.9270205
3499,11.209239,8.284178,2.9250617
3500,11.207174,8.283851,2.9233239
3501,11.205044,8.283574,2.9214702
3502,11.203137,8.283312,2.919825
3503,11.201194,8.282976,2.9182172
3504,11.199044,8.282724,2.9163203
3505,11.197087,8.282435,2.9146519
3506,11.194889,8.28217,2.912719
3507,11.192858,8.281861,2.910996
3508,11.190598,8.281539,2.909059
3509,11.188566,8.281252,2.9073143
3510,11.186607,8.280985,2.905623
3511,11.1844425,8.280668,2.9037747
3512,11.18236,8.280372,2.9019885
3513,11.180247,8.280063,2.9001844
3514,11.177907,8.279756,2.8981519
3515,11.175728,8.279489,2.8962393
3516,11.173692,8.279183,2.8945088
3517,11.171946,8.278873,2.8930721
3518,11.169674,8.278558,2.891116
3519,11.167585,8.278244,2.8893414
3520,11.165328,8.277921,2.8874073
3521,11.163163,8.277667,2.8854957
3522,11.160924,8.277378,2.8835456
3523,11.158805,8.277018,2.881787
3524,11.1567,8.276734,2.8799663
3525,11.154432,8.276439,2.8779938
3526,11.15203,8.276163,2.8758664
3527,11.14951,8.275855,2.8736553
3528,11.147747,8.27554,2.872206
3529,11.14547,8.275176,2.8702936
3530,11.143655,8.274896,2.8687594
3531,11.141666,8.274608,2.867059
3532,11.139287,8.274279,2.8650079
3533,11.137486,8.273975,2.8635106
3534,11.135261,8.273644,2.861616
3535,11.132987,8.273303,2.8596842
3536,11.130723,8.272944,2.857778
3537,11.128853,8.272652,2.8562012
3538,11.126783,8.272356,2.854427
3539,11.124756,8.272002,2.8527539
3540,11.12274,8.271692,2.8510475
3541,11.120747,8.271369,2.8493779
3542,11.11875,8.271042,2.8477077
3543,11.116583,8.270772,2.8458111
3544,11.114378,8.270458,2.84392
3545,11.112413,8.270225,2.8421884
3546,11.1099615,8.269877,2.8400836
3547,11.107961,8.2695465,2.8384147
3548,11.105574,8.269238,2.836335
3549,11.103028,8.268889,2.8341389
3550,11.101083,8.26857,2.8325126
3551,11.098787,8.268256,2.8305311
3552,11.096819,8.26794,2.8288789
3553,11.094604,8.267549,2.8270547
3554,11.092271,8.267215,2.8250566
3555,11.09053,8.26699,2.8235412
3556,11.088571,8.266618,2.821952
3557,11.0865755,8.266328,2.8202477
3558,11.084433,8.265957,2.8184757
3559,11.082381,8.265667,2.816714
3560,11.079986,8.265304,2.8146815
3561,11.077994,8.265004,2.8129904
3562,11.075461,8.26466,2.8108017
3563,11.073282,8.264299,2.8089828
3564,11.071415,8.264015,2.8073993
3565,11.069279,8.263626,2.8056521
3566,11.067225,8.263275,2.8039498
3567,11.06529,8.262931,2.80236
3568,11.063138,8.262685,2.8004525
3569,11.06103,8.262307,2.7987235
3570,11.059095,8.261957,2.7971375
3571,11.056957,8.26165,2.7953064
3572,11.054706,8.26124,2.7934651
3573,11.052323,8.260887,2.7914357
3574,11.050349,8.260594,2.7897556
3575,11.048337,8.260304,2.7880323
3576,11.045973,8.259982,2.7859905
3577,11.043775,8.259655,2.7841198
3578,11.0414505,8.25934,2.7821102
3579,11.039287,8.258997,2.78029
3580,11.037107,8.258661,2.7784457
3581,11.03551,8.258348,2.7771616
3582,11.033456,8.257992,2.7754648
3583,11.03153,8.257589,2.7739408
3584,11.0290365,8.257157,2.7718785
3585,11.02688,8.2567835,2.7700968
3586,11.024574,8.25643,2.768145
3587,11.0223255,8.256142,2.7661834
3588,11.020247,8.255741,2.7645066
3589,11.018446,8.255484,2.7629619
3590,11.016203,8.255087,2.761116
3591,11.01382,8.25477,2.759049
3592,11.012136,8.254491,2.7576454
3593,11.0099125,8.254105,2.7558079
3594,11.008182,8.253726,2.754456
3595,11.006308,8.253396,2.7529116
3596,11.003964,8.253148,2.7508163
3597,11.001616,8.252814,2.7488008
3598,10.999433,8.252475,2.7469573
3599,10.997417,8.252137,2.7452805
3600,10.995386,8.251776,2.7436101
3601,10.993251,8.251403,2.7418475
3602,10.991192,8.250959,2.7402325
3603,10.988897,8.250541,2.7383566
3604,10.986548,8.250159,2.7363899
3605,10.984459,8.249819,2.73464
3606,10.982725,8.249482,2.7332428
3607,10.980312,8.249161,2.731151
3608,10.9784565,8.2488,2.7296557
3609,10.976675,8.248442,2.7282336
3610,10.9740925,8.248101,2.7259917
3611,10.971615,8.24773,2.7238843
3612,10.969485,8.247348,2.7221375
3613,10.967565,8.247084,2.7204804
3614,10.965389,8.246654,2.7187362
3615,10.963068,8.246242,2.716827
3616,10.961075,8.2458,2.7152753
3617,10.958969,8.245459,2.7135108
3618,10.9567995,8.245099,2.7117007
3619,10.954883,8.244646,2.7102365
3620,10.952944,8.244278,2.7086651
3621,10.9511385,8.243933,2.707206
3622,10.949169,8.24363,2.7055383
3623,10.94718,8.243287,2.703893
3624,10.944503,8.242953,2.7015493
3625,10.942457,8.242672,2.6997852
3626,10.940432,8.242239,2.6981933
3627,10.938657,8.241867,2.6967895
3628,10.937013,8.241524,2.6954887
3629,10.934362,8.241088,2.6932752
3630,10.932044,8.240773,2.6912715
3631,10.929945,8.240326,2.6896195
3632,10.927814,8.239931,2.6878827
3633,10.925919,8.2395525,2.6863663
3634,10.923768,8.239136,2.684632
3635,10.921469,8.238785,2.682684
3636,10.91964,8.238341,2.6812985
3637,10.917255,8.237963,2.6792934
3638,10.914937,8.237544,2.677393
3639,10.913189,8.237195,2.6759934
3640,10.911173,8.236945,2.6742272
3641,10.908966,8.236546,2.67242
3642,10.906916,8.236187,2.6707287
3643,10.905005,8.235778,2.6692271
3644,10.902359,8.23541,2.666949
3645,10.900345,8.235025,2.6653194
3646,10.89808,8.234613,2.663467
3647,10.89609,8.234128,2.661961
3648,10.893956,8.233828,2.6601284
3649,10.891944,8.233342,2.6586015
3650,10.890223,8.23302,2.6572022
3651,10.887785,8.232566,2.6552196
3652,10.885665,8.232103,2.653561
3653,10.88364,8.2318,2.6518402
3654,10.8815155,8.2314625,2.6500535
3655,10.879431,8.23098,2.6484513
3656,10.877272,8.230548,2.646723
3657,10.875369,8.230222,2.6451478
3658,10.873273,8.2298565,2.643417
3659,10.871348,8.22949,2.6418586
3660,10.86877,8.229012,2.6397579
3661,10.866783,8.228622,2.6381607
3662,10.864199,8.228175,2.636023
3663,10.862231,8.227869,2.634362
3664,10.860646,8.227477,2.6331692
3665,10.858664,8.227096,2.6315684
3666,10.856368,8.226569,2.629799
3667,10.85436,8.226174,2.6281855
3668,10.852162,8.225732,2.62643
3669,10.8507185,8.225334,2.6253846
3670,10.848741,8.224952,2.6237893
3671,10.846369,8.224535,2.6218338
3672,10.844446,8.224105,2.6203408
3673,10.842375,8.223688,2.6186867
3674,10.840568,8.223265,2.617303
3675,10.838009,8.22289,2.6151187
3676,10.835857,8.222505,2.6133528
3677,10.833878,8.2220335,2.6118438
3678,10.831221,8.221678,2.6095428
3679,10.829403,8.221227,2.6081765
3680,10.827339,8.220802,2.6065373
3681,10.82468,8.2203865,2.604294
3682,10.822837,8.219983,2.6028533
3683,10.820906,8.219555,2.6013503
3684,10.819134,8.219095,2.600039
3685,10.817068,8.218618,2.5984502
3686,10.814991,8.218279,2.5967126
3687,10.812653,8.217944,2.594708
3688,10.810563,8.217471,2.5930917
3689,10.808382,8.217122,2.5912607
3690,10.806634,8.216545,2.590089
3691,10.804366,8.216118,2.5882478
3692,10.802282,8.215637,2.5866456
3693,10.800106,8.21525,2.5848567
3694,10.79771,8.214806,2.5829048
3695,10.795928,8.214392,2.5815358
3696,10.793996,8.213899,2.5800972
3697,10.792114,8.213493,2.5786202
3698,10.790015,8.213137,2.576879
3699,10.787994,8.212744,2.5752509
3700,10.786213,8.21239,2.5738232
3701,10.784105,8.211967,2.5721383
3702,10.781906,8.21151,2.570396
3703,10.779902,8.211,2.5689018
3704,10.777836,8.21059,2.567245
3705,10.775827,8.21019,2.565637
3706,10.773753,8.209789,2.563964
3707,10.771878,8.209336,2.562542
3708,10.770143,8.2088785,2.561264
3709,10.768152,8.208508,2.5596442
3710,10.766228,8.207995,2.558232
3711,10.763704,8.207615,2.55609
3712,10.761472,8.20727,2.5542023
3713,10.759682,8.206819,2.5528636
3714,10.757649,8.206491,2.5511587
3715,10.755364,8.205928,2.5494366
3716,10.753071,8.205436,2.547635
3717,10.750963,8.205089,2.545874
3718,10.748885,8.204612,2.5442734
3719,10.747291,8.204176,2.5431142
3720,10.744871,8.203759,2.5411117
3721,10.742734,8.203246,2.5394878
3722,10.740682,8.202778,2.5379033
3723,10.738872,8.202392,2.5364804
3724,10.736895,8.201934,2.5349612
3725,10.73433,8.201542,2.5327888
3726,10.732578,8.201047,2.5315309
3727,10.730248,8.200552,2.529696
3728,10.728271,8.200215,2.5280552
3729,10.726642,8.199796,2.5268464
3730,10.724939,8.199396,2.5255427
3731,10.722838,8.198887,2.5239515
3732,10.721321,8.19842,2.5229008
3733,10.7196865,8.198021,2.5216658
3734,10.717273,8.197644,2.5196285
3735,10.714781,8.197239,2.5175416
3736,10.71275,8.196809,2.5159423
3737,10.710605,8.196325,2.5142791
3738,10.708884,8.195875,2.5130095
3739,10.706734,8.195475,2.5112596
3740,10.704738,8.195028,2.5097098
3741,10.70271,8.194664,2.5080466
3742,10.700545,8.194235,2.5063107
3743,10.698464,8.193754,2.5047097
3744,10.6967945,8.193298,2.5034966
3745,10.695038,8.192936,2.5021026
3746,10.692878,8.192538,2.500339
3747,10.690891,8.192122,2.4987688
3748,10.688883,8.191761,2.4971223
3749,10.6866455,8.191259,2.4953866
3750,10.684653,8.190798,2.4938557
3751,10.682473,8.190258,2.4922154
3752,10.680693,8.189802,2.490891
3753,10.679052,8.189417,2.4896352
3754,10.676963,8.1889305,2.4880319
3755,10.674966,8.188471,2.4864945
3756,10.673184,8.188069,2.485115
3757,10.671106,8.187633,2.4834735
3758,10.669063,8.187173,2.4818895
3759,10.666634,8.186694,2.479939
3760,10.664901,8.186264,2.4786367
3761,10.663567,8.185841,2.4777253
3762,10.66138,8.185394,2.475986
3763,10.65894,8.185003,2.4739366
3764,10.656978,8.184585,2.472393
3765,10.654751,8.184154,2.4705975
3766,10.652794,8.183748,2.469046
3767,10.650977,8.183218,2.4677587
3768,10.649294,8.182713,2.4665818
3769,10.647033,8.182229,2.4648032
3770,10.64555,8.181932,2.4636173
3771,10.643722,8.181536,2.4621854
3772,10.64134,8.18104,2.4603012
3773,10.639478,8.180542,2.4589353
3774,10.637453,8.180079,2.4573734
3775,10.635493,8.179598,2.455895
3776,10.633848,8.179257,2.4545903
3777,10.631968,8.178769,2.453198
3778,10.629564,8.178374,2.4511898
3779,10.627316,8.177948,2.4493682
3780,10.62536,8.177529,2.4478307
3781,10.623822,8.177145,2.446677
3782,10.621605,8.176649,2.4449553
3783,10.61979,8.176114,2.4436758
3784,10.618179,8.175558,2.4426212
3785,10.616227,8.17507,2.441157
3786,10.614509,8.174685,2.4398236
3787,10.612487,8.174299,2.438188
3788,10.6107855,8.173881,2.4369042
3789,10.60884,8.173465,2.435375
3790,10.606725,8.172964,2.4337606
3791,10.604779,8.172638,2.432141
3792,10.602556,8.17223,2.4303262
3793,10.600534,8.171784,2.4287503
3794,10.598678,8.171251,2.4274259
3795,10.596338,8.170742,2.4255967
3796,10.594531,8.170353,2.4241776
3797,10.592375,8.169851,2.4225235
3798,10.590513,8.169347,2.421167
3799,10.588756,8.168851,2.4199047
3800,10.586506,8.168346,2.4181597
3801,10.585162,8.167833,2.4173293
3802,10.583329,8.167444,2.4158847
3803,10.58171,8.16698,2.4147305
3804,10.579848,8.1665745,2.4132733
3805,10.577799,8.166168,2.4116306
3806,10.575486,8.165834,2.4096522
3807,10.573764,8.165423,2.4083397
3808,10.5719795,8.165033,2.4069462
3809,10.570362,8.164447,2.405915
3810,10.568639,8.163997,2.4046426
3811,10.566453,8.163384,2.403068
3812,10.564383,8.162923,2.40146
3813,10.562715,8.1624775,2.4002366
3814,10.560765,8.161932,2.3988328
3815,10.55874,8.161371,2.3973691
3816,10.556821,8.160917,2.395904
3817,10.554927,8.160483,2.3944435
3818,10.552792,8.160165,2.3926263
3819,10.551206,8.159763,2.391442
3820,10.549362,8.159272,2.3900902
3821,10.547062,8.158796,2.388266
3822,10.545081,8.158487,2.386594
3823,10.542966,8.157956,2.3850098
3824,10.541052,8.157549,2.383503
3825,10.5393,8.156898,2.382402
3826,10.537446,8.156376,2.3810697
3827,10.535782,8.155877,2.379905
3828,10.533975,8.155421,2.378553
3829,10.532144,8.154934,2.3772097
3830,10.530445,8.15437,2.376075
3831,10.528316,8.153815,2.3745003
3832,10.526198,8.153395,2.3728042
3833,10.523862,8.153048,2.3708136
3834,10.522604,8.152665,2.3699393
3835,10.520402,8.152241,2.3681607
3836,10.518638,8.151727,2.366911
3837,10.516753,8.151242,2.3655114
3838,10.515097,8.150825,2.3642716
3839,10.513079,8.150333,2.3627458
3840,10.511305,8.149825,2.3614793
3841,10.509545,8.149213,2.3603323
3842,10.507284,8.148668,2.3586159
3843,10.505503,8.148282,2.357221
3844,10.504065,8.147786,2.3562777
3845,10.501689,8.14734,2.3543499
3846,10.499612,8.146846,2.352766
3847,10.49794,8.146246,2.3516934
3848,10.495499,8.145706,2.3497918
3849,10.493501,8.145269,2.348231
3850,10.491931,8.144783,2.3471484
3851,10.4900875,8.144281,2.3458061
3852,10.4886675,8.143791,2.3448758
3853,10.486775,8.143428,2.343347
3854,10.484655,8.142861,2.341794
3855,10.482259,8.142327,2.3399317
3856,10.480919,8.141826,2.3390932
3857,10.479199,8.141321,2.3378787
3858,10.477742,8.140881,2.3368616
3859,10.475724,8.140418,2.3353066
3860,10.473693,8.139998,2.3336945
3861,10.471838,8.139552,2.3322861
3862,10.47026,8.139075,2.3311837
3863,10.468522,8.138618,2.3299038
3864,10.466283,8.138121,2.3281622
3865,10.464631,8.137739,2.326892
3866,10.462232,8.137153,2.3250785
3867,10.460934,8.1366625,2.3242717
3868,10.459719,8.136168,2.3235512
3869,10.457395,8.135681,2.3217137
3870,10.455347,8.135127,2.32022
3871,10.453718,8.134573,2.3191447
3872,10.451553,8.13401,2.3175426
3873,10.449363,8.133398,2.3159654
3874,10.44782,8.132825,2.3149943
3875,10.4461355,8.132378,2.3137584
3876,10.444232,8.131825,2.3124063
3877,10.442526,8.131299,2.311227
3878,10.44079,8.130849,2.3099415
3879,10.438719,8.130321,2.3083982
3880,10.436656,8.129898,2.3067577
3881,10.435337,8.129508,2.3058286
3882,10.4335,8.129044,2.3044572
3883,10.431394,8.128475,2.3029182
3884,10.429522,8.128028,2.3014936
3885,10.427527,8.127532,2.299995
3886,10.425737,8.127083,2.2986548
3887,10.423716,8.1264515,2.2972636
3888,10.422042,8.125917,2.2961252
3889,10.420127,8.125209,2.2949183
3890,10.418205,8.124528,2.293677
3891,10.416136,8.124017,2.2921188
3892,10.414307,8.123419,2.2908874
3893,10.412292,8.12283,2.2894616
3894,10.410133,8.122316,2.287817
3895,10.408201,8.121922,2.28628
3896,10.406779,8.12152,2.2852597
3897,10.405062,8.121011,2.2840517
3898,10.40287,8.120521,2.282349
3899,10.401642,8.120005,2.281637
3900,10.399696,8.119562,2.2801337
3901,10.397665,8.119124,2.2785408
3902,10.395856,8.118499,2.277357
3903,10.394261,8.1179695,2.2762918
3904,10.392614,8.117415,2.2751985
3905,10.390366,8.116891,2.2734752
3906,10.388553,8.116198,2.2723553
3907,10.387099,8.1155815,2.2715175
3908,10.385035,8.115017,2.270018
3909,10.383693,8.114584,2.2691092
3910,10.381363,8.113943,2.2674198
3911,10.380265,8.113411,2.2668543
3912,10.378419,8.112964,2.2654557
3913,10.376473,8.112455,2.2640183
3914,10.37442,8.11195,2.2624698
3915,10.372437,8.111496,2.2609398
3916,10.370797,8.111005,2.259792
3917,10.369123,8.110443,2.2586799
3918,10.367741,8.109845,2.2578957
3919,10.365429,8.10927,2.2561584
3920,10.363833,8.108822,2.2550118
3921,10.3619795,8.108255,2.2537243
3922,10.35941,8.107557,2.2518528
3923,10.357758,8.106845,2.2509122
3924,10.35601,8.10627,2.2497406
3925,10.354284,8.105741,2.248544
3926,10.35246,8.105229,2.2472305
3927,10.350886,8.104829,2.246057
3928,10.34896,8.104322,2.2446373
3929,10.347141,8.103789,2.2433515
3930,10.345146,8.103272,2.2418737
3931,10.3433,8.102672,2.2406287
3932,10.341872,8.102192,2.2396803
3933,10.3402815,8.101635,2.2386465
3934,10.338412,8.100998,2.2374148
3935,10.336646,8.100408,2.236239
3936,10.334537,8.099699,2.2348373
3937,10.333028,8.099196,2.2338314
3938,10.331392,8.098716,2.2326763
3939,10.329551,8.098063,2.2314873
3940,10.327638,8.097505,2.2301335
3941,10.325595,8.09691,2.228685
3942,10.323993,8.096408,2.2275844
3943,10.322523,8.09592,2.2266035
3944,10.320154,8.095366,2.2247887
3945,10.319057,8.094951,2.2241066
3946,10.316571,8.094362,2.2222097
3947,10.314593,8.093836,2.2207582
3948,10.312843,8.093241,2.219603
3949,10.311358,8.0926695,2.2186894
3950,10.309748,8.092026,2.217722
3951,10.307787,8.091332,2.216454
3952,10.30533,8.090827,2.2145028
3953,10.303542,8.090302,2.2132394
3954,10.302114,8.089709,2.2124043
3955,10.300306,8.089049,2.2112575
3956,10.298516,8.088447,2.2100704
3957,10.296798,8.087946,2.2088523
3958,10.294787,8.087365,2.2074218
3959,10.293284,8.086912,2.2063723
3960,10.291736,8.086292,2.2054436
3961,10.290427,8.08565,2.2047765
3962,10.28846,8.085064,2.203396
3963,10.286369,8.084622,2.2017467
3964,10.284552,8.084111,2.200441
3965,10.283181,8.083481,2.1996996
3966,10.28108,8.082826,2.1982543
3967,10.279241,8.082278,2.1969626
3968,10.276998,8.08179,2.195207
3969,10.275534,8.081241,2.1942928
3970,10.274197,8.0806055,2.1935909
3971,10.272076,8.080004,2.1920714
3972,10.2703,8.079364,2.1909356
3973,10.268667,8.07882,2.1898463
3974,10.26674,8.078347,2.1883924
3975,10.264964,8.077749,2.1872153
3976,10.263162,8.0771055,2.1860569
3977,10.262014,8.076595,2.1854186
3978,10.259941,8.076008,2.1839333
3979,10.257907,8.075546,2.1823606
3980,10.255968,8.074947,2.1810207
3981,10.254812,8.074302,2.180511
3982,10.25283,8.073716,2.1791139
3983,10.251259,8.073124,2.1781352
3984,10.249648,8.07253,2.1771188
3985,10.247595,8.0720005,2.1755948
3986,10.245877,8.071376,2.1745017
3987,10.243966,8.070772,2.1731935
3988,10.242679,8.070246,2.1724334
3989,10.240891,8.069663,2.171228
3990,10.239305,8.069103,2.1702008
3991,10.237154,8.068591,2.1685634
3992,10.23554,8.0680275,2.1675131
3993,10.233733,8.067465,2.1662686
3994,10.232551,8.066832,2.1657193
3995,10.230573,8.066122,2.1644504
3996,10.228946,8.06553,2.1634161
3997,10.226737,8.06494,2.1617959
3998,10.225352,8.064485,2.1608675
3999,10.223747,8.063936,2.159811
4000,10.222523,8.063366,2.1591563
4001,10.220449,8.062867,2.1575825
4002,10.218355,8.062293,2.156062
4003,10.216995,8.061744,2.1552513
4004,10.214502,8.061196,2.1533065
4005,10.213141,8.060617,2.1525247
4006,10.211932,8.060038,2.1518943
4007,10.209689,8.059379,2.1503103
4008,10.207716,8.058693,2.1490235
4009,10.206423,8.058114,2.1483083
4010,10.204795,8.057576,2.1472187
4011,10.203447,8.056879,2.1465683
4012,10.201731,8.056319,2.145412
4013,10.200238,8.055987,2.1442509
4014,10.197975,8.055551,2.142424
4015,10.196387,8.055006,2.1413808
4016,10.195065,8.0543375,2.1407266
4017,10.193502,8.05375,2.139753
4018,10.19161,8.053177,2.138434
4019,10.189537,8.0525465,2.1369903
4020,10.188233,8.051874,2.136359
4021,10.186291,8.05121,2.13508
4022,10.184897,8.050631,2.1342669
4023,10.182666,8.050035,2.1326306
4024,10.181218,8.049526,2.1316922
4025,10.179721,8.04888,2.1308417
4026,10.178427,8.048362,2.1300654
4027,10.176576,8.047823,2.1287527
4028,10.174233,8.047361,2.1268718
4029,10.172719,8.046888,2.12583
4030,10.171292,8.0462885,2.1250036
4031,10.1692295,8.045694,2.123535
4032,10.167415,8.045102,2.1223118
4033,10.166034,8.0446005,2.1214328
4034,10.164695,8.043929,2.1207654
4035,10.162637,8.043252,2.1193852
4036,10.161305,8.042641,2.1186643
4037,10.15921,8.042011,2.1171997
4038,10.157619,8.041488,2.1161313
4039,10.156023,8.040944,2.115079
4040,10.154464,8.040417,2.1140475
4041,10.153146,8.03988,2.1132655
4042,10.151556,8.039387,2.1121693
4043,10.149059,8.038836,2.1102233
4044,10.147363,8.038255,2.1091084
4045,10.145856,8.037604,2.1082513
4046,10.144164,8.037,2.1071646
4047,10.142073,8.036413,2.105659
4048,10.140493,8.035893,2.1045995
4049,10.138719,8.035261,2.103457
4050,10.137341,8.034634,2.1027062
4051,10.13549,8.034003,2.1014876
4052,10.133694,8.033422,2.1002717
4053,10.131671,8.032873,2.098798
4054,10.130274,8.032283,2.0979915
4055,10.128882,8.031667,2.0972161
4056,10.127605,8.031109,2.0964966
4057,10.125763,8.030603,2.0951593
4058,10.124132,8.030095,2.0940366
4059,10.122813,8.029456,2.0933576
4060,10.121109,8.028792,2.0923164
4061,10.119291,8.0282755,2.0910153
4062,10.118123,8.027796,2.0903268
4063,10.116266,8.027248,2.0890176
4064,10.114683,8.026599,2.0880847
4065,10.113453,8.025992,2.0874605
4066,10.111446,8.025454,2.0859923
4067,10.10939,8.024922,2.0844684
4068,10.107793,8.024439,2.0833545
4069,10.106451,8.023852,2.0825992
4070,10.105057,8.023236,2.0818202
4071,10.103724,8.022598,2.0811248
4072,10.102206,8.022068,2.080139
4073,10.100556,8.021671,2.0788848
4074,10.0984535,8.0209255,2.0775278
4075,10.096708,8.0203,2.0764089
4076,10.09468,8.019763,2.0749173
4077,10.093534,8.019341,2.0741935
4078,10.092471,8.018712,2.0737586
4079,10.090429,8.018022,2.0724075
4080,10.08879,8.017392,2.071397
4081,10.087364,8.016892,2.0704722
4082,10.085175,8.016429,2.0687451
4083,10.084231,8.015789,2.0684423
4084,10.083024,8.015165,2.0678587
4085,10.081364,8.014637,2.0667264
4086,10.07964,8.014228,2.065412
4087,10.078329,8.013703,2.0646255
4088,10.076658,8.013047,2.0636106
4089,10.075081,8.012452,2.062628
4090,10.073182,8.011952,2.0612297
4091,10.072011,8.01145,2.0605614
4092,10.070651,8.01083,2.0598214
4093,10.068516,8.009999,2.058516
4094,10.06698,8.009385,2.0575955
4095,10.064971,8.008852,2.0561187
4096,10.063433,8.00837,2.0550616
4097,10.0614605,8.007742,2.053719
4098,10.060228,8.007098,2.0531304
4099,10.058442,8.006583,2.051859
4100,10.057232,8.006345,2.050887
4101,10.055051,8.005867,2.0491834
4102,10.053592,8.005331,2.0482605
4103,10.05249,8.004585,2.0479047
4104,10.051018,8.00403,2.046987
4105,10.049056,8.003433,2.0456223
4106,10.0477495,8.002875,2.0448737
4107,10.045549,8.002052,2.0434966
4108,10.044509,8.001364,2.0431452
4109,10.043076,8.000844,2.0422313
4110,10.041265,8.000394,2.0408707
4111,10.039905,7.9998493,2.0400548
4112,10.038525,7.9992175,2.0393066
4113,10.0368,7.998618,2.0381818
4114,10.03561,7.9981217,2.0374887
4115,10.033795,7.997659,2.0361364
4116,10.032127,7.997134,2.0349936
4117,10.030551,7.9965014,2.0340495
4118,10.028673,7.995864,2.032809
4119,10.027469,7.9952574,2.0322108
4120,10.02606,7.994638,2.0314221
4121,10.024191,7.994009,2.030182
4122,10.023226,7.993435,2.0297914
4123,10.021552,7.992796,2.0287557
4124,10.019495,7.9922676,2.0272274
4125,10.018302,7.991815,2.026487
4126,10.0166,7.9913116,2.0252886
4127,10.015029,7.9907384,2.0242903
4128,10.013817,7.9902315,2.0235858
4129,10.012091,7.9896827,2.0224075
4130,10.010402,7.989193,2.0212083
4131,10.008909,7.988578,2.0203314
4132,10.007303,7.9878807,2.0194223
4133,10.005656,7.987227,2.0184298
4134,10.003974,7.9866242,2.0173495
4135,10.0028925,7.9860716,2.016821
4136,10.001327,7.9854302,2.0158963
4137,9.99934,7.984873,2.0144668
4138,9.998029,7.9843464,2.0136824
4139,9.99622,7.9838157,2.0124037
4140,9.994894,7.983167,2.0117266
4141,9.993546,7.982618,2.010928
4142,9.991593,7.9820623,2.0095308
4143,9.9906,7.98151,2.0090892
4144,9.988665,7.9808707,2.0077941
4145,9.987074,7.980332,2.0067422
4146,9.986164,7.9796586,2.0065053
4147,9.983974,7.979101,2.0048733
4148,9.9824915,7.9785285,2.0039628
4149,9.981194,7.978049,2.0031445
4150,9.979753,7.977558,2.002195
4151,9.978422,7.976947,2.001475
4152,9.976012,7.976264,1.9997479
4153,9.974361,7.975669,1.9986928
4154,9.973717,7.975112,1.9986042
4155,9.971502,7.9744186,1.9970834
4156,9.970582,7.9737735,1.9968084
4157,9.968872,7.9731216,1.9957501
4158,9.967418,7.972624,1.9947941
4159,9.965929,7.9721384,1.9937912
4160,9.964446,7.9716496,1.9927963
4161,9.962299,7.9711933,1.9911064
4162,9.960972,7.9707365,1.9902357
4163,9.959405,7.97021,1.9891951
4164,9.958309,7.9695544,1.9887545
4165,9.956509,7.9688997,1.9876086
4166,9.95483,7.9683747,1.9864557
4167,9.95336,7.9677515,1.9856083
4168,9.951755,7.9669676,1.9847873
4169,9.950439,7.966135,1.9843041
4170,9.949133,7.9654665,1.9836668
4171,9.947513,7.9649568,1.9825554
4172,9.946212,7.964546,1.9816658
4173,9.944591,7.963907,1.9806836
4174,9.942876,7.9632854,1.9795907
4175,9.942022,7.9628453,1.9791771
4176,9.940456,7.9624133,1.978043
4177,9.939208,7.9618025,1.9774052
4178,9.937613,7.9611635,1.9764496
4179,9.935885,7.960523,1.9753621
4180,9.934328,7.960011,1.9743172
4181,9.933037,7.95947,1.9735676
4182,9.931239,7.9587474,1.972492
4183,9.929502,7.958003,1.9714988
4184,9.928081,7.9574275,1.9706528
4185,9.926878,7.957008,1.9698696
4186,9.925294,7.9563823,1.9689119
4187,9.923614,7.9557595,1.9678538
4188,9.922114,7.955167,1.9669478
4189,9.920779,7.954684,1.9660952
4190,9.918796,7.9541497,1.9646461
4191,9.9170475,7.95344,1.9636075
4192,9.915722,7.9527974,1.9629246
4193,9.913785,7.952281,1.961504
4194,9.912842,7.9518085,1.9610336
4195,9.910918,7.951056,1.9598621
4196,9.909796,7.9505095,1.9592865
4197,9.908384,7.949843,1.9585415
4198,9.906648,7.949165,1.957483
4199,9.904747,7.94851,1.9562371
4200,9.903154,7.9478154,1.9553391
4201,9.901597,7.947309,1.9542881
4202,9.900286,7.94675,1.9535358
4203,9.898658,7.946204,1.9524534
4204,9.897188,7.945687,1.9515015
4205,9.895422,7.945173,1.9502493
4206,9.893777,7.9446335,1.9491436
4207,9.892507,7.943975,1.9485314
4208,9.891152,7.943417,1.9477358
4209,9.889639,7.942764,1.9468749
4210,9.888365,7.9421506,1.9462147
4211,9.886825,7.941448,1.9453762
4212,9.885195,7.940738,1.9444567
4213,9.883487,7.940116,1.9433706
4214,9.882843,7.939541,1.9433025
4215,9.881265,7.9390283,1.9422367
4216,9.879282,7.9384117,1.9408703
4217,9.877889,7.9379034,1.9399853
4218,9.876123,7.9374228,1.9387009
4219,9.874652,7.9368334,1.9378185
4220,9.8734455,7.9362583,1.9371868
4221,9.871734,7.9356885,1.9360447
4222,9.869884,7.935174,1.9347099
4223,9.868263,7.934548,1.9337155
4224,9.866785,7.933825,1.9329598
4225,9.86588,7.933053,1.9328268
4226,9.864597,7.9324102,1.9321868
4227,9.862365,7.9317565,1.9306085
4228,9.861077,7.931205,1.9298725
4229,9.859818,7.930618,1.9292009
4230,9.858105,7.930007,1.9280977
4231,9.857054,7.9295354,1.9275181
4232,9.855323,7.9291077,1.9262154
4233,9.85333,7.9286523,1.9246776
4234,9.851848,7.9281616,1.9236863
4235,9.850468,7.9276524,1.9228151
4236,9.849345,7.9269824,1.9223626
4237,9.847918,7.926307,1.9216105
4238,9.846561,7.925657,1.9209045
4239,9.845311,7.924978,1.9203333
4240,9.843869,7.9241686,1.9197006
4241,9.8421,7.923524,1.9185765
4242,9.84035,7.9229145,1.917436
4243,9.839012,7.9223433,1.9166687
4244,9.8374815,7.9218025,1.9156787
4245,9.83587,7.9212923,1.9145775
4246,9.834428,7.9209137,1.9135147
4247,9.832883,7.9204597,1.9124228
4248,9.831351,7.9199104,1.9114411
4249,9.829474,7.9193716,1.9101028
4250,9.828634,7.91876,1.9098743
4251,9.826997,7.9180875,1.9089092
4252,9.825924,7.917408,1.9085159
4253,9.824086,7.916765,1.907321
4254,9.822798,7.916209,1.9065888
4255,9.820899,7.915629,1.9052703
4256,9.819658,7.915059,1.904599
4257,9.818202,7.9145207,1.9036812
4258,9.816951,7.9139595,1.9029917
4259,9.815146,7.913394,1.9017521
4260,9.813438,7.9129243,1.9005142
4261,9.81198,7.9124966,1.8994834
4262,9.810642,7.9119344,1.898708
4263,9.809108,7.911217,1.8978908
4264,9.807887,7.9106,1.8972867
4265,9.806494,7.910069,1.8964252
4266,9.8045845,7.9094586,1.8951261
4267,9.803385,7.9088044,1.8945806
4268,9.801871,7.9081197,1.8937511
4269,9.800452,7.907611,1.892841
4270,9.799466,7.907176,1.8922904
4271,9.797878,7.906578,1.8913
4272,9.796156,7.9059343,1.8902218
4273,9.794937,7.9054694,1.8894676
4274,9.79349,7.9050746,1.888416
4275,9.792027,7.9045177,1.88751
4276,9.790346,7.9038544,1.886492
4277,9.78917,7.903213,1.8859574
4278,9.78739,7.9026475,1.8847424
4279,9.786589,7.902096,1.8844929
4280,9.784598,7.9013968,1.8832014
4281,9.782896,7.9008384,1.8820579
4282,9.781579,7.900317,1.8812622
4283,9.78067,7.899908,1.8807623
4284,9.779098,7.8994327,1.8796648
4285,9.777344,7.8988714,1.8784726
4286,9.7762375,7.8983564,1.8778814
4287,9.774451,7.897935,1.8765163
4288,9.773605,7.897327,1.8762779
4289,9.772477,7.896674,1.8758028
4290,9.7711,7.8960023,1.875098
4291,9.769399,7.8954673,1.8739316
4292,9.767717,7.8949327,1.8727844
4293,9.766308,7.8943567,1.8719513
4294,9.764729,7.8938212,1.8709071
4295,9.7633095,7.8932815,1.8700275
4296,9.762218,7.8928432,1.8693749
4297,9.76039,7.892365,1.8680252
4298,9.75891,7.8917146,1.8671957
4299,9.757473,7.891119,1.8663536
4300,9.756,7.890692,1.8653076
4301,9.754947,7.890226,1.8647206
4302,9.753571,7.8894906,1.8640795
4303,9.751887,7.8887897,1.8630981
4304,9.750352,7.8882627,1.8620888
4305,9.749074,7.887798,1.861276
4306,9.74812,7.8871436,1.8609766
4307,9.746429,7.886562,1.8598678
4308,9.745318,7.886114,1.8592046
4309,9.743696,7.8857527,1.8579433
4310,9.742507,7.8851304,1.8573768
4311,9.741229,7.884507,1.8567221
4312,9.739608,7.8839827,1.8556252
4313,9.738008,7.8835645,1.8544428
4314,9.736579,7.8830543,1.8535242
4315,9.735788,7.8823586,1.8534294
4316,9.733957,7.8817897,1.8521678
4317,9.732387,7.881356,1.8510303
4318,9.731238,7.8808584,1.85038
4319,9.729284,7.8801804,1.8491043
4320,9.727967,7.8796535,1.848314
4321,9.727305,7.879122,1.8481834
4322,9.725288,7.8785753,1.8467127
4323,9.72462,7.878021,1.8465989
4324,9.722883,7.8774486,1.8454345
4325,9.721342,7.8769703,1.8443714
4326,9.719861,7.876415,1.843446
4327,9.718303,7.8759303,1.8423722
4328,9.716951,7.8753443,1.8416067
4329,9.715474,7.8747735,1.8407007
4330,9.713828,7.8742657,1.839562
4331,9.712537,7.8736987,1.8388386
4332,9.71148,7.8730545,1.8384256
4333,9.709967,7.872387,1.83758
4334,9.709524,7.871875,1.8376496
4335,9.70742,7.8713636,1.8360565
4336,9.705994,7.8708396,1.8351543
4337,9.704681,7.8702645,1.834417
4338,9.703471,7.8697343,1.8337371
4339,9.702086,7.8691816,1.8329046
4340,9.700522,7.8686857,1.8318373
4341,9.699841,7.8681207,1.83172
4342,9.698334,7.8675056,1.8308281
4343,9.696704,7.866903,1.8298013
4344,9.695631,7.866421,1.82921
4345,9.693668,7.8659563,1.8277127
4346,9.691945,7.8654137,1.826531
4347,9.691163,7.8648243,1.826339
4348,9.6899395,7.864438,1.8255012
4349,9.688639,7.8639746,1.8246639
4350,9.687015,7.863371,1.8236439
4351,9.685483,7.8627634,1.8227196
4352,9.683758,7.862211,1.8215468
4353,9.682348,7.861802,1.8205458
4354,9.681538,7.861184,1.8203533
4355,9.68025,7.8604198,1.8198302
4356,9.678346,7.8598714,1.8184748
4357,9.676923,7.8594046,1.8175185
4358,9.675568,7.8587985,1.8167692
4359,9.673964,7.8580756,1.815888
4360,9.672595,7.8575735,1.8150213
4361,9.671292,7.8571405,1.8141512
4362,9.669779,7.8565717,1.8132073
4363,9.668768,7.855907,1.8128608
4364,9.667171,7.8553433,1.8118274
4365,9.665596,7.854921,1.8106754
4366,9.664338,7.8544574,1.8098803
4367,9.662717,7.853649,1.8090677
4368,9.661493,7.853045,1.8084488
4369,9.6600485,7.852527,1.8075212
4370,9.65848,7.8520875,1.806392
4371,9.657041,7.8514543,1.8055859
4372,9.655333,7.8507686,1.8045638
4373,9.65427,7.850271,1.8039993
4374,9.652789,7.849876,1.8029127
4375,9.651379,7.8492837,1.8020945
4376,9.650455,7.8486137,1.801842
4377,9.648632,7.8479548,1.8006775
4378,9.647276,7.8474026,1.7998731
4379,9.645747,7.8467836,1.7989635
4380,9.644578,7.8460965,1.7984812
4381,9.64315,7.845613,1.7975376
4382,9.641559,7.845132,1.7964264
4383,9.640393,7.8445797,1.7958136
4384,9.638836,7.844043,1.7947929
4385,9.637371,7.843531,1.7938397
4386,9.636389,7.8430696,1.793319
4387,9.634807,7.842483,1.7923241
4388,9.633225,7.841843,1.7913818
4389,9.631867,7.8412256,1.7906415
4390,9.630605,7.8406224,1.7899818
4391,9.628968,7.8399673,1.7890012
4392,9.627454,7.8393693,1.7880846
4393,9.625557,7.838753,1.7868035
4394,9.624707,7.8381786,1.7865288
4395,9.62347,7.8376355,1.7858343
4396,9.622255,7.837065,1.7851903
4397,9.620821,7.8365297,1.7842909
4398,9.619132,7.836082,1.7830498
4399,9.617276,7.835559,1.7817173
4400,9.616236,7.834995,1.781241
4401,9.615014,7.8344135,1.7806002
4402,9.613763,7.8337593,1.7800033
4403,9.6122265,7.833135,1.7790909
4404,9.610883,7.832554,1.7783291
4405,9.609121,7.831807,1.7773148
4406,9.607745,7.8311367,1.7766087
4407,9.607098,7.8305206,1.7765768
4408,9.605984,7.830015,1.7759683
4409,9.60445,7.8293757,1.7750747
4410,9.602781,7.828887,1.773894
4411,9.601318,7.8283386,1.77298
4412,9.599729,7.827848,1.7718811
4413,9.598082,7.827327,1.7707548
4414,9.596684,7.826748,1.7699369
4415,9.595699,7.8262286,1.7694702
4416,9.593952,7.825647,1.7683048
4417,9.592632,7.8249626,1.7676694
4418,9.591636,7.8243694,1.7672663
4419,9.58981,7.8237615,1.7660488
4420,9.588967,7.8230667,1.7659006
4421,9.587693,7.8223543,1.7653393
4422,9.585898,7.8218513,1.7640469
4423,9.58447,7.821272,1.7631979
4424,9.582918,7.8207464,1.762172
4425,9.581453,7.8200555,1.7613977
4426,9.580273,7.819698,1.7605747
4427,9.57943,7.8192105,1.7602189
4428,9.577688,7.8185763,1.7591118
4429,9.576299,7.818017,1.7582821
4430,9.575007,7.8174505,1.7575573
4431,9.573465,7.816798,1.7566675
4432,9.571872,7.8160453,1.7558266
4433,9.570562,7.8153853,1.7551775
4434,9.5693655,7.814838,1.7545271
4435,9.568177,7.814116,1.7540611
4436,9.566745,7.8134446,1.7533
4437,9.56507,7.812851,1.7522188
4438,9.564057,7.8123426,1.7517145
4439,9.5627365,7.8117523,1.750984
4440,9.561296,7.811193,1.7501034
4441,9.560169,7.8107066,1.7494625
4442,9.558326,7.8102274,1.7480978
4443,9.556945,7.8096952,1.7472496
4444,9.555125,7.8090744,1.7460502
4445,9.553938,7.80843,1.7455078
4446,9.552776,7.807822,1.7449539
4447,9.551386,7.8071475,1.7442385
4448,9.550005,7.806416,1.7435887
4449,9.54861,7.8057523,1.7428579
4450,9.54722,7.8051767,1.7420439
4451,9.545687,7.804551,1.7411358
4452,9.54407,7.8039494,1.7401206
4453,9.542939,7.803352,1.7395875
4454,9.541346,7.8027854,1.7385604
4455,9.539964,7.8022637,1.7376997
4456,9.538662,7.8016543,1.7370075
4457,9.536943,7.8009734,1.7359703
4458,9.535714,7.8003073,1.7354065
4459,9.534164,7.79973,1.7344347
4460,9.532672,7.799066,1.7336056
4461,9.531419,7.79845,1.7329693
4462,9.529893,7.797758,1.7321348
4463,9.528898,7.7971463,1.7317522
4464,9.527226,7.7965035,1.7307231
4465,9.525858,7.7958,1.7300575
4466,9.5246105,7.795317,1.7292931
4467,9.522579,7.794769,1.7278099
4468,9.521558,7.7942686,1.7272888
4469,9.519888,7.7936873,1.7262008
4470,9.518628,7.793158,1.7254702
4471,9.517137,7.792537,1.7245995
4472,9.515998,7.7919297,1.724068
4473,9.514609,7.791228,1.723381
4474,9.51312,7.7905035,1.7226162
4475,9.5121765,7.789886,1.7222904
4476,9.51062,7.7891674,1.721453
4477,9.508895,7.7884736,1.7204211
4478,9.507764,7.787835,1.719929
4479,9.505963,7.787287,1.7186759
4480,9.504758,7.786735,1.7180223
4481,9.503158,7.786149,1.717009
4482,9.501713,7.7855544,1.7161589
4483,9.500203,7.784961,1.715242
4484,9.498611,7.784305,1.7143059
4485,9.496837,7.7835565,1.71328
4486,9.495646,7.7829227,1.7127235
4487,9.494185,7.7822895,1.7118956
4488,9.492744,7.7816753,1.7110687
4489,9.491194,7.781116,1.7100775
4490,9.489661,7.7805057,1.7091553
4491,9.487908,7.7798743,1.7080343
4492,9.486677,7.77927,1.707407
4493,9.484877,7.7785783,1.7062981
4494,9.48373,7.7778916,1.7058389
4495,9.4826355,7.7773223,1.7053133
4496,9.481062,7.7767034,1.704359
4497,9.4794855,7.776131,1.7033542
4498,9.478204,7.7754855,1.702718
4499,9.477022,7.774801,1.7022216
4500,9.475538,7.7741437,1.7013944
4501,9.474635,7.773486,1.7011486
4502,9.473283,7.7726765,1.7006058
4503,9.471427,7.772002,1.699425
4504,9.470164,7.7714186,1.6987454
4505,9.46814,7.77073,1.69741
4506,9.466739,7.7702026,1.6965363
4507,9.465295,7.7696257,1.6956689
4508,9.4644165,7.769066,1.6953506
4509,9.463015,7.7683225,1.6946924
4510,9.461691,7.7677164,1.6939747
4511,9.460145,7.7670236,1.6931216
4512,9.458454,7.766368,1.6920862
4513,9.457103,7.765494,1.6916087
4514,9.45566,7.764856,1.6908042
4515,9.454461,7.7643385,1.6901224
4516,9.453419,7.7637463,1.6896719
4517,9.451875,7.762938,1.6889366
4518,9.450237,7.7624397,1.6877973
4519,9.448634,7.762099,1.6865356
4520,9.446712,7.7615047,1.6852074
4521,9.44578,7.7607846,1.6849949
4522,9.444244,7.7600107,1.6842334
4523,9.442934,7.759428,1.6835057
4524,9.441057,7.758737,1.68232
4525,9.439516,7.758031,1.6814854
4526,9.438076,7.7572403,1.6808355
4527,9.436564,7.7566385,1.6799259
4528,9.435528,7.7560287,1.6794993
4529,9.434319,7.75538,1.6789385
4530,9.432615,7.7546687,1.6779467
4531,9.431122,7.754104,1.6770176
4532,9.429859,7.7536044,1.6762546
4533,9.427743,7.752867,1.6748755
4534,9.426434,7.752184,1.67425
4535,9.425059,7.751378,1.673681
4536,9.423734,7.7506986,1.673035
4537,9.4221325,7.7500753,1.6720569
4538,9.420837,7.7493544,1.6714834
4539,9.419346,7.7485414,1.6708047
4540,9.418007,7.747946,1.6700608
4541,9.416491,7.7474103,1.6690805
4542,9.414914,7.7468467,1.6680679
4543,9.413857,7.7460504,1.667807
4544,9.411773,7.7453947,1.6663778
4545,9.410398,7.744973,1.6654243
4546,9.409137,7.7443657,1.6647708
4547,9.407595,7.7434177,1.6641763
4548,9.405952,7.742817,1.6631355
4549,9.404343,7.7423882,1.6619546
4550,9.402902,7.7416635,1.6612381
4551,9.401397,7.740774,1.6606224
4552,9.399934,7.7400885,1.6598456
4553,9.398247,7.739517,1.6587292
4554,9.397377,7.7388043,1.6585728
4555,9.395552,7.737841,1.6577104
4556,9.39365,7.737191,1.6564586
4557,9.392508,7.7367783,1.6557287
4558,9.391987,7.736128,1.6558588
4559,9.39042,7.7352357,1.6551841
4560,9.389129,7.7345686,1.6545597
4561,9.387763,7.7340455,1.6537174
4562,9.385297,7.733377,1.65192
4563,9.384234,7.732566,1.6516682
4564,9.3829365,7.731858,1.6510786
4565,9.381619,7.731335,1.6502842
4566,9.379911,7.730698,1.6492131
4567,9.37806,7.729969,1.6480916
4568,9.377111,7.729313,1.6477985
4569,9.375982,7.7287073,1.6472752
4570,9.374188,7.7280173,1.6461712
4571,9.372545,7.7272997,1.6452458
4572,9.37139,7.726572,1.6448189
4573,9.370128,7.725873,1.6442543
4574,9.368324,7.7251387,1.6431859
4575,9.366905,7.7243843,1.6425205
4576,9.365598,7.723658,1.6419395
4577,9.363987,7.723041,1.6409458
4578,9.36252,7.7224298,1.6400907
4579,9.361379,7.72176,1.6396189
4580,9.359558,7.721063,1.6384948
4581,9.358099,7.720479,1.6376202
4582,9.356845,7.719824,1.6370211
4583,9.355548,7.719105,1.6364429
4584,9.354031,7.7183785,1.6356525
4585,9.352444,7.717661,1.634783
4586,9.350904,7.716986,1.6339182
4587,9.349628,7.716266,1.633362
4588,9.348108,7.715538,1.6325699
4589,9.346706,7.714903,1.6318039
4590,9.345043,7.714287,1.6307567
4591,9.343468,7.7135506,1.6299168
4592,9.3419695,7.712865,1.629105
4593,9.340344,7.712293,1.6280512
4594,9.338787,7.7117186,1.6270685
4595,9.337387,7.710895,1.6264923
4596,9.335748,7.710161,1.6255863
4597,9.334467,7.7095942,1.6248726
4598,9.333318,7.708758,1.62456
4599,9.331672,7.7078166,1.6238549
4600,9.330059,7.707136,1.6229233
4601,9.32845,7.706512,1.6219383
4602,9.326976,7.7058325,1.621143
4603,9.325156,7.705128,1.6200283
4604,9.323933,7.70464,1.6192925
4605,9.322363,7.704074,1.6182892
4606,9.320797,7.703315,1.6174824
4607,9.319079,7.7025795,1.6164999
4608,9.317495,7.7019067,1.6155889
4609,9.31626,7.701048,1.6152121
4610,9.315218,7.7001276,1.6150904
4611,9.313918,7.6993494,1.6145687
4612,9.312103,7.698675,1.6134281
4613,9.310776,7.6979957,1.6127802
4614,9.308953,7.6973033,1.6116501
4615,9.307374,7.696601,1.6107737
4616,9.306228,7.696037,1.6101913
4617,9.304962,7.695438,1.6095238
4618,9.303707,7.694706,1.6090015
4619,9.301957,7.6939807,1.6079763
4620,9.300699,7.6933446,1.6073542
4621,9.299133,7.6926346,1.6064985
4622,9.297493,7.6917167,1.6057762
4623,9.296079,7.6909237,1.605155
4624,9.295132,7.6902747,1.6048568
4625,9.2931795,7.6895733,1.603606
4626,9.291516,7.6888146,1.6027014
4627,9.289652,7.6881247,1.6015278
4628,9.287827,7.6875076,1.6003191
4629,9.28645,7.686879,1.599571
4630,9.285218,7.68621,1.5990076
4631,9.28378,7.6854515,1.5983288
4632,9.282481,7.684601,1.5978806
4633,9.280922,7.683959,1.5969629
4634,9.279307,7.683208,1.5960989
4635,9.27786,7.682407,1.5954525
4636,9.27634,7.6815877,1.5947516
4637,9.274512,7.6809344,1.5935781
4638,9.273035,7.6801734,1.5928618
4639,9.271546,7.6794524,1.5920938
4640,9.270163,7.678704,1.5914587
4641,9.26869,7.678068,1.5906217
4642,9.2669,7.6774874,1.589413
4643,9.265243,7.676762,1.5884804
4644,9.263813,7.676021,1.5877919
4645,9.262092,7.6752963,1.5867954
4646,9.260111,7.674531,1.5855799
4647,9.259379,7.6737404,1.5856392
4648,9.257555,7.672865,1.5846903
4649,9.256232,7.672231,1.5840008
4650,9.254726,7.671564,1.5831622
4651,9.253215,7.6708198,1.5823953
4652,9.251513,7.6700044,1.5815084
4653,9.249333,7.669403,1.5799307
4654,9.248273,7.668918,1.579355
4655,9.24697,7.66804,1.5789306
4656,9.245433,7.667157,1.5782757
4657,9.243859,7.666443,1.5774163
4658,9.242639,7.6657324,1.5769057
4659,9.240804,7.6648097,1.5759943
4660,9.239195,7.6640077,1.5751873
4661,9.237797,7.6634483,1.5743481
4662,9.236348,7.6628237,1.5735245
4663,9.234779,7.6619163,1.572863
4664,9.233351,7.661352,1.5719984
4665,9.231939,7.6607323,1.5712068
4666,9.230239,7.6599207,1.5703182
4667,9.229196,7.6589594,1.5702364
4668,9.227202,7.658183,1.5690193
4669,9.226007,7.6575365,1.5684712
4670,9.224415,7.656735,1.5676796
4671,9.222588,7.655922,1.5666654
4672,9.221085,7.655351,1.5657337
4673,9.219719,7.654942,1.5647764
4674,9.21863,7.6541643,1.5644652
4675,9.216898,7.6532,1.5636984
4676,9.215464,7.6525564,1.5629076
4677,9.213979,7.651737,1.5622412
4678,9.21235,7.6507196,1.5616306
4679,9.21056,7.649885,1.5606747
4680,9.209146,7.649213,1.5599324
4681,9.207978,7.648556,1.5594221
4682,9.206342,7.6477203,1.5586215
4683,9.205265,7.6469865,1.5582788
4684,9.203665,7.6464,1.5572647
4685,9.202313,7.645719,1.5565946
4686,9.200921,7.644926,1.5559953
4687,9.199467,7.644205,1.5552615
4688,9.197464,7.643482,1.5539821
4689,9.196145,7.6427016,1.5534438
4690,9.195007,7.6418858,1.5531214
4691,9.193632,7.6411357,1.5524966
4692,9.191585,7.6404047,1.5511802
4693,9.190326,7.6395802,1.5507457
4694,9.188712,7.6388183,1.549894
4695,9.186839,7.638148,1.548691
4696,9.185167,7.6374607,1.547707
4697,9.183401,7.636667,1.5467345
4698,9.182298,7.6358385,1.5464596
4699,9.181001,7.635183,1.545818
4700,9.179269,7.6343856,1.5448835
4701,9.177826,7.6334805,1.5443456
4702,9.176435,7.6326914,1.5437444
4703,9.174151,7.6319036,1.542248
4704,9.172384,7.631207,1.5411773
4705,9.170952,7.630502,1.5404494
4706,9.170051,7.6297293,1.5403211
4707,9.168597,7.6289606,1.5396369
4708,9.167096,7.628296,1.5388
4709,9.1655855,7.627506,1.5380803
4710,9.16359,7.62656,1.5370297
4711,9.161745,7.625858,1.5358874
4712,9.160011,7.625091,1.5349201
4713,9.158716,7.6242566,1.5344598
4714,9.157489,7.623368,1.5341207
4715,9.156228,7.622756,1.5334717
4716,9.154178,7.6222773,1.5319002
4717,9.152216,7.621563,1.5306532
4718,9.150313,7.6206884,1.5296248
4719,9.1489315,7.61992,1.529012
4720,9.147042,7.6190176,1.5280249
4721,9.146118,7.6181054,1.5280125
4722,9.144539,7.617267,1.527272
4723,9.143008,7.6164536,1.5265546
4724,9.141428,7.6157494,1.5256789
4725,9.13972,7.61498,1.5247399
4726,9.138213,7.6143227,1.5238909
4727,9.13653,7.613646,1.5228837
4728,9.134941,7.6129503,1.521991
4729,9.133966,7.612048,1.521918
4730,9.131843,7.6111355,1.5207067
4731,9.130242,7.61045,1.5197923
4732,9.129009,7.609737,1.5192726
4733,9.127429,7.6086693,1.5187598
4734,9.1262455,7.6078596,1.5183864
4735,9.124423,7.6073174,1.5171056
4736,9.122257,7.6064987,1.5157583
4737,9.120451,7.605627,1.5148239
4738,9.118964,7.6049767,1.5139872
4739,9.117417,7.604452,1.5129648
4740,9.115907,7.6036906,1.5122157
4741,9.114857,7.602751,1.5121053
4742,9.112824,7.601954,1.5108703
4743,9.111275,7.601176,1.5100992
4744,9.1101675,7.6002517,1.5099155
4745,9.107968,7.599376,1.5085926
4746,9.106605,7.598567,1.508037
4747,9.10531,7.5978684,1.5074415
4748,9.103831,7.597065,1.5067658
4749,9.102123,7.596349,1.5057747
4750,9.100243,7.595735,1.5045078
4751,9.0989485,7.5949197,1.5040287
4752,9.097074,7.593963,1.5031106
4753,9.095478,7.5932465,1.5022316
4754,9.093729,7.5924206,1.5013082
4755,9.092871,7.5915766,1.5012941
4756,9.091262,7.5905952,1.5006664
4757,9.089119,7.5897512,1.4993677
4758,9.087788,7.5891075,1.4986805
4759,9.086252,7.588296,1.4979557
4760,9.0848255,7.5875,1.4973257
4761,9.083337,7.586807,1.4965304
4762,9.081488,7.586119,1.4953687
4763,9.08026,7.5853205,1.4949402
4764,9.078784,7.584399,1.4943845
4765,9.0773535,7.583642,1.4937111
4766,9.075364,7.5829406,1.4924238
4767,9.074211,7.582065,1.4921458
4768,9.07219,7.581146,1.4910443
4769,9.070381,7.580519,1.4898622
4770,9.0693655,7.5797224,1.4896435
4771,9.067878,7.5787396,1.4891386
4772,9.066461,7.5779853,1.4884752
4773,9.064316,7.577373,1.4869429
4774,9.062957,7.5765123,1.4864447
4775,9.061578,7.575535,1.4860431
4776,9.059963,7.5748453,1.4851183
4777,9.05874,7.574145,1.4845947
4778,9.05654,7.573232,1.4833072
4779,9.055088,7.5723176,1.4827703
4780,9.053573,7.5716195,1.4819534
4781,9.051807,7.5709295,1.4808773
4782,9.050025,7.570066,1.4799591
4783,9.048765,7.5692534,1.4795122
4784,9.046537,7.568452,1.4780856
4785,9.045519,7.567692,1.4778275
4786,9.043776,7.5667396,1.4770358
4787,9.042262,7.5659294,1.4763324
4788,9.040558,7.565314,1.4752443
4789,9.038581,7.5644846,1.4740961
4790,9.037451,7.5635357,1.4739145
4791,9.03547,7.562846,1.4726241
4792,9.034206,7.5621533,1.4720535
4793,9.0323515,7.561107,1.4712446
4794,9.030556,7.5602403,1.4703152
4795,9.028476,7.5594883,1.4689873
4796,9.027391,7.5586243,1.4687669
4797,9.025523,7.5576606,1.4678626
4798,9.024231,7.5570207,1.4672097
4799,9.022886,7.556317,1.4665692
4800,9.021235,7.5553656,1.4658697
4801,9.019712,7.55457,1.4651419
4802,9.0176525,7.5537624,1.4638898
4803,9.016153,7.552955,1.4631984
4804,9.014326,7.552114,1.462212
4805,9.012871,7.551189,1.4616821
4806,9.011559,7.550374,1.4611845
4807,9.010012,7.5494957,1.4605162
4808,9.008214,7.548703,1.4595109
4809,9.005841,7.5480123,1.4578291
4810,9.004013,7.547404,1.4566094
4811,9.002878,7.5465,1.4563783
4812,9.001298,7.5455685,1.4557297
4813,8.999566,7.5447516,1.454814
4814,8.99809,7.543906,1.4541835
4815,8.996327,7.5429125,1.4534153
4816,8.994932,7.542004,1.4529277
4817,8.99329,7.541249,1.4520409
4818,8.991391,7.5405912,1.4507998
4819,8.9896555,7.5395885,1.4500673
4820,8.988262,7.538753,1.449509
4821,8.986787,7.5380616,1.4487252
4822,8.98478,7.537212,1.4475688
4823,8.983582,7.5363045,1.4472777
4824,8.981645,7.5355325,1.446112
4825,8.98016,7.534802,1.445358
4826,8.9785185,7.5339437,1.4445752
4827,8.977141,7.5330353,1.4441062
4828,8.97521,7.53223,1.4429805
4829,8.973979,7.5314336,1.4425453
4830,8.97221,7.530523,1.4416873
4831,8.970692,7.52973,1.440962
4832,8.968275,7.528929,1.4393457
4833,8.966594,7.528275,1.4383187
4834,8.965551,7.5273757,1.4381757
4835,8.963817,7.5264134,1.4374027
4836,8.961978,7.525577,1.4364014
4837,8.960487,7.524712,1.4357755
4838,8.9587755,7.523767,1.4350085
4839,8.957258,7.5228944,1.4343636
4840,8.955391,7.5221457,1.4332455
4841,8.953843,7.521317,1.4325262
4842,8.952074,7.520537,1.4315374
4843,8.950317,7.519777,1.430541
4844,8.948812,7.519062,1.4297496
4845,8.9472065,7.518122,1.4290842
4846,8.945619,7.517243,1.4283756
4847,8.944245,7.5163274,1.4279182
4848,8.942297,7.515355,1.4269419
4849,8.940288,7.514406,1.4258814
4850,8.93895,7.513626,1.4253231
4851,8.937415,7.512948,1.4244672
4852,8.935855,7.512109,1.4237462
4853,8.934097,7.5113187,1.4227787
4854,8.932759,7.510611,1.4221485
4855,8.931161,7.5096855,1.4214749
4856,8.929127,7.508631,1.4204955
4857,8.927419,7.507883,1.4195358
4858,8.925678,7.5070686,1.418609
4859,8.924035,7.5060983,1.4179368
4860,8.922139,7.5051355,1.4170034
4861,8.920859,7.5043697,1.4164896
4862,8.919463,7.5035763,1.4158875
4863,8.917872,7.502712,1.4151607
4864,8.916466,7.5018773,1.4145883
4865,8.914114,7.5010448,1.4130691
4866,8.91266,7.500198,1.4124619
4867,8.9114485,7.499256,1.4121927
4868,8.909764,7.4984326,1.4113319
4869,8.908343,7.497547,1.4107964
4870,8.90678,7.496641,1.4101391
4871,8.904949,7.495835,1.4091141
4872,8.903018,7.495157,1.4078617
4873,8.901015,7.494436,1.4065797
4874,8.899229,7.4936767,1.4055521
4875,8.897669,7.492697,1.4049718
4876,8.895872,7.4918804,1.4039916
4877,8.894165,7.491038,1.4031271
4878,8.89279,7.49011,1.4026797
4879,8.890454,7.4890265,1.4014282
4880,8.888733,7.488268,1.4004648
4881,8.887067,7.4873786,1.3996887
4882,8.885431,7.4863787,1.3990524
4883,8.883686,7.4855175,1.3981681
4884,8.882625,7.484955,1.3976694
4885,8.880728,7.483964,1.396764
4886,8.879164,7.48299,1.3961743
4887,8.877075,7.4822054,1.39487
4888,8.875988,7.4813294,1.3946588
4889,8.874474,7.4802833,1.3941905
4890,8.872275,7.4795594,1.392716
4891,8.870699,7.4788833,1.3918159
4892,8.86892,7.477919,1.391001
4893,8.867789,7.4770594,1.3907297
4894,8.866207,7.476363,1.3898437
4895,8.864868,7.4753413,1.3895266
4896,8.8630085,7.4743333,1.3886752
4897,8.86153,7.4736233,1.3879074
4898,8.859407,7.4728265,1.3865812
4899,8.857935,7.4718285,1.3861067
4900,8.856144,7.4709573,1.3851869
4901,8.85428,7.4703817,1.3838989
4902,8.852685,7.4696336,1.3830512
4903,8.851933,7.4685497,1.3833833
4904,8.849898,7.467645,1.382253
4905,8.847732,7.466956,1.3807755
4906,8.846005,7.4659204,1.3800848
4907,8.844638,7.4647856,1.3798525
4908,8.842377,7.46402,1.3783567
4909,8.840857,7.4633846,1.3774717
4910,8.839138,7.4624615,1.3766763
4911,8.837344,7.46158,1.3757643
4912,8.835623,7.4608407,1.3747826
4913,8.83369,7.459915,1.3737742
4914,8.832115,7.458859,1.3732562
4915,8.830241,7.4579296,1.3723118
4916,8.828884,7.457079,1.3718048
4917,8.827117,7.455999,1.371118
4918,8.825462,7.4552774,1.3701851
4919,8.823341,7.454506,1.3688357
4920,8.8216505,7.453652,1.3679984
4921,8.819683,7.4528136,1.3668696
4922,8.817969,7.452015,1.3659546
4923,8.816581,7.450986,1.365595
4924,8.815224,7.4499617,1.3652618
4925,8.813557,7.449068,1.3644884
4926,8.811929,7.4482417,1.3636868
4927,8.80949,7.4473314,1.3621584
4928,8.807684,7.4465327,1.3611516
4929,8.805594,7.445713,1.3598816
4930,8.80437,7.4449167,1.3594531
4931,8.80324,7.443876,1.3593638
4932,8.80164,7.4430366,1.3586026
4933,8.799814,7.442346,1.3574685
4934,8.7981825,7.4413447,1.3568377
4935,8.79623,7.4402437,1.3559872
4936,8.794277,7.4394693,1.3548077
4937,8.792356,7.4385653,1.3537903
4938,8.790311,7.4375224,1.3527884
4939,8.789024,7.436655,1.3523695
4940,8.787512,7.4359784,1.3515333
4941,8.785678,7.4350047,1.3506732
4942,8.7840185,7.4341073,1.3499116
4943,8.782425,7.433366,1.3490595
4944,8.780567,7.432412,1.3481553
4945,8.779022,7.4313827,1.3476391
4946,8.777321,7.430487,1.3468338
4947,8.775586,7.4296846,1.3459009
4948,8.774459,7.428866,1.3455927
4949,8.772802,7.427803,1.3449996
4950,8.770919,7.4270253,1.343894
4951,8.769364,7.4262795,1.3430848
4952,8.766918,7.425305,1.3416134
4953,8.7653,7.4245358,1.3407639
4954,8.763724,7.4237723,1.3399519
4955,8.761651,7.42272,1.3389311
4956,8.760268,7.4217954,1.3384727
4957,8.7587595,7.4210386,1.3377209
4958,8.757136,7.4200454,1.3370913
4959,8.755305,7.419064,1.3362414
4960,8.752996,7.418209,1.3347878
4961,8.751273,7.4174685,1.3338044
4962,8.749874,7.4164624,1.3334115
4963,8.748322,7.415514,1.3328078
4964,8.746839,7.4146733,1.3321655
4965,8.744978,7.4136868,1.3312908
4966,8.743192,7.412702,1.3304895
4967,8.741486,7.411945,1.3295404
4968,8.739902,7.4109693,1.3289322
4969,8.737895,7.4100275,1.3278672
4970,8.736394,7.4092374,1.3271564
4971,8.734732,7.4084177,1.3263142
4972,8.733251,7.40741,1.3258406
4973,8.731368,7.406658,1.3247101
4974,8.729723,7.4060273,1.3236952
4975,8.7283125,7.404887,1.3234249
4976,8.726422,7.403923,1.322499
4977,8.724523,7.4031177,1.3214047
4978,8.723314,7.4020815,1.3212326
4979,8.721523,7.4010606,1.3204625
4980,8.71937,7.400321,1.3190488
4981,8.717471,7.399579,1.3178921
4982,8.715593,7.3986044,1.3169893
4983,8.713299,7.397662,1.3156366
4984,8.711271,7.396998,1.3142731
4985,8.709717,7.396066,1.3136507
4986,8.708335,7.3949103,1.3134245
4987,8.706979,7.393945,1.3130337
4988,8.705093,7.3932633,1.3118296
4989,8.703001,7.3921814,1.3108201
4990,8.701371,7.3912344,1.310137
4991,8.700066,7.390446,1.3096191
4992,8.698648,7.389553,1.3090951
4993,8.696494,7.3885255,1.3079689
4994,8.694452,7.3877273,1.3067255
4995,8.692555,7.3868995,1.3056562
4996,8.690968,7.3858495,1.3051183
4997,8.68912,7.3848815,1.3042386
4998,8.6870575,7.3841524,1.3029051
4999,8.685109,7.383248,1.301861
5000,8.683575,7.382374,1.3012009
5001,8.682264,7.381556,1.3007082
5002,8.680395,7.380664,1.2997307
5003,8.67854,7.379525,1.2990148
5004,8.676742,7.37859,1.2981513
5005,8.674871,7.377669,1.2972021
5006,8.673399,7.3766885,1.296711
5007,8.672055,7.3757358,1.2963194
5008,8.670759,7.3749657,1.2957933
5009,8.668826,7.3740964,1.2947296
5010,8.666892,7.373251,1.2936411
5011,8.665294,7.3724337,1.2928604
5012,8.663314,7.371417,1.2918966
5013,8.661741,7.370459,1.2912827
5014,8.660319,7.3694167,1.2909029
5015,8.657869,7.368595,1.2892737
5016,8.656372,7.367813,1.2885593
5017,8.654107,7.3669767,1.2871307
5018,8.652602,7.3661933,1.2864091
5019,8.651,7.3653026,1.2856979
5020,8.6493635,7.364333,1.2850301
5021,8.647417,7.3633547,1.2840621
5022,8.645758,7.3624296,1.2833278
5023,8.643665,7.3612585,1.2824064
5024,8.641905,7.360323,1.2815822
5025,8.640159,7.359516,1.2806423
5026,8.638182,7.358568,1.2796133
5027,8.636588,7.357835,1.2787535
5028,8.63497,7.3571043,1.2778658
5029,8.633798,7.3561816,1.2776157
5030,8.632041,7.3551617,1.2768791
5031,8.6300745,7.3542514,1.2758232
5032,8.62816,7.353273,1.2748878
5033,8.626543,7.352337,1.2742064
5034,8.624894,7.351324,1.2735704
5035,8.623075,7.3505445,1.2725301
5036,8.62105,7.3496585,1.271391
5037,8.619446,7.3487215,1.2707245
5038,8.617948,7.3479586,1.2699893
5039,8.616599,7.3471556,1.2694441
5040,8.614775,7.346003,1.2687715
5041,8.612467,7.345149,1.267318
5042,8.610802,7.344265,1.2665365
5043,8.609289,7.343199,1.266091
5044,8.606994,7.342215,1.2647789
5045,8.605672,7.341634,1.2640382
5046,8.603832,7.3405533,1.2632793
5047,8.601831,7.339597,1.2622342
5048,8.599913,7.3389616,1.260951
5049,8.598111,7.3380303,1.260081
5050,8.59653,7.336814,1.2597157
5051,8.595049,7.335888,1.2591606
5052,8.593384,7.335048,1.2583361
5053,8.591309,7.333952,1.2573569
5054,8.589338,7.333072,1.2562659
5055,8.587754,7.3324046,1.2553499
5056,8.585874,7.331367,1.2545067
5057,8.584095,7.3303776,1.2537174
5058,8.582467,7.329619,1.2528484
5059,8.580769,7.3287535,1.2520151
5060,8.57922,7.327711,1.2515088
5061,8.577467,7.3268876,1.2505789
5062,8.57552,7.325926,1.2495941
5063,8.573684,7.32491,1.2487732
5064,8.571928,7.3240333,1.2478945
5065,8.570219,7.3231926,1.2470267
5066,8.567874,7.3221264,1.2457473
5067,8.566244,7.3213043,1.2449398
5068,8.565152,7.3204594,1.2446932
5069,8.563516,7.319338,1.2441782
5070,8.562072,7.3185716,1.2434999
5071,8.559712,7.3176665,1.2420455
5072,8.557802,7.316691,1.2411115
5073,8.555784,7.315765,1.2400198
5074,8.554239,7.3149076,1.2393317
5075,8.55264,7.3139267,1.2387135
5076,8.551242,7.3129115,1.2383305
5077,8.549537,7.3121905,1.2373464
5078,8.547511,7.3113413,1.2361696
5079,8.545557,7.310469,1.235088
5080,8.543737,7.309575,1.2341627
5081,8.541779,7.3085713,1.2332075
5082,8.540029,7.30758,1.232449
5083,8.537903,7.3066163,1.2312863
5084,8.536353,7.305695,1.2306576
5085,8.534754,7.3046737,1.2300804
5086,8.532718,7.303762,1.2289561
5087,8.531073,7.302902,1.2281704
5088,8.529422,7.3019266,1.227495
5089,8.527947,7.300926,1.2270215
5090,8.526249,7.3000627,1.2261866
5091,8.524231,7.2991996,1.2250313
5092,8.521824,7.298289,1.2235348
5093,8.519933,7.2974424,1.2224901
5094,8.518269,7.296486,1.2217827
5095,8.516963,7.295571,1.2213918
5096,8.515056,7.29464,1.2204157
5097,8.513755,7.2937098,1.2200453
5098,8.511681,7.292897,1.2187839
5099,8.509651,7.291846,1.2178059
5100,8.507975,7.2908516,1.2171228
5101,8.5057745,7.2899966,1.2157781
5102,8.504099,7.2891855,1.2149132
5103,8.50225,7.2881866,1.214063
5104,8.500769,7.2873077,1.213461
5105,8.498691,7.286454,1.2122368
5106,8.496742,7.285557,1.2111855
5107,8.49535,7.284457,1.2108924
5108,8.493307,7.283519,1.2097881
5109,8.491478,7.2827306,1.2087476
5110,8.489606,7.281795,1.2078103
5111,8.488011,7.280578,1.2074329
5112,8.48616,7.2796063,1.2065537
5113,8.484073,7.2789316,1.2051413
5114,8.482124,7.277939,1.2041856
5115,8.480782,7.2769556,1.2038257
5116,8.479238,7.27618,1.2030575
5117,8.477396,7.2752285,1.2021673
5118,8.475614,7.2742887,1.2013243
5119,8.473511,7.2734404,1.2000703
5120,8.471543,7.272501,1.199042
5121,8.469859,7.271482,1.1983773
5122,8.467765,7.2704735,1.1972913
5123,8.466667,7.2696223,1.1970451
5124,8.464731,7.268544,1.1961868
5125,8.463089,7.2677603,1.195329
5126,8.461179,7.266819,1.1943601
5127,8.45922,7.2659483,1.1932719
5128,8.457731,7.265163,1.1925684
5129,8.456118,7.264126,1.1919922
5130,8.454579,7.2630377,1.1915413
5131,8.452801,7.262228,1.1905727
5132,8.451267,7.2613034,1.189964
5133,8.449208,7.2602463,1.1889625
5134,8.447189,7.2594786,1.187711
5135,8.445326,7.258598,1.1867281
5136,8.443446,7.2574534,1.1859925
5137,8.441804,7.256534,1.1852698
5138,8.440137,7.2558007,1.1843364
5139,8.438242,7.254755,1.1834867
5140,8.436855,7.2538,1.1830552
5141,8.4345045,7.2529497,1.1815548
5142,8.432663,7.2520213,1.1806412
5143,8.4306965,7.2509713,1.1797252
5144,8.42918,7.2501173,1.1790626
5145,8.427593,7.249059,1.1785343
5146,8.425642,7.248111,1.1775309
5147,8.424352,7.2473173,1.1770346
5148,8.42236,7.246337,1.1760232
5149,8.420559,7.245458,1.175101
5150,8.418706,7.2446666,1.1740394
5151,8.416984,7.2437644,1.1732192
5152,8.415137,7.2426486,1.1724889
5153,8.41338,7.2417736,1.171606
5154,8.411664,7.240957,1.1707075
5155,8.410073,7.2398677,1.1702058
5156,8.408286,7.2391,1.1691859
5157,8.406425,7.2382407,1.1681845
5158,8.404435,7.2371755,1.1672599
5159,8.402451,7.236241,1.1662098
5160,8.400222,7.235493,1.1647289
5161,8.398465,7.234449,1.1640158
5162,8.396657,7.233378,1.1632797
5163,8.394472,7.232566,1.1619062
5164,8.392697,7.231669,1.1610289
5165,8.39044,7.2307005,1.1597396
5166,8.389352,7.2299104,1.1594417
5167,8.387165,7.228733,1.158432
5168,8.385261,7.227769,1.1574914
5169,8.383299,7.226991,1.156308
5170,8.381892,7.225933,1.1559592
5171,8.379893,7.224939,1.1549547
5172,8.378039,7.22413,1.1539088
5173,8.376379,7.2232018,1.1531775
5174,8.37463,7.22214,1.1524903
5175,8.372413,7.2212815,1.1511314
5176,8.370491,7.220427,1.1500639
5177,8.369206,7.219477,1.1497294
5178,8.367281,7.218405,1.1488761
5179,8.365199,7.2176957,1.1475031
5180,8.3633585,7.2166877,1.1466706
5181,8.362021,7.215554,1.1464667
5182,8.36057,7.214759,1.1458116
5183,8.3588915,7.2139897,1.1449016
5184,8.357136,7.212845,1.1442909
5185,8.3549185,7.2119174,1.1430013
5186,8.353273,7.2112164,1.1420567
5187,8.351746,7.2101827,1.1415632
5188,8.350081,7.209184,1.1408974
5189,8.347998,7.2084036,1.139594
5190,8.345713,7.2075067,1.1382056
5191,8.344618,7.2065787,1.1380389
5192,8.342938,7.2055135,1.1374252
5193,8.340755,7.2046776,1.1360778
5194,8.339025,7.2037053,1.1353198
5195,8.337556,7.202689,1.1348666
5196,8.335467,7.2017183,1.133749
5197,8.333407,7.2009664,1.1324406
5198,8.331585,7.2001076,1.1314771
5199,8.330323,7.1989455,1.131378
5200,8.328651,7.1980243,1.1306269
5201,8.326563,7.197185,1.1293776
5202,8.324753,7.1960216,1.128731
5203,8.323291,7.195179,1.1281117
5204,8.321526,7.1945014,1.1270242
5205,8.319883,7.193461,1.1264226
5206,8.317509,7.192506,1.1250033
5207,8.315615,7.19169,1.1239245
5208,8.314363,7.190664,1.123699
5209,8.312601,7.189563,1.1230389
5210,8.3110285,7.18888,1.1221483
5211,8.309158,7.187783,1.121376
5212,8.307179,7.18682,1.1203594
5213,8.305269,7.1860394,1.1192296
5214,8.302911,7.1851444,1.1177669
5215,8.301236,7.184173,1.1170633
5216,8.299763,7.1832275,1.1165355
5217,8.2979555,7.18223,1.1157256
5218,8.296242,7.1813245,1.1149172
5219,8.294083,7.180412,1.1136705
5220,8.292519,7.1794543,1.1130638
5221,8.29042,7.1785326,1.1118872
5222,8.288085,7.1776986,1.1103866
5223,8.286203,7.176828,1.1093756
5224,8.284012,7.1757326,1.108279
5225,8.282642,7.174916,1.1077269
5226,8.281044,7.1737924,1.1072519
5227,8.279262,7.172853,1.1064088
5228,8.277211,7.1719484,1.1052628
5229,8.275308,7.1709347,1.1043729
5230,8.273615,7.169986,1.1036296
5231,8.272027,7.1691647,1.1028621
5232,8.269697,7.168215,1.1014822
5233,8.267955,7.1673107,1.1006446
5234,8.265899,7.166243,1.0996555
5235,8.263968,7.1653748,1.0985935
5236,8.262777,7.164549,1.0982282
5237,8.26062,7.1634464,1.0971737
5238,8.258458,7.162642,1.0958161
5239,8.256822,7.1617985,1.0950234
5240,8.255082,7.1606665,1.0944161
5241,8.252945,7.159686,1.0932591
5242,8.251743,7.1589994,1.0927439
5243,8.249726,7.157842,1.091884
5244,8.24802,7.1568794,1.0911405
5245,8.246507,7.1560807,1.0904257
5246,8.244857,7.1550555,1.0898013
5247,8.243201,7.154002,1.0891988
5248,8.241556,7.1532044,1.0883514
5249,8.239543,7.152301,1.0872424
5250,8.23795,7.151351,1.0865991
5251,8.235799,7.150438,1.0853615
5252,8.233767,7.149618,1.0841483
5253,8.231704,7.148619,1.0830841
5254,8.230052,7.1476297,1.0824224
5255,8.22865,7.1468287,1.0818212
5256,8.227081,7.1456585,1.0814223
5257,8.2248535,7.14477,1.0800831
5258,8.223345,7.1440525,1.0792923
5259,8.221422,7.1429157,1.078507
5260,8.219502,7.142077,1.0774251
5261,8.217273,7.141379,1.0758936
5262,8.215517,7.1402826,1.075235
5263,8.214284,7.13923,1.0750539
5264,8.213057,7.138404,1.0746531
5265,8.211207,7.137263,1.0739449
5266,8.209257,7.13628,1.0729774
5267,8.207711,7.135584,1.0721276
5268,8.205479,7.1346326,1.0708466
5269,8.203838,7.133731,1.0701077
5270,8.201563,7.132829,1.0687335
5271,8.200057,7.1319375,1.0681192
5272,8.198268,7.13079,1.0674772
5273,8.196638,7.1299763,1.0666617
5274,8.194273,7.1290193,1.0652536
5275,8.192499,7.1281266,1.0643727
5276,8.190992,7.127309,1.0636833
5277,8.188795,7.126364,1.0624311
5278,8.186855,7.1254797,1.061376
5279,8.185342,7.1245317,1.0608099
5280,8.183409,7.1234965,1.0599124
5281,8.181763,7.1225805,1.0591818
5282,8.179983,7.12161,1.058373
5283,8.17822,7.1206007,1.0576192
5284,8.175712,7.119719,1.0559921
5285,8.1744,7.118921,1.05548
5286,8.1722355,7.1177053,1.0545307
5287,8.170514,7.116834,1.0536802
5288,8.16873,7.1160026,1.0527276
5289,8.167251,7.114881,1.0523698
5290,8.165168,7.113974,1.0511938
5291,8.16351,7.1132326,1.0502782
5292,8.161452,7.11214,1.0493125
5293,8.159183,7.1112447,1.0479382
5294,8.1580925,7.110633,1.0474591
5295,8.156313,7.1094255,1.046888
5296,8.15485,7.108397,1.0464535
5297,8.152958,7.107707,1.0452509
5298,8.151118,7.1066027,1.0445153
5299,8.149473,7.105537,1.0439367
5300,8.147585,7.1048255,1.0427592
5301,8.145259,7.1038895,1.0413699
5302,8.1439085,7.1029625,1.0409461
5303,8.142082,7.1020784,1.0400034
5304,8.140169,7.1010714,1.0390978
5305,8.138568,7.1001396,1.0384285
5306,8.136556,7.0991373,1.0374181
5307,8.134772,7.0981584,1.0366141
5308,8.132496,7.097375,1.0351211
5309,8.13051,7.096501,1.034009
5310,8.128568,7.0954995,1.0330684
5311,8.126969,7.0945134,1.0324562
5312,8.125219,7.093617,1.0316026
5313,8.1236925,7.092588,1.0311044
5314,8.121989,7.091586,1.0304034
5315,8.120156,7.090798,1.0293587
5316,8.118072,7.089914,1.0281582
5317,8.116373,7.0888157,1.0275577
5318,8.114629,7.0880337,1.0265954
5319,8.112789,7.0871944,1.025595
5320,8.111143,7.0860147,1.0251281
5321,8.109114,7.0850325,1.0240816
5322,8.107593,7.084244,1.0233486
5323,8.105445,7.083251,1.0221937
5324,8.103523,7.0823593,1.0211633
5325,8.101987,7.0815806,1.020406
5326,8.099892,7.080466,1.0194256
5327,8.098329,7.0796976,1.0186306
5328,8.096791,7.078663,1.0181284
5329,8.095185,7.077687,1.0174985
5330,8.093249,7.076736,1.0165136
5331,8.091453,7.075846,1.0156068
5332,8.089308,7.0748763,1.0144317
5333,8.087946,7.0740194,1.0139263
5334,8.08607,7.0731106,1.0129596
5335,8.083979,7.0721273,1.0118515
5336,8.082477,7.0713305,1.011146
5337,8.080712,7.0702176,1.0104946
5338,8.079065,7.06933,1.009735
5339,8.077338,7.0684257,1.0089127
5340,8.075148,7.067412,1.0077354
5341,8.07353,7.0666184,1.0069112
5342,8.071636,7.0657153,1.0059206
5343,8.070276,7.0646687,1.0056077
5344,8.068346,7.0638294,1.0045168
5345,8.06673,7.06294,1.0037899
5346,8.0652075,7.0620246,1.0031831
5347,8.063103,7.0610337,1.0020692
5348,8.060882,7.060232,1.0006492
5349,8.059147,7.059375,0.9997719
5350,8.057324,7.0583205,0.99900407
5351,8.05539,7.057291,0.9980997
5352,8.053705,7.0564976,0.9972078
5353,8.051407,7.055442,0.9959648
5354,8.049736,7.0544295,0.99530685
5355,8.047519,7.053658,0.9938609
5356,8.046264,7.0527344,0.993529
5357,8.044887,7.051601,0.99328595
5358,8.043113,7.0506535,0.9924588
5359,8.041218,7.0497994,0.9914187
5360,8.0394945,7.048721,0.99077404
5361,8.037909,7.047712,0.9901962
5362,8.036113,7.046889,0.98922366
5363,8.033877,7.045911,0.9879667
5364,8.031582,7.0451226,0.98645914
5365,8.029812,7.044359,0.9854528
5366,8.027929,7.043291,0.9846388
5367,8.026136,7.042305,0.9838315
5368,8.024752,7.0414414,0.9833105
5369,8.023142,7.0403256,0.9828167
5370,8.021067,7.039417,0.9816494
5371,8.019494,7.0387053,0.9807888
5372,8.017366,7.0376754,0.9796912
5373,8.015083,7.036727,0.97835606
5374,8.013918,7.036113,0.97780514
5375,8.011836,7.034786,0.97704965
5376,8.010219,7.0337768,0.9764415
5377,8.008761,7.0329967,0.9757644
5378,8.0066805,7.0318217,0.97485876
5379,8.004835,7.030937,0.9738978
5380,8.00322,7.0303116,0.972908
5381,8.001273,7.0291824,0.97209036
5382,7.9992023,7.028487,0.97071487
5383,7.997851,7.027675,0.9701759
5384,7.9959474,7.026315,0.96963245
5385,7.994411,7.0255384,0.96887267
5386,7.9926357,7.024716,0.9679197
5387,7.9907274,7.023527,0.96720016
5388,7.9895015,7.0227203,0.9667813
5389,7.9874096,7.0218825,0.96552676
5390,7.9854565,7.020797,0.9646598
5391,7.9837594,7.020117,0.9636427
5392,7.9819226,7.0192604,0.9626624
5393,7.979668,7.0181074,0.96156055
5394,7.9781556,7.017299,0.96085674
5395,7.976608,7.016288,0.9603202
5396,7.9749894,7.0151567,0.9598328
5397,7.9734325,7.014362,0.9590708
5398,7.9717135,7.013438,0.95827514
5399,7.969815,7.0124636,0.9573515
5400,7.9683337,7.011623,0.95671093
5401,7.9664674,7.0108013,0.9556662
5402,7.964598,7.009843,0.9547553
5403,7.9628077,7.0089087,0.9538988
5404,7.9613113,7.008118,0.95319307
5405,7.959667,7.0070395,0.9526275
5406,7.95743,7.0060487,0.9513811
5407,7.9559903,7.0053053,0.950685
5408,7.9541626,7.0042233,0.9499396
5409,7.952302,7.003381,0.9489215
5410,7.950727,7.0025325,0.9481945
5411,7.9491863,7.0014534,0.9477331
5412,7.947022,7.000556,0.94646585
5413,7.94483,6.9997096,0.94512004
5414,7.9430194,6.9986963,0.94432294
5415,7.941445,6.997613,0.94383174
5416,7.939177,6.996808,0.94236916
5417,7.9375057,6.9959683,0.9415372
5418,7.9362226,6.994932,0.94129026
5419,7.9340987,6.993958,0.9401404
5420,7.932644,6.9932623,0.93938124
5421,7.9305267,6.9920263,0.9385007
5422,7.9285016,6.991104,0.9373975
5423,7.927012,6.9903393,0.93667287
5424,7.925571,6.989264,0.9363066
5425,7.923431,6.988298,0.9351331
5426,7.9212914,6.9876575,0.9336337
5427,7.919229,6.9865093,0.9327198
5428,7.917554,6.9855614,0.9319927
5429,7.915753,6.984762,0.9309906
5430,7.914233,6.983722,0.9305111
5431,7.9127393,6.982757,0.929982
5432,7.910959,6.9820437,0.9289147
5433,7.9095106,6.981051,0.92845976
5434,7.9083147,6.9799385,0.9283762
5435,7.906547,6.9793034,0.9272437
5436,7.9048214,6.9783263,0.92649496
5437,7.9027805,6.9772534,0.9255273
5438,7.9010506,6.9764724,0.9245785
5439,7.8991303,6.9754863,0.9236442
5440,7.897412,6.9743733,0.9230385
5441,7.895307,6.9736576,0.92164946
5442,7.8937106,6.972774,0.9209364
5443,7.8923707,6.9717135,0.92065734
5444,7.8906612,6.970805,0.9198557
5445,7.8892527,6.9700503,0.91920245
5446,7.887217,6.9689445,0.9182725
5447,7.8855524,6.9680386,0.91751385
5448,7.8836417,6.967274,0.91636753
5449,7.881975,6.9662814,0.91569376
5450,7.8801904,6.9653296,0.9148606
5451,7.8782344,6.9645777,0.9136566
5452,7.8765674,6.963693,0.9128739
5453,7.8752627,6.962581,0.9126816
5454,7.8736057,6.9617324,0.91187364
5455,7.872564,6.960753,0.911811
5456,7.870717,6.9596534,0.9110635
5457,7.868515,6.9588585,0.90965664
5458,7.8667235,6.9580607,0.90866244
5459,7.8646994,6.9570155,0.907684
5460,7.862558,6.956143,0.9064153
5461,7.860816,6.955305,0.9055109
5462,7.8595834,6.9542027,0.9053806
5463,7.857825,6.953337,0.90448743
5464,7.8556204,6.9524264,0.90319407
5465,7.8538313,6.9515095,0.90232193
5466,7.851838,6.9505143,0.9013238
5467,7.85019,6.9497385,0.9004515
5468,7.8486953,6.948805,0.8998906
5469,7.8466477,6.9477725,0.8988751
5470,7.845547,6.947038,0.8985089
5471,7.8431706,6.9460073,0.89716357
5472,7.8413796,6.9450397,0.8963398
5473,7.8398776,6.944244,0.8956337
5474,7.8383107,6.9430747,0.8952359
5475,7.8367577,6.9422207,0.894537
5476,7.834993,6.9413333,0.8936597
5477,7.8333693,6.940349,0.89302015
5478,7.831763,6.939532,0.8922308
5479,7.829627,6.9386883,0.89093894
5480,7.827767,6.9377456,0.8900213
5481,7.8258204,6.9367676,0.8890525
5482,7.8245273,6.9359612,0.88856584
5483,7.8229985,6.934971,0.888028
5484,7.821406,6.933977,0.8874289
5485,7.8197036,6.933301,0.8864028
5486,7.8178425,6.932253,0.8855898
5487,7.8158474,6.931246,0.8846016
5488,7.8140397,6.9304843,0.8835554
5489,7.812357,6.9295125,0.88284427
5490,7.8106422,6.9285316,0.88211024
5491,7.8090634,6.927704,0.8813599
5492,7.807864,6.9267106,0.8811534
5493,7.8061967,6.925764,0.8804323
5494,7.804336,6.924922,0.8794141
5495,7.80261,6.9239154,0.87869436
5496,7.80082,6.9229684,0.8778515
5497,7.798915,6.922154,0.8767608
5498,7.797446,6.921215,0.8762306
5499,7.795622,6.9201984,0.8754233
5500,7.794162,6.919359,0.87480277
5501,7.7921305,6.9184084,0.8737222
5502,7.790367,6.9175396,0.87282753
5503,7.7888393,6.9166074,0.87223226
5504,7.788014,6.9156322,0.8723815
5505,7.7861557,6.914683,0.8714727
5506,7.784077,6.914008,0.8700693
5507,7.782755,6.913033,0.869722
5508,7.7807217,6.912062,0.8686596
5509,7.779092,6.911282,0.8678099
5510,7.7773933,6.910286,0.8671074
5511,7.775843,6.9092293,0.8666135
5512,7.7739177,6.908489,0.86542857
5513,7.7722564,6.9075155,0.86474067
5514,7.770769,6.906581,0.8641885
5515,7.769252,6.905803,0.863449
5516,7.7669806,6.904779,0.8622018
5517,7.765301,6.903902,0.86139905
5518,7.7638574,6.903114,0.86074364
5519,7.7623153,6.902073,0.8602425
5520,7.7608304,6.9010625,0.8597676
5521,7.7589755,6.9002852,0.85868996
5522,7.75705,6.8993616,0.8576887
5523,7.75568,6.898465,0.85721505
5524,7.7540727,6.8975496,0.85652286
5525,7.7522583,6.8967123,0.855546
5526,7.750386,6.895714,0.85467225
5527,7.7481685,6.8949056,0.8532628
5528,7.74655,6.8940268,0.8525232
5529,7.7447963,6.892884,0.8519127
5530,7.742983,6.892054,0.85092896
5531,7.740719,6.8911715,0.8495475
5532,7.738937,6.890242,0.848695
5533,7.737799,6.889235,0.84856415
5534,7.7361465,6.888298,0.84784806
5535,7.734541,6.8873625,0.84717876
5536,7.732951,6.8864074,0.8465436
5537,7.7312846,6.885465,0.84581935
5538,7.729448,6.8846626,0.8447852
5539,7.7275805,6.8837724,0.843808
5540,7.725797,6.8828864,0.84291095
5541,7.7243485,6.8820777,0.8422705
5542,7.7227745,6.8810863,0.8416878
5543,7.7211356,6.8801293,0.8410064
5544,7.7194667,6.8792524,0.8402144
5545,7.718137,6.87831,0.8398266
5546,7.716226,6.877323,0.83890283
5547,7.7149363,6.8765955,0.8383411
5548,7.712794,6.8755546,0.83723927
5549,7.7109723,6.874734,0.8362381
5550,7.7093816,6.873898,0.83548373
5551,7.707394,6.872891,0.834503
5552,7.7062173,6.871985,0.83423245
5553,7.7047186,6.8711185,0.8336002
5554,7.702945,6.8701367,0.8328087
5555,7.70143,6.86925,0.83217984
5556,7.6997375,6.8684807,0.8312572
5557,7.6979823,6.867614,0.83036864
5558,7.6965675,6.866738,0.8298295
5559,7.694779,6.8658686,0.82891035
5560,7.693345,6.865021,0.82832396
5561,7.691456,6.863912,0.8275436
5562,7.6895614,6.862957,0.8266045
5563,7.6882634,6.862068,0.8261951
5564,7.6865354,6.8610945,0.8254409
5565,7.6850066,6.8602796,0.82472724
5566,7.6833925,6.859349,0.82404387
5567,7.6819453,6.8584757,0.82346994
5568,7.6800632,6.857705,0.822358
5569,7.6784267,6.856889,0.82153815
5570,7.6766667,6.8558297,0.82083714
5571,7.674774,6.855043,0.81973135
5572,7.673177,6.854076,0.81910074
5573,7.6717196,6.8530684,0.81865156
5574,7.6698427,6.8522897,0.8175527
5575,7.6682973,6.85134,0.81695765
5576,7.6667647,6.850314,0.81645024
5577,7.66546,6.8495083,0.81595194
5578,7.6643357,6.8486495,0.8156861
5579,7.662466,6.847654,0.81481206
5580,7.6602383,6.846866,0.813372
5581,7.6586623,6.8459954,0.81266725
5582,7.656894,6.844924,0.8119701
5583,7.6550655,6.844243,0.8108225
5584,7.653448,6.8431664,0.81028175
5585,7.6522818,6.842157,0.8101246
5586,7.650074,6.8415146,0.80855924
5587,7.6481085,6.8405867,0.8075217
5588,7.646648,6.839513,0.8071348
5589,7.6453876,6.83869,0.80669767
5590,7.6437135,6.83784,0.8058733
5591,7.642155,6.836791,0.8053638
5592,7.6408825,6.836061,0.80482167
5593,7.639155,6.8350463,0.80410844
5594,7.637027,6.834206,0.802821
5595,7.635316,6.8333683,0.8019476
5596,7.633603,6.832361,0.8012422
5597,7.6317,6.83149,0.8002101
5598,7.630151,6.8306212,0.7995297
5599,7.628386,6.829673,0.79871285
5600,7.6267414,6.828695,0.7980465
5601,7.6253324,6.827872,0.79746044
5602,7.6237655,6.8270006,0.79676515
5603,7.62265,6.8262005,0.7964498
5604,7.6211133,6.825246,0.7958676
5605,7.6193748,6.824305,0.7950697
5606,7.6179104,6.8235335,0.79437697
5607,7.616021,6.8225985,0.79342264
5608,7.6144423,6.821824,0.7926181
5609,7.6127834,6.8209305,0.7918529
5610,7.611024,6.8199644,0.79105955
5611,7.608897,6.8191514,0.7897458
5612,7.60766,6.818227,0.78943294
5613,7.606219,6.8171372,0.78908145
5614,7.6048794,6.8164015,0.7884778
5615,7.603291,6.8155427,0.78774834
5616,7.6019373,6.8146048,0.78733236
5617,7.6004567,6.8137555,0.78670096
5618,7.5987253,6.8129344,0.7857912
5619,7.5971017,6.8120403,0.7850617
5620,7.5954337,6.8110957,0.7843383
5621,7.594111,6.8103285,0.7837823
5622,7.592661,6.809276,0.783385
5623,7.5911736,6.808437,0.78273714
5624,7.5894356,6.8075204,0.7819149
5625,7.587742,6.8065934,0.78114825
5626,7.586298,6.805755,0.78054297
5627,7.5844674,6.8049583,0.7795091
5628,7.582768,6.803983,0.7787846
5629,7.58132,6.8031516,0.77816826
5630,7.5797415,6.8023963,0.7773453
5631,7.578495,6.801535,0.77696
5632,7.5768867,6.8005233,0.77636296
5633,7.5749235,6.799757,0.7751665
5634,7.5733933,6.798817,0.77457637
5635,7.571704,6.7979097,0.7737943
5636,7.570369,6.79708,0.77328885
5637,7.5688257,6.7959924,0.7728335
5638,7.567121,6.795291,0.7718298
5639,7.565532,6.794492,0.77104014
5640,7.5642786,6.793365,0.7709135
5641,7.56223,6.792585,0.7696453
5642,7.5601573,6.7917724,0.7683846
5643,7.5585914,6.790772,0.7678194
5644,7.5576577,6.789957,0.76770073
5645,7.556202,6.7888103,0.7673921
5646,7.5541263,6.7880354,0.7660909
5647,7.552363,6.787276,0.7650871
5648,7.550539,6.786263,0.7642759
5649,7.5492826,6.785515,0.7637675
5650,7.5476294,6.7846394,0.7629899
5651,7.54575,6.783725,0.7620257
5652,7.5443463,6.782925,0.7614211
5653,7.5428004,6.7820225,0.76077795
5654,7.5410986,6.781098,0.7600006
5655,7.5394363,6.78026,0.75917625
5656,7.5378704,6.7792296,0.75864065
5657,7.5363617,6.778393,0.757969
5658,7.5352864,6.777667,0.7576194
5659,7.5335984,6.7766685,0.7569302
5660,7.532234,6.775747,0.7564872
5661,7.530665,6.775141,0.75552416
5662,7.52884,6.774022,0.7548181
5663,7.5272117,6.7731824,0.7540293
5664,7.526077,6.7722964,0.75378054
5665,7.52504,6.771337,0.7537032
5666,7.523364,6.770555,0.7528089
5667,7.521353,6.7697997,0.75155276
5668,7.5200214,6.7688746,0.7511471
5669,7.5183835,6.768017,0.75036675
5670,7.5169206,6.7671747,0.7497458
5671,7.5152874,6.7661777,0.74910945
5672,7.513871,6.765476,0.74839485
5673,7.5122123,6.764572,0.7476399
5674,7.510681,6.7635612,0.74712
5675,7.509055,6.762945,0.74610996
5676,7.5073004,6.761929,0.74537134
5677,7.5059676,6.7610717,0.7448959
5678,7.5046935,6.760426,0.7442678
5679,7.503341,6.7593803,0.74396104
5680,7.501623,6.758495,0.7431284
5681,7.4997973,6.757764,0.7420332
5682,7.498281,6.756731,0.74155015
5683,7.4964643,6.7558165,0.740648
5684,7.4948726,6.7552195,0.7396531
5685,7.492855,6.75415,0.738705
5686,7.491605,6.753241,0.73836386
5687,7.49029,6.7524533,0.73783684
5688,7.4885864,6.7514997,0.737087
5689,7.4871387,6.75065,0.73648894
5690,7.485722,6.7496805,0.7360414
5691,7.4851556,6.7489114,0.736244
5692,7.483986,6.748061,0.7359247
5693,7.482079,6.747243,0.73483574
5694,7.480602,6.7465115,0.73409015
5695,7.478637,6.7455373,0.7330999
5696,7.4771247,6.744822,0.73230267
5697,7.4754796,6.743776,0.73170364
5698,7.47409,6.74287,0.7312202
5699,7.472625,6.7421274,0.7304977
5700,7.471274,6.741247,0.7300271
5701,7.4697304,6.740385,0.72934526
5702,7.4678035,6.7397056,0.72809803
5703,7.4663253,6.7388887,0.7274367
5704,7.464723,6.738,0.7267234
5705,7.463216,6.7371354,0.7260803
5706,7.4616785,6.7363157,0.7253626
5707,7.4602537,6.7353654,0.7248882
5708,7.458648,6.734347,0.72430134
5709,7.456663,6.7335396,0.72312343
5710,7.4553175,6.7326765,0.72264075
5711,7.454197,6.7316794,0.7225174
5712,7.4525976,6.73092,0.72167766
5713,7.451287,6.7300973,0.7211894
5714,7.4497437,6.729228,0.720516
5715,7.448176,6.7284317,0.7197444
5716,7.446888,6.727604,0.71928406
5717,7.445586,6.72665,0.7189362
5718,7.4436393,6.7258925,0.7177465
5719,7.442151,6.7251,0.717051
5720,7.440575,6.724133,0.716442
5721,7.4387784,6.7233186,0.71545994
5722,7.4373,6.722468,0.7148322
5723,7.436226,6.7215366,0.7146894
5724,7.4350734,6.720761,0.71431273
5725,7.43309,6.7198496,0.7132405
5726,7.431066,6.718956,0.71211034
5727,7.4297304,6.718114,0.7116162
5728,7.4283924,6.7171373,0.71125495
5729,7.426989,6.7163687,0.7106202
5730,7.4255943,6.7154856,0.7101089
5731,7.4242454,6.7145524,0.709693
5732,7.4231386,6.7138295,0.709309
5733,7.421929,6.71303,0.7088989
5734,7.4202065,6.7121406,0.7080656
5735,7.418693,6.7112665,0.7074264
5736,7.4170804,6.710429,0.7066511
5737,7.4154315,6.7095547,0.7058767
5738,7.4139795,6.7088227,0.705157
5739,7.4120355,6.7079015,0.70413387
5740,7.4106264,6.707174,0.7034525
5741,7.409085,6.70633,0.7027551
5742,7.407729,6.705393,0.7023362
5743,7.406246,6.704711,0.7015352
5744,7.404552,6.7037272,0.7008243
5745,7.403106,6.7028785,0.70022786
5746,7.401813,6.7021194,0.6996934
5747,7.4003863,6.701155,0.69923145
5748,7.3991013,6.7003236,0.6987778
5749,7.397457,6.6995964,0.6978606
5750,7.395978,6.698668,0.69731015
5751,7.394759,6.697786,0.6969735
5752,7.3932114,6.697003,0.6962084
5753,7.391542,6.6960387,0.69550323
5754,7.3900113,6.695178,0.69483364
5755,7.3886285,6.6944547,0.6941738
5756,7.387289,6.6936145,0.6936747
5757,7.385955,6.692724,0.6932304
5758,7.384761,6.691979,0.692782
5759,7.3830705,6.690985,0.692085
5760,7.381337,6.6902933,0.691044
5761,7.3798733,6.6895075,0.6903659
5762,7.3783755,6.6886206,0.6897552
5763,7.376785,6.6877785,0.6890063
5764,7.3755217,6.6869626,0.688559
5765,7.373891,6.686018,0.687873
5766,7.372687,6.6852374,0.6874495
5767,7.3715177,6.684262,0.68725574
5768,7.3702326,6.6835,0.6867331
5769,7.368911,6.682705,0.68620586
5770,7.3671737,6.681802,0.6853719
5771,7.3658433,6.6810656,0.68477786
5772,7.3641396,6.6802597,0.68387985
5773,7.3625326,6.6795006,0.6830323
5774,7.360711,6.6786156,0.68209565
5775,7.3595505,6.677705,0.681846
5776,7.358214,6.676913,0.68130094
5777,7.357067,6.6760664,0.6810004
5778,7.35583,6.6751823,0.6806481
5779,7.3542833,6.6744003,0.67988324
5780,7.3527646,6.6736145,0.67914975
5781,7.351802,6.672663,0.67913866
5782,7.3504167,6.67189,0.67852676
5783,7.348788,6.6711364,0.6776514
5784,7.3474627,6.6702504,0.6772122
5785,7.3459225,6.6694446,0.6764776
5786,7.3447437,6.6686325,0.676111
5787,7.3430157,6.667652,0.67536354
5788,7.341632,6.666983,0.6746489
5789,7.340573,6.666128,0.6744448
5790,7.3392587,6.6651645,0.674094
5791,7.337804,6.664538,0.6732658
5792,7.336129,6.6637063,0.672423
5793,7.334744,6.6628475,0.6718961
5794,7.3330655,6.6621895,0.6708758
5795,7.3309765,6.661251,0.6697258
5796,7.3296514,6.6602974,0.66935396
5797,7.3285027,6.6595573,0.66894555
5798,7.3271675,6.6587186,0.6684492
5799,7.325851,6.657764,0.66808707
5800,7.3246813,6.6570745,0.66760683
5801,7.323113,6.6561203,0.6669926
5802,7.321194,6.6552978,0.6658967
5803,7.3201175,6.6545553,0.66556245
5804,7.3183675,6.6535506,0.6648165
5805,7.316752,6.652905,0.6638471
5806,7.315213,6.651976,0.66323733
5807,7.3143177,6.6511564,0.66316134
5808,7.312918,6.65039,0.662528
5809,7.3115306,6.6495776,0.6619529
5810,7.3102245,6.648757,0.66146773
5811,7.308716,6.647951,0.6607645
5812,7.3072376,6.647072,0.6601661
5813,7.3056674,6.6463447,0.65932286
5814,7.3043838,6.645575,0.65880865
5815,7.3030376,6.64466,0.65837747
5816,7.301745,6.643842,0.6579026
5817,7.3003535,6.6430135,0.6573403
5818,7.2987766,6.642118,0.65665877
5819,7.2977657,6.6413026,0.65646327
5820,7.296461,6.6404266,0.6560345
5821,7.295148,6.639655,0.6554926
5822,7.2936883,6.638977,0.6547115
5823,7.2922134,6.638064,0.65414953
5824,7.291081,6.6372705,0.65381026
5825,7.2896776,6.63652,0.65315783
5826,7.288183,6.635672,0.65251106
5827,7.2870035,6.634945,0.6520586
5828,7.2861185,6.6341414,0.65197676
5829,7.284479,6.6331453,0.6513339
5830,7.282999,6.632416,0.65058345
5831,7.281407,6.631547,0.6498603
5832,7.2798047,6.6306844,0.6491202
5833,7.27856,6.629925,0.6486353
5834,7.276716,6.629137,0.6475794
5835,7.2756777,6.628346,0.64733183
5836,7.2741385,6.627454,0.6466845
5837,7.2727485,6.626741,0.6460077
5838,7.2713137,6.6259,0.6454139
5839,7.2696967,6.625111,0.64458567
5840,7.2687893,6.624305,0.64448464
5841,7.267372,6.6233587,0.6440136
5842,7.2660685,6.622607,0.64346147
5843,7.265334,6.6217885,0.64354557
5844,7.2638946,6.6209927,0.642902
5845,7.2625637,6.620254,0.6423096
5846,7.2612963,6.6194787,0.6418173
5847,7.260001,6.6185675,0.64143366
5848,7.2586718,6.6178117,0.6408599
5849,7.2571826,6.6169825,0.6402003
5850,7.2557025,6.616128,0.63957435
5851,7.2538466,6.615371,0.6384753
5852,7.2527027,6.614547,0.6381561
5853,7.251809,6.6137624,0.63804674
5854,7.2508535,6.6129465,0.6379069
5855,7.2493052,6.6120796,0.6372255
5856,7.247333,6.6112933,0.6360399
5857,7.245328,6.610542,0.6347861
5858,7.2439394,6.6097693,0.63416994
5859,7.2426906,6.6089325,0.6337584
5860,7.2408886,6.6080914,0.63279694
5861,7.2398777,6.6073546,0.6325234
5862,7.23844,6.6063685,0.63207155
5863,7.236812,6.6056333,0.6311785
5864,7.235798,6.6049128,0.630885
5865,7.2344575,6.603931,0.6305265
5866,7.2332106,6.603149,0.63006186
5867,7.2319527,6.60236,0.6295928
5868,7.230206,6.6014233,0.62878275
5869,7.22903,6.600705,0.62832505
5870,7.2273946,6.599834,0.6275607
5871,7.2264657,6.5990868,0.62737876
5872,7.225188,6.5982676,0.62692034
5873,7.223791,6.597425,0.6263658
5874,7.2226477,6.5967255,0.6259221
5875,7.2210875,6.595824,0.6252635
5876,7.219447,6.595036,0.6244112
5877,7.2182994,6.5944,0.62389964
5878,7.2169895,6.5935626,0.62342674
5879,7.2154617,6.592753,0.6227091
5880,7.214446,6.5920653,0.6223809
5881,7.2128735,6.591193,0.62168014
5882,7.211591,6.590455,0.621136
5883,7.210402,6.589574,0.62082803
5884,7.209221,6.5887413,0.62047935
5885,7.207505,6.5879464,0.61955863
5886,7.206681,6.5871625,0.61951816
5887,7.205339,6.5862455,0.6190933
5888,7.2038045,6.585582,0.6182227
5889,7.202308,6.5848284,0.6174797
5890,7.201464,6.583976,0.6174882
5891,7.20004,6.5831747,0.6168653
5892,7.1984987,6.5823503,0.6161488
5893,7.1971955,6.581543,0.61565226
5894,7.195906,6.580693,0.6152136
5895,7.1946583,6.5798774,0.61478096
5896,7.1936684,6.5791664,0.61450195
5897,7.192212,6.578415,0.61379725
5898,7.190737,6.577608,0.6131284
5899,7.1895385,6.576736,0.61280227
5900,7.1884675,6.576039,0.6124287
5901,7.186902,6.5751557,0.6117462
5902,7.1860957,6.574442,0.6116535
5903,7.1848593,6.5735545,0.6113046
5904,7.1835713,6.5728374,0.61073387
5905,7.181891,6.5721145,0.6097767
5906,7.180311,6.571314,0.60899717
5907,7.1790376,6.5705104,0.60852736
5908,7.177443,6.56972,0.60772306
5909,7.176035,6.568939,0.60709554
5910,7.1746926,6.568114,0.6065785
5911,7.1736574,6.5672984,0.6063589
5912,7.1725492,6.566533,0.6060161
5913,7.1711154,6.56569,0.605425
5914,7.169636,6.564906,0.6047298
5915,7.168575,6.5641828,0.60439193
5916,7.16732,6.563317,0.6040031
5917,7.1656423,6.5625796,0.60306245
5918,7.1642013,6.561821,0.6023803
5919,7.1630864,6.5609245,0.6021617
5920,7.161907,6.560194,0.60171294
5921,7.160738,6.559333,0.60140485
5922,7.1592045,6.5584254,0.6007789
5923,7.15772,6.5577326,0.5999875
5924,7.156363,6.5569005,0.5994622
5925,7.1550546,6.5560875,0.5989669
5926,7.1537695,6.5553718,0.598398
5927,7.1524587,6.554612,0.5978464
5928,7.151542,6.5538416,0.5977007
5929,7.15031,6.5530357,0.597274
5930,7.148896,6.552309,0.59658736
5931,7.147653,6.5514827,0.5961704
5932,7.1462264,6.5506525,0.5955743
5933,7.1446705,6.549907,0.5947632
5934,7.1435366,6.5491242,0.59441197
5935,7.142197,6.548265,0.5939321
5936,7.141102,6.547493,0.59360874
5937,7.1398606,6.5466876,0.5931728
5938,7.1385646,6.545889,0.5926757
5939,7.1373777,6.54516,0.59221804
5940,7.136354,6.5443287,0.59202546
5941,7.1350393,6.543664,0.5913757
5942,7.1340575,6.5428796,0.5911782
5943,7.132416,6.5421066,0.59030914
5944,7.130981,6.541357,0.58962405
5945,7.1297774,6.5405416,0.5892359
5946,7.128292,6.539713,0.5885792
5947,7.126956,6.5389094,0.58804667
5948,7.1258926,6.5381427,0.58775014
5949,7.124917,6.5373755,0.5875414
5950,7.1233497,6.536587,0.5867624
5951,7.1223817,6.5358796,0.5865023
5952,7.121024,6.535055,0.5859689
5953,7.120125,6.534344,0.585781
5954,7.1182,6.5335593,0.58464074
5955,7.1167483,6.532869,0.5838791
5956,7.1155815,6.5320005,0.58358073
5957,7.1148095,6.5311832,0.583626
5958,7.1134734,6.530477,0.5829964
5959,7.111917,6.529571,0.5823459
5960,7.1106687,6.528737,0.5819316
5961,7.1092916,6.5280514,0.5812401
5962,7.1076856,6.527197,0.5804887
5963,7.106503,6.526443,0.58005977
5964,7.105471,6.5256367,0.5798349
5965,7.1040497,6.5247717,0.5792778
5966,7.103142,6.5240226,0.5791195
5967,7.101672,6.5232306,0.5784415
5968,7.1004095,6.5224547,0.577955
5969,7.0995216,6.5217285,0.57779276
5970,7.098261,6.5210176,0.5772433
5971,7.0969415,6.520326,0.5766155
5972,7.095517,6.519658,0.57585937
5973,7.094114,6.5188665,0.575247
5974,7.093071,6.518151,0.57492006
5975,7.091856,6.5173383,0.57451785
5976,7.090673,6.5164924,0.57418036
5977,7.089766,6.515753,0.5740131
5978,7.0883994,6.5149555,0.573444
5979,7.0867095,6.5143294,0.57238024
5980,7.0854673,6.513547,0.57192004
5981,7.084321,6.5127974,0.57152337
5982,7.0831537,6.512008,0.5711457
5983,7.0817137,6.511274,0.57043993
5984,7.080458,6.5103927,0.57006586
5985,7.079059,6.5096416,0.5694175
5986,7.078066,6.50891,0.5691558
5987,7.0766425,6.508057,0.5685856
5988,7.0751886,6.5073147,0.56787395
5989,7.0744176,6.50661,0.56780756
5990,7.0729876,6.5057793,0.5672081
5991,7.0717893,6.5051694,0.5666196
5992,7.070439,6.5043955,0.56604356
5993,7.069279,6.503503,0.5657766
5994,7.06807,6.502843,0.5652267
5995,7.067099,6.502047,0.5650519
5996,7.0659027,6.501267,0.564636
5997,7.0647135,6.5005026,0.56421125
5998,7.063469,6.499774,0.56369525
5999,7.062366,6.498951,0.5634148
6000,7.0607896,6.498264,0.56252545
6001,7.0595756,6.497473,0.5621027
6002,7.058968,6.496805,0.56216305
6003,7.057554,6.49604,0.5615138
6004,7.0564284,6.4952974,0.5611309
6005,7.055199,6.494563,0.56063616
6006,7.053608,6.4937887,0.55981934
6007,7.05255,6.493014,0.55953604
6008,7.0514445,6.492335,0.5591098
6009,7.050001,6.4916687,0.5583323
6010,7.0487213,6.4909186,0.55780256
6011,7.0480723,6.49023,0.55784196
6012,7.0471334,6.489466,0.55766714
6013,7.046059,6.4886613,0.5573977
6014,7.044284,6.4878654,0.55641836
6015,7.0434027,6.487125,0.5562779
6016,7.0422263,6.4863095,0.5559167
6017,7.0408688,6.485641,0.55522746
6018,7.039596,6.4848857,0.55471057
6019,7.038074,6.4841495,0.55392474
6020,7.036747,6.483373,0.553374
6021,7.0356884,6.482755,0.5529331
6022,7.0348067,6.4819474,0.5528592
6023,7.0335274,6.481182,0.55234516
6024,7.0319095,6.480554,0.55135554
6025,7.0305123,6.4797406,0.55077165
6026,7.02988,6.4789352,0.5509449
6027,7.028548,6.478192,0.5503559
6028,7.0272355,6.4774275,0.54980814
6029,7.0262794,6.476703,0.5495763
6030,7.024996,6.475916,0.54908025
6031,7.0236683,6.475156,0.5485126
6032,7.0224757,6.4744296,0.5480464
6033,7.021328,6.4736133,0.5477146
6034,7.0201507,6.472921,0.5472301
6035,7.0189624,6.472165,0.54679745
6036,7.017479,6.4714327,0.54604614
6037,7.0163927,6.4706607,0.5457323
6038,7.0155277,6.4699774,0.5455505
6039,7.014244,6.4692116,0.5450326
6040,7.013062,6.4685655,0.54449683
6041,7.011741,6.4677644,0.5439764
6042,7.010731,6.467048,0.54368275
6043,7.0096383,6.466318,0.5433203
6044,7.0084357,6.4656367,0.542799
6045,7.0074587,6.46492,0.5425385
6046,7.0062146,6.4641237,0.5420907
6047,7.0052876,6.463402,0.54188615
6048,7.004282,6.4626484,0.5416337
6049,7.0031343,6.4619246,0.5412097
6050,7.0018754,6.4612083,0.54066724
6051,7.00068,6.4604244,0.54025567
6052,6.999779,6.459769,0.54001033
6053,6.9981055,6.459,0.5391057
6054,6.9967637,6.4582534,0.5385104
6055,6.995676,6.457554,0.53812194
6056,6.9947205,6.4567266,0.5379939
6057,6.9924965,6.455939,0.5365578
6058,6.9917207,6.455308,0.53641284
6059,6.9907784,6.454541,0.53623724
6060,6.989701,6.453857,0.53584385
6061,6.988963,6.4530973,0.5358658
6062,6.987699,6.4522653,0.53543365
6063,6.9861326,6.451573,0.53456
6064,6.9857726,6.450939,0.53483355
6065,6.984174,6.450155,0.5340192
6066,6.982766,6.449334,0.533432
6067,6.9815383,6.44864,0.5328984
6068,6.980377,6.447897,0.53248036
6069,6.978975,6.447157,0.53181833
6070,6.978397,6.4464664,0.5319303
6071,6.976997,6.445759,0.5312384
6072,6.9757543,6.445081,0.5306729
6073,6.974586,6.444336,0.5302497
6074,6.973534,6.443608,0.5299266
6075,6.9726806,6.442925,0.5297556
6076,6.971516,6.442203,0.52931315
6077,6.9705477,6.4414587,0.529089
6078,6.969505,6.440762,0.5287426
6079,6.9683566,6.4400306,0.5283261
6080,6.967091,6.43935,0.527741
6081,6.96587,6.4386697,0.5271999
6082,6.9646745,6.4379654,0.5267091
6083,6.964258,6.437433,0.5268254
6084,6.9629884,6.436639,0.52634984
6085,6.961463,6.435996,0.52546656
6086,6.960451,6.435249,0.5252019
6087,6.959595,6.434488,0.5251074
6088,6.958195,6.4337573,0.5244379
6089,6.956992,6.433006,0.523986
6090,6.9556894,6.4322543,0.5234351
6091,6.9545484,6.431508,0.5230402
6092,6.9537077,6.4307737,0.5229338
6093,6.952757,6.4300437,0.522713
6094,6.951383,6.4293356,0.5220475
6095,6.95037,6.428599,0.5217707
6096,6.949161,6.427984,0.52117693
6097,6.947898,6.427279,0.5206189
6098,6.9471335,6.4266148,0.5205189
6099,6.9459286,6.425932,0.5199964
6100,6.944847,6.4252543,0.5195929
6101,6.943678,6.424512,0.51916635
6102,6.941998,6.423765,0.5182328
6103,6.941137,6.423111,0.51802605
6104,6.9401264,6.422418,0.5177083
6105,6.9390397,6.4217014,0.5173382
6106,6.9380374,6.421015,0.5170224
6107,6.937023,6.4203258,0.5166972
6108,6.9362793,6.419584,0.51669526
6109,6.935034,6.418886,0.51614726
6110,6.9338217,6.418188,0.5156336
6111,6.9324117,6.4174447,0.51496685
6112,6.9310613,6.416676,0.51438546
6113,6.9298806,6.415864,0.5140165
6114,6.928643,6.4151263,0.5135167
6115,6.927926,6.414396,0.5135302
6116,6.927045,6.4136944,0.5133504
6117,6.9258575,6.413091,0.5127665
6118,6.924851,6.4123526,0.51249826
6119,6.924027,6.4116387,0.5123881
6120,6.92282,6.4108505,0.5119693
6121,6.9212947,6.410094,0.5112011
6122,6.9202733,6.4094095,0.51086384
6123,6.918863,6.4087105,0.51015234
6124,6.9176946,6.4080596,0.5096349
6125,6.9166613,6.407309,0.5093523
6126,6.9158545,6.406794,0.5090605
6127,6.9144797,6.406024,0.5084555
6128,6.913687,6.4052954,0.5083922
6129,6.9119253,6.404556,0.50736946
6130,6.9114075,6.4038777,0.50752974
6131,6.909916,6.403168,0.50674754
6132,6.9084263,6.4024005,0.50602597
6133,6.907438,6.401684,0.50575364
6134,6.906538,6.400941,0.5055971
6135,6.905556,6.4002805,0.50527585
6136,6.9043403,6.399622,0.5047182
6137,6.903174,6.3988705,0.5043038
6138,6.902336,6.398209,0.5041272
6139,6.9009786,6.3975253,0.50345325
6140,6.9004145,6.3967795,0.50363505
6141,6.899254,6.396049,0.5032052
6142,6.898239,6.3953843,0.5028552
6143,6.8967996,6.394644,0.5021554
6144,6.8960166,6.3939667,0.5020502
6145,6.8951187,6.393294,0.5018247
6146,6.8940816,6.392638,0.50144345
6147,6.8930893,6.392101,0.50098836
6148,6.8921485,6.3914027,0.5007454
6149,6.89098,6.3906574,0.5003222
6150,6.8900285,6.389934,0.5000943
6151,6.889288,6.389205,0.50008297
6152,6.8880434,6.3885374,0.499506
6153,6.8869085,6.3878284,0.49908018
6154,6.8855133,6.3871427,0.4983705
6155,6.884725,6.3865576,0.4981671
6156,6.88385,6.3858747,0.49797505
6157,6.8824196,6.3851805,0.49723902
6158,6.881493,6.384519,0.49697405
6159,6.8803267,6.3838754,0.4964513
6160,6.878955,6.3831544,0.4958005
6161,6.8779635,6.382387,0.49557647
6162,6.876982,6.3817225,0.49525943
6163,6.8762765,6.380947,0.49532947
6164,6.875191,6.3802676,0.4949239
6165,6.873985,6.379609,0.4943757
6166,6.8729396,6.378935,0.49400482
6167,6.8720384,6.37817,0.49386874
6168,6.8711104,6.377517,0.49359322
6169,6.870075,6.376817,0.49325806
6170,6.869074,6.376099,0.49297458
6171,6.867987,6.3754625,0.4925247
6172,6.8670063,6.3748684,0.492138
6173,6.865658,6.3741126,0.49154526
6174,6.864744,6.3734436,0.49130052
6175,6.864313,6.3727536,0.49155933
6176,6.8633304,6.372128,0.49120253
6177,6.8621316,6.3713074,0.49082452
6178,6.86113,6.370543,0.49058723
6179,6.859982,6.370034,0.48994765
6180,6.858879,6.3693,0.4895792
6181,6.85762,6.3685446,0.4890749
6182,6.8561673,6.3678746,0.48829252
6183,6.855118,6.3671527,0.48796493
6184,6.8533783,6.3664355,0.48694277
6185,6.852068,6.36573,0.48633814
6186,6.850979,6.365022,0.48595676
6187,6.8500643,6.3643427,0.4857219
6188,6.8489428,6.363657,0.48528585
6189,6.84796,6.362933,0.48502675
6190,6.8469954,6.362178,0.4848178
6191,6.8460784,6.361495,0.48458308
6192,6.8448453,6.3608255,0.48401958
6193,6.8439727,6.3601246,0.48384818
6194,6.843009,6.359423,0.48358616
6195,6.8416204,6.3587036,0.48291665
6196,6.84059,6.357948,0.48264208
6197,6.8394036,6.357255,0.48214826
6198,6.8386517,6.356605,0.4820466
6199,6.8379054,6.355917,0.4819886
6200,6.8367453,6.355254,0.48149127
6201,6.835717,6.354653,0.48106432
6202,6.834755,6.3541293,0.4806254
6203,6.833862,6.353543,0.4803191
6204,6.832778,6.35286,0.47991842
6205,6.832304,6.3521237,0.48018065
6206,6.8313913,6.3515005,0.47989097
6207,6.8303614,6.3507752,0.47958612
6208,6.8291583,6.350145,0.4790132
6209,6.8280864,6.349505,0.47858143
6210,6.8274355,6.3488674,0.478568
6211,6.8264747,6.348195,0.47827968
6212,6.825407,6.3475256,0.4778815
6213,6.8244863,6.34679,0.47769642
6214,6.8233542,6.3461733,0.47718126
6215,6.821944,6.3454366,0.47650757
6216,6.8211217,6.3447833,0.47633845
6217,6.8201857,6.344116,0.4760693
6218,6.818943,6.343505,0.4754382
6219,6.8182297,6.3427105,0.47551918
6220,6.817407,6.3419933,0.4754138
6221,6.816416,6.34129,0.47512546
6222,6.8149304,6.3406916,0.47423893
6223,6.813792,6.339938,0.47385412
6224,6.812929,6.3393097,0.47361976
6225,6.811948,6.3385634,0.47338438
6226,6.8107653,6.337882,0.47288322
6227,6.8100443,6.3372183,0.47282583
6228,6.8092384,6.336447,0.47279167
6229,6.807962,6.335808,0.47215447
6230,6.806604,6.3350773,0.47152677
6231,6.8056335,6.3344846,0.47114888
6232,6.804913,6.3338904,0.47102243
6233,6.8039336,6.333189,0.4707448
6234,6.8027987,6.332573,0.4702255
6235,6.8018517,6.331925,0.46992707
6236,6.801009,6.3312454,0.469764
6237,6.800112,6.3305635,0.4695484
6238,6.7990522,6.329875,0.46917695
6239,6.7981496,6.3291955,0.4689541
6240,6.797018,6.328478,0.46854037
6241,6.795712,6.327769,0.46794286
6242,6.794742,6.3271737,0.4675684
6243,6.794069,6.3264484,0.46762055
6244,6.792891,6.3257027,0.46718845
6245,6.7918425,6.3250513,0.466791
6246,6.79094,6.3243403,0.46659938
6247,6.790381,6.3237815,0.4665996
6248,6.7893963,6.3231616,0.4662343
6249,6.788111,6.3224287,0.46568242
6250,6.7869215,6.3216834,0.46523848
6251,6.7853885,6.320901,0.46448764
6252,6.7845387,6.3202786,0.46426028
6253,6.7837973,6.319611,0.464186
6254,6.7828045,6.3190565,0.46374822
6255,6.7817903,6.3183837,0.46340674
6256,6.780783,6.3176656,0.4631172
6257,6.779748,6.317069,0.46267876
6258,6.778479,6.31644,0.4620393
6259,6.7772064,6.315717,0.46148938
6260,6.7761397,6.3149834,0.4611566
6261,6.7753124,6.3143377,0.4609747
6262,6.7742195,6.3135533,0.4606661
6263,6.773206,6.312812,0.46039414
6264,6.7722025,6.312194,0.46000856
6265,6.7715273,6.3114796,0.4600479
6266,6.770603,6.310987,0.4596161
6267,6.769795,6.310306,0.45948857
6268,6.768796,6.309543,0.45925298
6269,6.7677135,6.3088255,0.45888796
6270,6.7666945,6.3081326,0.45856172
6271,6.7656,6.3074865,0.45811352
6272,6.7647147,6.3068933,0.45782155
6273,6.7638345,6.306327,0.45750755
6274,6.762949,6.305709,0.45724028
6275,6.7621346,6.3050647,0.45706996
6276,6.761101,6.304411,0.45668954
6277,6.760367,6.3038573,0.4565094
6278,6.759302,6.30326,0.456042
6279,6.758794,6.302712,0.45608225
6280,6.7574677,6.3020506,0.4554173
6281,6.756529,6.301461,0.45506796
6282,6.756168,6.3006887,0.45547876
6283,6.755066,6.3000875,0.45497817
6284,6.753881,6.299377,0.454504
6285,6.7529335,6.2986994,0.4542343
6286,6.7518144,6.298045,0.45376953
6287,6.7506876,6.297378,0.4533093
6288,6.7494435,6.296729,0.45271483
6289,6.7484994,6.2960544,0.45244503
6290,6.7479978,6.295406,0.4525916
6291,6.746637,6.2946506,0.45198625
6292,6.745492,6.29394,0.45155162
6293,6.7445536,6.293343,0.4512101
6294,6.743786,6.2926517,0.4511339
6295,6.742264,6.2919164,0.45034724
6296,6.7416983,6.2913013,0.4503967
6297,6.740602,6.2906384,0.44996387
6298,6.739879,6.29,0.44987923
6299,6.7389207,6.2892547,0.44966584
6300,6.7377286,6.2886,0.44912893
6301,6.736593,6.287887,0.44870582
6302,6.735853,6.287185,0.4486681
6303,6.7352605,6.2866344,0.44862622
6304,6.734051,6.286051,0.44800028
6305,6.7332993,6.2853985,0.44790077
6306,6.7319603,6.2848477,0.44711274
6307,6.7306895,6.284024,0.4466657
6308,6.7297378,6.28338,0.44635755
6309,6.728683,6.282698,0.4459846
6310,6.7275114,6.282006,0.44550577
6311,6.7264137,6.281376,0.44503784
6312,6.72556,6.2808022,0.44475776
6313,6.7247334,6.2800794,0.44465393
6314,6.7235527,6.279315,0.444238
6315,6.722658,6.278622,0.4440364
6316,6.722106,6.277943,0.4441626
6317,6.721207,6.2772584,0.4439487
6318,6.7200966,6.2766414,0.4434553
6319,6.7193513,6.276037,0.44331437
6320,6.7184563,6.275473,0.44298297
6321,6.7173305,6.2748404,0.44249034
6322,6.716572,6.2742095,0.44236222
6323,6.7155724,6.273574,0.44199872
6324,6.7146473,6.2729273,0.44172007
6325,6.713872,6.2722178,0.44165406
6326,6.713053,6.2717977,0.4412555
6327,6.712146,6.2712035,0.4409422
6328,6.7114286,6.270596,0.44083294
6329,6.71054,6.270011,0.44052902
6330,6.7093005,6.269276,0.44002438
6331,6.7083535,6.2686324,0.4397211
6332,6.7074056,6.267919,0.43948627
6333,6.7063727,6.26722,0.4391529
6334,6.7055283,6.266581,0.4389472
6335,6.70463,6.2659316,0.43869868
6336,6.7033052,6.2652726,0.438033
6337,6.7023473,6.264493,0.4378543
6338,6.7012825,6.263815,0.43746787
6339,6.7004614,6.263149,0.43731293
6340,6.6994333,6.2624674,0.43696555
6341,6.6982026,6.261841,0.43636185
6342,6.69763,6.261279,0.43635073
6343,6.696501,6.2606273,0.43587336
6344,6.6955943,6.2599373,0.43565685
6345,6.695158,6.259296,0.43586236
6346,6.694225,6.258682,0.43554297
6347,6.6934414,6.258046,0.43539524
6348,6.6923823,6.257401,0.43498135
6349,6.691425,6.2568107,0.43461394
6350,6.690491,6.2561407,0.43435043
6351,6.6901383,6.255504,0.4346344
6352,6.6891785,6.254902,0.43427658
6353,6.6883388,6.254155,0.43418378
6354,6.6874304,6.2534738,0.43395695
6355,6.6864753,6.252978,0.43349752
6356,6.685079,6.252232,0.4328472
6357,6.6840043,6.251649,0.4323551
6358,6.683003,6.250917,0.43208617
6359,6.6818247,6.2502465,0.43157816
6360,6.6809044,6.2495637,0.43134078
6361,6.6800303,6.248923,0.43110743
6362,6.679343,6.248255,0.4310884
6363,6.678491,6.247636,0.43085542
6364,6.6772447,6.2469954,0.43024912
6365,6.676583,6.2463965,0.43018642
6366,6.675935,6.24569,0.430245
6367,6.6748476,6.2450705,0.42977723
6368,6.6736307,6.244328,0.4293031
6369,6.6728296,6.243737,0.42909202
6370,6.6716485,6.243045,0.42860335
6371,6.670348,6.242491,0.42785716
6372,6.6691933,6.241754,0.4274388
6373,6.6681027,6.2410493,0.42705354
6374,6.66739,6.240387,0.427003
6375,6.666103,6.239733,0.4263696
6376,6.665118,6.2390757,0.42604238
6377,6.6644897,6.2384224,0.42606717
6378,6.6638236,6.2378926,0.4259309
6379,6.6627026,6.2371826,0.42551994
6380,6.661874,6.2364893,0.4253841
6381,6.6613536,6.235815,0.42553836
6382,6.6603003,6.235105,0.42519492
6383,6.659518,6.2344675,0.4250502
6384,6.658519,6.233893,0.4246261
6385,6.6577797,6.2332635,0.42451626
6386,6.6569357,6.2326756,0.42426005
6387,6.656058,6.2321773,0.42388043
6388,6.6551967,6.2316556,0.42354107
6389,6.6541123,6.230967,0.42314553
6390,6.6531096,6.230239,0.42287022
6391,6.652294,6.229616,0.42267832
6392,6.651687,6.2290425,0.42264462
6393,6.6506596,6.228412,0.4222471
6394,6.649669,6.227839,0.42183
6395,6.6490374,6.227182,0.4218554
6396,6.648522,6.226596,0.42192593
6397,6.6476955,6.225842,0.42185372
6398,6.6471124,6.225175,0.42193747
6399,6.6461987,6.2246294,0.42156935
6400,6.645287,6.2238584,0.42142877
6401,6.6443534,6.2233453,0.42100787
6402,6.6435013,6.222887,0.42061406
6403,6.642595,6.222217,0.42037758
6404,6.641467,6.2215614,0.41990575
6405,6.640461,6.22092,0.41954103
6406,6.6396103,6.220283,0.41932765
6407,6.638921,6.21981,0.41911086
6408,6.6381855,6.2192698,0.41891575
6409,6.6370535,6.21852,0.41853347
6410,6.635847,6.2178574,0.41798967
6411,6.6348386,6.2171583,0.4176801
6412,6.6337395,6.216354,0.4173855
6413,6.6327505,6.215711,0.41703948
6414,6.6318474,6.2151036,0.41674393
6415,6.6309853,6.2144666,0.4165184
6416,6.6301045,6.214012,0.4160924
6417,6.629025,6.2133265,0.4156987
6418,6.628345,6.212627,0.415718
6419,6.627745,6.211969,0.415776
6420,6.6269803,6.2112975,0.41568264
6421,6.62582,6.210619,0.4152012
6422,6.624709,6.209956,0.4147531
6423,6.623789,6.2093334,0.41445532
6424,6.6230836,6.208773,0.41431013
6425,6.622225,6.2081976,0.4140274
6426,6.621378,6.2075124,0.41386548
6427,6.620166,6.2068405,0.4133254
6428,6.6189885,6.2062287,0.41275984
6429,6.61814,6.20564,0.41250038
6430,6.617022,6.2050476,0.41197467
6431,6.6161866,6.2044764,0.4117102
6432,6.615246,6.2037725,0.41147336
6433,6.6143227,6.2030663,0.41125602
6434,6.6136622,6.202339,0.41132277
6435,6.6129622,6.201737,0.41122556
6436,6.6119084,6.20115,0.41075858
6437,6.6105676,6.200515,0.41005263
6438,6.609737,6.1999474,0.40978986
6439,6.6089993,6.19938,0.40961918
6440,6.6080685,6.198683,0.40938568
6441,6.6072392,6.197997,0.4092421
6442,6.6064878,6.197417,0.40907088
6443,6.6056166,6.196719,0.4088971
6444,6.604817,6.1960354,0.40878192
6445,6.6035604,6.195444,0.40811658
6446,6.6026845,6.1947026,0.40798154
6447,6.601534,6.1941276,0.4074065
6448,6.60096,6.1935797,0.40737978
6449,6.600119,6.192861,0.4072582
6450,6.599391,6.1923347,0.4070564
6451,6.5984025,6.191724,0.40667874
6452,6.597855,6.191049,0.4068056
6453,6.5969353,6.190574,0.40636104
6454,6.5959015,6.1899223,0.40597898
6455,6.5948124,6.1892376,0.40557465
6456,6.5939517,6.188603,0.40534887
6457,6.5931196,6.1880565,0.40506324
6458,6.5919886,6.187395,0.40459356
6459,6.5913887,6.186831,0.40455776
6460,6.5904417,6.1862545,0.40418726
6461,6.5894966,6.1855235,0.40397316
6462,6.5885277,6.1849265,0.40360075
6463,6.5880117,6.1842036,0.40380818
6464,6.5873003,6.183495,0.40380532
6465,6.586348,6.1828594,0.4034885
6466,6.585412,6.1822953,0.4031167
6467,6.5846334,6.18164,0.4029932
6468,6.583749,6.181129,0.40261975
6469,6.5830235,6.1805754,0.40244788
6470,6.5821433,6.1799545,0.40218845
6471,6.5812654,6.179414,0.40185136
6472,6.580162,6.178775,0.40138683
6473,6.579318,6.178049,0.40126896
6474,6.5785513,6.1775413,0.40100965
6475,6.5774493,6.1768827,0.40056682
6476,6.5768476,6.1762013,0.40064603
6477,6.5762033,6.1756687,0.4005347
6478,6.5754204,6.1751046,0.40031615
6479,6.5746503,6.1744766,0.40017366
6480,6.5740166,6.174041,0.39997587
6481,6.5729303,6.1733274,0.39960274
6482,6.5724907,6.1726937,0.39979684
6483,6.571515,6.1722364,0.39927876
6484,6.570721,6.1715183,0.39920264
6485,6.5698934,6.1708846,0.39900854
6486,6.5692925,6.170336,0.39895684
6487,6.5681105,6.169741,0.39836907
6488,6.567253,6.1690445,0.39820868
6489,6.5666957,6.16847,0.3982255
6490,6.565686,6.1678066,0.39787954
6491,6.5650263,6.1671247,0.39790162
6492,6.5641017,6.1665897,0.39751205
6493,6.5630145,6.1659646,0.3970502
6494,6.5627522,6.165217,0.39753556
6495,6.5615454,6.164644,0.3969018
6496,6.559997,6.164015,0.39598244
6497,6.5594993,6.163321,0.39617807
6498,6.558413,6.1628833,0.39552966
6499,6.5573363,6.1621184,0.39521787
6500,6.5564494,6.1613865,0.3950631
6501,6.555875,6.160842,0.39503294
6502,6.554731,6.1601005,0.39463073
6503,6.5540786,6.1594877,0.39459103
6504,6.5531735,6.158966,0.39420748
6505,6.552262,6.1584253,0.39383635
6506,6.55172,6.157689,0.39403138
6507,6.550553,6.157153,0.39339954
6508,6.5494366,6.1565022,0.39293426
6509,6.548784,6.1557937,0.39298987
6510,6.548075,6.155203,0.39287227
6511,6.546822,6.154576,0.39224622
6512,6.5458727,6.153963,0.39190942
6513,6.545151,6.153431,0.39172038
6514,6.5440016,6.152828,0.39117327
6515,6.5437803,6.152069,0.39171132
6516,6.542734,6.151571,0.39116332
6517,6.5417843,6.150854,0.39093047
6518,6.5412955,6.1502285,0.39106736
6519,6.5403366,6.1497936,0.3905427
6520,6.539138,6.1491714,0.3899665
6521,6.538782,6.148441,0.39034143
6522,6.537903,6.1479316,0.38997093
6523,6.5371337,6.1472764,0.38985747
6524,6.536673,6.146546,0.39012673
6525,6.535212,6.1460505,0.38916165
6526,6.534601,6.1454716,0.38912934
6527,6.5341773,6.1447287,0.3894486
6528,6.5330324,6.144304,0.38872865
6529,6.532214,6.143659,0.38855523
6530,6.5315766,6.142986,0.3885908
6531,6.530813,6.14246,0.38835344
6532,6.529899,6.1419387,0.3879605
6533,6.5288453,6.141221,0.38762465
6534,6.5279846,6.140714,0.3872704
6535,6.5272,6.1402,0.387
6536,6.526142,6.1394935,0.38664874
6537,6.5248747,6.1388426,0.38603187
6538,6.5241623,6.138297,0.3858654
6539,6.5235834,6.137657,0.38592634
6540,6.5229287,6.137,0.38592857
6541,6.522181,6.1365776,0.38560358
6542,6.5212607,6.1358767,0.385384
6543,6.5204406,6.1352487,0.3851915
6544,6.519817,6.1346517,0.38516524
6545,6.5190444,6.133969,0.38507566
6546,6.5182943,6.1332703,0.38502413
6547,6.517399,6.132767,0.38463157
6548,6.51651,6.1321383,0.38437158
6549,6.5156317,6.131544,0.38408747
6550,6.514905,6.1310062,0.38389844
6551,6.5140605,6.130382,0.3836785
6552,6.513345,6.1297817,0.38356274
6553,6.5126204,6.1291485,0.38347173
6554,6.51174,6.1285944,0.38314575
6555,6.5109653,6.1279793,0.38298625
6556,6.5104027,6.1274767,0.3829264
6557,6.5096455,6.1269555,0.38268963
6558,6.508477,6.126251,0.38222584
6559,6.5074544,6.1256866,0.38176805
6560,6.5064483,6.1250157,0.38143238
6561,6.505979,6.124295,0.38168374
6562,6.5050964,6.1236567,0.38143983
6563,6.5040455,6.1231194,0.38092616
6564,6.5032964,6.1224604,0.38083568
6565,6.5021925,6.121878,0.38031453
6566,6.5012856,6.121269,0.38001624
6567,6.500635,6.120584,0.38005117
6568,6.50007,6.120077,0.3799929
6569,6.4994006,6.119481,0.3799192
6570,6.4986415,6.118744,0.37989745
6571,6.497578,6.1182394,0.37933856
6572,6.4965205,6.1176395,0.378881
6573,6.496114,6.117045,0.37906903
6574,6.49545,6.1165967,0.3788532
6575,6.494494,6.115917,0.3785769
6576,6.4938545,6.1152925,0.37856218
6577,6.493166,6.1146855,0.3784806
6578,6.491972,6.1141214,0.37785095
6579,6.491458,6.1134634,0.37799424
6580,6.49032,6.11295,0.3773702
6581,6.4894342,6.112221,0.37721336
6582,6.4885974,6.1115255,0.37707168
6583,6.4873834,6.1109614,0.376422
6584,6.48668,6.1102457,0.37643456
6585,6.4861665,6.1097016,0.37646472
6586,6.485422,6.1092787,0.3761431
6587,6.4844313,6.108567,0.3758642
6588,6.4836164,6.107975,0.37564126
6589,6.482818,6.1074233,0.37539458
6590,6.481994,6.1067133,0.37528065
6591,6.4812407,6.1059947,0.37524608
6592,6.4804,6.105578,0.37482208
6593,6.4799876,6.1049986,0.37498873
6594,6.479067,6.104469,0.37459785
6595,6.478222,6.1039424,0.3742792
6596,6.477442,6.1034045,0.3740372
6597,6.4768615,6.102706,0.37415567
6598,6.476156,6.1021886,0.3739676
6599,6.475307,6.1014876,0.37381923
6600,6.474843,6.100845,0.3739984
6601,6.474024,6.1003294,0.3736942
6602,6.4729486,6.0997057,0.37324262
6603,6.4717283,6.0989723,0.37275577
6604,6.470813,6.0984173,0.37239575
6605,6.469897,6.097784,0.37211293
6606,6.4691014,6.0971375,0.37196374
6607,6.4683247,6.0965056,0.37181887
6608,6.467348,6.095981,0.37136713
6609,6.4664593,6.095362,0.37109685
6610,6.4657063,6.094789,0.37091693
6611,6.4650035,6.094191,0.37081236
6612,6.4640355,6.0935063,0.3705295
6613,6.463688,6.0929685,0.37071952
6614,6.463163,6.0924525,0.37071046
6615,6.4620347,6.0918236,0.37021098
6616,6.461174,6.091199,0.36997485
6617,6.460512,6.0907707,0.36974138
6618,6.459529,6.0900664,0.36946222
6619,6.4591603,6.089383,0.36977744
6620,6.4583964,6.0889697,0.3694266
6621,6.457275,6.0881505,0.36912435
6622,6.4566116,6.0875306,0.36908087
6623,6.455777,6.0871515,0.36862522
6624,6.454662,6.0864744,0.36818758
6625,6.4537506,6.085838,0.36791283
6626,6.453123,6.085232,0.3678912
6627,6.452505,6.0846868,0.36781794
6628,6.4511504,6.083978,0.36717206
6629,6.450349,6.083401,0.3669476
6630,6.449972,6.0829616,0.36701035
6631,6.448834,6.082228,0.36660576
6632,6.4482408,6.0815597,0.36668116
6633,6.447438,6.0810614,0.36637664
6634,6.4466724,6.0803432,0.36632898
6635,6.44625,6.079801,0.36644858
6636,6.445333,6.079375,0.36595798
6637,6.444241,6.078647,0.3655936
6638,6.4432673,6.0779643,0.36530316
6639,6.4426117,6.077508,0.3651038
6640,6.4417458,6.076772,0.36497355
6641,6.4413285,6.0761576,0.36517084
6642,6.4407873,6.0757256,0.36506185
6643,6.4399657,6.075059,0.3649068
6644,6.4391723,6.0745153,0.36465698
6645,6.4386544,6.074015,0.36463952
6646,6.438108,6.0733757,0.3647321
6647,6.437174,6.072752,0.36442184
6648,6.4366035,6.07222,0.36438367
6649,6.4355845,6.071666,0.36391908
6650,6.4347777,6.0709786,0.36379915
6651,6.43391,6.070465,0.36344466
6652,6.433283,6.069951,0.36333162
6653,6.4322867,6.069226,0.3630609
6654,6.431269,6.0686765,0.36259252
6655,6.430689,6.0680966,0.3625924
6656,6.4300323,6.067481,0.36255115
6657,6.4290032,6.066896,0.36210746
6658,6.4283476,6.0663757,0.36197162
6659,6.427674,6.065777,0.36189693
6660,6.4267464,6.065067,0.36167973
6661,6.425967,6.06448,0.3614877
6662,6.4251003,6.063849,0.36125135
6663,6.4245133,6.063145,0.36136818
6664,6.4236536,6.0625834,0.36107016
6665,6.423063,6.0621305,0.3609323
6666,6.422066,6.0615993,0.36046726
6667,6.42121,6.061076,0.36013386
6668,6.4205775,6.0604973,0.3600803
6669,6.4195886,6.0598226,0.359766
6670,6.4189734,6.059173,0.35980034
6671,6.4182954,6.058716,0.3595797
6672,6.4171085,6.057917,0.35919148
6673,6.4162865,6.057339,0.35894725
6674,6.415296,6.0568995,0.35839653
6675,6.4145226,6.0561776,0.35834524
6676,6.413592,6.05558,0.35801202
6677,6.413345,6.0549498,0.35839495
6678,6.4131603,6.0543585,0.3588019
6679,6.41239,6.0538135,0.35857648
6680,6.411714,6.0532103,0.35850367
6681,6.4105687,6.0526237,0.35794523
6682,6.4096375,6.0520883,0.3575491
6683,6.4089265,6.051395,0.35753125
6684,6.4081316,6.050864,0.35726735
6685,6.4067664,6.0502286,0.3565379
6686,6.406031,6.0495663,0.35646477
6687,6.4052057,6.049036,0.35616958
6688,6.404491,6.0485206,0.35597044
6689,6.4033895,6.047877,0.3555124
6690,6.4027925,6.0473933,0.35539907
6691,6.402013,6.046788,0.3552246
6692,6.4012,6.0461006,0.35509935
6693,6.4005914,6.0454655,0.35512596
6694,6.400222,6.0448837,0.3553381
6695,6.3995957,6.0442834,0.35531235
6696,6.398905,6.0436873,0.35521752
6697,6.3981524,6.0431213,0.35503083
6698,6.397264,6.0426583,0.35460582
6699,6.3968005,6.041959,0.35484198
6700,6.395573,6.0412974,0.3542757
6701,6.3943033,6.0406194,0.3536838
6702,6.3929048,6.0400004,0.35290417
6703,6.391993,6.039335,0.35265842
6704,6.3914223,6.0388246,0.3525979
6705,6.3910294,6.038302,0.35272732
6706,6.390759,6.0377026,0.35305625
6707,6.389999,6.03713,0.3528688
6708,6.389373,6.0365095,0.35286322
6709,6.388743,6.0359097,0.35283342
6710,6.3879657,6.035439,0.35252655
6711,6.387175,6.0349097,0.35226542
6712,6.3866043,6.034185,0.35241932
6713,6.385522,6.033713,0.35180917
6714,6.384719,6.0331,0.35161868
6715,6.38356,6.0324016,0.3511585
6716,6.3828173,6.0318894,0.35092777
6717,6.3821154,6.0313416,0.35077366
6718,6.3809977,6.030602,0.35039562
6719,6.379777,6.0301237,0.34965342
6720,6.379295,6.0293846,0.3499103
6721,6.3787856,6.028756,0.3500295
6722,6.377965,6.0282135,0.34975147
6723,6.377519,6.027453,0.3500664
6724,6.3765597,6.0269394,0.34962034
6725,6.3755474,6.0263433,0.34920424
6726,6.374665,6.0256214,0.3490433
6727,6.373814,6.025084,0.34873003
6728,6.3731747,6.0245404,0.3486343
6729,6.372976,6.023786,0.34918955
6730,6.372122,6.023357,0.3487648
6731,6.371285,6.0228744,0.34841046
6732,6.3707123,6.0222487,0.34846362
6733,6.369725,6.021756,0.34796885
6734,6.3690248,6.0211673,0.3478577
6735,6.3682623,6.020343,0.34791946
6736,6.3677135,6.019874,0.34783918
6737,6.3669314,6.019365,0.34756655
6738,6.366225,6.018709,0.34751543
6739,6.3654194,6.0182657,0.34715372
6740,6.364891,6.017672,0.3472188
6741,6.363736,6.017026,0.34671035
6742,6.362926,6.0163927,0.34653336
6743,6.362191,6.015903,0.34628803
6744,6.361655,6.015193,0.34646243
6745,6.3607197,6.01448,0.34623963
6746,6.36009,6.0139456,0.34614396
6747,6.3593445,6.0133214,0.3460231
6748,6.358694,6.0128136,0.3458804
6749,6.358158,6.0123487,0.34580976
6750,6.3572745,6.0117188,0.34555578
6751,6.3566856,6.0111537,0.34553185
6752,6.355973,6.010629,0.34534383
6753,6.3551283,6.0099072,0.34522098
6754,6.3543453,6.0093307,0.34501454
6755,6.3537254,6.0088396,0.34488577
6756,6.3527923,6.0082145,0.34457776
6757,6.3521595,6.007553,0.34460637
6758,6.3517632,6.0071716,0.34459144
6759,6.350739,6.0064754,0.34426332
6760,6.3501277,6.0058475,0.34428018
6761,6.3490267,6.005465,0.34356165
6762,6.3481097,6.0046816,0.34342784
6763,6.3473277,6.0041137,0.34321412
6764,6.346756,6.003611,0.3431445
6765,6.34574,6.002781,0.34295893
6766,6.344917,6.002119,0.34279782
6767,6.3444643,6.001674,0.34279007
6768,6.3439097,6.001083,0.34282684
6769,6.342917,6.0005217,0.3423951
6770,6.3420286,5.9999223,0.34210664
6771,6.34101,5.999219,0.34179077
6772,6.3404527,5.9985623,0.34189028
6773,6.3395123,5.998053,0.341459
6774,6.338346,5.9974527,0.34089333
6775,6.3373704,5.9967313,0.3406392
6776,6.336607,5.9961896,0.34041712
6777,6.335762,5.995568,0.34019446
6778,6.3350444,5.9948177,0.34022665
6779,6.3341002,5.994169,0.33993125
6780,6.333297,5.9935803,0.33971655
6781,6.3327394,5.993132,0.33960736
6782,6.332208,5.9925594,0.33964843
6783,6.331294,5.992101,0.33919245
6784,6.330167,5.991369,0.33879802
6785,6.329607,5.990594,0.33901313
6786,6.329114,5.9900975,0.33901653
6787,6.3283114,5.9893727,0.33893842
6788,6.327359,5.9888167,0.33854228
6789,6.326603,5.9883614,0.33824182
6790,6.326026,5.987736,0.33828974
6791,6.324733,5.987135,0.33759803
6792,6.32432,5.9865103,0.33780986
6793,6.3235893,5.9859686,0.3376206
6794,6.3232317,5.9853396,0.33789214
6795,6.3223443,5.9847975,0.33754706
6796,6.3215055,5.9842887,0.33721662
6797,6.320826,5.983759,0.33706695
6798,6.320337,5.983115,0.3372217
6799,6.3194814,5.982444,0.3370374
6800,6.3186064,5.9817734,0.33683345
6801,6.3178563,5.9811845,0.33667183
6802,6.317164,5.9806657,0.33649835
6803,6.3163724,5.980117,0.3362557
6804,6.315842,5.9796286,0.33621353
6805,6.3152084,5.9791417,0.33606702
6806,6.314252,5.978325,0.335927
6807,6.313543,5.9776673,0.33587512
6808,6.312906,5.9771624,0.33574355
6809,6.3117876,5.9766383,0.33514938
6810,6.3110414,5.9760647,0.33497658
6811,6.3102317,5.9755564,0.3346752
6812,6.309431,5.9749246,0.3345063
6813,6.3089466,5.974141,0.33480555
6814,6.3080926,5.973571,0.3345217
6815,6.3074536,5.9730053,0.33444864
6816,6.3069906,5.972477,0.3345136
6817,6.3062716,5.972059,0.33421296
6818,6.3055444,5.9713917,0.3341526
6819,6.3048925,5.9707627,0.33412972
6820,6.3039675,5.9701695,0.33379787
6821,6.3032737,5.9694033,0.33387053
6822,6.302975,5.9689183,0.33405688
6823,6.3022785,5.9684954,0.33378306
6824,6.301459,5.9677606,0.33369863
6825,6.3004513,5.967332,0.33311945
6826,6.2996564,5.9667997,0.3328567
6827,6.298724,5.965979,0.33274513
6828,6.297966,5.965476,0.33249012
6829,6.2974014,5.964999,0.3324022
6830,6.296678,5.964113,0.33256462
6831,6.295758,5.963629,0.3321288
6832,6.295088,5.9631977,0.3318904
6833,6.29453,5.9623766,0.33215356
6834,6.2941294,5.961855,0.33227473
6835,6.2932615,5.961397,0.33186442
6836,6.292519,5.9602847,0.33223432
6837,6.290992,5.959945,0.3310468
6838,6.2907534,5.9595637,0.33119002
6839,6.289948,5.9586577,0.33129036
6840,6.289184,5.9582963,0.33088782
6841,6.2885666,5.9579124,0.33065397
6842,6.287685,5.956829,0.33085594
6843,6.2866364,5.9563313,0.33030528
6844,6.286224,5.955972,0.33025151
6845,6.285456,5.9550962,0.3303597
6846,6.284581,5.954573,0.3300081
6847,6.284134,5.9543614,0.32977253
6848,6.283172,5.9536195,0.3295524
6849,6.2823772,5.952815,0.3295618
6850,6.281588,5.9523873,0.32920069
6851,6.2804217,5.9517593,0.32866263
6852,6.280037,5.95082,0.3292169
6853,6.2793818,5.9505763,0.3288053
6854,6.279148,5.9502015,0.32894665
6855,6.2781854,5.9492764,0.3289091
6856,6.277043,5.9489055,0.32813734
6857,6.276584,5.9484363,0.32814816
6858,6.275279,5.9472966,0.32798225
6859,6.274533,5.94669,0.32784253
6860,6.2746677,5.9464083,0.32825965
6861,6.2736487,5.9456,0.32804844
6862,6.2731237,5.945077,0.32804662
6863,6.2724915,5.9449573,0.32753402
6864,6.271182,5.9441423,0.3270399
6865,6.270605,5.9433985,0.3272067
6866,6.2696304,5.943035,0.32659525
6867,6.2686276,5.942247,0.32638055
6868,6.2677603,5.9414735,0.32628706
6869,6.2671824,5.941021,0.3261613
6870,6.2663436,5.9405036,0.32584
6871,6.2657228,5.9397864,0.32593593
6872,6.26458,5.9392853,0.32529446
6873,6.2635813,5.938727,0.32485437
6874,6.262717,5.937829,0.32488817
6875,6.2619944,5.9371653,0.32482904
6876,6.26146,5.9366145,0.32484514
6877,6.26079,5.9359465,0.32484332
6878,6.2597394,5.9353247,0.32441446
6879,6.2589054,5.9348354,0.32407004
6880,6.258518,5.9343314,0.32418665
6881,6.2580028,5.933913,0.32408938
6882,6.257274,5.933321,0.32395354
6883,6.2565627,5.932614,0.32394892
6884,6.2557573,5.9320283,0.32372898
6885,6.2549367,5.931379,0.32355762
6886,6.2539034,5.9307656,0.32313737
6887,6.2530336,5.9302897,0.3227437
6888,6.252347,5.9297814,0.32256553
6889,6.2518697,5.9292364,0.32263303
6890,6.25143,5.928547,0.32288295
6891,6.250878,5.927845,0.32303292
6892,6.249897,5.9272385,0.3226582
6893,6.249469,5.9266033,0.32286558
6894,6.24865,5.9263296,0.32232046
6895,6.2479033,5.9256215,0.32228172
6896,6.247284,5.9249506,0.3223333
6897,6.246392,5.9244514,0.32194042
6898,6.245323,5.9237003,0.32162303
6899,6.244874,5.922919,0.3219549
6900,6.243991,5.922539,0.3214515
6901,6.2437596,5.9220014,0.3217584
6902,6.2430444,5.921381,0.32166353
6903,6.241642,5.920737,0.3209048
6904,6.241067,5.92025,0.32081679
6905,6.240401,5.9196277,0.32077342
6906,6.239862,5.918985,0.32087696
6907,6.2394433,5.9184666,0.32097644
6908,6.2387066,5.917889,0.32081762
6909,6.2379985,5.917296,0.32070264
6910,6.2371154,5.9168577,0.32025784
6911,6.2364287,5.9160786,0.32035023
6912,6.235642,5.915443,0.320199
6913,6.235072,5.914828,0.3202443
6914,6.2343645,5.9142213,0.32014292
6915,6.2333565,5.913758,0.3195984
6916,6.232928,5.9131746,0.31975284
6917,6.2323217,5.9126997,0.31962198
6918,6.232114,5.912105,0.3200087
6919,6.231075,5.9115143,0.31956062
6920,6.230444,5.9106746,0.3197692
6921,6.2296195,5.910215,0.31940433
6922,6.228909,5.9095798,0.3193294
6923,6.22775,5.9090495,0.31870013
6924,6.226974,5.908366,0.318608
6925,6.2262473,5.907796,0.31845117
6926,6.225205,5.9071913,0.3180136
6927,6.224593,5.9064574,0.31813556
6928,6.2238984,5.905974,0.31792432
6929,6.222765,5.9053307,0.31743437
6930,6.222096,5.904674,0.31742185
6931,6.2214794,5.9041495,0.3173298
6932,6.2210755,5.9035234,0.31755194
6933,6.219869,5.9028516,0.31701747
6934,6.219394,5.9020653,0.31732914
6935,6.2187824,5.901661,0.31712157
6936,6.2176743,5.901105,0.3165695
6937,6.217068,5.900519,0.3165494
6938,6.2160726,5.900156,0.31591693
6939,6.2152143,5.8994,0.315814
6940,6.21472,5.898525,0.3161943
6941,6.2142053,5.8981066,0.31609848
6942,6.213202,5.897361,0.31584156
6943,6.2129183,5.896623,0.31629506
6944,6.21206,5.896451,0.31560853
6945,6.2112694,5.8959446,0.31532446
6946,6.210559,5.895255,0.31530353
6947,6.2099533,5.8947587,0.31519443
6948,6.208627,5.8940516,0.31457558
6949,6.2084794,5.8931065,0.31537306
6950,6.207534,5.89266,0.3148739
6951,6.207234,5.8921895,0.31504416
6952,6.206376,5.8914266,0.31494942
6953,6.2056093,5.891012,0.31459728
6954,6.2051015,5.89059,0.31451148
6955,6.2039924,5.889608,0.31438437
6956,6.203336,5.88894,0.3143963
6957,6.2028303,5.888653,0.3141774
6958,6.201467,5.887779,0.31368798
6959,6.201293,5.8871074,0.31418532
6960,6.2004685,5.8871083,0.31336045
6961,6.1991568,5.886251,0.31290552
6962,6.198903,5.8854933,0.31340978
6963,6.1981564,5.88509,0.31306648
6964,6.1976843,5.8843985,0.31328577
6965,6.197034,5.88342,0.3136138
6966,6.1959276,5.8830676,0.31286034
6967,6.195334,5.8827343,0.31259966
6968,6.1944366,5.8819685,0.31246775
6969,6.193762,5.881523,0.31223845
6970,6.1929855,5.8811927,0.31179303
6971,6.191847,5.880032,0.311815
6972,6.191916,5.8793454,0.31257063
6973,6.191532,5.8790345,0.31249762
6974,6.1905203,5.8784647,0.31205568
6975,6.189973,5.8777657,0.3122071
6976,6.1888947,5.8774714,0.31142348
6977,6.188316,5.8770256,0.31129006
6978,6.1878963,5.875947,0.311949
6979,6.187064,5.875447,0.31161726
6980,6.1866436,5.8749156,0.3117277
6981,6.186081,5.87397,0.31211075
6982,6.184668,5.873704,0.3109638
6983,6.184221,5.8735056,0.31071508
6984,6.1833262,5.8726244,0.31070185
6985,6.1824737,5.8720145,0.31045938
6986,6.1822896,5.8716207,0.31066927
6987,6.1810746,5.8706427,0.31043178
6988,6.181042,5.8698754,0.3111666
6989,6.180147,5.8697734,0.31037354
6990,6.178712,5.869046,0.30966574
6991,6.178689,5.868227,0.31046236
6992,6.1777053,5.8679986,0.3097064
6993,6.176973,5.8673725,0.30960006
6994,6.175856,5.866454,0.30940205
6995,6.17536,5.865814,0.309546
6996,6.1747017,5.865492,0.30920976
6997,6.173723,5.864854,0.30886942
6998,6.173193,5.864075,0.30911794
6999,6.1724625,5.8637047,0.3087581
7000,6.171739,5.863284,0.30845466
7001,6.1709433,5.862228,0.3087151
7002,6.1698656,5.8616195,0.30824602
7003,6.1695156,5.8612423,0.3082734
7004,6.168725,5.8603597,0.30836558
7005,6.16799,5.8598137,0.30817673
7006,6.1672297,5.859564,0.3076661
7007,6.1663275,5.8588023,0.3075251
7008,6.1658735,5.858021,0.3078525
7009,6.1651173,5.857555,0.3075625
7010,6.1642246,5.857048,0.3071764
7011,6.1636705,5.856169,0.30750123
7012,6.1628027,5.855631,0.30717158
7013,6.1622357,5.8553705,0.30686516
7014,6.161319,5.854472,0.30684632
7015,6.1606965,5.8538322,0.30686426
7016,6.159934,5.853544,0.30638996
7017,6.1590357,5.8527794,0.306256
7018,6.158407,5.851937,0.30647033
7019,6.1573906,5.851579,0.30581164
7020,6.1568327,5.851101,0.305732
7021,6.1562214,5.850338,0.30588382
7022,6.1558366,5.84986,0.30597657
7023,6.1551123,5.849424,0.3056881
7024,6.1543293,5.848565,0.30576408
7025,6.1539893,5.847939,0.30605027
7026,6.1531057,5.847581,0.30552506
7027,6.1519556,5.846883,0.30507272
7028,6.1513834,5.8460727,0.3053108
7029,6.1504364,5.8456903,0.3047461
7030,6.1498466,5.8452177,0.3046289
7031,6.148996,5.844249,0.30474702
7032,6.148284,5.8436203,0.3046639
7033,6.1477256,5.843245,0.3044803
7034,6.14656,5.8423758,0.30418447
7035,6.145811,5.841653,0.30415827
7036,6.145093,5.841316,0.30377665
7037,6.144337,5.8407226,0.30361447
7038,6.1433496,5.8398156,0.3035344
7039,6.1423116,5.8392434,0.30306822
7040,6.141796,5.838753,0.3030427
7041,6.1406736,5.838001,0.30267298
7042,6.140321,5.837286,0.30303484
7043,6.139868,5.836941,0.3029274
7044,6.139282,5.836407,0.30287513
7045,6.138861,5.8356814,0.30317992
7046,6.137994,5.835232,0.30276218
7047,6.1372976,5.834679,0.3026181
7048,6.1366816,5.833963,0.30271873
7049,6.136048,5.8333197,0.3027281
7050,6.1350985,5.8328404,0.30225784
7051,6.1345325,5.8322864,0.30224615
7052,6.13372,5.831675,0.30204514
7053,6.132915,5.831203,0.30171233
7054,6.1323705,5.8305683,0.30180222
7055,6.1318493,5.829913,0.3019359
7056,6.1311336,5.829278,0.30185565
7057,6.130347,5.8286195,0.30172753
7058,6.12974,5.8279796,0.30176073
7059,6.1287727,5.827539,0.3012336
7060,6.1278653,5.826892,0.30097383
7061,6.127277,5.826271,0.3010056
7062,6.1266065,5.8257403,0.30086607
7063,6.1261177,5.825129,0.3009889
7064,6.1251535,5.8243794,0.30077377
7065,6.1244383,5.8236327,0.30080572
7066,6.1236205,5.823302,0.30031896
7067,6.1229672,5.8228374,0.30013022
7068,6.122552,5.822079,0.30047274
7069,6.1215377,5.8216014,0.2999367
7070,6.1209674,5.821062,0.29990524
7071,6.119917,5.820126,0.2997907
7072,6.119596,5.8194222,0.3001737
7073,6.119235,5.8191113,0.30012387
7074,6.118283,5.8184285,0.2998539
7075,6.1181316,5.8177834,0.30034813
7076,6.116975,5.8174767,0.29949826
7077,6.1162186,5.81683,0.29938814
7078,6.1157494,5.8161445,0.29960445
7079,6.1148086,5.815672,0.29913646
7080,6.113933,5.8150043,0.29892874
7081,6.113268,5.8141384,0.29912952
7082,6.112626,5.8136063,0.29901996
7083,6.1119466,5.813176,0.29877013
7084,6.1114035,5.812315,0.2990886
7085,6.1107774,5.8117933,0.29898423
7086,6.1102757,5.811415,0.29886088
7087,6.1092944,5.8105993,0.29869515
7088,6.108505,5.80993,0.2985748
7089,6.107757,5.8095646,0.29819205
7090,6.106913,5.8091035,0.2978097
7091,6.106277,5.808143,0.29813367
7092,6.105131,5.8076944,0.29743668
7093,6.1047015,5.8071823,0.29751912
7094,6.103909,5.8060203,0.29788867
7095,6.102594,5.8055673,0.29702654
7096,6.1023703,5.8051195,0.29725045
7097,6.101222,5.804309,0.2969136
7098,6.100976,5.803612,0.2973639
7099,6.099979,5.8033457,0.29663333
7100,6.0993752,5.8028893,0.29648614
7101,6.098459,5.8018827,0.29657578
7102,6.097751,5.8013315,0.29641968
7103,6.0972304,5.8010154,0.29621536
7104,6.096472,5.800143,0.29632908
7105,6.0962377,5.7995996,0.29663786
7106,6.095633,5.7993217,0.29631144
7107,6.094451,5.7984734,0.29597732
7108,6.094483,5.797619,0.2968638
7109,6.0934963,5.7973924,0.29610392
7110,6.092886,5.7969713,0.29591462
7111,6.0922084,5.7958207,0.2963881
7112,6.0903845,5.7953367,0.29504785
7113,6.0904875,5.795163,0.29532424
7114,6.089392,5.7941055,0.29528692
7115,6.0888395,5.793253,0.2955862
7116,6.087842,5.7929506,0.29489127
7117,6.0870433,5.7924075,0.2946356
7118,6.0863423,5.791617,0.29472512
7119,6.085584,5.7911506,0.29443347
7120,6.0847435,5.790657,0.29408625
7121,6.0838118,5.7898216,0.2939904
7122,6.084254,5.7891536,0.2951005
7123,6.0833836,5.788928,0.29445583
7124,6.0825014,5.788175,0.29432634
7125,6.0820622,5.7873116,0.29475066
7126,6.0810804,5.786996,0.2940844
7127,6.0804257,5.786634,0.29379147
7128,6.079279,5.7856164,0.29366294
7129,6.0785284,5.7849374,0.2935912
7130,6.077949,5.7845707,0.29337826
7131,6.077028,5.783898,0.2931298
7132,6.076506,5.783077,0.2934296
7133,6.0757327,5.7825937,0.2931393
7134,6.075282,5.7822914,0.29299092
7135,6.0740747,5.7814975,0.29257712
7136,6.0733957,5.7807174,0.29267836
7137,6.0724998,5.7802677,0.29223233
7138,6.0719385,5.779613,0.2923252
7139,6.0713687,5.778861,0.29250756
7140,6.070653,5.7783656,0.29228765
7141,6.0697637,5.7779274,0.29183644
7142,6.0688486,5.777084,0.29176453
7143,6.0681214,5.776419,0.2917022
7144,6.0673485,5.7760167,0.29133144
7145,6.066531,5.7753243,0.2912071
7146,6.066176,5.774676,0.2915001
7147,6.0653167,5.774179,0.2911376
7148,6.0646563,5.7735934,0.29106307
7149,6.0640306,5.7729044,0.2911259
7150,6.0633254,5.772398,0.2909275
7151,6.0622683,5.771672,0.29059646
7152,6.0615916,5.7709208,0.29067048
7153,6.060802,5.770451,0.29035094
7154,6.0601826,5.7698464,0.2903363
7155,6.0594234,5.769231,0.29019237
7156,6.0590663,5.768725,0.29034096
7157,6.0583596,5.768233,0.29012638
7158,6.0578966,5.7673965,0.29050016
7159,6.056944,5.766743,0.29020086
7160,6.0559754,5.766143,0.28983274
7161,6.055174,5.765427,0.28974658
7162,6.0545974,5.764889,0.2897088
7163,6.054263,5.7645493,0.28971392
7164,6.0537624,5.763946,0.2898163
7165,6.0532885,5.7632194,0.29006907
7166,6.052705,5.7627125,0.2899924
7167,6.0517426,5.762136,0.28960675
7168,6.0504622,5.761276,0.28918663
7169,6.049907,5.760597,0.28931007
7170,6.0491095,5.760205,0.28890458
7171,6.048652,5.7596564,0.28899604
7172,6.0481396,5.759006,0.28913355
7173,6.0477605,5.7584615,0.28929895
7174,6.046679,5.7578497,0.28882957
7175,6.0458956,5.756947,0.2889482
7176,6.0452714,5.756332,0.28893977
7177,6.0444226,5.755884,0.2885385
7178,6.04362,5.7552,0.28842038
7179,6.0429854,5.754624,0.28836125
7180,6.0423403,5.754235,0.28810567
7181,6.041034,5.7534275,0.2876065
7182,6.040553,5.752541,0.28801203
7183,6.039906,5.751964,0.28794232
7184,6.0396557,5.751496,0.2881597
7185,6.038764,5.7508593,0.28790453
7186,6.037885,5.7502074,0.2876777
7187,6.0370913,5.749826,0.28726524
7188,6.0364122,5.7492895,0.28712255
7189,6.035597,5.7485337,0.28706288
7190,6.0345206,5.747905,0.2866158
7191,6.033797,5.747126,0.28667068
7192,6.033329,5.7465224,0.28680664
7193,6.032761,5.745998,0.28676325
7194,6.0319695,5.7453,0.2866698
7195,6.0309296,5.744686,0.28624347
7196,6.029987,5.744102,0.2858848
7197,6.02951,5.7433133,0.28619677
7198,6.0282726,5.742798,0.2854744
7199,6.0279045,5.7421803,0.28572446
7200,6.027177,5.7414627,0.28571454
7201,6.026408,5.7408166,0.28559178
7202,6.025736,5.7403164,0.28541973
7203,6.0250673,5.73973,0.28533757
7204,6.0243306,5.739023,0.2853073
7205,6.0236917,5.7384524,0.2852393
7206,6.022946,5.7377586,0.28518733
7207,6.022161,5.737131,0.28502965
7208,6.0216475,5.7366676,0.28498
7209,6.0207477,5.736152,0.2845958
7210,6.02018,5.735468,0.28471237
7211,6.019523,5.7349463,0.2845769
7212,6.0191793,5.7344465,0.28473273
7213,6.018196,5.733545,0.28465107
7214,6.0179067,5.7328477,0.28505915
7215,6.016954,5.732457,0.2844968
7216,6.015906,5.731681,0.2842247
7217,6.015184,5.7311687,0.284015
7218,6.0144343,5.7308793,0.28355503
7219,6.014264,5.730429,0.28383523
7220,6.0132565,5.7294264,0.28383014
7221,6.0126286,5.7287674,0.28386143
7222,6.012089,5.7283497,0.28373933
7223,6.011572,5.727568,0.28400373
7224,6.0110836,5.7268915,0.28419223
7225,6.010378,5.7265177,0.2838603
7226,6.009562,5.7259445,0.2836175
7227,6.008524,5.725164,0.28336006
7228,6.007704,5.7244234,0.28328076
7229,6.006646,5.7237754,0.2828706
7230,6.006286,5.722995,0.283291
7231,6.005618,5.722443,0.28317532
7232,6.0045223,5.7219205,0.2826017
7233,6.0038066,5.7211657,0.28264084
7234,6.0035048,5.720668,0.2828373
7235,6.002917,5.720387,0.28253004
7236,6.001978,5.719586,0.28239185
7237,6.001264,5.7186937,0.2825701
7238,6.000622,5.7181907,0.28243104
7239,5.99995,5.7176123,0.2823379
7240,5.999076,5.7168856,0.28219032
7241,5.9982123,5.716354,0.28185827
7242,5.997551,5.715964,0.2815869
7243,5.996903,5.715202,0.28170112
7244,5.996216,5.7144494,0.28176665
7245,5.9953685,5.713799,0.28156927
7246,5.994627,5.713041,0.28158623
7247,5.9938083,5.712478,0.28133002
7248,5.9930964,5.712063,0.28103358
7249,5.992373,5.711367,0.28100556
7250,5.991546,5.7106805,0.28086552
7251,5.9909487,5.7100925,0.2808559
7252,5.9903097,5.7093043,0.28100526
7253,5.9893646,5.7085524,0.2808121
7254,5.988703,5.708087,0.28061596
7255,5.9880967,5.707503,0.28059384
7256,5.987595,5.7069316,0.2806633
7257,5.98682,5.7065086,0.2803117
7258,5.985994,5.705816,0.28017843
7259,5.9849916,5.7049904,0.28000113
7260,5.9840364,5.70426,0.27977657
7261,5.983112,5.703664,0.2794481
7262,5.9824877,5.7029295,0.27955812
7263,5.981994,5.7023697,0.2796244
7264,5.98127,5.70185,0.27942014
7265,5.9806542,5.7011323,0.2795218
7266,5.980205,5.70054,0.27966484
7267,5.9797387,5.7000856,0.27965313
7268,5.978568,5.6994624,0.27910537
7269,5.978248,5.698651,0.279597
7270,5.9773207,5.698395,0.27892575
7271,5.976387,5.6978426,0.27854425
7272,5.976308,5.6969314,0.27937645
7273,5.9755783,5.6964974,0.27908057
7274,5.9749084,5.6959577,0.27895087
7275,5.9738364,5.6949844,0.27885184
7276,5.97263,5.694378,0.27825177
7277,5.9721313,5.6938677,0.27826354
7278,5.970888,5.6931086,0.27777964
7279,5.9701796,5.6923027,0.277877
7280,5.969531,5.6917753,0.27775568
7281,5.969167,5.691307,0.27786013
7282,5.96808,5.690535,0.27754512
7283,5.967267,5.6898956,0.27737132
7284,5.966378,5.689296,0.27708286
7285,5.9655275,5.688684,0.2768435
7286,5.9649715,5.6877875,0.2771838
7287,5.9640665,5.687303,0.2767636
7288,5.963553,5.6869082,0.27664503
7289,5.9626384,5.686017,0.27662146
7290,5.961889,5.6854763,0.2764125
7291,5.9617267,5.6851244,0.27660227
7292,5.9611015,5.6842914,0.27681017
7293,5.9606204,5.68367,0.27695048
7294,5.9597826,5.683334,0.2764491
7295,5.9590526,5.6826515,0.27640086
7296,5.958547,5.6818967,0.27665013
7297,5.9575987,5.681374,0.27622443
7298,5.9568152,5.680686,0.27612898
7299,5.9560833,5.679947,0.2761367
7300,5.9553437,5.679423,0.27592105
7301,5.9550185,5.6789436,0.2760751
7302,5.9549294,5.6782684,0.276661
7303,5.953641,5.677677,0.2759641
7304,5.952896,5.676998,0.27589828
7305,5.952311,5.6763134,0.27599746
7306,5.9513407,5.675852,0.27548894
7307,5.950172,5.6750736,0.27509826
7308,5.9497886,5.674138,0.2756506
7309,5.948733,5.6737494,0.27498344
7310,5.9480414,5.6730824,0.2749587
7311,5.9475536,5.672217,0.2753366
7312,5.9465704,5.671709,0.27486113
7313,5.9461904,5.671211,0.27497992
7314,5.945462,5.670493,0.27496904
7315,5.9446645,5.669896,0.2747683
7316,5.9438443,5.669274,0.2745707
7317,5.943348,5.6686287,0.27471912
7318,5.9423227,5.6681027,0.27422002
7319,5.941378,5.6674623,0.27391562
7320,5.9407344,5.666724,0.27401018
7321,5.9400268,5.665994,0.2740323
7322,5.939283,5.665439,0.2738439
7323,5.938419,5.664658,0.2737611
7324,5.937881,5.664026,0.27385527
7325,5.937299,5.6635756,0.27372298
7326,5.9364696,5.663013,0.27345687
7327,5.9353995,5.66218,0.27321967
7328,5.934858,5.661536,0.2733214
7329,5.934384,5.6610975,0.27328598
7330,5.93363,5.660355,0.27327484
7331,5.9332137,5.6596365,0.27357692
7332,5.9322557,5.659243,0.2730127
7333,5.931367,5.6586456,0.2727214
7334,5.9310007,5.6577144,0.27328676
7335,5.929787,5.657209,0.27257842
7336,5.928779,5.6564913,0.272288
7337,5.9284854,5.655585,0.27290067
7338,5.9276037,5.6550922,0.27251154
7339,5.9271073,5.6546617,0.27244577
7340,5.926208,5.653927,0.2722811
7341,5.9260297,5.653246,0.27278405
7342,5.925325,5.652942,0.27238277
7343,5.924112,5.652162,0.27194935
7344,5.923523,5.651217,0.2723061
7345,5.922127,5.650745,0.27138197
7346,5.921696,5.650156,0.27154008
7347,5.9211164,5.6493163,0.2718001
7348,5.92024,5.6487226,0.27151704
7349,5.91967,5.6482,0.2714699
7350,5.9188395,5.647613,0.2712267
7351,5.918352,5.646843,0.27150923
7352,5.9174995,5.6463723,0.27112705
7353,5.9169784,5.6457386,0.2712397
7354,5.9156723,5.644998,0.27067432
7355,5.9150925,5.6442833,0.27080923
7356,5.9145045,5.6437664,0.27073795
7357,5.9140153,5.64335,0.27066526
7358,5.912892,5.642453,0.27043858
7359,5.912368,5.6417284,0.27063948
7360,5.911875,5.641355,0.27051964
7361,5.910694,5.640593,0.27010113
7362,5.910075,5.6397276,0.27034745
7363,5.9090104,5.639291,0.26971978
7364,5.908366,5.638817,0.26954913
7365,5.9074574,5.6379747,0.2694822
7366,5.907155,5.637264,0.26989117
7367,5.9065475,5.636892,0.26965576
7368,5.90551,5.636218,0.26929173
7369,5.9050794,5.63531,0.26976916
7370,5.9036875,5.634821,0.26886657
7371,5.9030533,5.6342115,0.26884192
7372,5.902572,5.6332526,0.26931953
7373,5.9015775,5.6327834,0.268794
7374,5.9010396,5.632296,0.2687436
7375,5.9003735,5.6313343,0.2690392
7376,5.899818,5.6308494,0.26896864
7377,5.899219,5.63057,0.26864928
7378,5.8981247,5.6297255,0.26839918
7379,5.8976,5.628966,0.2686342
7380,5.8967857,5.628576,0.26821005
7381,5.89588,5.62773,0.26815003
7382,5.8953223,5.6268783,0.26844412
7383,5.894452,5.626431,0.26802114
7384,5.8934574,5.625826,0.26763135
7385,5.8928466,5.624891,0.26795584
7386,5.891904,5.6243854,0.26751846
7387,5.891338,5.6238885,0.26744908
7388,5.8908134,5.6230116,0.26780158
7389,5.8896427,5.622436,0.26720658
7390,5.8889403,5.6217966,0.26714388
7391,5.888363,5.621148,0.26721463
7392,5.8878183,5.6205263,0.26729196
7393,5.8874564,5.6200914,0.26736492
7394,5.886744,5.619413,0.2673309
7395,5.886029,5.6187215,0.26730695
7396,5.885544,5.6180673,0.2674765
7397,5.884783,5.617485,0.26729745
7398,5.883959,5.6168118,0.26714727
7399,5.8833404,5.6162186,0.2671218
7400,5.8826575,5.615752,0.2669054
7401,5.882113,5.615094,0.26701874
7402,5.8809543,5.6142244,0.26672983
7403,5.880584,5.613516,0.26706797
7404,5.879604,5.6129756,0.26662827
7405,5.8794017,5.61223,0.26717165
7406,5.8787503,5.6119123,0.26683843
7407,5.8783216,5.611441,0.2668807
7408,5.877363,5.6104918,0.26687136
7409,5.8761587,5.6099114,0.2662472
7410,5.875424,5.609196,0.26622775
7411,5.874653,5.6083813,0.2662717
7412,5.874129,5.607882,0.26624697
7413,5.8734484,5.6074767,0.26597184
7414,5.872746,5.6066213,0.2661249
7415,5.871733,5.6060777,0.26565546
7416,5.8711224,5.605398,0.2657244
7417,5.8702555,5.6046076,0.26564774
7418,5.8695817,5.6039205,0.26566118
7419,5.868841,5.603416,0.26542518
7420,5.8680234,5.602765,0.2652579
7421,5.867628,5.6021113,0.26551673
7422,5.867019,5.6017084,0.2653107
7423,5.8657317,5.6008205,0.2649113
7424,5.8653836,5.59991,0.26547402
7425,5.8649073,5.599513,0.26539436
7426,5.864153,5.5991325,0.2650203
7427,5.863442,5.5982037,0.2652384
7428,5.8627005,5.597587,0.2651136
7429,5.86194,5.597203,0.26473746
7430,5.860771,5.596301,0.2644697
7431,5.8600793,5.595471,0.26460823
7432,5.8593183,5.5950074,0.26431078
7433,5.858656,5.594424,0.26423222
7434,5.857814,5.5933714,0.26444238
7435,5.8566475,5.5928574,0.2637903
7436,5.8556957,5.5921903,0.2635054
7437,5.854942,5.5914,0.26354194
7438,5.854272,5.5907626,0.2635089
7439,5.8532267,5.590106,0.26312056
7440,5.8525124,5.5893793,0.26313296
7441,5.852342,5.588896,0.2634463
7442,5.8516493,5.588431,0.26321822
7443,5.850921,5.587641,0.26328018
7444,5.8500757,5.5870156,0.26306027
7445,5.849455,5.5863967,0.26305813
7446,5.848327,5.5855985,0.2627286
7447,5.8477836,5.5848436,0.26294002
7448,5.8467927,5.5844264,0.26236635
7449,5.8461037,5.583772,0.2623313
7450,5.845618,5.5829697,0.2626482
7451,5.844647,5.582413,0.2622336
7452,5.8439007,5.5816507,0.2622499
7453,5.8430157,5.580935,0.26208073
7454,5.8426785,5.580311,0.26236764
7455,5.842085,5.5799603,0.26212454
7456,5.8410707,5.5793347,0.26173604
7457,5.8407626,5.5785074,0.26225537
7458,5.8395004,5.5780835,0.26141697
7459,5.838878,5.577053,0.26182482
7460,5.8378997,5.576353,0.2615466
7461,5.8372912,5.575817,0.26147383
7462,5.8366795,5.5750933,0.2615862
7463,5.8359776,5.5743833,0.2615943
7464,5.835016,5.573827,0.2611891
7465,5.8343253,5.5731683,0.26115674
7466,5.8336234,5.5724645,0.26115856
7467,5.8328247,5.5717664,0.26105824
7468,5.8324924,5.571182,0.2613105
7469,5.8313136,5.5705686,0.2607451
7470,5.8304486,5.569776,0.26067275
7471,5.83027,5.569252,0.26101795
7472,5.829604,5.568834,0.2607703
7473,5.828582,5.567832,0.26074964
7474,5.8279552,5.567144,0.26081103
7475,5.827149,5.5667524,0.2603964
7476,5.8262258,5.5659175,0.2603086
7477,5.8262863,5.5651827,0.26110396
7478,5.8255506,5.5649095,0.260641
7479,5.8244815,5.5640697,0.26041186
7480,5.823433,5.5631375,0.26029524
7481,5.8227153,5.562485,0.26023
7482,5.82244,5.562082,0.26035815
7483,5.821363,5.5612917,0.26007143
7484,5.8208084,5.560502,0.26030627
7485,5.8198104,5.5599866,0.25982365
7486,5.8188744,5.5592422,0.2596321
7487,5.817765,5.558223,0.2595426
7488,5.8169875,5.5576224,0.2593652
7489,5.8166304,5.557159,0.25947163
7490,5.8157835,5.556499,0.25928456
7491,5.8145394,5.555788,0.25875127
7492,5.813905,5.555122,0.2587831
7493,5.813387,5.5546465,0.25874028
7494,5.8123903,5.5538616,0.25852877
7495,5.811771,5.5529647,0.25880647
7496,5.8108006,5.552415,0.25838572
7497,5.8097816,5.551646,0.2581353
7498,5.8092585,5.5507593,0.2584993
7499,5.80857,5.5504065,0.25816363
7500,5.8080244,5.5499225,0.25810203
7501,5.8072696,5.5490108,0.25825897
7502,5.8068123,5.5483727,0.25843972
7503,5.8065643,5.5481653,0.2583994
7504,5.805438,5.5472693,0.25816885
7505,5.8049107,5.5464706,0.25844014
7506,5.804381,5.5461817,0.2581993
7507,5.803589,5.5454597,0.25812918
7508,5.802795,5.5445375,0.2582574
7509,5.8019066,5.5439835,0.2579232
7510,5.8011794,5.543362,0.25781733
7511,5.800522,5.542567,0.25795478
7512,5.799611,5.542047,0.25756425
7513,5.7985997,5.541375,0.25722453
7514,5.79818,5.540552,0.2576279
7515,5.797347,5.540054,0.25729305
7516,5.796506,5.5392623,0.25724342
7517,5.795635,5.538545,0.2570903
7518,5.795217,5.5380826,0.25713426
7519,5.7945104,5.537439,0.25707167
7520,5.793618,5.536643,0.25697532
7521,5.7927437,5.536109,0.25663495
7522,5.7921834,5.5354557,0.25672737
7523,5.7918015,5.5347033,0.25709814
7524,5.7910695,5.5341067,0.25696287
7525,5.7904596,5.5335217,0.2569383
7526,5.789665,5.5327926,0.2568729
7527,5.7884116,5.531989,0.25642276
7528,5.787728,5.531226,0.25650156
7529,5.786815,5.5305924,0.2562228
7530,5.7860813,5.529986,0.2560957
7531,5.785572,5.5293264,0.25624585
7532,5.7846546,5.528635,0.2560199
7533,5.784427,5.528003,0.2564238
7534,5.7833147,5.5275173,0.25579745
7535,5.78251,5.5266814,0.25582814
7536,5.7815776,5.525986,0.2555914
7537,5.781075,5.5255103,0.2555647
7538,5.7799788,5.5246396,0.25533918
7539,5.779579,5.5238686,0.25571057
7540,5.778539,5.5233665,0.25517282
7541,5.777791,5.5225835,0.2552076
7542,5.7773824,5.5218782,0.25550413
7543,5.7765484,5.5213265,0.25522155
7544,5.7758203,5.5205836,0.25523677
7545,5.775063,5.520016,0.2550467
7546,5.7741523,5.5194116,0.25474072
7547,5.773416,5.51872,0.25469622
7548,5.772764,5.5181413,0.2546228
7549,5.7721925,5.517508,0.2546847
7550,5.771044,5.516658,0.25438613
7551,5.770683,5.515763,0.25492004
7552,5.769753,5.5152645,0.25448823
7553,5.768942,5.514555,0.2543868
7554,5.767988,5.5136433,0.25434488
7555,5.7670465,5.5131884,0.25385785
7556,5.766486,5.512711,0.2537748
7557,5.7661633,5.5117464,0.25441667
7558,5.765174,5.511353,0.2538213
7559,5.7641807,5.510573,0.25360775
7560,5.7638464,5.509599,0.25424704
7561,5.762381,5.5092154,0.2531658
7562,5.7618523,5.5085764,0.2532757
7563,5.7613244,5.507571,0.2537529
7564,5.76048,5.50707,0.25340992
7565,5.760033,5.50656,0.25347325
7566,5.759411,5.5056443,0.2537662
7567,5.7582955,5.5050445,0.25325125
7568,5.7576885,5.504491,0.253198
7569,5.756909,5.50382,0.25308886
7570,5.7558403,5.5030913,0.25274897
7571,5.7549667,5.502333,0.2526335
7572,5.754293,5.501627,0.25266582
7573,5.753852,5.500889,0.25296316
7574,5.75291,5.5003076,0.25260273
7575,5.7522016,5.4994955,0.25270602
7576,5.7518883,5.4989066,0.2529817
7577,5.751053,5.4985323,0.25252053
7578,5.750182,5.4976897,0.2524924
7579,5.7493773,5.496945,0.25243244
7580,5.7484484,5.4963818,0.25206703
7581,5.748011,5.4956946,0.25231653
7582,5.7473764,5.4948144,0.25256208
7583,5.7469587,5.494227,0.2527321
7584,5.746171,5.4937496,0.25242144
7585,5.7456026,5.492823,0.25277966
7586,5.744765,5.4922085,0.25255615
7587,5.7437,5.4917636,0.25193626
7588,5.742931,5.490777,0.2521542
7589,5.7419615,5.490137,0.25182456
7590,5.7414823,5.4896545,0.2518276
7591,5.740252,5.488873,0.25137907
7592,5.7397923,5.4879193,0.2518732
7593,5.7387056,5.4874597,0.2512461
7594,5.738045,5.486613,0.2514322
7595,5.737359,5.4857764,0.25158253
7596,5.736469,5.4853673,0.25110132
7597,5.7359204,5.484836,0.25108415
7598,5.7351637,5.4839787,0.251185
7599,5.734478,5.4833217,0.25115627
7600,5.7335477,5.4826107,0.25093704
7601,5.732975,5.4817123,0.25126272
7602,5.732418,5.481152,0.25126624
7603,5.731581,5.4806294,0.25095183
7604,5.730975,5.480005,0.2509702
7605,5.7300997,5.4792533,0.25084624
7606,5.7292876,5.478651,0.25063673
7607,5.728856,5.477899,0.25095683
7608,5.727495,5.477159,0.2503361
7609,5.726728,5.4761925,0.2505358
7610,5.725788,5.4756517,0.2501367
7611,5.7251906,5.4750857,0.2501048
7612,5.7239685,5.4741454,0.2498229
7613,5.7233415,5.4733443,0.2499969
7614,5.722613,5.47289,0.24972291
7615,5.721897,5.4721155,0.24978153
7616,5.721334,5.4713216,0.2500125
7617,5.7204914,5.4708986,0.24959311
7618,5.719726,5.470239,0.2494866
7619,5.7190337,5.469268,0.24976619
7620,5.7181063,5.468643,0.24946277
7621,5.717345,5.468034,0.24931136
7622,5.7165565,5.4672084,0.24934804
7623,5.715616,5.466668,0.24894817
7624,5.7149205,5.466078,0.24884276
7625,5.714422,5.46527,0.24915245
7626,5.713624,5.4647055,0.24891862
7627,5.712716,5.4640007,0.24871525
7628,5.7118993,5.4631724,0.24872693
7629,5.7111316,5.4624176,0.24871397
7630,5.7100244,5.461849,0.2481751
7631,5.7097554,5.460773,0.24898227
7632,5.7087045,5.4603224,0.24838248
7633,5.70792,5.4597135,0.24820635
7634,5.707371,5.4587398,0.24863157
7635,5.7062626,5.458264,0.24799852
7636,5.7057395,5.45784,0.24789958
7637,5.705061,5.456916,0.24814506
7638,5.704141,5.456152,0.24798937
7639,5.7035036,5.4556713,0.24783215
7640,5.702804,5.454754,0.24805053
7641,5.7016754,5.45399,0.24768546
7642,5.7011185,5.453426,0.24769273
7643,5.7003164,5.4528255,0.24749109
7644,5.6993117,5.4520016,0.24731009
7645,5.698964,5.451361,0.24760254
7646,5.6984754,5.450983,0.24749246
7647,5.6977124,5.4500456,0.24766698
7648,5.697368,5.4492464,0.24812159
7649,5.6963973,5.4490037,0.24739385
7650,5.695527,5.4482794,0.2472475
7651,5.6950426,5.447091,0.24795127
7652,5.693805,5.4466,0.24720517
7653,5.693286,5.445993,0.24729276
7654,5.6925044,5.444906,0.24759844
7655,5.6915402,5.4444647,0.24707584
7656,5.6910806,5.4441276,0.24695309
7657,5.6903915,5.4431076,0.24728417
7658,5.6892667,5.442436,0.24683022
7659,5.68855,5.441944,0.24660587
7660,5.6876807,5.4409513,0.24672942
7661,5.6869283,5.4403496,0.24657874
7662,5.68611,5.4397907,0.2463193
7663,5.6849775,5.438839,0.24613886
7664,5.6848526,5.438114,0.24673848
7665,5.684265,5.4378457,0.24641947
7666,5.683004,5.436806,0.24619743
7667,5.6822557,5.435961,0.24629502
7668,5.6814356,5.4355407,0.24589491
7669,5.680721,5.434817,0.24590404
7670,5.680106,5.4337916,0.2463141
7671,5.6790414,5.433243,0.24579878
7672,5.678135,5.432557,0.24557793
7673,5.6776414,5.4315214,0.24611983
7674,5.6766973,5.4310737,0.24562399
7675,5.6762075,5.430651,0.24555607
7676,5.6752825,5.429597,0.24568534
7677,5.6743755,5.428909,0.2454668
7678,5.6738815,5.428567,0.24531479
7679,5.6728587,5.427601,0.24525785
7680,5.672425,5.426795,0.24562974
7681,5.6716027,5.426436,0.24516658
7682,5.6709394,5.4257483,0.2451911
7683,5.6702633,5.4247303,0.24553291
7684,5.6694975,5.424158,0.24533944
7685,5.669074,5.423825,0.24524915
7686,5.6675367,5.4227967,0.24473998
7687,5.667197,5.4219594,0.24523783
7688,5.666478,5.42172,0.24475805
7689,5.665308,5.420688,0.24461977
7690,5.6647253,5.4197335,0.24499169
7691,5.663769,5.4193454,0.2444231
7692,5.6628428,5.418699,0.24414381
7693,5.6623955,5.417597,0.2447983
7694,5.6610613,5.4171796,0.24388155
7695,5.6606584,5.4166026,0.24405566
7696,5.659738,5.415561,0.24417722
7697,5.6589146,5.414856,0.24405856
7698,5.6580873,5.414498,0.24358961
7699,5.6570764,5.4134617,0.24361436
7700,5.6565385,5.412667,0.24387157
7701,5.6557665,5.4121466,0.24361995
7702,5.6549582,5.411375,0.2435828
7703,5.654335,5.410608,0.24372716
7704,5.6533504,5.410105,0.24324504
7705,5.6522727,5.4094114,0.24286143
7706,5.651619,5.4085393,0.24307942
7707,5.6507506,5.4079204,0.24283028
7708,5.6501284,5.4072633,0.2428652
7709,5.6493216,5.4062805,0.24304095
7710,5.6484146,5.40563,0.24278474
7711,5.64775,5.4051285,0.2426213
7712,5.6466074,5.404158,0.2424492
7713,5.646262,5.403394,0.24286799
7714,5.645646,5.4029784,0.24266772
7715,5.644864,5.4022884,0.2425756
7716,5.644015,5.4014406,0.2425743
7717,5.6433134,5.40081,0.24250379
7718,5.6428065,5.4003477,0.24245882
7719,5.6421285,5.399607,0.24252121
7720,5.6415706,5.398649,0.2429215
7721,5.6407523,5.398078,0.2426744
7722,5.639961,5.3974304,0.24253058
7723,5.6391687,5.396723,0.2424457
7724,5.6384916,5.3960977,0.24239393
7725,5.6375875,5.395344,0.24224396
7726,5.6368966,5.39469,0.24220677
7727,5.636194,5.3939614,0.24223273
7728,5.6353297,5.3932176,0.24211252
7729,5.6344686,5.392565,0.24190374
7730,5.6335273,5.391981,0.24154636
7731,5.6330605,5.391208,0.24185252
7732,5.6322827,5.390468,0.24181433
7733,5.6314135,5.3897343,0.241679
7734,5.630988,5.388954,0.24203357
7735,5.62994,5.388286,0.24165395
7736,5.6289935,5.3875556,0.24143787
7737,5.628297,5.3867993,0.24149744
7738,5.6275797,5.3861647,0.24141543
7739,5.626827,5.3854456,0.24138112
7740,5.626207,5.3846474,0.24155915
7741,5.625106,5.383985,0.24112065
7742,5.624605,5.38334,0.24126546
7743,5.623984,5.38272,0.24126382
7744,5.622901,5.3820157,0.2408853
7745,5.622287,5.3812003,0.24108668
7746,5.6217694,5.3805814,0.24118796
7747,5.62091,5.3799706,0.2409397
7748,5.62011,5.379121,0.24098948
7749,5.6191964,5.378488,0.24070835
7750,5.6182213,5.3778243,0.24039674
7751,5.617305,5.376796,0.24050894
7752,5.616571,5.3759756,0.24059558
7753,5.6158824,5.375457,0.24042566
7754,5.6147995,5.374597,0.2402024
7755,5.614405,5.373759,0.24064645
7756,5.613422,5.3733826,0.24003907
7757,5.6124516,5.3727,0.23975153
7758,5.6119637,5.371529,0.24043481
7759,5.611225,5.371096,0.24012892
7760,5.6111565,5.370644,0.24051242
7761,5.609587,5.3694415,0.24014607
7762,5.608848,5.3686833,0.24016456
7763,5.608286,5.368372,0.23991379
7764,5.607518,5.367445,0.24007325
7765,5.6065536,5.366639,0.23991439
7766,5.6059337,5.3661547,0.23977916
7767,5.605054,5.365533,0.23952131
7768,5.6046777,5.3644156,0.24026176
7769,5.603621,5.3639894,0.23963141
7770,5.6034784,5.3636518,0.23982683
7771,5.602336,5.362403,0.2399333
7772,5.601556,5.3616953,0.23986042
7773,5.6010604,5.3613443,0.2397162
7774,5.5996475,5.3602057,0.23944168
7775,5.599161,5.359312,0.23984924
7776,5.598122,5.3590446,0.23907726
7777,5.597088,5.358134,0.23895407
7778,5.596769,5.357329,0.23944001
7779,5.5955563,5.356906,0.23865029
7780,5.594772,5.356143,0.23862867
7781,5.5941777,5.3551307,0.23904732
7782,5.5933437,5.35457,0.23877363
7783,5.5924196,5.3539534,0.23846638
7784,5.591698,5.352905,0.23879316
7785,5.590666,5.352203,0.238463
7786,5.589887,5.351682,0.23820496
7787,5.5886674,5.3507767,0.23789087
7788,5.5882916,5.349856,0.23843594
7789,5.587438,5.3495126,0.23792525
7790,5.586888,5.3490963,0.23779146
7791,5.5865707,5.347915,0.23865557
7792,5.585235,5.3473783,0.23785679
7793,5.5846095,5.346909,0.23770042
7794,5.583455,5.3457212,0.23773357
7795,5.5828695,5.3449574,0.23791237
7796,5.582507,5.3447123,0.2377949
7797,5.5812364,5.343715,0.23752102
7798,5.580719,5.34275,0.23796871
7799,5.5795712,5.342327,0.23724446
7800,5.578597,5.3415203,0.2370768
7801,5.5782433,5.340597,0.2376461
7802,5.5772605,5.340143,0.2371175
7803,5.5764766,5.339609,0.23686738
7804,5.5758853,5.3385506,0.23733445
7805,5.5750732,5.3378677,0.23720565
7806,5.5744905,5.337443,0.23704788
7807,5.573479,5.336402,0.2370772
7808,5.5727882,5.335719,0.23706904
7809,5.572315,5.335408,0.2369071
7810,5.571441,5.334585,0.2368559
7811,5.5707617,5.33363,0.2371315
7812,5.569891,5.3329873,0.23690386
7813,5.5692434,5.3324494,0.23679411
7814,5.568436,5.331429,0.23700671
7815,5.566891,5.3307486,0.2361428
7816,5.5661964,5.330069,0.2361277
7817,5.565201,5.329212,0.23598883
7818,5.5647264,5.3283806,0.23634581
7819,5.564152,5.3279257,0.23622605
7820,5.5628877,5.3269086,0.23597893
7821,5.562152,5.3260145,0.23613732
7822,5.561722,5.325546,0.23617586
7823,5.5611253,5.3251104,0.23601475
7824,5.5601845,5.3240886,0.23609622
7825,5.5592237,5.3234253,0.23579845
7826,5.558815,5.3229914,0.23582347
7827,5.5581303,5.32196,0.23617001
7828,5.5570254,5.3212023,0.23582354
7829,5.5566297,5.32072,0.23590925
7830,5.555879,5.31987,0.23600884
7831,5.5553718,5.319034,0.23633799
7832,5.5543966,5.318589,0.23580723
7833,5.553298,5.3178,0.23549798
7834,5.5523715,5.316817,0.23555498
7835,5.551563,5.3160777,0.23548527
7836,5.55102,5.315578,0.23544225
7837,5.5499825,5.3146877,0.23529486
7838,5.5496254,5.3138566,0.23576865
7839,5.5485044,5.3135185,0.23498611
7840,5.5473022,5.3123794,0.23492277
7841,5.546928,5.3115788,0.23534922
7842,5.546154,5.3111687,0.23498526
7843,5.545151,5.3099637,0.2351877
7844,5.544179,5.309312,0.23486742
7845,5.5435476,5.3089485,0.23459896
7846,5.5428386,5.3079734,0.23486504
7847,5.5420403,5.3072433,0.23479667
7848,5.541543,5.306723,0.23481956
7849,5.540553,5.3059525,0.23460063
7850,5.5395885,5.3050356,0.23455314
7851,5.5385957,5.3043346,0.23426118
7852,5.537986,5.303684,0.23430157
7853,5.537382,5.3030396,0.23434258
7854,5.536608,5.30235,0.23425841
7855,5.5358124,5.301576,0.23423624
7856,5.534725,5.3008285,0.23389666
7857,5.534061,5.29996,0.2341009
7858,5.5332193,5.299263,0.2339561
7859,5.532245,5.298618,0.23362699
7860,5.5318017,5.2977495,0.23405215
7861,5.53122,5.297195,0.23402473
7862,5.530445,5.2963853,0.2340602
7863,5.5294685,5.29556,0.23390833
7864,5.528625,5.2950773,0.23354769
7865,5.5277376,5.2944226,0.2333149
7866,5.5268135,5.2936234,0.23318982
7867,5.5258665,5.2927313,0.23313522
7868,5.5255337,5.292018,0.2335155
7869,5.524849,5.2913303,0.23351893
7870,5.523642,5.2904687,0.23317325
7871,5.5229373,5.2896504,0.23328677
7872,5.522033,5.289111,0.23292193
7873,5.521124,5.288347,0.23277712
7874,5.520407,5.2875037,0.23290381
7875,5.519525,5.2868013,0.23272403
7876,5.518707,5.28613,0.23257664
7877,5.5181413,5.285176,0.23296544
7878,5.5171804,5.2845774,0.23260288
7879,5.5165167,5.283924,0.23259267
7880,5.515711,5.2829075,0.23280342
7881,5.515132,5.282182,0.2329495
7882,5.514198,5.2817245,0.23247337
7883,5.5132127,5.2806206,0.2325921
7884,5.5124807,5.2799535,0.2325273
7885,5.511782,5.279504,0.23227826
7886,5.51051,5.2784877,0.23202237
7887,5.509858,5.27754,0.23231788
7888,5.5094266,5.2770553,0.232371
7889,5.5085917,5.2763796,0.2322125
7890,5.5079265,5.2753005,0.23262624
7891,5.506876,5.2748046,0.23207144
7892,5.5063534,5.2744074,0.23194619
7893,5.505328,5.273343,0.23198485
7894,5.504798,5.272537,0.2322607
7895,5.503884,5.2720394,0.23184446
7896,5.5028634,5.2712293,0.23163393
7897,5.502355,5.2702255,0.23212953
7898,5.5012097,5.2696514,0.23155811
7899,5.5003614,5.2689776,0.23138392
7900,5.4997244,5.2680397,0.23168492
7901,5.4990273,5.2673945,0.23163256
7902,5.498154,5.2666936,0.23146029
7903,5.497161,5.2657156,0.2314456
7904,5.496382,5.265028,0.23135448
7905,5.4957604,5.2645454,0.23121509
7906,5.494713,5.2635155,0.2311974
7907,5.494114,5.2627215,0.23139207
7908,5.493242,5.262172,0.23106937
7909,5.4924283,5.261358,0.23107067
7910,5.491605,5.260605,0.23099995
7911,5.4909616,5.259874,0.23108785
7912,5.490089,5.2591047,0.23098437
7913,5.4893985,5.25831,0.23108883
7914,5.488383,5.2576165,0.2307661
7915,5.4880204,5.2568583,0.231162
7916,5.4870524,5.256154,0.23089829
7917,5.4862223,5.255345,0.23087735
7918,5.485435,5.2546268,0.23080806
7919,5.484505,5.25381,0.23069565
7920,5.483841,5.252966,0.23087493
7921,5.482856,5.2525043,0.23035152
7922,5.4819727,5.251637,0.23033527
7923,5.4812527,5.2507706,0.23048191
7924,5.4805536,5.2502875,0.23026629
7925,5.4797196,5.2494373,0.23028246
7926,5.479087,5.2484627,0.23062393
7927,5.478271,5.2479196,0.23035114
7928,5.477604,5.2473392,0.23026475
7929,5.4763136,5.2461843,0.23012929
7930,5.4759793,5.245404,0.23057565
7931,5.4753113,5.2450714,0.23023954
7932,5.4741774,5.243941,0.23023672
7933,5.4738297,5.243041,0.23078915
7934,5.47294,5.2427754,0.23016468
7935,5.471838,5.241904,0.22993393
7936,5.4715095,5.2408543,0.23065524
7937,5.4701858,5.240473,0.22971296
7938,5.4694476,5.2396364,0.22981139
7939,5.4686623,5.2385163,0.23014608
7940,5.4674997,5.237958,0.22954197
7941,5.4668803,5.2372885,0.22959208
7942,5.4658213,5.236384,0.22943754
7943,5.465171,5.2355967,0.22957456
7944,5.46431,5.235105,0.22920506
7945,5.4635577,5.2342825,0.2292749
7946,5.4629483,5.23322,0.22972853
7947,5.4618645,5.232721,0.22914371
7948,5.460858,5.232012,0.22884603
7949,5.459592,5.2308464,0.22874549
7950,5.459028,5.230068,0.22895963
7951,5.458722,5.229718,0.2290041
7952,5.4572096,5.2286844,0.22852497
7953,5.456772,5.2276254,0.22914664
7954,5.4554496,5.227157,0.22829282
7955,5.455212,5.2266445,0.22856745
7956,5.454193,5.225656,0.22853696
7957,5.453449,5.224838,0.22861096
7958,5.452616,5.2242928,0.22832374
7959,5.4514437,5.2233276,0.22811642
7960,5.450566,5.2223988,0.22816738
7961,5.4498935,5.221678,0.2282157
7962,5.449243,5.221131,0.22811213
7963,5.447921,5.2201095,0.22781138
7964,5.447855,5.2191935,0.22866178
7965,5.4467793,5.218992,0.22778706
7966,5.445672,5.2182255,0.22744684
7967,5.4456873,5.217073,0.22861433
7968,5.4440327,5.21666,0.22737269
7969,5.4434977,5.215922,0.22757582
7970,5.4425907,5.2146726,0.22791846
7971,5.441811,5.2139454,0.22786558
7972,5.4413786,5.2136617,0.22771657
7973,5.4402,5.212586,0.227614
7974,5.4396734,5.2116823,0.2279912
7975,5.4385805,5.211306,0.2272743
7976,5.4378586,5.210452,0.22740655
7977,5.437339,5.2094994,0.22783916
7978,5.436061,5.2089205,0.22714058
7979,5.435111,5.2080836,0.22702722
7980,5.4342957,5.2070794,0.22721629
7981,5.4334993,5.2064533,0.22704592
7982,5.4326453,5.2057815,0.22686395
7983,5.431927,5.2048182,0.22710887
7984,5.4309597,5.2041893,0.22677001
7985,5.430196,5.2035675,0.22662845
7986,5.42959,5.20281,0.22678073
7987,5.4286327,5.2019324,0.22670019
7988,5.4277897,5.2011595,0.22663012
7989,5.426878,5.2003407,0.22653739
7990,5.4259086,5.1994796,0.22642903
7991,5.425252,5.1987195,0.2265321
7992,5.4243674,5.1981792,0.22618827
7993,5.4236627,5.19722,0.2264431
7994,5.4229345,5.196348,0.22658625
7995,5.4222975,5.195904,0.22639365
7996,5.421319,5.1949644,0.22635451
7997,5.420463,5.194067,0.22639613
7998,5.4197087,5.1935496,0.2261593
7999,5.418971,5.1928387,0.22613224
8000,5.4183793,5.191804,0.2265754
8001,5.4171352,5.191102,0.22603333
8002,5.416339,5.190337,0.22600135
8003,5.4156394,5.18944,0.22619991
8004,5.414611,5.188669,0.22594145
8005,5.414062,5.1880035,0.22605853
8006,5.413454,5.187405,0.22604898
8007,5.412513,5.18656,0.22595258
8008,5.4115887,5.1857085,0.22588024
8009,5.410922,5.1851387,0.2257835
8010,5.4101095,5.1843166,0.22579284
8011,5.4095426,5.1833997,0.22614297
8012,5.408412,5.18279,0.22562227
8013,5.4076724,5.1818705,0.22580151
8014,5.407008,5.1810427,0.22596529
8015,5.406156,5.180378,0.22577807
8016,5.405139,5.179573,0.22556612
8017,5.4044685,5.1788116,0.2256572
8018,5.403827,5.178238,0.22558904
8019,5.403131,5.1774635,0.2256674
8020,5.4022894,5.1765327,0.22575665
8021,5.401544,5.1757054,0.22583869
8022,5.400615,5.1750226,0.22559233
8023,5.399596,5.1743436,0.22525258
8024,5.3989024,5.173116,0.22578664
8025,5.3977776,5.172466,0.22531168
8026,5.3971043,5.1719327,0.22517192
8027,5.396237,5.1707706,0.22546609
8028,5.3954535,5.170078,0.22537577
8029,5.3950677,5.1697826,0.22528532
8030,5.3938313,5.168675,0.22515607
8031,5.393304,5.167795,0.22550902
8032,5.3922606,5.167498,0.22476237
8033,5.3910823,5.1663346,0.2247477
8034,5.3907313,5.1652293,0.22550169
8035,5.3898454,5.1648045,0.22504082
8036,5.3887286,5.1641097,0.22461876
8037,5.388495,5.1628513,0.22564372
8038,5.38685,5.162364,0.2244858
8039,5.3869653,5.1620097,0.22495541
8040,5.3852286,5.1605134,0.2247155
8041,5.3845744,5.1597934,0.22478089
8042,5.384545,5.1597695,0.22477552
8043,5.382275,5.15845,0.22382474
8044,5.3827147,5.1573586,0.22535641
8045,5.3810697,5.1570816,0.22398803
8046,5.380326,5.156198,0.22412741
8047,5.3797884,5.1548734,0.22491522
8048,5.378188,5.154336,0.22385207
8049,5.3779964,5.15403,0.22396672
8050,5.3764706,5.152802,0.22366865
8051,5.3761644,5.1519837,0.22418079
8052,5.3754907,5.1518435,0.22364716
8053,5.373977,5.150617,0.22336002
8054,5.373925,5.1494823,0.22444275
8055,5.372566,5.149098,0.2234683
8056,5.3719487,5.148458,0.22349086
8057,5.3709745,5.147208,0.22376642
8058,5.3700795,5.1465974,0.2234821
8059,5.3695993,5.146274,0.22332494
8060,5.368618,5.1452565,0.22336145
8061,5.3678937,5.1443377,0.22355576
8062,5.3670425,5.143913,0.22312936
8063,5.3661613,5.1431975,0.2229636
8064,5.3652973,5.141871,0.2234263
8065,5.364278,5.141107,0.22317073
8066,5.36387,5.1406775,0.22319236
8067,5.3624544,5.1395063,0.2229484
8068,5.3618073,5.1386437,0.22316393
8069,5.3608656,5.138246,0.2226193
8070,5.36009,5.1375713,0.22251853
8071,5.3595076,5.1364293,0.2230784
8072,5.3579335,5.1358123,0.22212124
8073,5.3572555,5.1350293,0.2222263
8074,5.356477,5.1340046,0.22247238
8075,5.355734,5.1332603,0.2224733
8076,5.3551826,5.132742,0.22244096
8077,5.3540144,5.1319,0.22211485
8078,5.3537846,5.1308537,0.22293091
8079,5.3528266,5.1304436,0.22238307
8080,5.352312,5.1299105,0.22240162
8081,5.351312,5.128694,0.22261798
8082,5.3503947,5.127958,0.22243688
8083,5.3495765,5.1273637,0.22221275
8084,5.3483286,5.1264706,0.22185826
8085,5.3480535,5.1253004,0.2227529
8086,5.3466215,5.124671,0.22195025
8087,5.3463054,5.124183,0.22212228
8088,5.3450356,5.1230254,0.22200994
8089,5.3439875,5.1222553,0.22173199
8090,5.3432436,5.12168,0.22156397
8091,5.3422804,5.1207685,0.22151169
8092,5.3414626,5.1198277,0.22163491
8093,5.340553,5.119214,0.22133894
8094,5.3398237,5.1185136,0.22131057
8095,5.3390365,5.117478,0.22155853
8096,5.337977,5.116724,0.22125287
8097,5.3372693,5.116118,0.22115128
8098,5.33637,5.1152406,0.22112966
8099,5.3357844,5.1143823,0.22140208
8100,5.335046,5.113756,0.2212893
8101,5.3342085,5.1130524,0.22115612
8102,5.3336787,5.1121664,0.22151247
8103,5.3327184,5.111593,0.2211256
8104,5.331809,5.1108155,0.22099316
8105,5.330985,5.1099477,0.22103712
8106,5.3302965,5.10914,0.22115691
8107,5.3295803,5.1082997,0.22128065
8108,5.3289256,5.107496,0.22143014
8109,5.3280864,5.1067753,0.22131124
8110,5.327491,5.105907,0.22158404
8111,5.326412,5.1054187,0.22099356
8112,5.3256083,5.10464,0.22096825
8113,5.3245025,5.1036067,0.2208956
8114,5.323803,5.1026206,0.22118261
8115,5.322778,5.10204,0.22073808
8116,5.3220873,5.101329,0.2207582
8117,5.3213854,5.100245,0.22114038
8118,5.320445,5.099573,0.22087197
8119,5.3195906,5.099065,0.22052594
8120,5.318417,5.097904,0.22051327
8121,5.317695,5.097018,0.22067714
8122,5.3168344,5.096364,0.22047074
8123,5.3158145,5.095568,0.22024655
8124,5.3148727,5.0944867,0.22038598
8125,5.3140197,5.093784,0.22023574
8126,5.313695,5.093364,0.22033095
8127,5.312441,5.0922422,0.22019883
8128,5.311942,5.0913663,0.22057596
8129,5.311446,5.090952,0.22049436
8130,5.31038,5.0901866,0.22019319
8131,5.309702,5.088972,0.22072974
8132,5.3082066,5.088294,0.21991262
8133,5.3079147,5.0877304,0.22018445
8134,5.306691,5.0866585,0.22003241
8135,5.3058987,5.0857835,0.22011504
8136,5.304876,5.085125,0.21975112
8137,5.3038015,5.084354,0.21944761
8138,5.3029556,5.0833154,0.2196403
8139,5.3021317,5.0825953,0.21953633
8140,5.301436,5.082032,0.2194037
8141,5.3002377,5.0809684,0.21926932
8142,5.2997327,5.08004,0.21969262
8143,5.2988625,5.079551,0.2193112
8144,5.2979593,5.078774,0.21918564
8145,5.2971582,5.077722,0.21943589
8146,5.2961287,5.0769897,0.21913938
8147,5.2953043,5.076364,0.21894042
8148,5.294524,5.0754237,0.21910028
8149,5.293912,5.0745215,0.21939054
8150,5.2930164,5.0739512,0.2190651
8151,5.2919006,5.073013,0.21888742
8152,5.2912245,5.0719743,0.2192502
8153,5.290541,5.0713177,0.21922326
8154,5.2898545,5.070799,0.21905562
8155,5.2885985,5.069632,0.21896644
8156,5.288117,5.068858,0.2192589
8157,5.2875237,5.0684958,0.219028
8158,5.286135,5.0674443,0.21869111
8159,5.2856636,5.066305,0.21935837
8160,5.2842736,5.06575,0.21852359
8161,5.2834997,5.0650396,0.21845989
8162,5.282882,5.063942,0.21893999
8163,5.281963,5.0633235,0.21863905
8164,5.281534,5.0630436,0.21849068
8165,5.279931,5.061785,0.21814585
8166,5.2795477,5.0607266,0.21882081
8167,5.278302,5.0603333,0.2179689
8168,5.27752,5.059476,0.21804409
8169,5.2773147,5.0581756,0.21913905
8170,5.2758884,5.057564,0.21832481
8171,5.2755966,5.0571475,0.2184489
8172,5.274183,5.0560765,0.21810623
8173,5.2738504,5.0551777,0.21867254
8174,5.272794,5.054676,0.21811748
8175,5.2717934,5.0538225,0.21797076
8176,5.271368,5.052611,0.21875696
8177,5.270321,5.0519867,0.21833451
8178,5.269989,5.051586,0.21840315
8179,5.268524,5.0503716,0.21815276
8180,5.2686954,5.0493617,0.21933393
8181,5.2674828,5.0491905,0.21829207
8182,5.266064,5.0482206,0.21784315
8183,5.2653284,5.0469747,0.21835355
8184,5.2639074,5.0462856,0.2176218
8185,5.2635117,5.0458817,0.21763031
8186,5.262156,5.0446906,0.21746513
8187,5.261303,5.043665,0.21763761
8188,5.260276,5.0429683,0.21730757
8189,5.2596936,5.0421677,0.21752568
8190,5.258778,5.041186,0.21759243
8191,5.258027,5.0405354,0.21749172
8192,5.2572746,5.039999,0.21727562
8193,5.256102,5.0390496,0.21705289
8194,5.2554164,5.038142,0.21727416
8195,5.2544036,5.0373363,0.21706727
8196,5.2538304,5.036434,0.21739645
8197,5.25288,5.0354905,0.21738954
8198,5.252037,5.034677,0.21735969
8199,5.250949,5.034142,0.21680662
8200,5.2504435,5.0332665,0.21717691
8201,5.2492323,5.0324464,0.21678591
8202,5.2482886,5.0312915,0.21699743
8203,5.247311,5.0304785,0.2168324
8204,5.246341,5.029703,0.21663818
8205,5.2454515,5.028754,0.21669729
8206,5.244548,5.0279675,0.2165806
8207,5.243759,5.02732,0.2164392
8208,5.2429223,5.0264463,0.21647641
8209,5.2419834,5.0254736,0.21650997
8210,5.2410316,5.0247703,0.21626174
8211,5.240301,5.024112,0.216189
8212,5.239224,5.0229936,0.21623003
8213,5.238857,5.0221353,0.21672145
8214,5.2380123,5.021665,0.21634726
8215,5.2372613,5.0208855,0.21637574
8216,5.2363596,5.019768,0.21659152
8217,5.2351036,5.01913,0.21597323
8218,5.234225,5.0183578,0.21586719
8219,5.233382,5.0172505,0.21613176
8220,5.2324567,5.0165205,0.21593614
8221,5.232084,5.0159774,0.21610606
8222,5.231034,5.015019,0.21601467
8223,5.2302537,5.0140886,0.21616527
8224,5.229034,5.013381,0.21565291
8225,5.2282963,5.0125194,0.215777
8226,5.2275085,5.0116625,0.21584599
8227,5.226595,5.0109615,0.2156332
8228,5.2258325,5.010123,0.21570966
8229,5.2249513,5.009213,0.21573845
8230,5.223937,5.008465,0.21547191
8231,5.2236633,5.0076346,0.21602869
8232,5.2228675,5.0068617,0.21600589
8233,5.221892,5.006018,0.21587387
8234,5.220594,5.005119,0.21547517
8235,5.2196603,5.004182,0.21547815
8236,5.218989,5.003351,0.21563804
8237,5.2178254,5.00254,0.2152853
8238,5.2172875,5.0014825,0.21580514
8239,5.2164187,5.0007567,0.2156622
8240,5.21559,5.00023,0.21536021
8241,5.2144823,4.999268,0.21521437
8242,5.2134304,4.9983664,0.215064
8243,5.212612,4.997527,0.21508479
8244,5.211909,4.99678,0.2151289
8245,5.211004,4.995886,0.21511757
8246,5.210209,4.994947,0.21526194
8247,5.209183,4.994314,0.2148693
8248,5.2082596,4.9935465,0.21471345
8249,5.2075057,4.992564,0.21494165
8250,5.2064986,4.9917316,0.2147669
8251,5.2054806,4.99078,0.21470079
8252,5.2047615,4.9897876,0.2149739
8253,5.203697,4.988971,0.21472594
8254,5.202742,4.988203,0.2145391
8255,5.202073,4.9874196,0.21465354
8256,5.2010064,4.9867454,0.21426085
8257,5.2002397,4.985812,0.21442728
8258,5.19933,4.9849305,0.21439925
8259,5.1983705,4.9841824,0.21418819
8260,5.197412,4.9832,0.21421163
8261,5.1964803,4.9822545,0.21422574
8262,5.1955876,4.9814334,0.21415417
8263,5.1947403,4.9805813,0.21415877
8264,5.1936965,4.979671,0.21402529
8265,5.1931047,4.9787755,0.21432891
8266,5.1922083,4.978203,0.21400566
8267,5.1911135,4.9772754,0.21383806
8268,5.1902704,4.9763317,0.2139386
8269,5.1894393,4.975543,0.21389627
8270,5.1886544,4.974696,0.21395831
8271,5.188072,4.973761,0.21431115
8272,5.1869645,4.9730177,0.21394667
8273,5.1861715,4.9722614,0.21391031
8274,5.185097,4.9712315,0.21386585
8275,5.1841664,4.9702926,0.2138736
8276,5.1833553,4.969664,0.2136908
8277,5.1823516,4.9686975,0.21365404
8278,5.1812663,4.967854,0.21341252
8279,5.180389,4.9670215,0.21336778
8280,5.179352,4.9660773,0.21327487
8281,5.178435,4.96518,0.21325509
8282,5.1776586,4.964257,0.21340159
8283,5.176809,4.963517,0.21329145
8284,5.176016,4.9627514,0.21326463
8285,5.175206,4.961883,0.21332335
8286,5.1743555,4.9610877,0.21326749
8287,5.17338,4.9602942,0.21308577
8288,5.172324,4.9592524,0.21307206
8289,5.1714573,4.9584055,0.21305168
8290,5.170869,4.957609,0.21325998
8291,5.1699457,4.9569163,0.2130293
8292,5.1688976,4.955846,0.2130517
8293,5.1680956,4.955028,0.21306749
8294,5.167361,4.9543157,0.21304531
8295,5.1661477,4.953171,0.21297684
8296,5.1657047,4.9522257,0.21347907
8297,5.1646123,4.951822,0.2127901
8298,5.163698,4.950803,0.21289535
8299,5.162799,4.9498315,0.21296716
8300,5.1617365,4.94915,0.21258648
8301,5.1609054,4.9482164,0.21268895
8302,5.1598167,4.946982,0.2128351
8303,5.158934,4.9461846,0.21274939
8304,5.1583695,4.945649,0.2127203
8305,5.1571045,4.9445963,0.21250835
8306,5.156564,4.9435577,0.21300617
8307,5.155353,4.9430695,0.21228345
8308,5.154353,4.9420776,0.21227579
8309,5.1539736,4.940941,0.21303275
8310,5.152526,4.940356,0.21217051
8311,5.151874,4.939605,0.21226892
8312,5.1507955,4.9384484,0.21234684
8313,5.1500688,4.937563,0.2125059
8314,5.149236,4.936922,0.21231398
8315,5.1477475,4.935877,0.21187082
8316,5.147754,4.934769,0.21298485
8317,5.1461124,4.9343557,0.21175651
8318,5.1454234,4.9335456,0.21187773
8319,5.1444125,4.932183,0.21222949
8320,5.1431413,4.931404,0.21173707
8321,5.1428556,4.9309745,0.21188149
8322,5.141347,4.9296,0.2117472
8323,5.1405635,4.9287333,0.21183005
8324,5.1396275,4.928263,0.21136427
8325,5.1386967,4.9272957,0.2114009
8326,5.138048,4.926165,0.21188311
8327,5.1369276,4.9255486,0.21137926
8328,5.136281,4.924758,0.2115231
8329,5.135302,4.923721,0.21158084
8330,5.1344585,4.9229007,0.21155787
8331,5.133562,4.9222136,0.21134858
8332,5.13293,4.921309,0.21162076
8333,5.1321235,4.920431,0.21169202
8334,5.1308546,4.9195642,0.21129052
8335,5.130006,4.918564,0.2114423
8336,5.1290865,4.917727,0.21135978
8337,5.1281238,4.916863,0.21126053
8338,5.1269684,4.915854,0.2111145
8339,5.126416,4.9150276,0.21138856
8340,5.125509,4.914483,0.2110256
8341,5.1243176,4.913472,0.2108458
8342,5.1232815,4.912406,0.21087547
8343,5.122409,4.911611,0.21079794
8344,5.1219,4.910967,0.21093325
8345,5.1208973,4.9099464,0.210951
8346,5.119831,4.9089675,0.21086355
8347,5.1189494,4.908374,0.21057563
8348,5.1182966,4.9074287,0.21086791
8349,5.1172814,4.9065084,0.21077323
8350,5.116618,4.9057317,0.2108866
8351,5.1157866,4.9048147,0.21097203
8352,5.1146445,4.9038053,0.210839
8353,5.1140327,4.902923,0.2111094
8354,5.1132755,4.90223,0.21104603
8355,5.11216,4.9012494,0.21091072
8356,5.1112733,4.900244,0.21102881
8357,5.110121,4.8995013,0.21061926
8358,5.1092577,4.8987174,0.21054049
8359,5.108168,4.8975945,0.21057387
8360,5.1071024,4.8967295,0.21037278
8361,5.1063304,4.896076,0.21025404
8362,5.105501,4.8952622,0.21023922
8363,5.10421,4.894031,0.210179
8364,5.1034355,4.8930163,0.2104189
8365,5.102409,4.8923173,0.21009159
8366,5.1015387,4.8914475,0.21009123
8367,5.1009173,4.8904085,0.21050882
8368,5.099972,4.8897896,0.2101821
8369,5.0992894,4.889199,0.210091
8370,5.0981345,4.887927,0.21020715
8371,5.0971584,4.887024,0.21013446
8372,5.0963864,4.8862915,0.21009478
8373,5.0955505,4.8853474,0.21020302
8374,5.094536,4.884438,0.21009782
8375,5.093348,4.8836775,0.20967059
8376,5.09233,4.882586,0.20974393
8377,5.091625,4.8816357,0.2099897
8378,5.090518,4.880912,0.20960613
8379,5.089462,4.880026,0.20943603
8380,5.088705,4.8790092,0.20969558
8381,5.0877166,4.878241,0.20947549
8382,5.0867925,4.8774033,0.20938914
8383,5.085608,4.876239,0.2093691
8384,5.0849013,4.875208,0.20969312
8385,5.0838113,4.874616,0.20919518
8386,5.0828066,4.8737035,0.20910311
8387,5.0819554,4.8725705,0.20938484
8388,5.0814204,4.8718185,0.20960185
8389,5.080957,4.8711305,0.20982666
8390,5.079589,4.870147,0.20944162
8391,5.0790033,4.869145,0.20985825
8392,5.0777955,4.868624,0.20917125
8393,5.0771523,4.867724,0.20942815
8394,5.0761175,4.866425,0.2096924
8395,5.0749917,4.865574,0.20941797
8396,5.0738792,4.864734,0.20914514
8397,5.0727825,4.8637986,0.20898385
8398,5.0718026,4.8629932,0.20880952
8399,5.0707383,4.8620954,0.20864293
8400,5.0697536,4.8611627,0.20859107
8401,5.069137,4.8602653,0.20887175
8402,5.068263,4.8595066,0.2087566
8403,5.067324,4.858494,0.20883031
8404,5.0663114,4.857681,0.20863056
8405,5.0653768,4.856944,0.20843282
8406,5.0642605,4.855822,0.20843849
8407,5.063323,4.8547554,0.20856757
8408,5.062356,4.8540597,0.20829585
8409,5.061676,4.8532305,0.20844558
8410,5.060703,4.8522515,0.20845108
8411,5.0598145,4.8513927,0.20842168
8412,5.0592384,4.850658,0.20858046
8413,5.05807,4.8496304,0.20843998
8414,5.057075,4.8485646,0.2085106
8415,5.0562997,4.8478174,0.20848253
8416,5.055512,4.8472176,0.2082946
8417,5.0540853,4.8460803,0.2080048
8418,5.053134,4.845056,0.208078
8419,5.052302,4.8444276,0.20787439
8420,5.05127,4.84334,0.20793001
8421,5.0503836,4.842265,0.20811856
8422,5.049115,4.841552,0.20756297
8423,5.0482984,4.8407135,0.20758489
8424,5.0472507,4.8395452,0.20770541
8425,5.046671,4.838588,0.2080827
8426,5.045932,4.837923,0.20800915
8427,5.0446615,4.8368998,0.20776191
8428,5.043797,4.835982,0.20781478
8429,5.0431376,4.835438,0.20769985
8430,5.0420437,4.8344836,0.20755991
8431,5.0410757,4.8332148,0.20786098
8432,5.0401225,4.8323593,0.20776339
8433,5.039248,4.831559,0.20768914
8434,5.0384254,4.8304973,0.20792827
8435,5.0372643,4.8297396,0.20752458
8436,5.036361,4.828854,0.20750728
8437,5.03507,4.8277664,0.20730376
8438,5.0341115,4.8268313,0.20728049
8439,5.0333495,4.826155,0.20719409
8440,5.0323133,4.8250394,0.20727377
8441,5.0313735,4.8241177,0.20725612
8442,5.030528,4.8234653,0.20706305
8443,5.0294805,4.822305,0.20717497
8444,5.0282807,4.821239,0.20704171
8445,5.027641,4.8202853,0.20735545
8446,5.0267324,4.819508,0.20722432
8447,5.025619,4.818716,0.20690307
8448,5.0247364,4.8177447,0.20699151
8449,5.0236835,4.8168893,0.20679422
8450,5.02262,4.815888,0.20673212
8451,5.021639,4.814791,0.20684798
8452,5.020622,4.813987,0.20663507
8453,5.0197916,4.8131843,0.20660742
8454,5.019188,4.8120575,0.20713022
8455,5.018393,4.8112717,0.20712128
8456,5.017745,4.81065,0.20709498
8457,5.0164876,4.8095694,0.20691843
8458,5.015647,4.808607,0.20704012
8459,5.014695,4.807941,0.20675425
8460,5.0136356,4.807028,0.20660761
8461,5.0126843,4.8058796,0.20680508
8462,5.011653,4.805036,0.20661712
8463,5.0108957,4.8041744,0.20672122
8464,5.009676,4.803194,0.20648198
8465,5.0088334,4.8021946,0.20663878
8466,5.0079503,4.8013024,0.20664792
8467,5.0070724,4.8005223,0.20654988
8468,5.0058656,4.79958,0.20628567
8469,5.004703,4.798649,0.20605406
8470,5.003859,4.797695,0.20616376
8471,5.00282,4.796686,0.20613393
8472,5.0018606,4.7958584,0.20600188
8473,5.0006037,4.7949934,0.2056103
8474,4.999963,4.79381,0.20615308
8475,4.998909,4.793012,0.20589662
8476,4.9978223,4.7919,0.20592241
8477,4.9968762,4.7910056,0.2058706
8478,4.9960723,4.790274,0.20579822
8479,4.995347,4.789299,0.20604804
8480,4.994238,4.7884665,0.2057714
8481,4.9933386,4.787515,0.20582338
8482,4.992497,4.7863016,0.20619547
8483,4.9910517,4.7854767,0.20557484
8484,4.989902,4.784594,0.20530792
8485,4.989105,4.783351,0.20575452
8486,4.9879785,4.782438,0.20554033
8487,4.987205,4.7818584,0.20534666
8488,4.986061,4.780637,0.20542435
8489,4.985036,4.7796955,0.20534036
8490,4.984491,4.7790604,0.20543051
8491,4.982953,4.77771,0.20524296
8492,4.9818954,4.7767024,0.20519324
8493,4.9813004,4.776226,0.20507431
8494,4.9801927,4.775221,0.2049716
8495,4.9798603,4.773916,0.20594457
8496,4.9783535,4.7733455,0.20500812
8497,4.9778633,4.772559,0.2053041
8498,4.97667,4.7710414,0.20562854
8499,4.9752893,4.770171,0.20511842
8500,4.9747877,4.7696056,0.20518227
8501,4.9734397,4.768183,0.2052567
8502,4.972167,4.7672167,0.20495062
8503,4.971229,4.7665315,0.20469742
8504,4.969893,4.765409,0.20448427
8505,4.9691043,4.7645454,0.20455918
8506,4.9683137,4.7639275,0.20438609
8507,4.96779,4.7630486,0.20474157
8508,4.967007,4.7618937,0.20511325
8509,4.96582,4.761042,0.20477775
8510,4.96464,4.7600436,0.20459667
8511,4.963857,4.7588634,0.20499368
8512,4.9624853,4.758107,0.20437789
8513,4.9616632,4.757276,0.20438723
8514,4.9603662,4.756079,0.20428738
8515,4.959593,4.7549806,0.20461221
8516,4.9585466,4.754251,0.20429547
8517,4.9575887,4.7532396,0.20434913
8518,4.956679,4.7523127,0.2043662
8519,4.955669,4.751782,0.20388679
8520,4.9543433,4.750658,0.20368505
8521,4.95382,4.7496,0.20422032
8522,4.953051,4.748984,0.2040674
8523,4.9514356,4.7476897,0.20374605
8524,4.9509525,4.7464976,0.20445485
8525,4.9495373,4.7458997,0.20363764
8526,4.9483237,4.7448387,0.20348534
8527,4.947992,4.7436147,0.20437717
8528,4.946466,4.7429066,0.20355932
8529,4.9453983,4.7418256,0.2035727
8530,4.944482,4.740687,0.20379484
8531,4.943215,4.739979,0.20323625
8532,4.942615,4.739312,0.2033029
8533,4.9415417,4.738121,0.20342088
8534,4.9406137,4.737169,0.203445
8535,4.939455,4.736507,0.20294806
8536,4.9384823,4.735208,0.20327422
8537,4.937492,4.7341766,0.20331569
8538,4.936764,4.7334323,0.2033313
8539,4.935755,4.7323394,0.20341544
8540,4.934699,4.7313867,0.20331237
8541,4.933817,4.7307067,0.20310986
8542,4.932907,4.7296476,0.20325963
8543,4.931773,4.7286935,0.20307931
8544,4.930929,4.7278996,0.20302972
8545,4.9297194,4.7266917,0.20302781
8546,4.9287515,4.725634,0.20311733
8547,4.927772,4.724858,0.20291439
8548,4.926734,4.723873,0.20286122
8549,4.9259453,4.7227263,0.20321906
8550,4.9248824,4.7219605,0.20292203
8551,4.9239783,4.721126,0.20285209
8552,4.9230614,4.719994,0.20306739
8553,4.921807,4.719148,0.20265874
8554,4.920795,4.7180614,0.20273367
8555,4.919935,4.7168527,0.20308292
8556,4.9186954,4.7160144,0.20268103
8557,4.917504,4.7150292,0.2024745
8558,4.9165654,4.7140865,0.20247893
8559,4.9154778,4.713183,0.2022947
8560,4.9144764,4.712197,0.20227972
8561,4.9132032,4.710939,0.20226426
8562,4.9122324,4.709846,0.20238638
8563,4.9114575,4.709249,0.20220843
8564,4.9103937,4.708219,0.20217466
8565,4.9092712,4.707192,0.20207949
8566,4.908184,4.7062,0.20198366
8567,4.9072866,4.7052126,0.20207372
8568,4.9063396,4.7043133,0.20202634
8569,4.905286,4.7036204,0.2016652
8570,4.9042783,4.702247,0.20203118
8571,4.9032965,4.701252,0.20204468
8572,4.902322,4.700324,0.20199785
8573,4.9011235,4.699238,0.20188585
8574,4.9002924,4.6982203,0.20207211
8575,4.899134,4.697535,0.20159931
8576,4.898227,4.696694,0.20153353
8577,4.8972483,4.6954675,0.20178059
8578,4.8958797,4.6945395,0.20134012
8579,4.8948655,4.69354,0.20132549
8580,4.89367,4.6924458,0.20122428
8581,4.892691,4.691495,0.20119604
8582,4.8916907,4.690648,0.20104289
8583,4.8905888,4.6894174,0.20117183
8584,4.8898306,4.688444,0.2013863
8585,4.8889227,4.6877546,0.2011683
8586,4.8876157,4.6865926,0.20102318
8587,4.886746,4.6853676,0.20137826
8588,4.885645,4.684685,0.2009596
8589,4.8843703,4.6835475,0.20082287
8590,4.883489,4.6822515,0.20123763
8591,4.8823977,4.681588,0.20080955
8592,4.882149,4.681024,0.20112531
8593,4.880795,4.6794505,0.20134458
8594,4.879796,4.678621,0.2011753
8595,4.879631,4.6783752,0.2012556
8596,4.877386,4.6767406,0.20064569
8597,4.877024,4.6756206,0.20140362
8598,4.876066,4.675161,0.20090523
8599,4.874549,4.673944,0.20060489
8600,4.8745666,4.672559,0.20200777
8601,4.872716,4.6720085,0.2007076
8602,4.87191,4.6712255,0.2006845
8603,4.871278,4.66987,0.20140815
8604,4.869655,4.669322,0.20033304
8605,4.8693457,4.6686974,0.2006484
8606,4.868108,4.6670613,0.2010462
8607,4.867056,4.666116,0.20093969
8608,4.86627,4.6655145,0.2007556
8609,4.864609,4.6642637,0.20034489
8610,4.863936,4.663006,0.20093055
8611,4.862832,4.6623893,0.20044288
8612,4.8616495,4.6612105,0.20043905
8613,4.8610907,4.660019,0.20107165
8614,4.8597703,4.659462,0.20030837
8615,4.858747,4.658462,0.20028457
8616,4.8579526,4.6573067,0.20064612
8617,4.856744,4.656523,0.2002207
8618,4.855663,4.655442,0.2002202
8619,4.854624,4.654213,0.20041113
8620,4.8533206,4.653328,0.19999267
8621,4.8523183,4.652371,0.19994771
8622,4.8513956,4.6512547,0.20014115
8623,4.8507614,4.6504397,0.2003217
8624,4.84986,4.649677,0.20018351
8625,4.848481,4.6485295,0.19995184
8626,4.8476167,4.6473637,0.2002533
8627,4.8463287,4.64656,0.19976866
8628,4.845086,4.645346,0.19974001
8629,4.844293,4.6441054,0.2001874
8630,4.8429074,4.6432834,0.19962403
8631,4.8423305,4.6426034,0.19972686
8632,4.841308,4.6411176,0.20019059
8633,4.8400655,4.640366,0.199699
8634,4.8395915,4.6398716,0.19972023
8635,4.837953,4.6383805,0.1995724
8636,4.837198,4.637322,0.19987568
8637,4.8368635,4.636864,0.1999993
8638,4.834931,4.6354065,0.1995246
8639,4.83433,4.634359,0.19997096
8640,4.8333073,4.633838,0.19946887
8641,4.832143,4.632772,0.1993706
8642,4.831605,4.6314073,0.20019755
8643,4.830052,4.630749,0.199303
8644,4.829316,4.6298623,0.19945374
8645,4.8284316,4.6284866,0.19994484
8646,4.826939,4.6276145,0.19932464
8647,4.826012,4.626812,0.19920027
8648,4.824761,4.6255116,0.19924904
8649,4.823679,4.624517,0.19916223
8650,4.822944,4.6238923,0.1990519
8651,4.821808,4.6228304,0.19897744
8652,4.8211875,4.6216946,0.19949284
8653,4.8199425,4.621005,0.19893742
8654,4.8188915,4.619936,0.19895568
8655,4.8177752,4.6187277,0.19904757
8656,4.8167763,4.6177897,0.19898641
8657,4.815938,4.6169314,0.19900647
8658,4.815007,4.615875,0.1991324
8659,4.8140645,4.6149783,0.19908595
8660,4.8130817,4.614263,0.19881877
8661,4.8118153,4.612748,0.199067
8662,4.8106575,4.611779,0.19887802
8663,4.809959,4.610941,0.19901794
8664,4.808583,4.609935,0.19864763
8665,4.80766,4.6089096,0.19875081
8666,4.806584,4.6080937,0.19849046
8667,4.805541,4.6071167,0.19842431
8668,4.804678,4.6057854,0.19889265
8669,4.8034453,4.604896,0.19854951
8670,4.8023725,4.60404,0.19833198
8671,4.8009768,4.602837,0.19813962
8672,4.799867,4.6016326,0.1982347
8673,4.798756,4.6007075,0.1980487
8674,4.7979636,4.5994935,0.19846983
8675,4.7967143,4.598488,0.19822666
8676,4.795922,4.5976996,0.19822246
8677,4.794742,4.596894,0.19784787
8678,4.793674,4.595677,0.19799718
8679,4.7926583,4.5946493,0.1980091
8680,4.7917223,4.5937905,0.19793156
8681,4.7905684,4.5926843,0.1978837
8682,4.7896857,4.591656,0.19802965
8683,4.788652,4.5907764,0.1978757
8684,4.7876034,4.5897317,0.19787157
8685,4.7865195,4.5884914,0.19802785
8686,4.785409,4.587564,0.19784525
8687,4.7844977,4.5867367,0.19776098
8688,4.783167,4.585446,0.19772077
8689,4.7820373,4.584455,0.19758198
8690,4.781048,4.5837035,0.19734439
8691,4.7797813,4.5824347,0.1973466
8692,4.778816,4.58134,0.19747607
8693,4.7777615,4.580594,0.19716749
8694,4.776352,4.579257,0.19709492
8695,4.7753797,4.5781903,0.19718917
8696,4.774152,4.577569,0.19658276
8697,4.772804,4.576327,0.19647689
8698,4.772165,4.5750785,0.19708608
8699,4.7712455,4.5742497,0.19699547
8700,4.770138,4.573166,0.19697182
8701,4.769039,4.571994,0.19704536
8702,4.7678666,4.5712004,0.19666637
8703,4.766996,4.570175,0.19682056
8704,4.7660975,4.5690513,0.19704604
8705,4.765188,4.567822,0.19736624
8706,4.763917,4.566906,0.19701073
8707,4.762902,4.5660396,0.19686219
8708,4.7617183,4.5649495,0.19676876
8709,4.760454,4.5638413,0.19661309
8710,4.7596745,4.5628457,0.19682896
8711,4.7585864,4.5617824,0.1968044
8712,4.7575674,4.560849,0.19671826
8713,4.7564793,4.559964,0.19651505
8714,4.7555466,4.5590405,0.19650623
8715,4.7547007,4.5577083,0.1969923
8716,4.753145,4.556786,0.19635916
8717,4.7520947,4.5557775,0.19631733
8718,4.750852,4.5544114,0.19644073
8719,4.749716,4.5534034,0.19631264
8720,4.748458,4.5525966,0.19586137
8721,4.74752,4.551454,0.19606575
8722,4.7464976,4.5504127,0.19608471
8723,4.745359,4.54934,0.19601926
8724,4.7444067,4.5483027,0.1961042
8725,4.7434072,4.547441,0.19596656
8726,4.742282,4.5463233,0.19595858
8727,4.7414064,4.545067,0.19633964
8728,4.74039,4.544155,0.19623461
8729,4.7395825,4.543398,0.1961845
8730,4.7384686,4.5419593,0.19650957
8731,4.7370863,4.5410438,0.19604267
8732,4.736267,4.5402665,0.19600053
8733,4.7348313,4.5387053,0.19612622
8734,4.7338734,4.5376287,0.19624446
8735,4.733197,4.5370817,0.19611523
8736,4.7317286,4.535734,0.19599414
8737,4.730971,4.5346465,0.19632411
8738,4.729836,4.5339584,0.19587755
8739,4.728606,4.532601,0.19600506
8740,4.7273984,4.531518,0.19588017
8741,4.7265797,4.5308495,0.19573012
8742,4.725424,4.5294776,0.1959461
8743,4.7243743,4.528406,0.19596814
8744,4.723,4.5275626,0.19543733
8745,4.721741,4.526286,0.19545513
8746,4.7208343,4.5250187,0.1958154
8747,4.719716,4.524189,0.19552732
8748,4.7189465,4.5234995,0.1954468
8749,4.717839,4.521944,0.19589467
8750,4.71659,4.5209465,0.19564332
8751,4.7160788,4.520238,0.1958405
8752,4.714655,4.518642,0.1960128
8753,4.713195,4.5176735,0.19552152
8754,4.7122216,4.516876,0.19534539
8755,4.7109075,4.515595,0.19531283
8756,4.7098403,4.514536,0.195304
8757,4.70897,4.513684,0.19528659
8758,4.707587,4.5124826,0.19510415
8759,4.7064104,4.511385,0.19502538
8760,4.705333,4.5103745,0.19495873
8761,4.7043195,4.509409,0.19491068
8762,4.703279,4.5081897,0.19508928
8763,4.702236,4.5072026,0.19503367
8764,4.7013288,4.5063624,0.19496615
8765,4.700412,4.5051847,0.19522743
8766,4.6991696,4.5042334,0.1949363
8767,4.6982036,4.5033193,0.1948843
8768,4.696962,4.5018287,0.19513355
8769,4.695451,4.500736,0.19471468
8770,4.6942196,4.4997287,0.19449061
8771,4.693567,4.498492,0.19507506
8772,4.691992,4.497706,0.19428568
8773,4.690736,4.4965825,0.19415356
8774,4.689753,4.495392,0.19436108
8775,4.6885204,4.494531,0.19398935
8776,4.687289,4.493277,0.1940122
8777,4.686233,4.4922075,0.19402549
8778,4.685158,4.4913244,0.19383338
8779,4.6840053,4.4901495,0.19385564
8780,4.6830153,4.488848,0.1941671
8781,4.681759,4.4879103,0.19384836
8782,4.680625,4.4867682,0.19385648
8783,4.679522,4.4856105,0.19391187
8784,4.6786685,4.484728,0.19394058
8785,4.6771708,4.4836206,0.19354999
8786,4.676475,4.482259,0.19421609
8787,4.6752553,4.481511,0.19374433
8788,4.6740093,4.480285,0.1937242
8789,4.672956,4.479254,0.19370195
8790,4.672086,4.478455,0.19363041
8791,4.6709538,4.477307,0.19364677
8792,4.6699843,4.475878,0.1941065
8793,4.668631,4.475148,0.19348265
8794,4.668009,4.474289,0.19371983
8795,4.667163,4.4727044,0.19445872
8796,4.6654644,4.471956,0.19350852
8797,4.664797,4.4711328,0.19366425
8798,4.664173,4.469449,0.1947242
8799,4.6622906,4.468598,0.19369283
8800,4.6610537,4.467512,0.19354162
8801,4.6605854,4.466241,0.19434425
8802,4.658855,4.4655905,0.19326454
8803,4.657798,4.464485,0.1933127
8804,4.657112,4.462963,0.19414896
8805,4.6553884,4.4621964,0.19319189
8806,4.654239,4.46118,0.1930588
8807,4.653343,4.459896,0.19344683
8808,4.651959,4.458925,0.1930343
8809,4.6509676,4.457829,0.19313839
8810,4.649887,4.4564795,0.19340757
8811,4.6488214,4.4555607,0.19326045
8812,4.6478887,4.454818,0.19307074
8813,4.6467533,4.4533353,0.19341817
8814,4.645381,4.4524746,0.19290645
8815,4.644485,4.4515915,0.1928933
8816,4.6433434,4.450182,0.19316138
8817,4.6422005,4.4491134,0.1930872
8818,4.6414557,4.4482765,0.19317928
8819,4.639928,4.446983,0.19294474
8820,4.639211,4.445833,0.19337821
8821,4.6379814,4.4450583,0.19292346
8822,4.636911,4.443738,0.19317278
8823,4.6358023,4.442552,0.19325045
8824,4.6345754,4.4416966,0.1928787
8825,4.6333475,4.4404526,0.19289492
8826,4.632428,4.4393687,0.19305974
8827,4.6312594,4.438535,0.19272418
8828,4.6298723,4.436885,0.1929872
8829,4.628313,4.4357524,0.19256085
8830,4.6274667,4.434774,0.19269297
8831,4.626076,4.4334826,0.19259384
8832,4.6247754,4.4325156,0.19225985
8833,4.623474,4.43148,0.19199426
8834,4.622314,4.430121,0.19219272
8835,4.621468,4.4288826,0.1925855
8836,4.6203985,4.428233,0.1921657
8837,4.6193295,4.4271326,0.19219708
8838,4.6183724,4.425892,0.19248064
8839,4.6172624,4.424965,0.19229743
8840,4.616162,4.4236884,0.19247334
8841,4.6149898,4.4223638,0.19262624
8842,4.6139064,4.4216094,0.19229673
8843,4.6125584,4.420233,0.1923256
8844,4.6112075,4.4190226,0.19218484
8845,4.610082,4.4180694,0.19201285
8846,4.609154,4.4169664,0.19218777
8847,4.6079245,4.415891,0.19203337
8848,4.6067886,4.4148574,0.19193119
8849,4.605823,4.4138474,0.1919755
8850,4.6046605,4.4128246,0.19183625
8851,4.603496,4.411577,0.19191886
8852,4.602325,4.410407,0.19191769
8853,4.6011834,4.409554,0.19162917
8854,4.6000767,4.4083037,0.19177283
8855,4.5987515,4.4070177,0.19173372
8856,4.597808,4.40603,0.19177797
8857,4.596339,4.404772,0.19156745
8858,4.595241,4.403607,0.19163398
8859,4.5943794,4.402612,0.19176725
8860,4.5933785,4.4016294,0.19174881
8861,4.5922365,4.400389,0.1918472
8862,4.59126,4.399434,0.19182602
8863,4.590128,4.398441,0.19168727
8864,4.5892057,4.3970466,0.19215928
8865,4.5878778,4.3961105,0.19176729
8866,4.5871058,4.395201,0.19190441
8867,4.585702,4.3934813,0.19222088
8868,4.5839624,4.3925543,0.19140813
8869,4.583159,4.391689,0.19147022
8870,4.581851,4.390122,0.19172935
8871,4.580594,4.3891654,0.19142887
8872,4.5797887,4.388429,0.19135973
8873,4.578645,4.3870993,0.19154628
8874,4.577631,4.3857603,0.19187097
8875,4.5762196,4.384926,0.19129398
8876,4.5746684,4.3835616,0.19110683
8877,4.5737414,4.3822737,0.19146793
8878,4.572421,4.3814025,0.19101873
8879,4.570929,4.380152,0.19077678
8880,4.56998,4.37894,0.19104007
8881,4.568826,4.3780336,0.19079228
8882,4.5675306,4.37671,0.19082092
8883,4.5664005,4.3754554,0.19094522
8884,4.5652394,4.374524,0.19071493
8885,4.564546,4.3735156,0.19103086
8886,4.563406,4.371981,0.19142464
8887,4.561992,4.3711514,0.19084041
8888,4.5608616,4.370253,0.19060864
8889,4.559968,4.368775,0.19119279
8890,4.5583553,4.367909,0.19044648
8891,4.557313,4.36667,0.19064286
8892,4.5563984,4.3653316,0.1910663
8893,4.554929,4.3644495,0.19047938
8894,4.5539637,4.363355,0.19060841
8895,4.5528054,4.362046,0.19075982
8896,4.5516562,4.3609915,0.19066456
8897,4.5507984,4.360009,0.19078918
8898,4.5492706,4.358498,0.19077244
8899,4.54818,4.3573575,0.19082284
8900,4.5471897,4.356696,0.19049369
8901,4.5456786,4.355313,0.19036588
8902,4.544252,4.354088,0.19016382
8903,4.543265,4.3530917,0.19017285
8904,4.542214,4.3518996,0.19031432
8905,4.541001,4.350603,0.19039771
8906,4.5396495,4.3496046,0.19004478
8907,4.538559,4.3485265,0.1900321
8908,4.5373993,4.34722,0.19017923
8909,4.536551,4.34586,0.19069095
8910,4.5353336,4.3450003,0.19033344
8911,4.5341363,4.344063,0.19007358
8912,4.5329447,4.342816,0.19012874
8913,4.5317616,4.341733,0.19002897
8914,4.53119,4.340856,0.19033381
8915,4.5299115,4.339328,0.1905835
8916,4.528041,4.3382688,0.18977219
8917,4.527064,4.337407,0.18965681
8918,4.525792,4.3360615,0.18973055
8919,4.524538,4.3347816,0.189756
8920,4.5234323,4.333631,0.18980081
8921,4.522307,4.3324633,0.18984345
8922,4.5210137,4.331439,0.18957496
8923,4.5196376,4.3301744,0.18946317
8924,4.5183864,4.3288045,0.18958214
8925,4.5172267,4.327698,0.1895284
8926,4.51592,4.3265676,0.1893522
8927,4.5146303,4.3253646,0.18926576
8928,4.513496,4.324363,0.18913239
8929,4.512227,4.323189,0.18903813
8930,4.510944,4.321803,0.18914072
8931,4.509877,4.320566,0.18931077
8932,4.5088553,4.3196406,0.18921478
8933,4.507785,4.3181214,0.1896635
8934,4.50642,4.317168,0.1892519
8935,4.5055947,4.316197,0.18939765
8936,4.5043545,4.3147235,0.18963097
8937,4.5029116,4.313656,0.18925576
8938,4.5016847,4.312619,0.1890653
8939,4.5001874,4.3112135,0.18897398
8940,4.499219,4.3099136,0.18930502
8941,4.498004,4.308918,0.18908593
8942,4.496757,4.3076777,0.1890794
8943,4.4957175,4.3067513,0.18896618
8944,4.494779,4.3059397,0.18883948
8945,4.4935536,4.304671,0.18888286
8946,4.492326,4.303391,0.18893445
8947,4.491096,4.3022532,0.18884237
8948,4.489709,4.3009486,0.1887602
8949,4.488541,4.299796,0.18874519
8950,4.4872203,4.298626,0.18859442
8951,4.48571,4.2972407,0.1884696
8952,4.484433,4.295965,0.1884681
8953,4.483328,4.2948813,0.18844667
8954,4.4822063,4.2939563,0.18824987
8955,4.4811215,4.2925043,0.18861742
8956,4.479775,4.291336,0.1884388
8957,4.478576,4.290236,0.18833998
8958,4.4776635,4.2888594,0.18880412
8959,4.476284,4.287997,0.1882874
8960,4.4751496,4.286819,0.1883305
8961,4.4740906,4.2853336,0.18875703
8962,4.4726768,4.2843304,0.18834643
8963,4.471329,4.2829094,0.18841986
8964,4.4698834,4.2816234,0.18825963
8965,4.4686785,4.280542,0.18813664
8966,4.4676504,4.279318,0.1883325
8967,4.4661264,4.278115,0.18801162
8968,4.464846,4.276915,0.18793091
8969,4.4636207,4.275866,0.1877544
8970,4.4624395,4.2747293,0.1877102
8971,4.4614587,4.273436,0.18802261
8972,4.460279,4.272324,0.18795519
8973,4.4589977,4.271249,0.1877487
8974,4.457824,4.269966,0.1878582
8975,4.4567842,4.268784,0.188
8976,4.4556737,4.267719,0.18795481
8977,4.4543085,4.2664843,0.18782413
8978,4.452949,4.2653775,0.1875718
8979,4.4517803,4.264237,0.18754347
8980,4.450941,4.2625995,0.18834159
8981,4.4496813,4.261554,0.18812776
8982,4.448563,4.260575,0.18798812
8983,4.447531,4.259255,0.18827592
8984,4.446056,4.2584147,0.1876413
8985,4.4450655,4.2573004,0.1877652
8986,4.443856,4.2556996,0.18815619
8987,4.442351,4.2547464,0.18760422
8988,4.441428,4.253784,0.1876442
8989,4.4401016,4.25201,0.18809147
8990,4.438436,4.25087,0.1875659
8991,4.437439,4.2496843,0.1877545
8992,4.4359365,4.248134,0.18780276
8993,4.4345927,4.2470775,0.1875151
8994,4.4334702,4.2461076,0.18736258
8995,4.432059,4.244759,0.18729956
8996,4.4308014,4.2435384,0.18726295
8997,4.4296384,4.242399,0.18723905
8998,4.428707,4.241233,0.18747422
8999,4.427593,4.2400827,0.18751061
9000,4.426486,4.2390356,0.18745036
9001,4.425085,4.2378216,0.18726365
9002,4.423513,4.236539,0.18697383
9003,4.422116,4.2351685,0.18694744
9004,4.421106,4.2339864,0.18711945
9005,4.4198403,4.23267,0.18717007
9006,4.418628,4.231695,0.18693268
9007,4.417492,4.2305737,0.1869182
9008,4.415976,4.228985,0.18699136
9009,4.4146857,4.227839,0.1868463
9010,4.413434,4.226661,0.18677287
9011,4.4120584,4.2254157,0.18664236
9012,4.4108315,4.2244496,0.18638155
9013,4.409705,4.22328,0.18642488
9014,4.4086723,4.2219086,0.18676393
9015,4.4075384,4.220737,0.18680127
9016,4.406412,4.219789,0.18662317
9017,4.4050546,4.2185574,0.18649724
9018,4.4034357,4.217149,0.18628685
9019,4.40251,4.215581,0.18692891
9020,4.4013023,4.214456,0.1868463
9021,4.399774,4.2133346,0.18643954
9022,4.398455,4.21217,0.18628469
9023,4.397334,4.210862,0.1864719
9024,4.39604,4.2097406,0.18629901
9025,4.3947387,4.2083507,0.1863881
9026,4.3933935,4.2072563,0.18613754
9027,4.3922606,4.2061152,0.18614502
9028,4.391081,4.204819,0.18626158
9029,4.3899674,4.203673,0.186295
9030,4.388409,4.2024436,0.18596558
9031,4.3874273,4.20116,0.18626742
9032,4.3861923,4.2001734,0.18601887
9033,4.3850274,4.1987786,0.18624873
9034,4.3838534,4.1973214,0.18653217
9035,4.382679,4.1962376,0.18644127
9036,4.381105,4.1950936,0.18601124
9037,4.3799214,4.193776,0.18614568
9038,4.378628,4.192622,0.18600576
9039,4.377457,4.191307,0.18615036
9040,4.3760033,4.189891,0.1861124
9041,4.3747387,4.188954,0.18578461
9042,4.3734374,4.1877484,0.18568926
9043,4.372133,4.186298,0.18583477
9044,4.370717,4.185134,0.18558311
9045,4.3693314,4.183798,0.18553351
9046,4.3683777,4.182735,0.18564264
9047,4.367244,4.1816897,0.18555412
9048,4.3659678,4.180158,0.18580961
9049,4.364536,4.179023,0.18551275
9050,4.3635535,4.177979,0.18557471
9051,4.3626204,4.1764655,0.18615493
9052,4.3611336,4.1755414,0.18559203
9053,4.3598714,4.174315,0.18555616
9054,4.3586926,4.172914,0.18577859
9055,4.357533,4.1718125,0.18572064
9056,4.356286,4.1706543,0.18563178
9057,4.354931,4.1693587,0.18557224
9058,4.353469,4.168007,0.1854622
9059,4.352379,4.1667,0.18567881
9060,4.351076,4.1655912,0.18548504
9061,4.3497686,4.164339,0.1854293
9062,4.3484135,4.16329,0.18512338
9063,4.347273,4.161961,0.1853115
9064,4.346293,4.160592,0.185701
9065,4.345137,4.1595597,0.18557706
9066,4.343732,4.158524,0.1852076
9067,4.342412,4.1570473,0.18536463
9068,4.3412113,4.1558986,0.18531232
9069,4.3397026,4.1544547,0.18524788
9070,4.3384514,4.1532564,0.18519516
9071,4.337143,4.1520987,0.18504456
9072,4.3360467,4.15086,0.18518722
9073,4.334637,4.149502,0.18513536
9074,4.3336024,4.1481805,0.18542185
9075,4.3322783,4.1470065,0.18527159
9076,4.330912,4.1459165,0.18499598
9077,4.3293433,4.144464,0.18487975
9078,4.328047,4.1431894,0.18485712
9079,4.326704,4.1420236,0.18468049
9080,4.325324,4.1404686,0.1848552
9081,4.323959,4.1394753,0.18448362
9082,4.3228974,4.1384287,0.18446848
9083,4.3215084,4.1370416,0.18446672
9084,4.320265,4.135859,0.1844056
9085,4.3190823,4.1347322,0.18434998
9086,4.3178153,4.1332254,0.18458955
9087,4.3164315,4.13219,0.18424138
9088,4.3152366,4.1309366,0.18429974
9089,4.3139787,4.1297026,0.18427625
9090,4.3127503,4.1283665,0.18438347
9091,4.311282,4.127107,0.18417513
9092,4.3101826,4.125872,0.18431053
9093,4.3090124,4.1248302,0.18418226
9094,4.3076057,4.123527,0.18407886
9095,4.3063836,4.12207,0.18431376
9096,4.3053327,4.1209497,0.18438269
9097,4.3039246,4.119671,0.18425357
9098,4.302704,4.1185555,0.18414806
9099,4.301499,4.1175513,0.18394792
9100,4.3002114,4.1158156,0.18439588
9101,4.2991858,4.114519,0.1846666
9102,4.2975693,4.1133804,0.18418872
9103,4.296401,4.1123047,0.18409629
9104,4.295176,4.1111975,0.1839786
9105,4.294,4.1098666,0.18413319
9106,4.2926197,4.108316,0.18430345
9107,4.2911477,4.1072526,0.18389478
9108,4.2898707,4.105982,0.18388876
9109,4.2884974,4.104705,0.18379276
9110,4.2872496,4.1034203,0.1838292
9111,4.2858167,4.1020627,0.1837537
9112,4.2849402,4.100606,0.18433452
9113,4.283468,4.0997167,0.18375099
9114,4.282222,4.098417,0.18380514
9115,4.281104,4.0972567,0.18384731
9116,4.279863,4.0962186,0.18364425
9117,4.2784185,4.094515,0.183904
9118,4.277187,4.0933404,0.18384616
9119,4.275962,4.092366,0.18359551
9120,4.274493,4.090812,0.18368086
9121,4.273083,4.0896096,0.1834738
9122,4.271827,4.088308,0.18351921
9123,4.270556,4.086819,0.18373713
9124,4.269235,4.0857444,0.18349044
9125,4.2680035,4.084602,0.18340138
9126,4.266729,4.0832915,0.18343751
9127,4.2654414,4.0821915,0.18324995
9128,4.264061,4.0808053,0.1832554
9129,4.262853,4.079599,0.18325424
9130,4.26156,4.0784516,0.18310821
9131,4.26024,4.076997,0.18324326
9132,4.258891,4.0757246,0.18316635
9133,4.257881,4.0745587,0.1833225
9134,4.256386,4.0731277,0.18325798
9135,4.2550874,4.0719385,0.18314901
9136,4.253956,4.0707436,0.18321213
9137,4.252739,4.069353,0.18338604
9138,4.2515125,4.0680113,0.18350132
9139,4.2498274,4.067036,0.18279111
9140,4.2485123,4.0656734,0.18283899
9141,4.2469873,4.064348,0.18263935
9142,4.245758,4.0630093,0.18274878
9143,4.2444963,4.061495,0.18300149
9144,4.243036,4.060438,0.18259738
9145,4.2419486,4.059372,0.18257657
9146,4.240669,4.057984,0.18268465
9147,4.239145,4.056568,0.18257669
9148,4.2379766,4.0551105,0.18286617
9149,4.2368264,4.054145,0.1826816
9150,4.235557,4.0529013,0.18265583
9151,4.2342496,4.051638,0.18261103
9152,4.2327704,4.0502534,0.18251686
9153,4.2314816,4.0488477,0.18263398
9154,4.230051,4.0476127,0.18243837
9155,4.2288046,4.0464287,0.18237586
9156,4.227349,4.0451818,0.18216726
9157,4.2263036,4.0436273,0.18267615
9158,4.2253947,4.042635,0.18275961
9159,4.223728,4.041161,0.18256706
9160,4.2221317,4.0401373,0.18199436
9161,4.221062,4.0390234,0.18203835
9162,4.2198753,4.037477,0.18239841
9163,4.218817,4.0362515,0.1825653
9164,4.2173414,4.03466,0.18268155
9165,4.216112,4.034102,0.18201032
9166,4.2148643,4.03268,0.18218409
9167,4.213361,4.0310497,0.1823113
9168,4.2122817,4.0298467,0.18243523
9169,4.2106605,4.0285587,0.18210205
9170,4.209354,4.027327,0.18202695
9171,4.208178,4.0263233,0.18185475
9172,4.206622,4.0246577,0.18196443
9173,4.205433,4.023257,0.18217608
9174,4.204149,4.022167,0.18198162
9175,4.202871,4.0212784,0.18159255
9176,4.2017145,4.019916,0.18179846
9177,4.200249,4.0186687,0.18158051
9178,4.198979,4.0171423,0.18183652
9179,4.1977534,4.0158935,0.18185975
9180,4.1965313,4.014974,0.18155728
9181,4.1952972,4.0135384,0.18175879
9182,4.1938095,4.0122952,0.1815141
9183,4.1924314,4.010959,0.18147233
9184,4.1910057,4.009535,0.1814713
9185,4.189689,4.008336,0.18135321
9186,4.188324,4.0069103,0.18141401
9187,4.1870627,4.0057654,0.18129733
9188,4.1859612,4.004398,0.18156305
9189,4.1845403,4.003254,0.18128596
9190,4.1833897,4.0017686,0.18162084
9191,4.181823,4.000723,0.18110004
9192,4.1806803,3.9995842,0.18109624
9193,4.1797547,3.9976938,0.18206075
9194,4.1780844,3.9967692,0.18131499
9195,4.1762733,3.9951904,0.18108311
9196,4.175179,3.994019,0.18116017
9197,4.1742797,3.9933846,0.18089521
9198,4.1729345,3.9916747,0.18126006
9199,4.1714525,3.9907172,0.18073532
9200,4.1701174,3.989467,0.18065026
9201,4.169481,3.987691,0.18178979
9202,4.1684055,3.9870834,0.18132202
9203,4.1666756,3.985125,0.1815505
9204,4.1648235,3.9840512,0.1807721
9205,4.1636624,3.982829,0.18083338
9206,4.1625094,3.9814904,0.18101902
9207,4.16143,3.9807556,0.18067442
9208,4.1599607,3.979085,0.18087547
9209,4.1583695,3.9779022,0.18046752
9210,4.1570745,3.9766986,0.18037608
9211,4.1557493,3.975243,0.18050624
9212,4.1543818,3.9741178,0.18026395
9213,4.152877,3.9726527,0.18022418
9214,4.151934,3.9712281,0.18070588
9215,4.1506844,3.9704998,0.18018457
9216,4.1493807,3.9687345,0.1806459
9217,4.147808,3.9676614,0.18014692
9218,4.146877,3.966444,0.1804327
9219,4.145143,3.964684,0.18045901
9220,4.1437197,3.9636533,0.18006624
9221,4.1426024,3.9625027,0.1800996
9222,4.141556,3.9609773,0.1805784
9223,4.140034,3.9600434,0.17999093
9224,4.138932,3.9584696,0.1804627
9225,4.137596,3.9573054,0.18029067
9226,4.1363254,3.956258,0.18006715
9227,4.1349335,3.9545918,0.18034187
9228,4.13373,3.9534788,0.180251
9229,4.132506,3.9523082,0.1801978
9230,4.131108,3.9509625,0.18014537
9231,4.129658,3.9498951,0.1797628
9232,4.1282263,3.9484537,0.17977253
9233,4.1269245,3.9469495,0.17997515
9234,4.1256137,3.9457307,0.17988274
9235,4.12411,3.9444127,0.1796977
9236,4.1229763,3.943208,0.17976801
9237,4.121735,3.9420078,0.17972746
9238,4.1204576,3.9406815,0.17977624
9239,4.119103,3.9393735,0.17972963
9240,4.117802,3.9380853,0.17971683
9241,4.116546,3.9369047,0.17964146
9242,4.115279,3.9358492,0.17943005
9243,4.1138334,3.9341989,0.17963465
9244,4.1123986,3.932823,0.17957573
9245,4.111047,3.9316566,0.17939027
9246,4.109894,3.930098,0.1797955
9247,4.108428,3.92918,0.17924805
9248,4.106788,3.927669,0.1791192
9249,4.1058936,3.9262648,0.179629
9250,4.1053996,3.9254065,0.17999338
9251,4.103895,3.9236047,0.18029022
9252,4.1022496,3.9230413,0.17920813
9253,4.100542,3.9216228,0.17891942
9254,4.099752,3.9199874,0.17976424
9255,4.098724,3.9191935,0.17953049
9256,4.097133,3.917429,0.17970416
9257,4.095468,3.9164503,0.1790177
9258,4.0944915,3.9153185,0.17917301
9259,4.092961,3.913597,0.17936385
9260,4.0916004,3.9124122,0.17918815
9261,4.089882,3.911132,0.1787499
9262,4.088936,3.909846,0.17908967
9263,4.0877395,3.9089022,0.1788373
9264,4.0863466,3.9072526,0.17909385
9265,4.0849266,3.9060497,0.17887679
9266,4.083689,3.9047513,0.17893775
9267,4.082462,3.9036076,0.17885439
9268,4.081221,3.9025507,0.17867012
9269,4.0797706,3.9009519,0.17881837
9270,4.078451,3.8998344,0.17861682
9271,4.0771422,3.8982975,0.17884457
9272,4.0760283,3.8971589,0.17886963
9273,4.075075,3.8963895,0.17868593
9274,4.0736365,3.8946886,0.17894784
9275,4.072075,3.8935554,0.17851952
9276,4.070624,3.89199,0.17863399
9277,4.068936,3.8907404,0.1781955
9278,4.067573,3.8895752,0.17799763
9279,4.06627,3.8881683,0.1781013
9280,4.0650296,3.8868294,0.17820036
9281,4.0638947,3.8856378,0.17825723
9282,4.0624166,3.8842604,0.17815618
9283,4.061273,3.883204,0.17806906
9284,4.059885,3.8820803,0.17780459
9285,4.0586295,3.880501,0.17812872
9286,4.057423,3.8793895,0.17803355
9287,4.0559134,3.8776524,0.1782609
9288,4.054472,3.8764462,0.1780257
9289,4.0535445,3.875616,0.17792855
9290,4.052768,3.8739166,0.17885186
9291,4.0511107,3.8731008,0.17801031
9292,4.049568,3.8716457,0.17792264
9293,4.0485005,3.8702273,0.17827335
9294,4.0475664,3.8694425,0.17812367
9295,4.0457945,3.8678079,0.17798658
9296,4.04459,3.866472,0.17811808
9297,4.043931,3.865747,0.17818412
9298,4.0421524,3.8638802,0.17827228
9299,4.040405,3.8627656,0.1776394
9300,4.039415,3.8617857,0.17762935
9301,4.0380445,3.8600562,0.17798837
9302,4.036228,3.858909,0.17731932
9303,4.034979,3.8576026,0.17737615
9304,4.033954,3.856219,0.177735
9305,4.0326056,3.8554296,0.1771762
9306,4.0311155,3.853945,0.17717065
9307,4.0297246,3.8526342,0.1770904
9308,4.028965,3.8515747,0.17739028
9309,4.0274405,3.8500154,0.17742504
9310,4.0260434,3.8489885,0.17705458
9311,4.0246816,3.8477778,0.17690381
9312,4.023589,3.8461723,0.1774167
9313,4.0224924,3.844981,0.1775117
9314,4.021133,3.8438375,0.17729554
9315,4.019968,3.8426428,0.17732517
9316,4.018497,3.8414397,0.17705752
9317,4.0173507,3.8398645,0.17748609
9318,4.016241,3.8386345,0.1776067
9319,4.0146246,3.8375907,0.17703378
9320,4.0134735,3.8364522,0.17702127
9321,4.012192,3.835176,0.17701559
9322,4.0108852,3.8335192,0.17736593
9323,4.0094237,3.8324072,0.1770166
9324,4.0082154,3.831318,0.1768978
9325,4.0071034,3.8301916,0.17691186
9326,4.0056777,3.8288124,0.17686528
9327,4.0042496,3.827433,0.1768163
9328,4.002981,3.8258927,0.17708866
9329,4.001451,3.8248582,0.17659298
9330,3.999946,3.8233573,0.17658886
9331,3.9991064,3.8219616,0.17714477
9332,3.9979722,3.8211117,0.17686048
9333,3.9965482,3.8192723,0.17727605
9334,3.9948497,3.8183527,0.17649683
9335,3.993717,3.817403,0.17631404
9336,3.9928143,3.8157642,0.17705014
9337,3.9914477,3.8149111,0.17653659
9338,3.9900749,3.813555,0.17651999
9339,3.9888344,3.8118224,0.17701207
9340,3.9874845,3.8108487,0.17663577
9341,3.9862773,3.8096492,0.17662808
9342,3.9852285,3.8080187,0.17720988
9343,3.9837482,3.8071523,0.17659594
9344,3.9821324,3.8055599,0.17657256
9345,3.9809277,3.804275,0.17665267
9346,3.980115,3.8034425,0.17667241
9347,3.9789717,3.8017628,0.17720877
9348,3.9773004,3.8009713,0.17632914
9349,3.9756165,3.7995536,0.17606285
9350,3.9747224,3.7980163,0.17670609
9351,3.9733648,3.7972417,0.17612314
9352,3.9716914,3.7958071,0.17588416
9353,3.9709463,3.7942224,0.17672381
9354,3.9696674,3.7933974,0.17627005
9355,3.967701,3.7915878,0.17611311
9356,3.9665947,3.7902439,0.1763508
9357,3.9655576,3.7894526,0.17610493
9358,3.963826,3.7876315,0.17619458
9359,3.9620552,3.7865171,0.17553799
9360,3.9611745,3.785581,0.17559354
9361,3.960197,3.7838361,0.17636093
9362,3.9582272,3.783045,0.17518218
9363,3.9568832,3.7815938,0.17528951
9364,3.9561093,3.7800028,0.17610633
9365,3.9550154,3.779189,0.17582624
9366,3.953359,3.7775614,0.17579767
9367,3.952089,3.7766426,0.17544648
9368,3.9510648,3.7755833,0.17548159
9369,3.9497716,3.7737038,0.17606804
9370,3.9482918,3.7726924,0.17559934
9371,3.9469109,3.7716272,0.17528388
9372,3.9462037,3.7700841,0.17611948
9373,3.9445753,3.7693946,0.17518066
9374,3.9429557,3.7678363,0.17511943
9375,3.942467,3.7662537,0.17621319
9376,3.9411275,3.7655568,0.17557064
9377,3.939107,3.7640085,0.17509831
9378,3.937834,3.7628257,0.17500834
9379,3.9368958,3.7619343,0.17496169
9380,3.93566,3.7601748,0.17548525
9381,3.9339561,3.7591197,0.17483644
9382,3.9326308,3.757887,0.17474385
9383,3.9313898,3.756356,0.1750337
9384,3.9300368,3.7551527,0.17488423
9385,3.9289355,3.7541075,0.17482825
9386,3.9279366,3.7523146,0.17562181
9387,3.9260569,3.7514734,0.1745836
9388,3.9247222,3.7501884,0.17453381
9389,3.923575,3.7486598,0.17491516
9390,3.9223666,3.7476802,0.17468636
9391,3.9210176,3.7463515,0.17466602
9392,3.919893,3.7449799,0.17491299
9393,3.9185903,3.7440608,0.17452955
9394,3.917235,3.742458,0.17477697
9395,3.9159956,3.7412786,0.17471692
9396,3.914685,3.7402067,0.17447825
9397,3.9134989,3.7390492,0.1744497
9398,3.9122784,3.737749,0.17452927
9399,3.910855,3.7362185,0.17463656
9400,3.9091344,3.7349916,0.1741428
9401,3.907867,3.73366,0.17420696
9402,3.9065816,3.7324965,0.17408499
9403,3.905347,3.7312589,0.17408828
9404,3.9041119,3.7300062,0.17410561
9405,3.9029968,3.7287745,0.17422216
9406,3.901519,3.7276747,0.1738443
9407,3.9001055,3.726288,0.17381734
9408,3.898989,3.7248302,0.17415889
9409,3.8976924,3.7235923,0.17410015
9410,3.8962793,3.7222419,0.1740376
9411,3.8951206,3.7210608,0.17405984
9412,3.8940113,3.7198915,0.17411968
9413,3.892723,3.7183673,0.17435583
9414,3.8914077,3.717415,0.17399278
9415,3.8899965,3.7161477,0.17384878
9416,3.889149,3.7146018,0.1745471
9417,3.8876183,3.7137172,0.17390111
9418,3.8860571,3.712211,0.17384644
9419,3.8848672,3.7108936,0.17397353
9420,3.8835666,3.709916,0.17365044
9421,3.882467,3.7086692,0.17379794
9422,3.8813694,3.7076006,0.17376876
9423,3.8803225,3.7066386,0.1736838
9424,3.8793302,3.7047963,0.17453405
9425,3.8776648,3.7039547,0.17371018
9426,3.8765113,3.702674,0.17383733
9427,3.8753455,3.7013283,0.17401709
9428,3.8740041,3.7001555,0.17384867
9429,3.872696,3.6988108,0.1738852
9430,3.8715584,3.697413,0.17414531
9431,3.870361,3.6964755,0.1738855
9432,3.869004,3.6950269,0.17397712
9433,3.8674994,3.6937013,0.17379817
9434,3.86609,3.6923766,0.17371328
9435,3.8649783,3.6910925,0.17388579
9436,3.8636806,3.6899998,0.17368075
9437,3.862266,3.6887596,0.17350641
9438,3.8610187,3.687548,0.1734706
9439,3.859618,3.6863449,0.17327303
9440,3.8584628,3.6849074,0.17355548
9441,3.8568053,3.6837144,0.17309095
9442,3.8555477,3.682348,0.17319977
9443,3.8543289,3.68117,0.17315894
9444,3.8529897,3.6800232,0.17296645
9445,3.8521304,3.6784413,0.17368922
9446,3.850554,3.677534,0.17301992
9447,3.8491263,3.6761115,0.17301491
9448,3.8478036,3.6747956,0.173008
9449,3.8465106,3.6736364,0.1728742
9450,3.8453171,3.672363,0.17295411
9451,3.8439436,3.6712089,0.17273459
9452,3.8425846,3.6699235,0.17266122
9453,3.8416593,3.6683552,0.17330408
9454,3.8403397,3.6674926,0.17284709
9455,3.8386414,3.6660662,0.17257527
9456,3.8375251,3.6648295,0.17269559
9457,3.8362584,3.6637247,0.17253375
9458,3.8349566,3.6623132,0.17264336
9459,3.8335435,3.6612191,0.17232436
9460,3.832489,3.6600447,0.17244442
9461,3.8312936,3.658491,0.17280285
9462,3.8297994,3.6575315,0.17226794
9463,3.8286526,3.6562614,0.17239125
9464,3.8275607,3.65487,0.17269059
9465,3.826319,3.6540217,0.17229728
9466,3.8248029,3.6525073,0.17229542
9467,3.8237028,3.6511319,0.17257074
9468,3.8225951,3.6502209,0.17237435
9469,3.8211122,3.6486132,0.17249882
9470,3.8200278,3.647618,0.17240985
9471,3.8189297,3.6464944,0.1724353
9472,3.8178039,3.6450229,0.17278084
9473,3.816223,3.6442757,0.17194723
9474,3.8149002,3.6426086,0.17229146
9475,3.8134327,3.6413085,0.172124
9476,3.8122008,3.6401389,0.17206185
9477,3.8108754,3.6387367,0.17213866
9478,3.809576,3.6376584,0.17191762
9479,3.80827,3.6364567,0.17181316
9480,3.8070183,3.634981,0.17203753
9481,3.8059812,3.6340516,0.17192955
9482,3.8046577,3.6326888,0.17196898
9483,3.803309,3.6316245,0.17168467
9484,3.801841,3.6302829,0.17155811
9485,3.8007414,3.6287687,0.17197269
9486,3.79939,3.627709,0.17168109
9487,3.7981203,3.626402,0.17171822
9488,3.7966835,3.625113,0.17157067
9489,3.7953627,3.624022,0.17134066
9490,3.7942474,3.6224918,0.1717557
9491,3.792966,3.6213157,0.17165023
9492,3.7912934,3.6199262,0.1713671
9493,3.7900043,3.618711,0.17129329
9494,3.7889445,3.617595,0.17134953
9495,3.7874978,3.616041,0.17145686
9496,3.7860692,3.6149273,0.17114201
9497,3.7848346,3.6137567,0.17107801
9498,3.783621,3.6124134,0.17120777
9499,3.782173,3.6113212,0.17085178
9500,3.780932,3.6099122,0.17101987
9501,3.7798228,3.6085944,0.17122836
9502,3.7788615,3.607852,0.1710096
9503,3.7774057,3.6061544,0.17125133
9504,3.7757635,3.6051989,0.1705647
9505,3.7743578,3.603807,0.17055061
9506,3.773236,3.6024232,0.17081285
9507,3.7720459,3.6013958,0.17064993
9508,3.7706096,3.6000204,0.17058924
9509,3.7694182,3.5988274,0.17059073
9510,3.7683735,3.5976412,0.1707321
9511,3.7673542,3.5963976,0.17095675
9512,3.7662055,3.595555,0.17065044
9513,3.7645745,3.59395,0.17062467
9514,3.7632551,3.5927465,0.17050871
9515,3.7625113,3.591732,0.17077917
9516,3.761389,3.5901568,0.1712324
9517,3.7599883,3.5895085,0.1704798
9518,3.7583864,3.5879698,0.17041655
9519,3.757338,3.5865731,0.17076504
9520,3.7564085,3.5856574,0.17075118
9521,3.75498,3.5841656,0.17081474
9522,3.7537158,3.5831683,0.17054744
9523,3.752651,3.5821352,0.17051573
9524,3.7513096,3.5804353,0.17087437
9525,3.7499037,3.5793455,0.17055827
9526,3.7485225,3.578181,0.17034145
9527,3.7477868,3.5766327,0.17115402
9528,3.7464902,3.5759857,0.17050466
9529,3.7447627,3.5742533,0.17050932
9530,3.743242,3.5730233,0.17021866
9531,3.7421796,3.5718772,0.17030254
9532,3.7407517,3.5704637,0.17028806
9533,3.7393315,3.5694897,0.1698417
9534,3.7382278,3.568225,0.17000277
9535,3.7369487,3.566861,0.17008786
9536,3.735581,3.5657449,0.16983616
9537,3.734166,3.5642686,0.16989726
9538,3.7329001,3.5631058,0.16979435
9539,3.7316313,3.5620077,0.16962357
9540,3.7303295,3.5607808,0.16954865
9541,3.7293532,3.559422,0.16993126
9542,3.728225,3.5585043,0.16972062
9543,3.7271135,3.5569878,0.17012574
9544,3.7256622,3.5560637,0.16959873
9545,3.72455,3.5550685,0.16948155
9546,3.7232242,3.553501,0.16972333
9547,3.7217968,3.552411,0.16938558
9548,3.720594,3.5511823,0.16941166
9549,3.7192364,3.5498726,0.16936374
9550,3.7178233,3.5487235,0.16909984
9551,3.7166376,3.5474691,0.16916864
9552,3.7155013,3.5462272,0.16927393
9553,3.7143426,3.5453343,0.16900823
9554,3.7129061,3.5438178,0.16908836
9555,3.7117221,3.5425873,0.1691349
9556,3.7106385,3.5415678,0.16907062
9557,3.7094047,3.5400996,0.16930524
9558,3.7083485,3.53906,0.16928834
9559,3.7071204,3.5379283,0.16919208
9560,3.7058282,3.5365603,0.16926774
9561,3.704262,3.5352943,0.1689677
9562,3.7031698,3.5340075,0.16916235
9563,3.701969,3.5329847,0.1689843
9564,3.7009015,3.5314639,0.16943763
9565,3.6996067,3.5305483,0.16905844
9566,3.69806,3.5292063,0.16885391
9567,3.6974363,3.5277402,0.16969624
9568,3.696365,3.5270586,0.16930656
9569,3.6945317,3.525416,0.16911575
9570,3.6931684,3.5242345,0.16893382
9571,3.6920052,3.5233164,0.16868888
9572,3.6909955,3.5218616,0.16913381
9573,3.6897154,3.5209367,0.1687785
9574,3.6881511,3.5195415,0.16860951
9575,3.6867664,3.5182993,0.16846713
9576,3.6857142,3.5173266,0.16838773
9577,3.6848626,3.5159633,0.16889933
9578,3.6835191,3.5150132,0.16850585
9579,3.682195,3.5136654,0.16852954
9580,3.6808972,3.5124056,0.16849156
9581,3.6797519,3.5113919,0.16836
9582,3.6785946,3.5098548,0.16873993
9583,3.6770246,3.5087724,0.16825226
9584,3.6757758,3.5075886,0.16818726
9585,3.6747954,3.506102,0.1686933
9586,3.6736162,3.505347,0.16826901
9587,3.6720362,3.5038319,0.16820419
9588,3.6706285,3.5026922,0.16793616
9589,3.6696267,3.5017655,0.16786113
9590,3.6684344,3.5001976,0.16823661
9591,3.6668928,3.499132,0.16776076
9592,3.6656694,3.4979513,0.1677182
9593,3.6643476,3.4965422,0.16780543
9594,3.6631818,3.4953144,0.16786738
9595,3.6620808,3.494283,0.16779776
9596,3.6610236,3.4926913,0.16833217
9597,3.659544,3.4918053,0.16773851
9598,3.6584024,3.4906921,0.16771021
9599,3.6576455,3.4891088,0.1685365
9600,3.6566873,3.488404,0.1682832
9601,3.654801,3.4867177,0.16808322
9602,3.6533997,3.4856634,0.16773634
9603,3.652533,3.484862,0.167671
9604,3.6510963,3.483208,0.16788843
9605,3.6495545,3.4821734,0.1673811
9606,3.6484873,3.4809864,0.16750117
9607,3.6475127,3.4795969,0.16791573
9608,3.6463394,3.4787529,0.1675865
9609,3.6450562,3.4774773,0.16757889
9610,3.643874,3.4761243,0.16774963
9611,3.6427019,3.4752016,0.1675004
9612,3.6413012,3.4737816,0.16751964
9613,3.6399977,3.4725363,0.16746138
9614,3.6387517,3.4715812,0.16717044
9615,3.6373212,3.470077,0.16724423
9616,3.6358318,3.4688694,0.16696222
9617,3.6350129,3.4678986,0.16711424
9618,3.6340435,3.4662843,0.16775927
9619,3.632514,3.4654446,0.16706954
9620,3.630975,3.4641564,0.16681865
9621,3.6302855,3.4627714,0.16751409
9622,3.6292229,3.4619033,0.1673194
9623,3.6279566,3.4602802,0.16767637
9624,3.6260517,3.459386,0.16666567
9625,3.6248891,3.4582188,0.16667041
9626,3.6240292,3.4566839,0.1673453
9627,3.622458,3.455806,0.16665184
9628,3.6210055,3.4544039,0.16660157
9629,3.6199162,3.4530737,0.16684246
9630,3.6185286,3.4522529,0.16627578
9631,3.6172686,3.45083,0.16643846
9632,3.6159706,3.449551,0.16641939
9633,3.6147442,3.4485006,0.16624372
9634,3.6136756,3.447069,0.16660668
9635,3.6126738,3.4462264,0.16644731
9636,3.6111963,3.4449928,0.16620356
9637,3.6102958,3.443579,0.1667169
9638,3.6089776,3.4426644,0.16631314
9639,3.6078944,3.4411583,0.1667361
9640,3.6062927,3.440221,0.16607167
9641,3.6050413,3.4390655,0.16597596
9642,3.6041,3.4377284,0.1663715
9643,3.6029322,3.436788,0.16614401
9644,3.6014977,3.435359,0.16613843
9645,3.6003385,3.4342225,0.16611604
9646,3.599542,3.4334114,0.16613062
9647,3.5982957,3.4317589,0.16653664
9648,3.5966833,3.4308596,0.16582376
9649,3.595497,3.4298656,0.16563135
9650,3.5944092,3.4283805,0.16602872
9651,3.5929236,3.4272358,0.16568771
9652,3.5915177,3.4259064,0.16561106
9653,3.59073,3.424626,0.16610387
9654,3.589522,3.4237452,0.16577658
9655,3.5879881,3.422453,0.16553509
9656,3.5870483,3.4212377,0.16581042
9657,3.5857518,3.42035,0.16540173
9658,3.5843217,3.4189572,0.16536465
9659,3.5832713,3.4176195,0.16565177
9660,3.5822127,3.4165967,0.16561605
9661,3.5813313,3.415136,0.16619505
9662,3.5801187,3.4146402,0.16547838
9663,3.5782454,3.4129274,0.165318
9664,3.5770664,3.4116578,0.16540858
9665,3.5762637,3.4109273,0.16533644
9666,3.5747836,3.4094272,0.16535647
9667,3.5734332,3.4083252,0.16510789
9668,3.572636,3.4073384,0.16529746
9669,3.571504,3.4058065,0.16569763
9670,3.5699856,3.4048865,0.16509917
9671,3.5685205,3.40356,0.1649606
9672,3.5676992,3.4023163,0.16538286
9673,3.5668242,3.4016016,0.16522267
9674,3.5654373,3.400014,0.16542333
9675,3.5640764,3.3989224,0.16515408
9676,3.5631955,3.3979511,0.16524425
9677,3.5620415,3.3964975,0.16554412
9678,3.560554,3.395639,0.16491506
9679,3.5592914,3.3945053,0.16478604
9680,3.5586112,3.3931205,0.16549072
9681,3.5575354,3.3925116,0.1650238
9682,3.555705,3.3908834,0.16482161
9683,3.55448,3.389673,0.16480705
9684,3.5539956,3.3889112,0.16508424
9685,3.5528572,3.387294,0.1655629
9686,3.551105,3.386409,0.16469586
9687,3.5496736,3.3852327,0.16444099
9688,3.5491617,3.3837812,0.16538051
9689,3.547535,3.3830082,0.1645267
9690,3.5456223,3.3815622,0.16406003
9691,3.5449207,3.3803139,0.16460668
9692,3.5440373,3.379594,0.16444325
9693,3.5422926,3.3780282,0.16426459
9694,3.5410974,3.3768778,0.16421959
9695,3.540309,3.376095,0.16421385
9696,3.5388935,3.374577,0.16431653
9697,3.5376306,3.373591,0.16403963
9698,3.536587,3.3726,0.16398685
9699,3.5357466,3.3711355,0.16461125
9700,3.5344179,3.370301,0.16411681
9701,3.5329797,3.3689632,0.16401644
9702,3.5320656,3.3677783,0.16428742
9703,3.5309339,3.3669522,0.16398177
9704,3.5295074,3.3655787,0.16392863
9705,3.5285547,3.3644333,0.16412133
9706,3.5277417,3.3635972,0.16414456
9707,3.5267007,3.3620546,0.16464616
9708,3.5249188,3.3612053,0.1637133
9709,3.5238388,3.3600714,0.16376716
9710,3.523117,3.3586211,0.16449603
9711,3.5217252,3.3578918,0.16383359
9712,3.5204425,3.3567228,0.16371968
9713,3.5202715,3.3552315,0.16503987
9714,3.518901,3.354656,0.16424522
9715,3.5169988,3.3531218,0.16387704
9716,3.5164402,3.3518586,0.16458161
9717,3.5155241,3.3513923,0.16413175
9718,3.5136375,3.3496737,0.16396372
9719,3.5121868,3.3485472,0.16363952
9720,3.5114725,3.3477142,0.16375825
9721,3.5098164,3.3462074,0.1636092
9722,3.5086708,3.345086,0.16358471
9723,3.5077794,3.3441422,0.16363713
9724,3.5066187,3.3427124,0.16390616
9725,3.5052254,3.3417852,0.1634402
9726,3.503961,3.3407829,0.1631783
9727,3.5030506,3.339437,0.1636136
9728,3.5017333,3.338617,0.16311626
9729,3.500292,3.337373,0.16291898
9730,3.4993503,3.3360841,0.16326615
9731,3.4983735,3.335221,0.16315256
9732,3.4971979,3.333904,0.16329388
9733,3.4960132,3.3327668,0.1632466
9734,3.4948676,3.3318434,0.16302416
9735,3.493529,3.3305142,0.16301468
9736,3.492425,3.3293996,0.1630253
9737,3.4915738,3.3284001,0.1631737
9738,3.4904315,3.3271754,0.1632562
9739,3.489186,3.3261375,0.16304865
9740,3.4880705,3.32497,0.16310057
9741,3.4869428,3.3238096,0.16313313
9742,3.4856431,3.3226988,0.16294454
9743,3.484533,3.3216772,0.16285594
9744,3.4832523,3.320511,0.16274127
9745,3.4820437,3.319461,0.16258255
9746,3.480742,3.3181782,0.16256383
9747,3.479542,3.3170187,0.16252336
9748,3.4785619,3.3158503,0.16271159
9749,3.4775436,3.3148623,0.16268149
9750,3.4763343,3.3139098,0.16242455
9751,3.4752288,3.3124747,0.16275418
9752,3.4739628,3.3114407,0.16252205
9753,3.4727633,3.3102367,0.16252676
9754,3.4716282,3.3091102,0.16251802
9755,3.47052,3.3082614,0.16225854
9756,3.469198,3.306937,0.1622611
9757,3.4680493,3.3056896,0.16235961
9758,3.466755,3.304612,0.16214293
9759,3.4657693,3.3032985,0.1624708
9760,3.4643004,3.302245,0.16205552
9761,3.463227,3.3011925,0.16203444
9762,3.4620726,3.2998362,0.16223648
9763,3.460725,3.298897,0.16182788
9764,3.4597087,3.297831,0.16187772
9765,3.459254,3.2963066,0.16294748
9766,3.4577773,3.2955163,0.16226093
9767,3.455956,3.294301,0.16165501
9768,3.4553802,3.293127,0.16225311
9769,3.4542756,3.2925196,0.16175607
9770,3.4523556,3.2908769,0.1614788
9771,3.4513066,3.2897346,0.16157185
9772,3.4506001,3.2890692,0.16153088
9773,3.4492862,3.2876673,0.16161892
9774,3.4479258,3.2866614,0.16126443
9775,3.4470518,3.2856627,0.16138916
9776,3.445871,3.28425,0.16162102
9777,3.4444594,3.283297,0.16116233
9778,3.443181,3.2820742,0.16110674
9779,3.4422462,3.2808747,0.16137147
9780,3.4412026,3.279956,0.1612465
9781,3.4398355,3.2785428,0.1612926
9782,3.4385667,3.2775128,0.16105369
9783,3.4375734,3.2766168,0.16095649
9784,3.436574,3.2752633,0.1613107
9785,3.4351506,3.2744398,0.16071077
9786,3.4338765,3.2732608,0.16061571
9787,3.4327939,3.272018,0.16077583
9788,3.4315743,3.2710621,0.16051221
9789,3.4304595,3.2698805,0.16057892
9790,3.429239,3.2687762,0.16046269
9791,3.4283907,3.2677352,0.16065565
9792,3.4271042,3.2665026,0.16060162
9793,3.4258816,3.265416,0.1604658
9794,3.424711,3.2643652,0.16034576
9795,3.423545,3.2632298,0.16031511
9796,3.4224153,3.2620926,0.16032262
9797,3.421474,3.2610152,0.16045871
9798,3.4203331,3.2599244,0.16040878
9799,3.4193265,3.2587898,0.16053681
9800,3.4181924,3.2579691,0.16022323
9801,3.417069,3.256964,0.16010508
9802,3.4159272,3.2555406,0.16038637
9803,3.414668,3.2545772,0.16009082
9804,3.4134018,3.2535663,0.1598356
9805,3.4124525,3.2522774,0.16017494
9806,3.4112144,3.2512224,0.1599921
9807,3.4101093,3.2501602,0.15994912
9808,3.4091458,3.2489347,0.16021109
9809,3.40786,3.248086,0.15977418
9810,3.4067972,3.246809,0.1599882
9811,3.4056277,3.2457182,0.15990949
9812,3.4043753,3.244562,0.15981331
9813,3.4031987,3.2433205,0.15987822
9814,3.40214,3.2423053,0.1598345
9815,3.400971,3.2413385,0.15963241
9816,3.4000547,3.2400055,0.1600492
9817,3.3988972,3.239106,0.15979114
9818,3.3978655,3.238155,0.1597108
9819,3.3967907,3.2369385,0.15985206
9820,3.395617,3.236055,0.15956202
9821,3.3944569,3.234809,0.15964785
9822,3.3933287,3.2336557,0.15967289
9823,3.3922658,3.2326665,0.15959933
9824,3.3911374,3.2315342,0.1596032
9825,3.390139,3.2304952,0.15964386
9826,3.3888574,3.229478,0.15937944
9827,3.3877294,3.2283504,0.15937898
9828,3.3864985,3.2272692,0.15922934
9829,3.3854296,3.226115,0.15931466
9830,3.3843842,3.2248523,0.15953173
9831,3.383175,3.2239609,0.15921387
9832,3.3819532,3.222746,0.15920736
9833,3.3807862,3.2216597,0.15912661
9834,3.380037,3.2207603,0.15927653
9835,3.3790243,3.219334,0.15969038
9836,3.3775358,3.2185643,0.15897162
9837,3.3761954,3.217373,0.15882239
9838,3.3752875,3.216139,0.15914845
9839,3.3741274,3.2153594,0.1587679
9840,3.3729305,3.2140973,0.1588333
9841,3.3722866,3.212818,0.15946867
9842,3.37121,3.212221,0.15898919
9843,3.3696053,3.2106986,0.15890677
9844,3.3683133,3.20958,0.1587334
9845,3.3674178,3.2085738,0.15884395
9846,3.366103,3.2074428,0.15866019
9847,3.3649511,3.206366,0.15858507
9848,3.3639328,3.2055016,0.15843116
9849,3.36291,3.2041414,0.15876852
9850,3.361691,3.203123,0.15856779
9851,3.3604941,3.2021677,0.15832639
9852,3.35951,3.2010627,0.15844731
9853,3.3583817,3.2000184,0.15836354
9854,3.357527,3.1988633,0.15866387
9855,3.3563964,3.197762,0.15863428
9856,3.3551471,3.1968215,0.15832563
9857,3.3540318,3.1957915,0.15824041
9858,3.3528986,3.1943889,0.15850969
9859,3.3518286,3.1932974,0.15853114
9860,3.3506207,3.1923916,0.15822892
9861,3.3494484,3.1911852,0.1582632
9862,3.3483052,3.1903212,0.15798393
9863,3.3470342,3.1891186,0.15791562
9864,3.3462987,3.1879127,0.15838605
9865,3.3454816,3.1871665,0.15831517
9866,3.3441076,3.1857226,0.15838495
9867,3.3425815,3.1848545,0.15772697
9868,3.3414083,3.1838002,0.15760794
9869,3.3403547,3.1824942,0.15786056
9870,3.339491,3.1816206,0.15787041
9871,3.3383067,3.1804662,0.15784046
9872,3.336923,3.1794062,0.1575166
9873,3.3359516,3.1783204,0.15763134
9874,3.3347998,3.1772702,0.1575295
9875,3.3339474,3.176074,0.15787324
9876,3.3328812,3.1751227,0.15775862
9877,3.331738,3.1741853,0.15755281
9878,3.3305721,3.1730409,0.15753147
9879,3.3295124,3.1719806,0.15753171
9880,3.328398,3.1708972,0.15750062
9881,3.327179,3.1697857,0.15739343
9882,3.326137,3.1688066,0.15733045
9883,3.324993,3.167695,0.15729776
9884,3.3238392,3.1665246,0.15731445
9885,3.3226728,3.1656334,0.15703946
9886,3.3216076,3.1643589,0.15724865
9887,3.3204844,3.163368,0.15711637
9888,3.3194668,3.1624124,0.15705459
9889,3.318288,3.161033,0.15725526
9890,3.3168945,3.1600883,0.15680623
9891,3.3159547,3.15914,0.15681455
9892,3.3149393,3.1578434,0.15709594
9893,3.313839,3.1570196,0.15681951
9894,3.3124013,3.1556447,0.15675676
9895,3.3113606,3.1546443,0.15671638
9896,3.3104372,3.153695,0.15674214
9897,3.309042,3.152473,0.15656886
9898,3.3079164,3.1513963,0.15652026
9899,3.3068957,3.1505692,0.1563265
9900,3.305806,3.1491373,0.1566688
9901,3.3046293,3.1481602,0.15646908
9902,3.3033757,3.147152,0.1562239
9903,3.3024023,3.145939,0.15646307
9904,3.3011234,3.1451013,0.15602204
9905,3.2996945,3.1436467,0.15604775
9906,3.2987256,3.1425674,0.15615825
9907,3.2978866,3.14184,0.15604681
9908,3.2967627,3.1405706,0.15619211
9909,3.295473,3.139737,0.15573628
9910,3.294309,3.1386745,0.15563436
9911,3.293436,3.137411,0.1560249
9912,3.2920868,3.1363943,0.15569262
9913,3.2909539,3.135316,0.15563801
9914,3.2899919,3.134233,0.1557589
9915,3.289029,3.1333103,0.15571848
9916,3.2881212,3.1321476,0.15597357
9917,3.2871554,3.1312082,0.15594718
9918,3.2859695,3.1302664,0.15570322
9919,3.2850022,3.12912,0.15588215
9920,3.2838519,3.1281273,0.15572453
9921,3.2828019,3.1269054,0.15589646
9922,3.281798,3.1258314,0.1559666
9923,3.2806292,3.1248949,0.15573442
9924,3.279486,3.1237278,0.1557582
9925,3.2781093,3.1227734,0.15533586
9926,3.277076,3.1215315,0.15554455
9927,3.2760446,3.120466,0.15557869
9928,3.2749488,3.11958,0.15536883
9929,3.273918,3.118416,0.15550193
9930,3.2727568,3.1176953,0.15506151
9931,3.2715676,3.1163888,0.15517889
9932,3.2703695,3.1153998,0.1549698
9933,3.269487,3.1143982,0.15508884
9934,3.2683456,3.1131604,0.1551854
9935,3.2672474,3.1123283,0.15491918
9936,3.2662742,3.1111887,0.15508547
9937,3.2651129,3.1100774,0.15503569
9938,3.2639017,3.1090403,0.1548613
9939,3.2628105,3.1078727,0.15493754
9940,3.2617023,3.1069508,0.15475146
9941,3.2606223,3.1057966,0.15482561
9942,3.2594838,3.1049175,0.15456636
9943,3.2582645,3.1037807,0.15448385
9944,3.2573314,3.102673,0.15465847
9945,3.2561567,3.1017838,0.15437296
9946,3.2552671,3.1005974,0.1546698
9947,3.2541664,3.0998054,0.15436104
9948,3.2529097,3.0987506,0.15415916
9949,3.25194,3.097478,0.15446201
9950,3.2507489,3.0965846,0.1541644
9951,3.2494512,3.0952911,0.15415992
9952,3.248403,3.0943594,0.1540437
9953,3.2474287,3.0935042,0.15392454
9954,3.2462516,3.0923793,0.15387225
9955,3.2452264,3.0912588,0.15396765
9956,3.2445118,3.09027,0.15424168
9957,3.2432485,3.0892444,0.15400417
9958,3.2424273,3.0885699,0.15385745
9959,3.2413046,3.0871785,0.15412602
9960,3.2403889,3.0862415,0.15414727
9961,3.239333,3.0852387,0.15409428
9962,3.2382708,3.0842488,0.15402189
9963,3.237266,3.0834198,0.1538463
9964,3.2361543,3.0820951,0.15405929
9965,3.2349577,3.0810118,0.1539459
9966,3.2340498,3.0800624,0.15398742
9967,3.2329245,3.0788798,0.15404472
9968,3.2319894,3.0781121,0.15387729
9969,3.230602,3.0766919,0.15391012
9970,3.229449,3.0757098,0.15373912
9971,3.228169,3.074769,0.15339991
9972,3.227352,3.073681,0.15367073
9973,3.2263362,3.07301,0.15332623
9974,3.2249944,3.0715775,0.15341684
9975,3.2240903,3.0705771,0.15351321
9976,3.2231019,3.0697231,0.1533788
9977,3.2221425,3.0685174,0.15362494
9978,3.2211325,3.0678158,0.15331665
9979,3.2197413,3.0664415,0.15329996
9980,3.2184567,3.0652435,0.1532132
9981,3.2176318,3.0643618,0.15326993
9982,3.2165482,3.0632372,0.15331097
9983,3.2154417,3.062514,0.15292762
9984,3.2144072,3.0614672,0.15294018
9985,3.2134166,3.0601876,0.15322901
9986,3.2126684,3.0594802,0.15318832
9987,3.211123,3.0582454,0.15287775
9988,3.2099664,3.0572205,0.15274598
9989,3.2089684,3.0563338,0.15263455
9990,3.2077515,3.0550196,0.1527319
9991,3.2064846,3.053989,0.15249567
9992,3.205522,3.0530012,0.15252106
9993,3.2046535,3.051844,0.15280965
9994,3.2034135,3.0511026,0.15231064
9995,3.2024274,3.0499504,0.152477
9996,3.2011003,3.0490105,0.1520898
9997,3.2001815,3.0477202,0.1524612
9998,3.1991189,3.046773,0.1523459
9999,3.1981208,3.0457742,0.15234679
10000,3.197096,3.044833,0.15226315
10001,3.1959436,3.043651,0.15229245
10002,3.1949708,3.0428352,0.1521358
10003,3.194027,3.0419855,0.15204154
10004,3.1928284,3.0408583,0.15197003
10005,3.1917207,3.0399623,0.1517584
10006,3.1904356,3.038793,0.15164265
10007,3.1893752,3.0376625,0.15171258
10008,3.188463,3.0367136,0.15174937
10009,3.1874583,3.035641,0.15181728
10010,3.1863723,3.0348082,0.15156405
10011,3.1854002,3.0337772,0.15162295
10012,3.184829,3.0325413,0.15228772
10013,3.1842327,3.0321295,0.15210319
10014,3.182745,3.0305126,0.15223233
10015,3.1810083,3.0296075,0.15140074
10016,3.1796985,3.0284297,0.15126856
10017,3.1788905,3.0272484,0.15164201
10018,3.1782944,3.0265045,0.15179
10019,3.1770785,3.0253317,0.1517468
10020,3.1758018,3.0247374,0.15106449
10021,3.1743,3.0233705,0.1509294
10022,3.1742105,3.0221472,0.15206334
10023,3.1742215,3.0215755,0.1526461
10024,3.1725156,3.020065,0.15245062
10025,3.1705356,3.0195389,0.15099676
10026,3.1692672,3.0183454,0.15092196
10027,3.1688273,3.0169914,0.15183592
10028,3.1678765,3.0165935,0.15128294
10029,3.1661272,3.01522,0.15090716
10030,3.1651256,3.0142589,0.15086655
10031,3.1648383,3.0135698,0.1512684
10032,3.164125,3.011962,0.15216312
10033,3.162406,3.011325,0.15108097
10034,3.160938,3.0101218,0.1508161
10035,3.1605446,3.0090322,0.15151243
10036,3.1594646,3.008461,0.15100351
10037,3.1577222,3.0071018,0.15062052
10038,3.1566303,3.006083,0.15054719
10039,3.15584,3.0053835,0.15045626
10040,3.1547484,3.0040605,0.15068801
10041,3.1533027,3.0033119,0.14999075
10042,3.1525376,3.0024512,0.15008631
10043,3.1516883,3.001242,0.15044646
10044,3.1506815,3.0005198,0.1501616
10045,3.1496885,2.9995458,0.15014274
10046,3.1488268,2.9984183,0.15040854
10047,3.147922,2.9977307,0.15019147
10048,3.1467123,2.9963386,0.15037373
10049,3.1453547,2.9954226,0.14993206
10050,3.144572,2.99458,0.14999202
10051,3.1438336,2.9933498,0.15048395
10052,3.1423244,2.992639,0.14968534
10053,3.1414497,2.991579,0.14987066
10054,3.1407027,2.9902568,0.15044591
10055,3.1394758,2.9895341,0.14994156
10056,3.1380908,2.9884028,0.14968799
10057,3.137164,2.9873183,0.14984581
10058,3.1360514,2.9864886,0.14956276
10059,3.1349454,2.9852853,0.14966013
10060,3.133979,2.9842863,0.1496929
10061,3.133013,2.9834998,0.1495134
10062,3.131884,2.9822898,0.14959447
10063,3.1309762,2.9813952,0.14958084
10064,3.129992,2.9805045,0.14948735
10065,3.1289642,2.9793065,0.14965785
10066,3.1278791,2.9785025,0.14937672
10067,3.1269152,2.9774954,0.14941978
10068,3.1258552,2.9763877,0.14946733
10069,3.1248186,2.975567,0.14925143
10070,3.1236455,2.974445,0.14920045
10071,3.1227803,2.9734368,0.1493433
10072,3.1217937,2.9725904,0.1492035
10073,3.1205957,2.971394,0.1492016
10074,3.1193562,2.9704418,0.14891422
10075,3.1184428,2.9695575,0.14888524
10076,3.117419,2.9682438,0.1491752
10077,3.1163654,2.9674628,0.14890286
10078,3.1152513,2.966574,0.14867747
10079,3.1145015,2.9654171,0.1490845
10080,3.1136978,2.964825,0.1488729
10081,3.1126513,2.963443,0.14920835
10082,3.1111822,2.9626038,0.14857845
10083,3.1102257,2.9617198,0.14850588
10084,3.109542,2.960525,0.14901674
10085,3.1086183,2.9597728,0.14884551
10086,3.1074631,2.958371,0.14909208
10087,3.1059566,2.9575417,0.14841485
10088,3.1050239,2.9565783,0.14844577
10089,3.104145,2.9554806,0.14866462
10090,3.1031857,2.954749,0.14843637
10091,3.1019776,2.9535546,0.1484228
10092,3.100794,2.9525595,0.14823458
10093,3.0997903,2.9517198,0.1480706
10094,3.0986729,2.9506433,0.1480296
10095,3.0977457,2.9496675,0.1480782
10096,3.0966077,2.9487684,0.14783935
10097,3.095724,2.9477088,0.14801523
10098,3.0946162,2.9468594,0.14775692
10099,3.0936298,2.9459407,0.14768931
10100,3.0927768,2.944775,0.14800146
10101,3.0917838,2.9439456,0.1478382
10102,3.0906134,2.9427567,0.14785668
10103,3.089608,2.941918,0.14769
10104,3.0888705,2.941169,0.14770135
10105,3.0879366,2.9399076,0.14802903
10106,3.0866935,2.9391758,0.14751774
10107,3.0855372,2.9380875,0.14744964
10108,3.084646,2.9369543,0.1476917
10109,3.0839684,2.9363234,0.14764495
10110,3.082554,2.9351163,0.14743796
10111,3.081584,2.9341435,0.14744043
10112,3.0808454,2.9333909,0.14745462
10113,3.0798235,2.932117,0.14770645
10114,3.0784588,2.931352,0.14710686
10115,3.0774715,2.9304512,0.14702031
10116,3.076517,2.9293203,0.14719692
10117,3.0755267,2.9285626,0.14696407
10118,3.0744853,2.9272535,0.14723177
10119,3.07351,2.926345,0.14716494
10120,3.0723052,2.9254217,0.14688356
10121,3.0715594,2.9244175,0.14714184
10122,3.0705078,2.9235654,0.14694229
10123,3.0696607,2.9223127,0.14734782
10124,3.068587,2.9215732,0.14701395
10125,3.067388,2.9205234,0.14686474
10126,3.0665097,2.9195442,0.14696541
10127,3.0654416,2.9187512,0.14669056
10128,3.0643666,2.917576,0.14679053
10129,3.0631905,2.9165552,0.1466351
10130,3.0621917,2.9157376,0.146454
10131,3.0612745,2.91476,0.1465145
10132,3.060193,2.9137995,0.14639346
10133,3.0591226,2.9127746,0.14634791
10134,3.0582168,2.911558,0.1466589
10135,3.0573275,2.9109166,0.14641096
10136,3.056085,2.9098673,0.14621782
10137,3.0551019,2.9090004,0.14610147
10138,3.0541518,2.9080627,0.14608888
10139,3.0529878,2.906985,0.1460028
10140,3.0521536,2.9057946,0.14635882
10141,3.0512068,2.9050782,0.14612854
10142,3.0499945,2.9038227,0.14617194
10143,3.0488732,2.9029942,0.14587899
10144,3.0479972,2.9020958,0.1459013
10145,3.0470827,2.9009576,0.1461252
10146,3.0460217,2.900232,0.1457895
10147,3.044743,2.8991768,0.1455663
10148,3.0436294,2.898106,0.14552334
10149,3.0427144,2.8972967,0.1454176
10150,3.0418339,2.8962562,0.14557748
10151,3.0408833,2.8952162,0.14566715
10152,3.0398207,2.8944385,0.1453822
10153,3.0386145,2.893287,0.14532748
10154,3.037564,2.892384,0.1451799
10155,3.036749,2.8913765,0.14537242
10156,3.0357661,2.8903594,0.14540677
10157,3.0347664,2.8895867,0.14517964
10158,3.0337913,2.8884277,0.14536354
10159,3.0325985,2.8875532,0.14504533
10160,3.031643,2.8864663,0.14517663
10161,3.0305912,2.8854277,0.1451636
10162,3.0297575,2.8848503,0.14490715
10163,3.0285156,2.8836606,0.14485483
10164,3.0272667,2.8826742,0.1445926
10165,3.0263963,2.8816395,0.14475675
10166,3.0254304,2.8807006,0.14473002
10167,3.0242546,2.879839,0.14441553
10168,3.0234258,2.878885,0.14454094
10169,3.0224197,2.8777897,0.14462979
10170,3.0212913,2.8768559,0.14443555
10171,3.0201378,2.8758965,0.14424141
10172,3.0192719,2.8749404,0.14433137
10173,3.0181875,2.873901,0.1442868
10174,3.0172715,2.8730192,0.14425233
10175,3.016104,2.8719509,0.1441531
10176,3.0152564,2.8709092,0.1443473
10177,3.014261,2.8699634,0.1442975
10178,3.0132744,2.8690617,0.14421277
10179,3.0123172,2.8681748,0.1441425
10180,3.011339,2.867137,0.14420207
10181,3.010167,2.8662384,0.14392851
10182,3.009215,2.865184,0.14403112
10183,3.0082119,2.8644512,0.14376076
10184,3.0070262,2.8633866,0.14363942
10185,3.005927,2.8624167,0.14351054
10186,3.0049658,2.8614361,0.1435297
10187,3.0041149,2.860551,0.1435636
10188,3.0031328,2.8594918,0.143641
10189,3.0021508,2.8586931,0.1434577
10190,3.000994,2.857627,0.14336696
10191,3.0002294,2.8566105,0.14361875
10192,2.9993055,2.8558364,0.14346915
10193,2.9983964,2.854733,0.1436632
10194,2.9972723,2.8538246,0.14344782
10195,2.9964905,2.8529186,0.14357187
10196,2.9955814,2.8516872,0.14389408
10197,2.9945946,2.8510706,0.143524
10198,2.9935603,2.8499684,0.14359191
10199,2.9925787,2.849294,0.14328484
10200,2.9913018,2.8479602,0.14334148
10201,2.9903483,2.8471048,0.14324352
10202,2.9896417,2.846467,0.14317462
10203,2.9886,2.8452244,0.14337556
10204,2.987361,2.8446004,0.14276055
10205,2.9863107,2.8434021,0.14290848
10206,2.9853704,2.8423345,0.14303605
10207,2.984636,2.841677,0.14295924
10208,2.983773,2.8405035,0.14326939
10209,2.9826362,2.8397968,0.14283946
10210,2.9814959,2.8386948,0.14280096
10211,2.980639,2.8376853,0.14295383
10212,2.9796119,2.8367486,0.14286342
10213,2.978655,2.8359702,0.14268483
10214,2.9776196,2.8349392,0.14268057
10215,2.976509,2.8339462,0.14256284
10216,2.9755535,2.832885,0.14266837
10217,2.9747143,2.8321586,0.14255576
10218,2.9735746,2.8310642,0.14251043
10219,2.9724984,2.8302937,0.14220469
10220,2.971557,2.8293285,0.1422283
10221,2.970696,2.8281572,0.14253883
10222,2.9699864,2.8275936,0.14239284
10223,2.968563,2.826376,0.14218697
10224,2.9674907,2.8254955,0.14199519
10225,2.966809,2.8246944,0.14211468
10226,2.9663782,2.8234022,0.14297593
10227,2.965732,2.8228567,0.14287546
10228,2.963863,2.8215473,0.14231558
10229,2.9626024,2.8208256,0.14177673
10230,2.962025,2.820083,0.141942
10231,2.96198,2.8186326,0.1433473
10232,2.9605243,2.8182576,0.14226662
10233,2.9584055,2.8168602,0.1415454
10234,2.9578023,2.8158574,0.14194492
10235,2.9578433,2.8155668,0.14227651
10236,2.9567091,2.8139348,0.14277442
10237,2.9546697,2.813251,0.14141864
10238,2.9535084,2.8122616,0.14124687
10239,2.9536343,2.8111858,0.14244846
10240,2.9529645,2.8109295,0.14203516
10241,2.9510946,2.8092966,0.14179787
10242,2.9497368,2.8084376,0.14129913
10243,2.9492414,2.807781,0.1414603
10244,2.9489434,2.806479,0.1424644
10245,2.947312,2.8060808,0.14123133
10246,2.945648,2.8047664,0.14088152
10247,2.9448245,2.803764,0.14106035
10248,2.9442608,2.8031085,0.14115235
10249,2.9430926,2.8018925,0.1412
10250,2.941825,2.8011756,0.14064918
10251,2.9408014,2.8001437,0.14065786
10252,2.939799,2.7991025,0.14069653
10253,2.938965,2.7983408,0.14062445
10254,2.9378603,2.7973497,0.14051071
10255,2.9369218,2.796487,0.14043467
10256,2.9360454,2.7956874,0.140358
10257,2.9351835,2.7945688,0.1406147
10258,2.9340434,2.7935593,0.1404841
10259,2.9330585,2.7926662,0.1403923
10260,2.9320383,2.791744,0.14029428
10261,2.9311242,2.7908254,0.1402987
10262,2.9302037,2.7899501,0.14025356
10263,2.929197,2.7890108,0.14018613
10264,2.928408,2.7881021,0.14030576
10265,2.9274395,2.7872696,0.14016986
10266,2.9265997,2.7862587,0.14034119
10267,2.925563,2.7853777,0.14018536
10268,2.9246626,2.7846136,0.1400489
10269,2.9234388,2.7834978,0.1399411
10270,2.9224443,2.7825453,0.13989884
10271,2.9214292,2.7815485,0.13988075
10272,2.9204936,2.7805557,0.13993785
10273,2.919544,2.7798457,0.1396983
10274,2.9185762,2.778726,0.13985011
10275,2.9174106,2.7778163,0.13959412
10276,2.9166937,2.7770045,0.13968906
10277,2.9156518,2.7760046,0.13964716
10278,2.9147468,2.7753072,0.13943973
10279,2.9137964,2.7743394,0.13945708
10280,2.9127345,2.773347,0.13938749
10281,2.9119267,2.7725167,0.13941005
10282,2.9109461,2.7713459,0.13960025
10283,2.9099026,2.7705126,0.13938981
10284,2.9089289,2.769731,0.13919762
10285,2.9080617,2.7686653,0.1393963
10286,2.9072626,2.767877,0.1393855
10287,2.9063144,2.7666852,0.13962902
10288,2.9050486,2.7660894,0.13895923
10289,2.9039652,2.7650704,0.1388947
10290,2.9032545,2.7639842,0.1392703
10291,2.9024353,2.763242,0.13919334
10292,2.9012842,2.7621925,0.13909182
10293,2.900231,2.7614088,0.13882196
10294,2.8992543,2.7605038,0.13875064
10295,2.8981264,2.7593544,0.13877186
10296,2.8970342,2.758492,0.13854234
10297,2.8961728,2.7576063,0.1385664
10298,2.8955677,2.756556,0.13901147
10299,2.894341,2.7558517,0.13848914
10300,2.8931592,2.754794,0.1383653
10301,2.8923545,2.7539358,0.1384187
10302,2.8915753,2.7530692,0.13850613
10303,2.8906002,2.7519836,0.13861656
10304,2.8896086,2.7513468,0.13826185
10305,2.8883252,2.7501683,0.13815692
10306,2.8872972,2.7491074,0.13818982
10307,2.886642,2.7482343,0.13840756
10308,2.8854578,2.7473025,0.1381551
10309,2.884611,2.7465272,0.13808371
10310,2.883778,2.745777,0.1380014
10311,2.882807,2.7445061,0.1383009
10312,2.8817322,2.7437732,0.1379588
10313,2.8805113,2.742713,0.1377984
10314,2.8794172,2.741857,0.13756016
10315,2.8786032,2.7411017,0.13750143
10316,2.8775573,2.739953,0.1376044
10317,2.8766615,2.7391107,0.13755074
10318,2.8759422,2.7384496,0.1374925
10319,2.8750694,2.7373111,0.13775824
10320,2.8739123,2.73666,0.13725233
10321,2.8728783,2.7355976,0.1372806
10322,2.8720813,2.7345994,0.13748193
10323,2.8710327,2.7339115,0.1371212
10324,2.8699367,2.732731,0.13720575
10325,2.8694665,2.7316558,0.13781078
10326,2.868977,2.731187,0.13779008
10327,2.8679721,2.7297707,0.13820143
10328,2.866412,2.7293336,0.13707824
10329,2.8651574,2.728183,0.1369743
10330,2.8646238,2.727133,0.13749073
10331,2.8638551,2.7266912,0.13716379
10332,2.8625698,2.7253315,0.13723834
10333,2.8612347,2.724528,0.13670665
10334,2.8603873,2.723655,0.13673249
10335,2.859352,2.72254,0.13681218
10336,2.8584898,2.7217865,0.13670333
10337,2.8574245,2.7209303,0.13649413
10338,2.8564997,2.7200527,0.13644692
10339,2.8556561,2.7192786,0.13637742
10340,2.854736,2.7180777,0.13665834
10341,2.8536046,2.7172675,0.13633709
10342,2.8526323,2.7162561,0.13637598
10343,2.8516736,2.7152977,0.13637574
10344,2.850852,2.7145271,0.13632508
10345,2.8499198,2.713401,0.13651867
10346,2.8488026,2.7126212,0.13618155
10347,2.8476114,2.711701,0.1359106
10348,2.8465943,2.7107444,0.13584992
10349,2.8456821,2.709905,0.13577732
10350,2.8446784,2.7089632,0.13571534
10351,2.8436546,2.7081363,0.13551834
10352,2.8427222,2.7072573,0.1354649
10353,2.8420994,2.7062109,0.1358886
10354,2.8409226,2.7055385,0.13538398
10355,2.8397894,2.7044163,0.13537304
10356,2.8388646,2.7035842,0.1352806
10357,2.8380778,2.7027586,0.13531935
10358,2.837246,2.7016277,0.13561815
10359,2.836145,2.7009518,0.13519295
10360,2.8349407,2.6998708,0.13506988
10361,2.8342583,2.6988158,0.13544245
10362,2.833543,2.6982486,0.13529453
10363,2.8323126,2.6970847,0.13522798
10364,2.8310945,2.6963398,0.13475466
10365,2.830422,2.6955495,0.13487247
10366,2.829492,2.6944084,0.13508365
10367,2.8285234,2.693611,0.13491236
10368,2.8275077,2.6927288,0.13477895
10369,2.826743,2.6918528,0.13489011
10370,2.8260703,2.6912532,0.13481721
10371,2.8254452,2.6899464,0.13549867
10372,2.8244128,2.6892915,0.13512155
10373,2.8231535,2.6881242,0.13502917
10374,2.8220828,2.6874838,0.134599
10375,2.8211956,2.6866217,0.1345739
10376,2.820129,2.6855383,0.13459063
10377,2.8192694,2.6847086,0.1345609
10378,2.8181624,2.6836805,0.13448195
10379,2.8173048,2.682831,0.13447379
10380,2.8164105,2.6820583,0.13435201
10381,2.8154266,2.6808507,0.13457568
10382,2.8144996,2.6800623,0.13443725
10383,2.8133378,2.6790864,0.13425152
10384,2.8124778,2.6782217,0.13425618
10385,2.8115256,2.6775184,0.13400722
10386,2.8105679,2.6763954,0.13417259
10387,2.8094962,2.675638,0.1338583
10388,2.80875,2.6748648,0.13388519
10389,2.8079782,2.6737335,0.13424475
10390,2.8072689,2.673274,0.13399482
10391,2.8060777,2.6719885,0.13408923
10392,2.8048992,2.6711655,0.13373381
10393,2.8041334,2.6703382,0.1337954
10394,2.8036153,2.6692798,0.13433556
10395,2.802585,2.6686332,0.13395175
10396,2.8011498,2.667569,0.13358104
10397,2.800172,2.6666217,0.13355032
10398,2.7993298,2.6658688,0.13346103
10399,2.798422,2.6647396,0.13368264
10400,2.7974117,2.6639595,0.13345224
10401,2.796468,2.663172,0.13329606
10402,2.7953422,2.6621504,0.13319178
10403,2.7945745,2.661232,0.13334236
10404,2.7936747,2.6604156,0.13325916
10405,2.7927268,2.6594224,0.13330416
10406,2.791725,2.6587849,0.13293992
10407,2.7908907,2.6577497,0.133141
10408,2.7898993,2.6569073,0.13299209
10409,2.7889338,2.656024,0.13290969
10410,2.7880151,2.6550493,0.1329658
10411,2.786958,2.6543226,0.13263533
10412,2.785908,2.6532495,0.13265856
10413,2.7851164,2.6523786,0.1327378
10414,2.7844758,2.651685,0.13279092
10415,2.7833567,2.6505988,0.13275805
10416,2.7823613,2.6498451,0.13251603
10417,2.781286,2.6489267,0.13235907
10418,2.780376,2.6479633,0.13241269
10419,2.7795062,2.6472335,0.13227268
10420,2.778439,2.646279,0.13216011
10421,2.7775288,2.645224,0.1323045
10422,2.776725,2.6444602,0.13226482
10423,2.7757742,2.6436667,0.1321075
10424,2.7749412,2.6427453,0.13219593
10425,2.7738729,2.641867,0.1320059
10426,2.7729568,2.6407845,0.13217232
10427,2.7720044,2.6399248,0.13207948
10428,2.7709622,2.6390216,0.1319407
10429,2.770148,2.63818,0.13196798
10430,2.768944,2.6373086,0.13163546
10431,2.7681308,2.6362114,0.13191937
10432,2.7671866,2.6354468,0.13174002
10433,2.7663736,2.6344528,0.13192077
10434,2.7655058,2.6337829,0.131723
10435,2.764436,2.6326745,0.13176158
10436,2.7632666,2.6318705,0.13139604
10437,2.7623131,2.6310053,0.13130765
10438,2.7614253,2.629951,0.13147429
10439,2.7605147,2.6291616,0.131353
10440,2.759289,2.6281207,0.13116854
10441,2.7583675,2.627272,0.13109583
10442,2.7575114,2.626494,0.1310175
10443,2.7566452,2.6255283,0.13111696
10444,2.7556057,2.624527,0.13107872
10445,2.7550588,2.6237352,0.1313236
10446,2.7540562,2.622771,0.13128525
10447,2.7530823,2.6222482,0.13083427
10448,2.7520213,2.62125,0.13077147
10449,2.7512739,2.6202786,0.13099506
10450,2.750438,2.6193922,0.13104585
10451,2.7496424,2.6184766,0.13116582
10452,2.7485514,2.6178546,0.13069688
10453,2.7475452,2.6167462,0.13079908
10454,2.7463725,2.6157537,0.13061884
10455,2.74563,2.615008,0.13062173
10456,2.7445738,2.6140492,0.13052443
10457,2.7436123,2.613257,0.1303552
10458,2.7426386,2.6124072,0.13023129
10459,2.741698,2.6113665,0.13033152
10460,2.7408605,2.6106007,0.13025978
10461,2.7397952,2.609676,0.1301194
10462,2.7390115,2.6087878,0.13022372
10463,2.7384214,2.6082313,0.13019018
10464,2.7375672,2.606966,0.13060114
10465,2.736313,2.6061375,0.13017553
10466,2.7351515,2.6052554,0.1298962
10467,2.7342231,2.604266,0.12995711
10468,2.733392,2.6037025,0.12968944
10469,2.732159,2.602586,0.1295729
10470,2.7314048,2.6015565,0.12984833
10471,2.7308092,2.6009736,0.12983553
10472,2.7298424,2.5997412,0.13010117
10473,2.7285082,2.598985,0.12952337
10474,2.727331,2.598051,0.12928006
10475,2.7267826,2.597075,0.12970756
10476,2.7259626,2.5964913,0.12947142
10477,2.7247312,2.5952916,0.12943962
10478,2.7234993,2.5943253,0.12917404
10479,2.7228296,2.5936112,0.12921825
10480,2.7218251,2.5924208,0.12940425
10481,2.7208672,2.5918546,0.12901267
10482,2.7197096,2.590817,0.12889275
10483,2.7188048,2.5899482,0.12885669
10484,2.717932,2.5891902,0.12874183
10485,2.7169425,2.5881708,0.12877183
10486,2.7159839,2.5873408,0.12864304
10487,2.7151058,2.586541,0.12856486
10488,2.7141075,2.5855372,0.12857017
10489,2.7131083,2.5847628,0.12834561
10490,2.712016,2.583893,0.12812287
10491,2.7111444,2.5829244,0.12822019
10492,2.7101784,2.5820348,0.12814352
10493,2.7090793,2.581044,0.1280355
10494,2.7081285,2.5802217,0.12790672
10495,2.7072778,2.5793335,0.12794407
10496,2.7067764,2.578381,0.12839524
10497,2.7061713,2.5778952,0.12827614
10498,2.7056231,2.576603,0.12902024
10499,2.704673,2.5760381,0.12863488
10500,2.7029052,2.574835,0.12807013
10501,2.701853,2.5742166,0.12763655
10502,2.700942,2.573476,0.12746596
10503,2.7004707,2.572182,0.12828879
10504,2.6997664,2.5716774,0.1280888
10505,2.6980839,2.5705109,0.12757292
10506,2.697161,2.569806,0.12735498
10507,2.6970682,2.5693176,0.12775068
10508,2.6967645,2.567855,0.12890956
10509,2.6955147,2.567431,0.12808353
10510,2.693493,2.5661702,0.12732275
10511,2.6921859,2.5653503,0.12683564
10512,2.6915686,2.5646267,0.12694177
10513,2.6908205,2.563519,0.12730154
10514,2.690033,2.5629187,0.1271143
10515,2.6887805,2.561825,0.12695551
10516,2.6877987,2.5610971,0.12670153
10517,2.6868749,2.560211,0.12666383
10518,2.686103,2.559181,0.1269222
10519,2.6852243,2.5584552,0.12676904
10520,2.6842191,2.5574658,0.1267534
10521,2.6832185,2.5566783,0.12654024
10522,2.6821885,2.55583,0.12635846
10523,2.6814537,2.5547912,0.1266624
10524,2.6805544,2.554081,0.1264734
10525,2.679579,2.5531394,0.12643948
10526,2.6786547,2.5522373,0.12641747
10527,2.6777718,2.5515132,0.12625854
10528,2.6769075,2.5505462,0.12636116
10529,2.6758873,2.5496967,0.12619069
10530,2.6750154,2.548954,0.12606141
10531,2.6743314,2.5479195,0.126412
10532,2.6731844,2.5472202,0.12596427
10533,2.6722748,2.5464187,0.12585604
10534,2.6714149,2.5453212,0.12609345
10535,2.6705694,2.5445185,0.12605077
10536,2.669656,2.5437405,0.12591562
10537,2.6693947,2.5427125,0.12668228
10538,2.668681,2.5422237,0.12645733
10539,2.6673648,2.540974,0.12639078
10540,2.6661627,2.5403652,0.12579733
10541,2.6655364,2.5396829,0.12585337
10542,2.6647491,2.5384269,0.12632224
10543,2.6634576,2.5377302,0.12572747
10544,2.6624782,2.536755,0.12572308
10545,2.6617653,2.5358272,0.12593813
10546,2.6609218,2.5353441,0.12557764
10547,2.65977,2.5342288,0.12554124
10548,2.6587281,2.533406,0.12532218
10549,2.6580117,2.5326743,0.12533744
10550,2.657175,2.5316,0.12557498
10551,2.656099,2.5309937,0.12510549
10552,2.6550312,2.5300632,0.1249681
10553,2.6542065,2.5289931,0.12521335
10554,2.6533175,2.5283024,0.12501511
10555,2.6521358,2.5273623,0.12477343
10556,2.6514313,2.5265827,0.12484851
10557,2.6505408,2.5258722,0.124668695
10558,2.6495109,2.5248532,0.124657534
10559,2.6487446,2.5239925,0.12475221
10560,2.647828,2.52321,0.12461817
10561,2.6469657,2.522218,0.12474768
10562,2.6461637,2.5215216,0.12464235
10563,2.6452775,2.5205915,0.12468598
10564,2.6445148,2.5196643,0.124850415
10565,2.6434028,2.5190485,0.124354444
10566,2.642364,2.518017,0.12434709
10567,2.6413817,2.517178,0.12420367
10568,2.6406636,2.5164258,0.12423787
10569,2.6398096,2.5153883,0.124421254
10570,2.6388094,2.514626,0.12418358
10571,2.6379743,2.513861,0.12411331
10572,2.6370375,2.5128999,0.124137595
10573,2.6360514,2.5120525,0.12399888
10574,2.635126,2.511257,0.12386902
10575,2.6342678,2.5102944,0.12397337
10576,2.6332889,2.5095203,0.12376857
10577,2.632252,2.5085266,0.12372538
10578,2.631437,2.5076942,0.1237428
10579,2.6306145,2.506969,0.123645626
10580,2.629636,2.506004,0.123632014
10581,2.6286328,2.5051513,0.12348156
10582,2.6277215,2.5042973,0.12342429
10583,2.6267037,2.5034225,0.123281196
10584,2.6258628,2.502534,0.12332876
10585,2.6250477,2.501791,0.12325682
10586,2.624074,2.5008454,0.12322863
10587,2.6232882,2.5000281,0.12326002
10588,2.6225574,2.4991117,0.12344563
10589,2.6214123,2.4984348,0.122977436
10590,2.6206002,2.4973526,0.12324753
10591,2.619805,2.4966803,0.12312479
10592,2.6187482,2.4956448,0.12310344
10593,2.6177015,2.4948213,0.122880176
10594,2.6169298,2.494056,0.12287382
10595,2.616809,2.4930165,0.123792425
10596,2.6166947,2.4927921,0.12390252
10597,2.615081,2.491315,0.12376622
10598,2.613196,2.490681,0.122514926
10599,2.6123822,2.4898748,0.12250725
10600,2.6120603,2.4886975,0.12336272
10601,2.6110258,2.4882755,0.12275033
10602,2.6095662,2.4871187,0.122447416
10603,2.6085835,2.4862459,0.12233766
10604,2.6078486,2.485539,0.12230958
10605,2.6067917,2.4844854,0.12230637
10606,2.6057217,2.4836583,0.12206353
10607,2.6050274,2.482917,0.122110225
10608,2.6043074,2.481843,0.122464396
10609,2.6033864,2.4812682,0.122118115
10610,2.6022453,2.480263,0.12198222
10611,2.6013577,2.4794123,0.12194526
10612,2.6005485,2.478647,0.12190138
10613,2.599713,2.4776154,0.12209769
10614,2.598826,2.4769406,0.121885374
10615,2.597835,2.4758327,0.12200227
10616,2.5968976,2.4752584,0.121639416
10617,2.595707,2.4742975,0.12140945
10618,2.5947242,2.4733813,0.121342674
10619,2.5941606,2.472793,0.1213675
10620,2.5930524,2.4717872,0.12126521
10621,2.5921783,2.470955,0.12122357
10622,2.5915246,2.4703455,0.121179104
10623,2.5906017,2.46925,0.12135174
10624,2.5895588,2.468494,0.12106486
10625,2.5887105,2.4677098,0.12100072
10626,2.588154,2.4667697,0.12138424
10627,2.5872788,2.4661105,0.12116835
10628,2.5860586,2.4650455,0.12101326
10629,2.5850549,2.464155,0.12089996
10630,2.5844662,2.4635954,0.12087071
10631,2.5836618,2.46248,0.1211818
10632,2.582518,2.461975,0.12054308
10633,2.5814996,2.4611049,0.120394684
10634,2.580683,2.4602132,0.12046995
10635,2.5799255,2.459532,0.12039348
10636,2.57897,2.4584432,0.12052695
10637,2.5780969,2.4576955,0.120401524
10638,2.5774746,2.4570284,0.12044628
10639,2.5771096,2.455906,0.12120372
10640,2.5759473,2.455407,0.12054024
10641,2.5747423,2.4542873,0.12045505
10642,2.573943,2.4534674,0.120475456
10643,2.5732028,2.452799,0.120403744
10644,2.5722885,2.4516687,0.120619774
10645,2.5712063,2.4510307,0.12017582
10646,2.5701437,2.4500408,0.1201029
10647,2.5692909,2.449091,0.12019992
10648,2.5683916,2.448482,0.119909525
10649,2.5674531,2.4475532,0.11989995
10650,2.5664647,2.4467323,0.1197324
10651,2.5656712,2.4459693,0.11970172
10652,2.5647504,2.4450016,0.11974897
10653,2.5639882,2.444366,0.11962219
10654,2.5631225,2.4434316,0.11969082
10655,2.5623546,2.4425,0.119854346
10656,2.5618687,2.4420438,0.1198249
10657,2.5609267,2.4408927,0.12003382
10658,2.5595286,2.4402008,0.119327664
10659,2.55843,2.439178,0.11925199
10660,2.5578885,2.4383326,0.11955591
10661,2.5577774,2.4378777,0.11989975
10662,2.557709,2.4366505,0.1210585
10663,2.5567415,2.4362333,0.12050811
10664,2.554971,2.4348817,0.120089434
10665,2.553255,2.4343257,0.11892941
10666,2.5522604,2.4334147,0.118845806
10667,2.5520506,2.4323258,0.119724676
10668,2.5516849,2.4319487,0.11973622
10669,2.5504487,2.4307039,0.11974464
10670,2.5488148,2.4302952,0.11851939
10671,2.5478718,2.429373,0.11849868
10672,2.5472667,2.4283988,0.11886785
10673,2.5467286,2.427984,0.11874445
10674,2.5454729,2.4266603,0.118812636
10675,2.5442905,2.4259727,0.11831782
10676,2.543609,2.4253268,0.11828212
10677,2.5430374,2.4242594,0.11877821
10678,2.541941,2.4236999,0.118241094
10679,2.5409098,2.4228182,0.11809144
10680,2.5403967,2.4219048,0.11849191
10681,2.539669,2.421375,0.11829412
10682,2.5383797,2.4201684,0.118211284
10683,2.5374086,2.4193773,0.1180311
10684,2.5367296,2.4187667,0.11796288
10685,2.5359883,2.417705,0.11828335
10686,2.5348303,2.417006,0.11782434
10687,2.5339117,2.4161637,0.117748
10688,2.5333097,2.4152322,0.118077375
10689,2.5324962,2.4147198,0.11777637
10690,2.5312147,2.4137185,0.117496274
10691,2.5305736,2.4127624,0.11781099
10692,2.530063,2.4121494,0.11791332
10693,2.528879,2.411103,0.11777596
10694,2.5277946,2.410472,0.11732267
10695,2.527043,2.4096954,0.11734752
10696,2.5265498,2.4086382,0.11791152
10697,2.5260744,2.4081514,0.11792286
10698,2.5251076,2.4069562,0.11815133
10699,2.5237875,2.4065359,0.11725166
10700,2.5228248,2.4056745,0.117150284
10701,2.5225031,2.4046407,0.11786252
10702,2.5214708,2.4041643,0.11730641
10703,2.5202534,2.4031572,0.11709627
10704,2.5198727,2.402263,0.11760974
10705,2.5192478,2.4018424,0.1174055
10706,2.5179386,2.4006135,0.11732502
10707,2.5165982,2.3999205,0.11667782
10708,2.5160246,2.3992224,0.11680231
10709,2.515284,2.3981838,0.117100105
10710,2.5143032,2.397715,0.11658821
10711,2.513289,2.3967102,0.11657883
10712,2.5124524,2.3958673,0.116584875
10713,2.511676,2.395194,0.11648196
10714,2.5108497,2.3942826,0.11656709
10715,2.509953,2.3935509,0.116402104
10716,2.5091658,2.392827,0.11633869
10717,2.508277,2.3919122,0.116364695
10718,2.5074744,2.391326,0.11614852
10719,2.5066242,2.3904212,0.11620295
10720,2.5055337,2.3895516,0.115982056
10721,2.5046377,2.388759,0.115878806
10722,2.5038812,2.387833,0.11604802
10723,2.5030658,2.3870788,0.11598714
10724,2.5021176,2.3862672,0.11585053
10725,2.5013676,2.3853335,0.116034105
10726,2.500506,2.3847136,0.1157922
10727,2.4993608,2.3837092,0.11565159
10728,2.498587,2.382963,0.11562401
10729,2.497834,2.3823712,0.11546256
10730,2.496885,2.381335,0.1155499
10731,2.496024,2.3805945,0.115429565
10732,2.4953272,2.3799465,0.11538067
10733,2.4945939,2.378975,0.1156188
10734,2.4935925,2.3784187,0.11517376
10735,2.492717,2.377571,0.11514588
10736,2.4918103,2.3766124,0.11519794
10737,2.491043,2.3758967,0.11514641
10738,2.4899566,2.3749907,0.11496587
10739,2.4891975,2.374187,0.11501048
10740,2.4884937,2.373579,0.11491464
10741,2.4876306,2.3726337,0.11499701
10742,2.4868534,2.3719368,0.11491646
10743,2.4859376,2.3710775,0.11486001
10744,2.4849825,2.3702247,0.11475767
10745,2.484081,2.369563,0.114518024
10746,2.483372,2.368697,0.11467507
10747,2.482491,2.3681002,0.11439085
10748,2.4815977,2.3670406,0.11455709
10749,2.4805958,2.3663225,0.11427331
10750,2.4798262,2.365623,0.114203274
10751,2.4790866,2.3647714,0.11431513
10752,2.4782481,2.36404,0.1142083
10753,2.477476,2.363396,0.11408007
10754,2.476874,2.3623486,0.11452548
10755,2.4760633,2.3617237,0.114339665
10756,2.4750178,2.3608267,0.11419103
10757,2.4742916,2.3600852,0.11420627
10758,2.47356,2.3594472,0.11411293
10759,2.4728014,2.3583982,0.11440327
10760,2.4718347,2.3578045,0.11403014
10761,2.4709783,2.3568482,0.114129916
10762,2.4700084,2.3562675,0.11374079
10763,2.4691727,2.3554254,0.113747194
10764,2.4682238,2.3544652,0.113758445
10765,2.467417,2.3538582,0.11355881
10766,2.4664216,2.3528936,0.11352806
10767,2.465842,2.3521662,0.11367583
10768,2.4652033,2.3516657,0.11353767
10769,2.4643538,2.3505282,0.11382562
10770,2.463282,2.3498514,0.11343068
10771,2.4624507,2.3489997,0.11345091
10772,2.4616485,2.3482425,0.11340599
10773,2.4608934,2.3475895,0.113303944
10774,2.459803,2.3465931,0.11321008
10775,2.4590445,2.3457096,0.11333487
10776,2.4584954,2.345084,0.11341135
10777,2.4576166,2.3440328,0.11358376
10778,2.4564383,2.3434832,0.11295494
10779,2.4558747,2.342824,0.11305078
10780,2.455166,2.3418183,0.113347866
10781,2.4542506,2.3411415,0.113109015
10782,2.4532206,2.3401194,0.113101244
10783,2.452199,2.339524,0.11267495
10784,2.451248,2.3386574,0.11259048
10785,2.4505198,2.3377297,0.112790205
10786,2.4495883,2.3371363,0.11245215
10787,2.4487007,2.336169,0.11253165
10788,2.4479573,2.3354096,0.11254761
10789,2.4472182,2.3348432,0.112375125
10790,2.4464915,2.3338742,0.11261729
10791,2.4455588,2.333199,0.1123596
10792,2.4445975,2.332341,0.11225673
10793,2.4439948,2.331498,0.11249672
10794,2.4429686,2.3309293,0.11203933
10795,2.4420168,2.329965,0.11205169
10796,2.4412088,2.3292212,0.11198753
10797,2.4404643,2.3285596,0.1119045
10798,2.439989,2.3276677,0.112321354
10799,2.4389553,2.327092,0.11186347
10800,2.4381397,2.3261192,0.112020634
10801,2.4371767,2.3254821,0.11169442
10802,2.4363098,2.3246303,0.11167939
10803,2.435579,2.3237514,0.11182775
10804,2.4346836,2.323103,0.11158057
10805,2.43409,2.3223002,0.11178966
10806,2.4331598,2.3216136,0.11154632
10807,2.4321039,2.3206234,0.11148033
10808,2.4312055,2.3198795,0.111325905
10809,2.4303136,2.3191845,0.11112903
10810,2.4295032,2.318252,0.111251
10811,2.4287417,2.3176284,0.111113265
10812,2.4278553,2.3166487,0.111206494
10813,2.4271636,2.3159611,0.111202575
10814,2.4262586,2.3151872,0.111071214
10815,2.4256318,2.3144372,0.11119463
10816,2.4247856,2.3138285,0.11095716
10817,2.4240427,2.3128588,0.111183956
10818,2.42319,2.3121593,0.11103092
10819,2.42228,2.3115134,0.11076679
10820,2.421572,2.3106265,0.11094546
10821,2.4208128,2.309939,0.110873915
10822,2.4197843,2.3090427,0.11074178
10823,2.4189277,2.3082662,0.110661425
10824,2.41813,2.3075893,0.11054061
10825,2.417426,2.3067482,0.11067796
10826,2.4165647,2.3061166,0.110448286
10827,2.415698,2.3052294,0.1104686
10828,2.415066,2.3043916,0.110674515
10829,2.4143524,2.3037782,0.110574365
10830,2.4133983,2.3029256,0.110472776
10831,2.4124599,2.302334,0.110125825
10832,2.4118423,2.3015916,0.11025083
10833,2.411383,2.3005743,0.11080854
10834,2.4104903,2.3001566,0.1103336
10835,2.4092984,2.2991095,0.11018889
10836,2.4085076,2.2983234,0.110184155
10837,2.407764,2.297732,0.11003175
10838,2.4069448,2.296721,0.110223785
10839,2.406162,2.2961214,0.11004077
10840,2.4055116,2.2954464,0.11006518
10841,2.4047723,2.2945085,0.11026381
10842,2.4039927,2.2939434,0.11004932
10843,2.4028292,2.293002,0.10982716
10844,2.4021904,2.292179,0.11001153
10845,2.4015257,2.291618,0.10990765
10846,2.400517,2.2905626,0.10995431
10847,2.399418,2.2899435,0.10947478
10848,2.3986516,2.2892344,0.109417245
10849,2.3982296,2.2882085,0.110021174
10850,2.397395,2.2877498,0.10964503
10851,2.3968172,2.2867212,0.11009606
10852,2.3958223,2.2863357,0.10948674
10853,2.3947928,2.285475,0.109317884
10854,2.3940687,2.284656,0.10941251
10855,2.3934398,2.2841122,0.10932772
10856,2.3923736,2.2831843,0.10918909
10857,2.3914397,2.2825198,0.10891972
10858,2.3907564,2.2818515,0.10890472
10859,2.3899238,2.2808204,0.1091034
10860,2.3890865,2.2801876,0.10889892
10861,2.3882613,2.27937,0.10889115
10862,2.3874907,2.2787282,0.10876258
10863,2.3865294,2.2779837,0.10854576
10864,2.3856661,2.2770743,0.10859182
10865,2.3848753,2.2763963,0.10847901
10866,2.3841305,2.2754595,0.10867093
10867,2.3832932,2.2747703,0.10852291
10868,2.3824992,2.2740896,0.10840956
10869,2.381712,2.2732139,0.10849802
10870,2.3810203,2.2726982,0.10832212
10871,2.3800576,2.2717063,0.108351305
10872,2.3789835,2.2709723,0.108011365
10873,2.3781934,2.270205,0.10798824
10874,2.3775833,2.2692778,0.10830538
10875,2.3768497,2.2687476,0.10810218
10876,2.3758302,2.267847,0.10798307
10877,2.3750818,2.2671804,0.10790132
10878,2.3747015,2.2667065,0.10799513
10879,2.3743129,2.2655778,0.108735204
10880,2.3732083,2.2650928,0.10811539
10881,2.3719053,2.2639687,0.107936464
10882,2.371406,2.2632656,0.10814047
10883,2.3718336,2.2632468,0.10858681
10884,2.3708677,2.2617865,0.109081246
10885,2.368939,2.2612877,0.10765121
10886,2.3679466,2.2605762,0.107370354
10887,2.3681962,2.2596552,0.10854089
10888,2.36751,2.259524,0.10798602
10889,2.3655288,2.2581666,0.10736217
10890,2.3647122,2.2573717,0.10734062
10891,2.3643847,2.2570488,0.10733573
10892,2.3636794,2.2559,0.10777946
10893,2.3624747,2.2553794,0.10709524
10894,2.3615038,2.2545152,0.10698855
10895,2.360868,2.2537746,0.10709332
10896,2.3600392,2.2531793,0.1068599
10897,2.3592043,2.2523336,0.10687065
10898,2.3583531,2.251654,0.10669927
10899,2.3575056,2.2508605,0.10664511
10900,2.3568938,2.2499976,0.106896065
10901,2.3559313,2.249398,0.106533125
10902,2.3551173,2.2487237,0.10639368
10903,2.35433,2.247872,0.106457755
10904,2.3534384,2.2470312,0.10640712
10905,2.352992,2.2463286,0.10666366
10906,2.3522053,2.2454927,0.1067124
10907,2.3512325,2.245034,0.106198564
10908,2.350333,2.2441697,0.10616316
10909,2.3500996,2.2432108,0.10688879
10910,2.3489437,2.2427266,0.10621729
10911,2.3480935,2.2420125,0.106080845
10912,2.3476477,2.2412708,0.10637672
10913,2.3470318,2.2406988,0.10633285
10914,2.3463407,2.2396667,0.10667398
10915,2.3455796,2.2391288,0.10645083
10916,2.3444939,2.2382424,0.10625149
10917,2.3435628,2.2378268,0.105735876
10918,2.3425846,2.23677,0.10581459
10919,2.3417416,2.2360911,0.10565027
10920,2.3410013,2.235236,0.1057653
10921,2.3402576,2.234546,0.10571178
10922,2.3400278,2.2341557,0.10587212
10923,2.3398857,2.2329688,0.106916845
10924,2.3392937,2.2325673,0.106726326
10925,2.3377416,2.2314832,0.10625844
10926,2.3364308,2.2310553,0.10537545
10927,2.3353593,2.2301376,0.10522171
10928,2.3347628,2.229321,0.10544182
10929,2.3343456,2.228899,0.10544658
10930,2.333609,2.2278917,0.105717525
10931,2.3324928,2.2274106,0.10508239
10932,2.3313706,2.2265098,0.10486078
10933,2.3311224,2.2257137,0.105408706
10934,2.3308191,2.2252882,0.105530895
10935,2.329819,2.2241914,0.10562746
10936,2.3285024,2.2237747,0.104727864
10937,2.3275428,2.2228801,0.10466258
10938,2.3272672,2.2220306,0.105236486
10939,2.326317,2.22149,0.10482712
10940,2.325278,2.220687,0.10459099
10941,2.3243668,2.21997,0.104396895
10942,2.3236022,2.219441,0.10416114
10943,2.322831,2.2185254,0.10430565
10944,2.322184,2.2177646,0.10441949
10945,2.3213778,2.2171552,0.10422246
10946,2.3207247,2.2165341,0.10419057
10947,2.3199668,2.2157025,0.104264215
10948,2.319073,2.2150025,0.10407038
10949,2.3182383,2.21427,0.10396814
10950,2.3175623,2.2135153,0.104046926
10951,2.3167784,2.21291,0.10386857
10952,2.3158803,2.2120473,0.103832915
10953,2.3150826,2.2113698,0.10371262
10954,2.3144994,2.2107244,0.103774846
10955,2.3140092,2.209965,0.10404427
10956,2.3132756,2.2096095,0.10366595
10957,2.3123398,2.2086258,0.10371387
10958,2.3115087,2.2079468,0.10356188
10959,2.3108344,2.2073355,0.103498936
10960,2.3101196,2.206524,0.10359564
10961,2.3093884,2.2059789,0.10340935
10962,2.3086386,2.205227,0.10341163
10963,2.3078675,2.2043376,0.103530034
10964,2.3070183,2.2037547,0.10326366
10965,2.306203,2.202996,0.103206895
10966,2.3054852,2.2022183,0.103266954
10967,2.3047435,2.2016299,0.10311358
10968,2.3039105,2.2008142,0.10309634
10969,2.3032587,2.2001507,0.10310797
10970,2.3024013,2.1994839,0.10291749
10971,2.3015532,2.1986504,0.102902815
10972,2.3009493,2.1979513,0.10299816
10973,2.3002155,2.197348,0.10286745
10974,2.2995205,2.196496,0.10302446
10975,2.298657,2.1958525,0.10280454
10976,2.2978873,2.195155,0.10273222
10977,2.297109,2.1943462,0.1027628
10978,2.2963507,2.1937654,0.1025853
10979,2.2955685,2.1929777,0.10259086
10980,2.2949865,2.1922765,0.10270995
10981,2.2942495,2.1917589,0.10249059
10982,2.2935178,2.190867,0.10265098
10983,2.2926867,2.1902463,0.102440335
10984,2.292028,2.1894145,0.10261357
10985,2.291091,2.1887205,0.102370426
10986,2.2904353,2.1880996,0.102335736
10987,2.2897477,2.1873524,0.102395415
10988,2.2890484,2.1867225,0.10232595
10989,2.288245,2.1860836,0.10216127
10990,2.2875373,2.1852784,0.102258764
10991,2.2867272,2.1846578,0.10206928
10992,2.286146,2.1840148,0.10213113
10993,2.2853408,2.1833687,0.10197212
10994,2.284574,2.1826985,0.1018755
10995,2.2838967,2.1819444,0.101952314
10996,2.283117,2.1812193,0.10189772
10997,2.2823322,2.1806202,0.10171211
10998,2.2815814,2.1799207,0.10166065
10999,2.2807662,2.1791637,0.10160252
11000,2.2799115,2.178448,0.1014636
11001,2.2793586,2.1776528,0.10170579
11002,2.2783546,2.1770666,0.1012881
11003,2.2775965,2.1762972,0.10129937
11004,2.276843,2.1757069,0.10113613
11005,2.2761033,2.1748388,0.10126436
11006,2.2754807,2.1742096,0.101271056
11007,2.274648,2.1735647,0.10108332
11008,2.2740576,2.1728115,0.101246215
11009,2.273167,2.1722028,0.10096399
11010,2.2725594,2.171403,0.10115657
11011,2.2717988,2.1707225,0.101076365
11012,2.2709682,2.1701026,0.10086548
11013,2.2704606,2.169305,0.10115558
11014,2.2696323,2.1687381,0.10089414
11015,2.2688155,2.1677673,0.10104825
11016,2.2679267,2.1671782,0.10074842
11017,2.2673743,2.1666496,0.10072454
11018,2.266656,2.1658645,0.1007915
11019,2.265998,2.165272,0.10072587
11020,2.265152,2.1645532,0.10059881
11021,2.264405,2.1638665,0.100538656
11022,2.2636886,2.1631765,0.100511886
11023,2.262906,2.16253,0.10037623
11024,2.2623038,2.1618004,0.10050364
11025,2.2614477,2.1610842,0.10036335
11026,2.2606075,2.1603775,0.10022988
11027,2.2597826,2.1597104,0.100072265
11028,2.2591555,2.1590595,0.10009601
11029,2.2584443,2.1583436,0.10010071
11030,2.2578256,2.1576514,0.100174166
11031,2.256983,2.157123,0.09986004
11032,2.2562253,2.1564002,0.09982521
11033,2.255466,2.155674,0.09979202
11034,2.2548926,2.155015,0.099877596
11035,2.2541964,2.1543047,0.09989168
11036,2.253207,2.1536555,0.099551424
11037,2.2525413,2.1529129,0.099628486
11038,2.2517838,2.1521873,0.099596545
11039,2.25105,2.1515734,0.09947647
11040,2.2504165,2.1509583,0.09945831
11041,2.249943,2.1500833,0.09985967
11042,2.2494648,2.1496403,0.09982421
11043,2.2488956,2.148645,0.1002507
11044,2.2483194,2.148373,0.09994646
11045,2.2476368,2.147312,0.10032497
11046,2.2466495,2.1469064,0.09974311
11047,2.2455244,2.145987,0.09953719
11048,2.2445982,2.145334,0.09926416
11049,2.2440646,2.1447837,0.099280834
11050,2.2436805,2.143992,0.099688694
11051,2.243294,2.143719,0.09957508
11052,2.2424626,2.142631,0.099831566
11053,2.2412891,2.1421723,0.0991167
11054,2.2403426,2.1414065,0.0989361
11055,2.2397823,2.140699,0.09908358
11056,2.239138,2.1402538,0.098884024
11057,2.2383833,2.1392372,0.09914619
11058,2.237564,2.1386917,0.098872595
11059,2.2369285,2.1380227,0.09890602
11060,2.2362618,2.1375492,0.09871264
11061,2.2354958,2.1368585,0.09863729
11062,2.2348368,2.1361914,0.09864558
11063,2.2341273,2.1355073,0.09862003
11064,2.2335038,2.1348588,0.09864497
11065,2.2327576,2.1343138,0.098443925
11066,2.232047,2.133465,0.09858213
11067,2.2313054,2.1328642,0.098441176
11068,2.2306764,2.132184,0.09849234
11069,2.230201,2.131276,0.09892522
11070,2.229017,2.1308646,0.098152265
11071,2.2282162,2.130037,0.098179206
11072,2.227713,2.1292717,0.098441385
11073,2.2271352,2.1289847,0.098150685
11074,2.2263007,2.1279433,0.098357335
11075,2.2253494,2.1274345,0.09791485
11076,2.2247934,2.1269155,0.09787813
11077,2.2243114,2.1259127,0.09839863
11078,2.223472,2.1254985,0.09797343
11079,2.2225134,2.1246357,0.09787758
11080,2.2216995,2.1240146,0.097685
11081,2.221028,2.1234033,0.09762479
11082,2.2206166,2.122557,0.09805956
11083,2.219969,2.1221578,0.09781141
11084,2.2191262,2.1212528,0.097873546
11085,2.2182539,2.1207657,0.09748833
11086,2.2173586,2.119911,0.09744767
11087,2.2166939,2.1192477,0.09744634
11088,2.2160122,2.1187499,0.097262345
11089,2.2156196,2.1180377,0.097581886
11090,2.2147202,2.1173673,0.09735291
11091,2.2138965,2.116661,0.09723552
11092,2.2132392,2.1160047,0.09723441
11093,2.2125595,2.1153913,0.09716828
11094,2.211861,2.11472,0.097140834
11095,2.2111273,2.1140575,0.097069755
11096,2.210351,2.1133506,0.09700049
11097,2.209655,2.1126137,0.09704147
11098,2.208942,2.1120584,0.09688364
11099,2.2083232,2.1114671,0.09685625
11100,2.207555,2.1106884,0.09686656
11101,2.2067912,2.1099982,0.09679306
11102,2.206264,2.1093028,0.09696136
11103,2.2054603,2.1087852,0.096675254
11104,2.2046714,2.108028,0.09664352
11105,2.203959,2.1074035,0.09655548
11106,2.2034118,2.107015,0.096397005
11107,2.2029126,2.1060143,0.096898325
11108,2.2020314,2.1054566,0.09657471
11109,2.200993,2.104755,0.09623814
11110,2.2007484,2.1039615,0.09678711
11111,2.2006297,2.1036873,0.09694262
11112,2.199701,2.1026216,0.09707965
11113,2.1982534,2.1022289,0.09602448
11114,2.1978676,2.1015956,0.09627218
11115,2.1986609,2.100711,0.09794972
11116,2.1985877,2.1009262,0.09766141
11117,2.1968186,2.099497,0.097321644
11118,2.1948657,2.0989614,0.095904484
11119,2.194042,2.0983737,0.0956684
11120,2.19419,2.0975928,0.096597195
11121,2.193596,2.0974085,0.096187375
11122,2.1922905,2.0962474,0.09604311
11123,2.191301,2.095699,0.09560212
11124,2.1909237,2.095236,0.0956875
11125,2.190512,2.094317,0.09619508
11126,2.1893334,2.0939693,0.09536405
11127,2.188465,2.0931633,0.09530175
11128,2.1884677,2.0924058,0.0960619
11129,2.1880975,2.0920782,0.096019246
11130,2.1873233,2.091165,0.09615836
11131,2.185978,2.0907497,0.09522826
11132,2.1849537,2.0898643,0.09508935
11133,2.1845357,2.0891197,0.09541609
11134,2.1841505,2.0886676,0.09548302
11135,2.1836221,2.087955,0.0956672
11136,2.1825287,2.0877213,0.09480749
11137,2.181398,2.0867243,0.094673686
11138,2.1808405,2.0860198,0.094820745
11139,2.1801553,2.0854418,0.094713286
11140,2.1794477,2.0848691,0.094578356
11141,2.1787863,2.0843139,0.0944723
11142,2.1781259,2.0835557,0.094570175
11143,2.1776483,2.0829103,0.09473808
11144,2.176978,2.0823472,0.09463096
11145,2.1764596,2.08167,0.09478935
11146,2.1757233,2.081102,0.09462139
11147,2.1749039,2.0803432,0.09456071
11148,2.1742537,2.0796766,0.09457694
11149,2.17362,2.079199,0.09442108
11150,2.172884,2.078472,0.09441223
11151,2.1720946,2.0778923,0.09420226
11152,2.1714535,2.0772874,0.09416601
11153,2.1707902,2.0764954,0.09429479
11154,2.1701474,2.0760589,0.0940886
11155,2.1693678,2.0754218,0.09394588
11156,2.1687562,2.074718,0.09403826
11157,2.1681526,2.0741434,0.09400912
11158,2.167397,2.0734458,0.093951344
11159,2.1666546,2.0728762,0.09377841
11160,2.166239,2.0724294,0.09380957
11161,2.1656566,2.0715663,0.09409032
11162,2.1648962,2.0710542,0.093842044
11163,2.1640475,2.07033,0.09371744
11164,2.1633236,2.0697572,0.093566276
11165,2.1627433,2.0692828,0.093460605
11166,2.162038,2.0685272,0.093510926
11167,2.161315,2.0679388,0.09337622
11168,2.1606345,2.0672438,0.093390614
11169,2.159929,2.0665972,0.093331814
11170,2.159315,2.0661004,0.09321471
11171,2.1585574,2.0653186,0.09323871
11172,2.1579568,2.064745,0.093211986
11173,2.1573324,2.0641336,0.09319877
11174,2.156694,2.0635648,0.093129195
11175,2.156076,2.062973,0.09310286
11176,2.155386,2.0621917,0.09319417
11177,2.1549838,2.061693,0.09329082
11178,2.1541085,2.0609815,0.09312695
11179,2.153287,2.06044,0.09284675
11180,2.1528044,2.0598745,0.092930004
11181,2.1521616,2.0589752,0.09318634
11182,2.1515043,2.0585868,0.09291763
11183,2.1506128,2.057874,0.092738904
11184,2.149951,2.057225,0.09272599
11185,2.1493702,2.0567694,0.09260099
11186,2.1486146,2.0560472,0.09256735
11187,2.1480148,2.0554492,0.092565656
11188,2.147349,2.054889,0.09246013
11189,2.1466465,2.0543015,0.09234519
11190,2.146043,2.053723,0.09231986
11191,2.145332,2.0530014,0.092330694
11192,2.1446917,2.0523756,0.09231625
11193,2.144022,2.05184,0.09218185
11194,2.1434286,2.0511873,0.09224135
11195,2.1427257,2.0506124,0.09211311
11196,2.142047,2.0499678,0.09207911
11197,2.1415002,2.0494502,0.09205011
11198,2.1408963,2.0487916,0.09210477
11199,2.1402144,2.0483112,0.09190316
11200,2.1394718,2.0476196,0.09185222
11201,2.1387873,2.0470028,0.09178431
11202,2.138183,2.0464137,0.091769345
11203,2.1375513,2.045854,0.09169726
11204,2.1369596,2.045196,0.0917634
11205,2.1363437,2.0447106,0.091633186
11206,2.135654,2.0440195,0.09163468
11207,2.1350288,2.0433447,0.09168418
11208,2.134433,2.0429072,0.09152569
11209,2.1337457,2.0421777,0.09156784
11210,2.133016,2.0416272,0.091388844
11211,2.1323574,2.0410187,0.09133855
11212,2.1318934,2.040307,0.09158646
11213,2.1312296,2.039817,0.091412574
11214,2.1304667,2.0390615,0.09140532
11215,2.12976,2.0384748,0.09128539
11216,2.1291845,2.0379481,0.09123622
11217,2.128409,2.0371683,0.09124075
11218,2.127741,2.0366693,0.09107172
11219,2.127034,2.0360332,0.09100066
11220,2.1263146,2.035326,0.09098877
11221,2.1256027,2.034823,0.0907799
11222,2.125022,2.0341883,0.09083356
11223,2.1243277,2.0337052,0.09062245
11224,2.1236537,2.0329745,0.09067905
11225,2.123011,2.0324721,0.09053898
11226,2.1224887,2.0319014,0.09058736
11227,2.1218443,2.031279,0.090565264
11228,2.1211607,2.0307615,0.09039922
11229,2.120627,2.0300157,0.0906112
11230,2.1200414,2.0295641,0.09047724
11231,2.1194265,2.0288827,0.09054395
11232,2.1188228,2.028496,0.090326846
11233,2.1180098,2.0277545,0.090255156
11234,2.1172578,2.0271983,0.090059616
11235,2.1168413,2.0267217,0.090119526
11236,2.116345,2.0259438,0.09040128
11237,2.1155493,2.025447,0.09010246
11238,2.1148915,2.0248346,0.09005687
11239,2.1142902,2.0241606,0.09012975
11240,2.1136687,2.0236702,0.08999864
11241,2.1130023,2.0229752,0.09002719
11242,2.1123555,2.0224168,0.08993844
11243,2.1117425,2.0219054,0.08983718
11244,2.111052,2.0211773,0.08987485
11245,2.1104767,2.0207481,0.08972854
11246,2.1097455,2.0200276,0.08971778
11247,2.1090667,2.0194707,0.089595936
11248,2.1086237,2.018934,0.089689806
11249,2.1078706,2.0182521,0.08961858
11250,2.1073895,2.0177763,0.089613035
11251,2.1067646,2.017009,0.08975564
11252,2.1062102,2.0166345,0.08957589
11253,2.1054204,2.0159016,0.089518726
11254,2.1047375,2.015373,0.089364596
11255,2.1042275,2.0148082,0.0894192
11256,2.1036303,2.0141134,0.08951695
11257,2.1030533,2.0136926,0.08936061
11258,2.1022599,2.0129955,0.08926444
11259,2.1015673,2.0123754,0.089191906
11260,2.1009533,2.0118227,0.08913061
11261,2.1003191,2.011131,0.089188054
11262,2.0996566,2.010587,0.08906978
11263,2.0990102,2.0099647,0.08904551
11264,2.0983822,2.0095284,0.08885391
11265,2.097727,2.008781,0.08894609
11266,2.097062,2.008326,0.088736184
11267,2.0963812,2.0077598,0.08862148
11268,2.0960324,2.0072196,0.088812865
11269,2.0956917,2.0068355,0.088856116
11270,2.0950792,2.0059512,0.08912818
11271,2.0939465,2.0054476,0.088498764
11272,2.0934286,2.004938,0.088490784
11273,2.0932016,2.004222,0.088979766
11274,2.0922284,2.003882,0.088346526
11275,2.0911965,2.0031338,0.08806284
11276,2.0908082,2.002438,0.088370144
11277,2.0906258,2.0020895,0.08853625
11278,2.0900369,2.0013034,0.08873337
11279,2.089302,2.0010128,0.08828925
11280,2.0884526,2.0001433,0.08830933
11281,2.087789,1.9995558,0.08823311
11282,2.0873675,1.999183,0.08818462
11283,2.0868785,1.9982996,0.08857881
11284,2.0862257,1.9980428,0.08818288
11285,2.085301,1.9971768,0.08812411
11286,2.0844154,1.9966162,0.08779923
11287,2.0839665,1.9961458,0.087820746
11288,2.0835783,1.995429,0.088149354
11289,2.0830147,1.9951884,0.08782633
11290,2.0823123,1.9944133,0.087899014
11291,2.081657,1.9938575,0.08779949
11292,2.081131,1.9933934,0.08773756
11293,2.0807574,1.9927489,0.0880085
11294,2.0800855,1.9923632,0.08772229
11295,2.0793648,1.991554,0.08781078
11296,2.0786824,1.9911146,0.08756782
11297,2.078205,1.9906416,0.08756347
11298,2.077747,1.9898909,0.087856196
11299,2.0771565,1.9895093,0.08764722
11300,2.0762734,1.988763,0.08751033
11301,2.075601,1.9882517,0.08734931
11302,2.0748866,1.9876934,0.087193124
11303,2.0743585,1.9870361,0.08732234
11304,2.0736089,1.9866368,0.08697217
11305,2.0729997,1.9859705,0.08702917
11306,2.0722992,1.9853809,0.08691834
11307,2.071739,1.9848552,0.08688377
11308,2.0710926,1.9842899,0.0868027
11309,2.0706108,1.9837786,0.086832136
11310,2.069962,1.9832467,0.086715326
11311,2.0694847,1.982428,0.08705674
11312,2.0690176,1.9820648,0.08695295
11313,2.0683537,1.9813184,0.087035365
11314,2.067593,1.9809052,0.08668782
11315,2.0671065,1.9802407,0.08686587
11316,2.0668328,1.9798623,0.08697038
11317,2.0664792,1.9790531,0.08742607
11318,2.0659366,1.9788173,0.08711924
11319,2.0652447,1.9779457,0.08729909
11320,2.0642068,1.9775996,0.08660722
11321,2.0634599,1.976888,0.08657186
11322,2.0627904,1.9764625,0.08632785
11323,2.0620334,1.9758676,0.08616589
11324,2.0615125,1.975243,0.086269654
11325,2.0611334,1.9748342,0.08629918
11326,2.0607867,1.9740348,0.08675188
11327,2.0602238,1.9738513,0.08637239
11328,2.0594265,1.9729906,0.0864359
11329,2.0585556,1.9726086,0.085946895
11330,2.0579455,1.9720345,0.08591115
11331,2.057364,1.9713421,0.086021975
11332,2.0567243,1.9708502,0.085874066
11333,2.0561044,1.9702361,0.085868336
11334,2.0556297,1.9696491,0.08598073
11335,2.0549896,1.9693246,0.08566507
11336,2.0544336,1.968683,0.08575058
11337,2.0538003,1.968273,0.0855273
11338,2.053195,1.9676766,0.085518315
11339,2.0524786,1.967104,0.08537464
11340,2.0518765,1.9665861,0.08529039
11341,2.0512478,1.9660581,0.08518958
11342,2.0508199,1.965538,0.08528191
11343,2.0504189,1.9648967,0.08552227
11344,2.0498304,1.964528,0.085302405
11345,2.049164,1.9638896,0.08527448
11346,2.048578,1.9632962,0.08528189
11347,2.0481484,1.9629512,0.08519709
11348,2.047557,1.9621894,0.08536769
11349,2.0467217,1.9616606,0.085061066
11350,2.0461326,1.9611695,0.084963195
11351,2.0456927,1.9605201,0.08517245
11352,2.0452275,1.9601738,0.08505367
11353,2.0444386,1.9594184,0.08502027
11354,2.0438437,1.9590018,0.08484198
11355,2.043097,1.9584868,0.08461011
11356,2.0426397,1.9578493,0.084790535
11357,2.042266,1.957479,0.08478676
11358,2.0418015,1.9567113,0.08509011
11359,2.0410252,1.9563464,0.08467879
11360,2.0401874,1.9556621,0.08452509
11361,2.0396962,1.955143,0.084553316
11362,2.0392325,1.9547778,0.08445456
11363,2.0387492,1.9540098,0.084739506
11364,2.0379658,1.9536057,0.08436011
11365,2.037279,1.9530053,0.08427358
11366,2.0366504,1.9524313,0.08421909
11367,2.0362566,1.951985,0.08427163
11368,2.0357065,1.9513246,0.084382
11369,2.0352159,1.950985,0.084230885
11370,2.0347872,1.9502566,0.08453049
11371,2.0343618,1.9499626,0.084399104
11372,2.0339386,1.9491742,0.084764436
11373,2.0330234,1.9488311,0.08419222
11374,2.0321774,1.9480737,0.08410372
11375,2.0315113,1.9476,0.083911225
11376,2.031492,1.9472619,0.08422996
11377,2.0311465,1.9464498,0.08469677
11378,2.0302014,1.9461967,0.084004834
11379,2.0292914,1.9454986,0.083792835
11380,2.0287297,1.944956,0.08377366
11381,2.0283682,1.9445542,0.08381392
11382,2.0277905,1.9437964,0.083994165
11383,2.0270069,1.943415,0.083591774
11384,2.0263355,1.9428287,0.08350686
11385,2.025802,1.9422386,0.08356322
11386,2.0253978,1.941827,0.083570756
11387,2.0248022,1.9412035,0.08359878
11388,2.0240436,1.9408498,0.08319383
11389,2.0234365,1.9402171,0.08321934
11390,2.0229685,1.9396212,0.083347455
11391,2.0225852,1.939354,0.08323123
11392,2.0218482,1.9385985,0.083249554
11393,2.0211124,1.9381199,0.0829926
11394,2.0206394,1.937675,0.082964346
11395,2.0202153,1.9370543,0.08316102
11396,2.0196605,1.9366606,0.0829999
11397,2.0190365,1.93603,0.083006516
11398,2.0183277,1.935464,0.082863845
11399,2.0177855,1.9349587,0.08282697
11400,2.017425,1.9343947,0.08303026
11401,2.0170717,1.9341729,0.08289887
11402,2.0163705,1.9332937,0.08307691
11403,2.0156717,1.932872,0.082799606
11404,2.015044,1.9322684,0.08277558
11405,2.0145025,1.9318184,0.08268416
11406,2.014062,1.9314221,0.08263983
11407,2.0137537,1.9307129,0.08304061
11408,2.0134559,1.9304981,0.08295785
11409,2.0128179,1.9297049,0.08311281
11410,2.0118494,1.9293716,0.08247777
11411,2.011039,1.9287844,0.0822546
11412,2.0105565,1.9282156,0.08234084
11413,2.0100517,1.9278184,0.082233295
11414,2.0096252,1.927111,0.082514174
11415,2.0089078,1.9267483,0.082159564
11416,2.0083537,1.9263138,0.08203985
11417,2.0079098,1.9256812,0.082228646
11418,2.0075157,1.9252964,0.08221935
11419,2.0069,1.9245813,0.08231868
11420,2.0060964,1.9242014,0.08189484
11421,2.0055425,1.9236574,0.08188504
11422,2.0049937,1.923108,0.08188579
11423,2.0045893,1.9226356,0.08195379
11424,2.0040104,1.9220061,0.08200432
11425,2.0033073,1.9216127,0.08169472
11426,2.002769,1.9210536,0.08171538
11427,2.0021186,1.9205512,0.081567295
11428,2.0015683,1.9200699,0.08149824
11429,2.0010386,1.9194249,0.08161371
11430,2.0004675,1.9190271,0.081440546
11431,1.9999063,1.9184984,0.081407905
11432,1.9993057,1.9180015,0.08130418
11433,1.9988605,1.9175483,0.08131223
11434,1.9983771,1.9169415,0.08143552
11435,1.9977179,1.9165064,0.0812114
11436,1.9972066,1.9159377,0.08126898
11437,1.9965641,1.9154185,0.08114568
11438,1.9961407,1.9149777,0.081163034
11439,1.9956452,1.9144791,0.081166044
11440,1.99513,1.9139501,0.081179835
11441,1.9946216,1.9135133,0.08110832
11442,1.9943658,1.912922,0.0814438
11443,1.993927,1.9126807,0.08124625
11444,1.9937057,1.9119418,0.08176391
11445,1.9930555,1.9117113,0.081344105
11446,1.9926586,1.9109353,0.08172341
11447,1.9918793,1.9106842,0.081195116
11448,1.9911621,1.9099631,0.08119891
11449,1.9903055,1.9095844,0.0807211
11450,1.9895705,1.9089764,0.08059402
11451,1.9891087,1.9083856,0.080723085
11452,1.9885681,1.908019,0.080549076
11453,1.9878151,1.9073915,0.08042354
11454,1.9873158,1.9070252,0.08029053
11455,1.9866471,1.9064091,0.080238
11456,1.9861116,1.905838,0.0802736
11457,1.9856347,1.9054604,0.08017423
11458,1.98522,1.9049077,0.08031222
11459,1.9848791,1.9045476,0.08033166
11460,1.9846777,1.9038322,0.08084546
11461,1.9847252,1.9036798,0.081045344
11462,1.9854205,1.9028759,0.08254456
11463,1.986505,1.903276,0.08322911
11464,1.9863478,1.9020122,0.084335506
11465,1.9840184,1.9020132,0.08200526
11466,1.9817901,1.900915,0.080874994
11467,1.9803236,1.9005874,0.07973619
11468,1.9801942,1.9002595,0.079934746
11469,1.980834,1.8994958,0.08133816
11470,1.980409,1.8994381,0.08097088
11471,1.9791595,1.8985741,0.08058546
11472,1.9778234,1.8981928,0.07963061
11473,1.977485,1.8977594,0.07972554
11474,1.9776239,1.8970354,0.08058854
11475,1.9774963,1.8970965,0.08039974
11476,1.9765686,1.8961636,0.08040505
11477,1.9755276,1.8958716,0.07965604
11478,1.9747413,1.8952503,0.079490975
11479,1.9745632,1.8947058,0.079857506
11480,1.9742948,1.894547,0.07974772
11481,1.9737267,1.893722,0.08000469
11482,1.9729398,1.893471,0.0794688
11483,1.9720753,1.892842,0.07923333
11484,1.9718442,1.8922817,0.07956253
11485,1.9719852,1.8921399,0.079845294
11486,1.9714767,1.8913882,0.08008851
11487,1.9703058,1.8910997,0.07920609
11488,1.9695383,1.8904814,0.07905696
11489,1.96932,1.8899528,0.07936724
11490,1.9689583,1.8897806,0.07917763
11491,1.9682878,1.8890368,0.07925111
11492,1.967544,1.8886442,0.078899816
11493,1.9670594,1.8881553,0.07890406
11494,1.9666383,1.8876349,0.07900344
11495,1.9662011,1.8873143,0.07888673
11496,1.9656724,1.8866913,0.07898111
11497,1.9650257,1.886246,0.078779764
11498,1.9645307,1.8857453,0.07878548
11499,1.9641806,1.8851285,0.07905214
11500,1.9637008,1.8849174,0.07878338
11501,1.9630628,1.8843336,0.078729115
11502,1.9623978,1.8838962,0.07850163
11503,1.9619023,1.8834724,0.07842984
11504,1.9616132,1.8828889,0.07872425
11505,1.9612689,1.8826936,0.07857521
11506,1.9609814,1.8819679,0.079013444
11507,1.9603084,1.8817849,0.07852347
11508,1.9594154,1.8811647,0.0782508
11509,1.9591942,1.8806,0.07859416
11510,1.9592503,1.880463,0.07878739
11511,1.9591255,1.8796546,0.07947081
11512,1.958651,1.8795812,0.0790698
11513,1.957506,1.8787241,0.078781866
11514,1.956466,1.878396,0.078070015
11515,1.9567019,1.8781714,0.07853041
11516,1.9568726,1.877376,0.079496615
11517,1.9560537,1.877362,0.078691624
11518,1.9546648,1.8765109,0.0781539
11519,1.9543213,1.8760257,0.07829558
11520,1.9543822,1.875915,0.07846719
11521,1.953432,1.87502,0.07841189
11522,1.9525455,1.8746312,0.0779144
11523,1.9525468,1.8743291,0.07821783
11524,1.9521886,1.8735939,0.07859472
11525,1.9511288,1.873322,0.077806845
11526,1.9506454,1.8729113,0.077734165
11527,1.9504911,1.8722173,0.078273796
11528,1.9497883,1.871972,0.07781632
11529,1.9488977,1.8713298,0.07756792
11530,1.9483266,1.8709196,0.077407025
11531,1.9480629,1.870614,0.07744886
11532,1.9476432,1.8699354,0.07770777
11533,1.9471923,1.8697419,0.07745044
11534,1.9464122,1.8690922,0.07732
11535,1.9459386,1.8686904,0.077248216
11536,1.9455783,1.8683473,0.07723109
11537,1.9450943,1.8677233,0.07737093
11538,1.9445707,1.867405,0.07716562
11539,1.9441313,1.8668869,0.077244416
11540,1.9434898,1.8664356,0.07705416
11541,1.9430243,1.8659556,0.07706864
11542,1.942515,1.8654944,0.07702066
11543,1.9420172,1.8650573,0.076959826
11544,1.9415168,1.8645467,0.07697001
11545,1.9410731,1.8641543,0.07691865
11546,1.9407114,1.863771,0.07694043
11547,1.9402157,1.8631588,0.07705688
11548,1.9394758,1.8627114,0.07676434
11549,1.9389962,1.8622528,0.07674335
11550,1.9385667,1.8618252,0.076741554
11551,1.9381218,1.861423,0.07669874
11552,1.9376272,1.8609153,0.07671197
11553,1.9370396,1.8604715,0.07656822
11554,1.936531,1.8600076,0.0765234
11555,1.9359752,1.8594916,0.07648362
11556,1.9354734,1.8591626,0.07631085
11557,1.9350297,1.8586867,0.0763431
11558,1.9346414,1.8582305,0.076410875
11559,1.9342451,1.857869,0.07637602
11560,1.9338627,1.8573625,0.07650012
11561,1.933152,1.8569696,0.07618234
11562,1.9326924,1.8564768,0.07621567
11563,1.9322666,1.855954,0.076312624
11564,1.9319022,1.8556498,0.07625244
11565,1.9312662,1.8551099,0.07615633
11566,1.9308766,1.8545974,0.07627908
11567,1.9304136,1.8542706,0.07614301
11568,1.9299339,1.8537958,0.07613812
11569,1.9293426,1.8532712,0.076071344
11570,1.9288554,1.852823,0.076032385
11571,1.9284284,1.8524772,0.07595128
11572,1.9279946,1.8519883,0.07600621
11573,1.9276322,1.8515055,0.07612671
11574,1.9271914,1.8513019,0.07588946
11575,1.9266866,1.8506213,0.0760653
11576,1.9261051,1.8503186,0.07578658
11577,1.925375,1.8497709,0.075604066
11578,1.9251475,1.8492798,0.075867735
11579,1.925318,1.8491484,0.07616971
11580,1.9255041,1.8483922,0.077111796
11581,1.9249598,1.8482519,0.07670788
11582,1.9235418,1.8475133,0.076028526
11583,1.9225498,1.8471582,0.075391605
11584,1.9224969,1.8469183,0.075578585
11585,1.9220811,1.8462085,0.075872675
11586,1.9211856,1.8458726,0.07531308
11587,1.9207735,1.8454258,0.07534768
11588,1.9205016,1.8448153,0.07568632
11589,1.9197899,1.8445865,0.07520335
11590,1.9192888,1.8440933,0.07519538
11591,1.9191623,1.8434948,0.075667426
11592,1.9189612,1.8433017,0.07565953
11593,1.9183607,1.8426503,0.07571044
11594,1.9174602,1.8422894,0.07517078
11595,1.9169121,1.8418283,0.075083755
11596,1.9167423,1.841298,0.075444415
11597,1.9163721,1.8411616,0.07521045
11598,1.9155507,1.8404518,0.07509884
11599,1.9149354,1.8400759,0.0748594
11600,1.9145212,1.839706,0.07481525
11601,1.9140722,1.8391888,0.074883364
11602,1.9135787,1.838756,0.07482274
11603,1.9130507,1.8383523,0.07469827
11604,1.9125869,1.8379586,0.07462834
11605,1.9121228,1.8374918,0.07463106
11606,1.9119127,1.8370395,0.074873134
11607,1.9115425,1.8368263,0.07471619
11608,1.9109293,1.8362303,0.07469906
11609,1.9103738,1.8358976,0.07447626
11610,1.9099183,1.835418,0.074500285
11611,1.9095212,1.8349541,0.07456702
11612,1.9089798,1.8345711,0.07440866
11613,1.9085689,1.8340598,0.07450912
11614,1.9080726,1.8337191,0.07435348
11615,1.9075396,1.8332713,0.07426835
11616,1.9070189,1.832813,0.07420589
11617,1.9066104,1.8324844,0.07412603
11618,1.9060669,1.8319978,0.074069165
11619,1.905567,1.831602,0.07396513
11620,1.9052596,1.8312334,0.07402627
11621,1.9049867,1.8306717,0.07431508
11622,1.9046338,1.83043,0.07420375
11623,1.9043198,1.8297892,0.07453064
11624,1.9036593,1.82962,0.074039266
11625,1.903063,1.8289045,0.074158505
11626,1.9024767,1.8285038,0.07397285
11627,1.9022288,1.8282425,0.0739863
11628,1.9020239,1.8275671,0.07445681
11629,1.9013965,1.827455,0.073941454
11630,1.9006538,1.8267848,0.073868975
11631,1.9000516,1.8264076,0.07364412
11632,1.899813,1.8260969,0.07371612
11633,1.8993565,1.8255038,0.07385276
11634,1.8988197,1.8252338,0.07358588
11635,1.8984274,1.8248584,0.073568925
11636,1.8981572,1.8242768,0.07388049
11637,1.8977456,1.8239868,0.07375882
11638,1.8971881,1.8234575,0.07373066
11639,1.8966918,1.8231517,0.07354005
11640,1.8960991,1.8225985,0.073500626
11641,1.8956519,1.8222026,0.07344941
11642,1.8951144,1.821883,0.0732315
11643,1.8948059,1.8214172,0.07338878
11644,1.8942845,1.8210766,0.07320781
11645,1.8937086,1.8205292,0.07317936
11646,1.893319,1.8200803,0.07323862
11647,1.8927925,1.8197013,0.073091134
11648,1.892469,1.8192854,0.07318368
11649,1.8918905,1.8188918,0.07299876
11650,1.891486,1.8183727,0.0731133
11651,1.8910221,1.8179268,0.07309534
11652,1.8904837,1.8175803,0.07290342
11653,1.890014,1.8170922,0.07292197
11654,1.8894926,1.8167026,0.07279003
11655,1.8891191,1.816254,0.07286509
11656,1.8887706,1.8157916,0.072978884
11657,1.8882736,1.8154651,0.07280849
11658,1.8877655,1.8150468,0.07271874
11659,1.8872057,1.8145467,0.072659016
11660,1.8868015,1.8141567,0.07264493
11661,1.8864254,1.8137516,0.07267372
11662,1.8859634,1.8134027,0.07256082
11663,1.8855039,1.8129866,0.072517194
11664,1.8850638,1.8125644,0.072499394
11665,1.884611,1.8121241,0.0724868
11666,1.8843765,1.811907,0.07246946
11667,1.8840864,1.8113031,0.07278324
11668,1.8836484,1.8111504,0.07249794
11669,1.8830625,1.8104533,0.072609216
11670,1.8823577,1.8100877,0.07227005
11671,1.8818954,1.8096524,0.07224296
11672,1.8815628,1.8092238,0.07233912
11673,1.8811923,1.8090094,0.07218292
11674,1.8806491,1.8083721,0.072276905
11675,1.8799373,1.8079989,0.07193836
11676,1.8797115,1.8075626,0.072148904
11677,1.8796366,1.8071383,0.07249831
11678,1.8799998,1.807123,0.07287679
11679,1.8793048,1.8062602,0.07304454
11680,1.8779911,1.8060585,0.07193255
11681,1.8775202,1.8056293,0.071890876
11682,1.8775138,1.8050294,0.0724843
11683,1.8768927,1.8049084,0.071984336
11684,1.8761063,1.8042941,0.071812175
11685,1.875702,1.8038431,0.071858846
11686,1.8755013,1.8036512,0.07184997
11687,1.8750186,1.8030471,0.07197155
11688,1.8744097,1.8027934,0.07161637
11689,1.8737822,1.8022158,0.07156633
11690,1.8733699,1.801784,0.07158591
11691,1.8729624,1.8015047,0.071457684
11692,1.8725235,1.8009992,0.07152433
11693,1.871971,1.8005217,0.07144932
11694,1.8716248,1.8002315,0.071393415
11695,1.8711478,1.7996882,0.07145952
11696,1.8707055,1.7993287,0.07137676
11697,1.8701968,1.7990018,0.07119503
11698,1.8697468,1.7984804,0.071266375
11699,1.8691959,1.7980967,0.07109934
11700,1.8687676,1.7976874,0.07108019
11701,1.8683425,1.797304,0.07103839
11702,1.8679309,1.7969037,0.07102705
11703,1.8675574,1.796494,0.071063414
11704,1.8672137,1.7960714,0.07114222
11705,1.8667878,1.7956842,0.07110362
11706,1.8664058,1.7953181,0.07108768
11707,1.8659316,1.7948258,0.07110584
11708,1.8654964,1.7945423,0.07095407
11709,1.865031,1.794136,0.07089495
11710,1.8646235,1.7936966,0.07092693
11711,1.8640741,1.7933017,0.070772454
11712,1.8635982,1.7929254,0.07067287
11713,1.8631045,1.7924621,0.07064228
11714,1.8626746,1.7920505,0.0706241
11715,1.8622057,1.7916753,0.070530385
11716,1.8618082,1.791198,0.07061019
11717,1.8612254,1.7908385,0.070386894
11718,1.8606675,1.7904398,0.07022762
11719,1.8604121,1.7900234,0.07038867
11720,1.8600342,1.7896501,0.07038409
11721,1.859693,1.7892812,0.07041181
11722,1.8592243,1.7888386,0.0703857
11723,1.8587173,1.7884742,0.07024312
11724,1.8584185,1.7879937,0.07042472
11725,1.857932,1.7875737,0.07035825
11726,1.8575969,1.7872936,0.070303306
11727,1.8573364,1.7867237,0.07061268
11728,1.8571614,1.7865875,0.07057393
11729,1.8567274,1.7858715,0.07085585
11730,1.8558255,1.785685,0.07014068
11731,1.8551757,1.785144,0.07003176
11732,1.8549125,1.7847065,0.07020601
11733,1.8547447,1.7846048,0.07013994
11734,1.8544825,1.7839391,0.0705434
11735,1.8537614,1.7837108,0.0700506
11736,1.8530926,1.7832314,0.06986119
11737,1.8531203,1.7827938,0.07032659
11738,1.8531766,1.7827877,0.070388876
11739,1.8523786,1.7819555,0.07042302
11740,1.8514869,1.7816657,0.06982122
11741,1.8515218,1.781411,0.070110895
11742,1.8518395,1.7807987,0.07104088
11743,1.8515133,1.7808741,0.07063909
11744,1.8503389,1.7800249,0.07031401
11745,1.8493762,1.779656,0.069720164
11746,1.8489598,1.7793252,0.069634624
11747,1.8490088,1.7788023,0.07020662
11748,1.8486301,1.7787755,0.06985458
11749,1.8477454,1.7779931,0.06975238
11750,1.8471686,1.7776752,0.06949342
11751,1.8466088,1.7772909,0.069317766
11752,1.8461816,1.77692,0.06926172
11753,1.845873,1.7765893,0.06928374
11754,1.8453995,1.7760619,0.06933768
11755,1.8449905,1.7757492,0.06924121
11756,1.844359,1.7753491,0.06900988
11757,1.8441675,1.7748994,0.06926809
11758,1.8437464,1.7746845,0.069061875
11759,1.8432137,1.774127,0.06908669
11760,1.842706,1.7737292,0.06897671
11761,1.8423736,1.7733312,0.06904239
11762,1.8420455,1.7729645,0.06908108
11763,1.8415748,1.7726625,0.068912245
11764,1.841219,1.7722862,0.06893275
11765,1.8407484,1.7718278,0.06892063
11766,1.8402283,1.7714761,0.068752125
11767,1.8398324,1.7710181,0.068814285
11768,1.8394033,1.7706373,0.06876596
11769,1.8390391,1.7703519,0.06868725
11770,1.8385804,1.769841,0.06873938
11771,1.8382579,1.769538,0.06871985
11772,1.8377907,1.7690591,0.06873165
11773,1.8372966,1.7688227,0.06847402
11774,1.8369429,1.7684267,0.06851634
11775,1.8365284,1.7679993,0.06852914
11776,1.8361995,1.767718,0.068481535
11777,1.8357549,1.7671813,0.06857355
11778,1.8352642,1.7668581,0.068406105
11779,1.8350226,1.7663654,0.0686571
11780,1.8343648,1.7660445,0.06832034
11781,1.8338275,1.7655454,0.06828218
11782,1.8334308,1.7651094,0.0683214
11783,1.8329376,1.7647626,0.068174936
11784,1.8327013,1.7644114,0.06828991
11785,1.8324077,1.7639742,0.06843346
11786,1.831912,1.7637833,0.06812868
11787,1.831434,1.763278,0.068155974
11788,1.8309418,1.7629126,0.0680292
11789,1.8305188,1.7625109,0.068007976
11790,1.8302319,1.762164,0.068067834
11791,1.829959,1.761897,0.06806205
11792,1.8294474,1.7613698,0.068077475
11793,1.8289531,1.7610877,0.067865506
11794,1.8284506,1.7606705,0.06778006
11795,1.828219,1.7602149,0.06800416
11796,1.8281431,1.7601082,0.06803487
11797,1.8276485,1.7593906,0.06825798
11798,1.8269138,1.759107,0.06780684
11799,1.826255,1.7586117,0.06764324
11800,1.8260323,1.7582421,0.06779014
11801,1.8260521,1.7581004,0.06795176
11802,1.8265303,1.7574472,0.069083035
11803,1.8266563,1.7575692,0.06908716
11804,1.8262174,1.7567391,0.069478355
11805,1.825084,1.7567437,0.0683403
11806,1.8238331,1.7559305,0.067902565
11807,1.8231025,1.7556702,0.06743236
11808,1.8228022,1.75533,0.0674723
11809,1.8228513,1.7547847,0.06806667
11810,1.8228724,1.7547302,0.06814216
11811,1.8225273,1.7540879,0.06843939
11812,1.8215507,1.7538455,0.06770519
11813,1.820656,1.753321,0.067334965
11814,1.820172,1.7529118,0.06726004
11815,1.8200382,1.7527875,0.06725071
11816,1.8195472,1.7521437,0.06740334
11817,1.8190086,1.751908,0.067100644
11818,1.8184156,1.7514428,0.06697281
11819,1.8179442,1.7510735,0.06687073
11820,1.8176012,1.7506021,0.06699912
11821,1.8175595,1.7503984,0.06716112
11822,1.8174541,1.7498316,0.06762258
11823,1.8176379,1.749872,0.06776598
11824,1.8174582,1.7490486,0.06840967
11825,1.8166288,1.749097,0.06753185
11826,1.8155644,1.7483517,0.0672126
11827,1.8147292,1.7480899,0.06663934
11828,1.8143936,1.7476968,0.06669681
11829,1.8144971,1.7472558,0.06724129
11830,1.8140874,1.7470937,0.06699371
11831,1.8134844,1.7465758,0.06690866
11832,1.8128823,1.7461758,0.06670649
11833,1.812583,1.7458493,0.066733725
11834,1.8123507,1.7453333,0.067017496
11835,1.8119065,1.7451687,0.06673768
11836,1.8113371,1.7446846,0.06665253
11837,1.8108357,1.7443426,0.066493176
11838,1.8104051,1.7438685,0.06653665
11839,1.8101115,1.7434859,0.06662557
11840,1.8098063,1.7433435,0.06646283
11841,1.8093445,1.7428184,0.06652622
11842,1.8087975,1.7424641,0.06633349
11843,1.8085158,1.742157,0.06635879
11844,1.8082273,1.7417125,0.066514865
11845,1.8078341,1.7415134,0.06632071
11846,1.8072271,1.7410167,0.066210315
11847,1.8069209,1.7406374,0.06628351
11848,1.8069979,1.7404255,0.06657235
11849,1.806805,1.7398562,0.066948675
11850,1.80599,1.7397445,0.0662454
11851,1.8052659,1.739221,0.0660449
11852,1.8051927,1.7387656,0.066427164
11853,1.8048706,1.738608,0.06626255
11854,1.804127,1.7380204,0.06610658
11855,1.803524,1.7376794,0.065844685
11856,1.8033665,1.7374607,0.06590579
11857,1.8030647,1.7369168,0.06614785
11858,1.8024583,1.7366383,0.06582008
11859,1.8020842,1.7363144,0.06576984
11860,1.8018863,1.7358932,0.065993115
11861,1.8014159,1.7356718,0.06574418
11862,1.8009173,1.7351944,0.06572278
11863,1.8006608,1.7348034,0.06585743
11864,1.8003211,1.7345572,0.06576393
11865,1.7998558,1.7339655,0.06589036
11866,1.7992358,1.7336241,0.06561164
11867,1.7989328,1.7332904,0.06564226
11868,1.7986459,1.7329072,0.06573866
11869,1.7981066,1.7325977,0.065508865
11870,1.7976805,1.7321662,0.06551429
11871,1.7973125,1.7318109,0.06550156
11872,1.7969431,1.7315031,0.06543996
11873,1.7964449,1.73108,0.06536484
11874,1.7960862,1.73083,0.06525617
11875,1.795613,1.7304395,0.065173514
11876,1.795305,1.7300236,0.06528144
11877,1.7950041,1.7297399,0.06526423
11878,1.7945099,1.7293702,0.06513959
11879,1.7942797,1.7289522,0.065327555
11880,1.7938807,1.7286365,0.06524426
11881,1.7933168,1.728183,0.06513386
11882,1.7928423,1.7279019,0.0649403
11883,1.792398,1.7275223,0.0648757
11884,1.7920843,1.7270517,0.06503266
11885,1.7917477,1.7267978,0.064949885
11886,1.7913821,1.7263706,0.06501154
11887,1.7909702,1.7260718,0.064898446
11888,1.79052,1.7256794,0.06484054
11889,1.7900876,1.7252722,0.0648154
11890,1.7897718,1.7249686,0.06480322
11891,1.7893324,1.7245852,0.06474713
11892,1.7890266,1.7243296,0.06469707
11893,1.7886066,1.7238659,0.06474078
11894,1.7882253,1.7234902,0.064735115
11895,1.7878376,1.7231435,0.06469409
11896,1.7874299,1.7227927,0.06463719
11897,1.78703,1.7224549,0.06457518
11898,1.7866739,1.7220547,0.06461911
11899,1.7862316,1.7217791,0.06445255
11900,1.7858659,1.7214024,0.0644634
11901,1.7854509,1.7210367,0.06441423
11902,1.7851402,1.7207733,0.06436682
11903,1.7848037,1.7203549,0.064448856
11904,1.7843885,1.7200406,0.064348094
11905,1.7839041,1.7196565,0.06424762
11906,1.7836112,1.7193509,0.06426027
11907,1.7831467,1.7189326,0.06421417
11908,1.7827544,1.7185514,0.06420307
11909,1.7824526,1.7182262,0.06422635
11910,1.7820753,1.7178202,0.06425521
11911,1.7816863,1.7174518,0.06423458
11912,1.7813644,1.7171806,0.06418382
11913,1.7809149,1.7167615,0.06415335
11914,1.7806394,1.7163224,0.064316995
11915,1.7803247,1.7161492,0.06417542
11916,1.7798202,1.715685,0.06413511
11917,1.7794439,1.7153379,0.06410606
11918,1.7791317,1.7150409,0.06409084
11919,1.7787342,1.7146056,0.06412866
11920,1.7783036,1.7143044,0.06399922
11921,1.7778493,1.7139285,0.06392087
11922,1.7775723,1.7136027,0.063969575
11923,1.7771094,1.7132524,0.063857004
11924,1.7768604,1.7128897,0.063970625
11925,1.776531,1.7126355,0.06389545
11926,1.7766547,1.7121356,0.06451922
11927,1.7763981,1.7120599,0.06433817
11928,1.7759172,1.7113748,0.064542525
11929,1.7751554,1.7112226,0.06393274
11930,1.7744553,1.7107029,0.06375237
11931,1.773951,1.7103487,0.06360231
11932,1.773748,1.7100784,0.06366968
11933,1.7738793,1.7095916,0.064287566
11934,1.7743876,1.7096202,0.0647674
11935,1.7748054,1.7089208,0.065884665
11936,1.7746683,1.709177,0.065491386
11937,1.7731559,1.7081944,0.06496155
11938,1.7714655,1.7080463,0.06341916
11939,1.7708709,1.7075714,0.06329962
11940,1.7710469,1.7070944,0.063952334
11941,1.7713928,1.7070879,0.06430495
11942,1.7718827,1.7064316,0.06545105
11943,1.7714949,1.7065805,0.0649143
11944,1.7698572,1.7056901,0.06416702
11945,1.7685974,1.7054018,0.06319552
11946,1.7686332,1.7052467,0.06338661
11947,1.7682949,1.7046406,0.06365435
11948,1.7675023,1.7044176,0.06308474
11949,1.7671721,1.7040478,0.0631242
11950,1.7668928,1.7035979,0.06329495
11951,1.766484,1.7034011,0.06308286
11952,1.7660232,1.7029475,0.063075684
11953,1.7655464,1.7026316,0.06291495
11954,1.7652711,1.7023113,0.062959775
11955,1.7650719,1.7019507,0.06312118
11956,1.764562,1.7016315,0.06293048
11957,1.7642043,1.7013657,0.06283854
11958,1.7637286,1.7008123,0.06291626
11959,1.76335,1.7005522,0.06279774
11960,1.7628741,1.7002747,0.062599435
11961,1.7625299,1.6998684,0.062661394
11962,1.7622167,1.6995583,0.06265851
11963,1.7618704,1.6992643,0.06260611
11964,1.7615453,1.6988606,0.06268467
11965,1.7611634,1.6985588,0.062604584
11966,1.760893,1.6982738,0.06261914
11967,1.7607875,1.6977651,0.06302236
11968,1.7600973,1.6975629,0.06253435
11969,1.7596556,1.6971478,0.06250782
11970,1.7593901,1.6967224,0.06266774
11971,1.7590867,1.696534,0.062552705
11972,1.7585746,1.6960703,0.06250428
11973,1.7583425,1.695663,0.062679574
11974,1.7582519,1.6956065,0.06264537
11975,1.7576861,1.6950096,0.06267655
11976,1.7570279,1.6947484,0.062279455
11977,1.7566184,1.6944157,0.062202584
11978,1.7562994,1.6939633,0.0623361
11979,1.7558655,1.6936699,0.06219556
11980,1.7554128,1.6932285,0.06218437
11981,1.7551309,1.692884,0.062246926
11982,1.7547698,1.6926041,0.062165808
11983,1.7545044,1.6921642,0.06234023
11984,1.7540603,1.6919034,0.062157005
11985,1.7538177,1.6915898,0.062227856
11986,1.7535604,1.6912183,0.06234225
11987,1.7531995,1.6909947,0.062204767
11988,1.7527001,1.6905056,0.06219443
11989,1.7523746,1.6901294,0.06224528
11990,1.7520288,1.6898687,0.062160086
11991,1.7516744,1.689499,0.062175475
11992,1.7512643,1.6892538,0.06201058
11993,1.7508616,1.688813,0.062048625
11994,1.7504612,1.6884854,0.061975837
11995,1.7499976,1.6880873,0.06191026
11996,1.7495933,1.687791,0.061802257
11997,1.7492936,1.6875082,0.061785437
11998,1.7488163,1.6870697,0.061746657
11999,1.7485099,1.6867862,0.06172371
12000,1.7481453,1.6864706,0.06167478
12001,1.7477936,1.6860875,0.061706163
12002,1.7474428,1.6858025,0.06164038
12003,1.7471787,1.6854345,0.061744224
12004,1.746774,1.6850429,0.06173113
12005,1.7463634,1.6847358,0.061627634
12006,1.7459234,1.6844187,0.06150469
12007,1.7455733,1.683998,0.06157524
12008,1.7453012,1.6837816,0.061519552
12009,1.7447052,1.6833543,0.061350893
12010,1.7443471,1.6830385,0.061308652
12011,1.7441194,1.6828038,0.061315678
12012,1.7437947,1.682261,0.0615337
12013,1.7434102,1.682097,0.061313342
12014,1.7429593,1.6817639,0.06119544
12015,1.7429827,1.6812941,0.06168865
12016,1.7426776,1.681266,0.06141172
12017,1.7419748,1.6807352,0.061239623
12018,1.7417728,1.6803508,0.06142197
12019,1.7418715,1.680307,0.061564434
12020,1.7416208,1.6796542,0.06196655
12021,1.7406954,1.6794648,0.061230548
12022,1.74014,1.679048,0.06109208
12023,1.740103,1.6786249,0.06147812
12024,1.739903,1.6786078,0.061295085
12025,1.739289,1.6779854,0.061303675
12026,1.7387627,1.677668,0.06109476
12027,1.7386296,1.6774379,0.061191726
12028,1.7384117,1.6769446,0.061467014
12029,1.73788,1.6768146,0.061065365
12030,1.737352,1.6763699,0.06098212
12031,1.7370021,1.6759937,0.06100849
12032,1.7366455,1.6757634,0.060882084
12033,1.7361517,1.6753011,0.06085067
12034,1.7357677,1.6750491,0.060718726
12035,1.7354479,1.6747347,0.06071323
12036,1.7351797,1.6743048,0.06087471
12037,1.7347856,1.6740432,0.060742427
12038,1.7344359,1.6736743,0.06076157
12039,1.7340893,1.6733483,0.060740888
12040,1.7337655,1.6730317,0.060733765
12041,1.7333745,1.6726787,0.060695708
12042,1.7329873,1.6723366,0.060650695
12043,1.7325945,1.6720251,0.060569387
12044,1.7321995,1.6717359,0.060463578
12045,1.7317501,1.6713659,0.060384296
12046,1.7315638,1.6710528,0.060511064
12047,1.7312279,1.6707784,0.0604494
12048,1.7308232,1.6703907,0.060432337
12049,1.7305424,1.670081,0.060461365
12050,1.73016,1.6697545,0.060405515
12051,1.7299191,1.6693696,0.060549498
12052,1.7295874,1.6691277,0.060459774
12053,1.7292124,1.668649,0.060563438
12054,1.7288061,1.6683501,0.06045597
12055,1.7284336,1.668071,0.06036257
12056,1.7284043,1.6675464,0.060857903
12057,1.7278235,1.6674033,0.060420167
12058,1.7271452,1.6669252,0.06021998
12059,1.7268809,1.6665307,0.06035021
12060,1.7267818,1.6664542,0.060327627
12061,1.7264583,1.6658483,0.060610045
12062,1.7258222,1.6656983,0.060123872
12063,1.7254432,1.6653535,0.060089707
12064,1.7252227,1.6649173,0.06030531
12065,1.7249599,1.6647861,0.06017381
12066,1.7244442,1.6642596,0.060184546
12067,1.7238867,1.6639674,0.059919406
12068,1.7236884,1.6636499,0.06003847
12069,1.7239989,1.6632104,0.06078843
12070,1.7239463,1.6632907,0.060655672
12071,1.723094,1.6625475,0.060546458
12072,1.7220411,1.6623596,0.059681524
12073,1.7218204,1.6620753,0.059745025
12074,1.7218986,1.6615704,0.060328048
12075,1.7212592,1.6614544,0.05980475
12076,1.7206805,1.6609944,0.059685986
12077,1.720614,1.6605686,0.06004536
12078,1.7207218,1.6605757,0.06014613
12079,1.7201537,1.659969,0.060184706
12080,1.7193187,1.6597764,0.05954227
12081,1.7191691,1.6594783,0.059690755
12082,1.7189205,1.6589677,0.059952725
12083,1.7183865,1.6587948,0.05959176
12084,1.7179812,1.6584377,0.05954357
12085,1.7176642,1.6579968,0.05966748
12086,1.7173201,1.6578043,0.05951587
12087,1.7166833,1.6573373,0.05934603
12088,1.7165395,1.6569424,0.059597112
12089,1.7167147,1.6568385,0.059876192
12090,1.716377,1.6563667,0.060010385
12091,1.7155614,1.6561525,0.059408866
12092,1.715068,1.6556989,0.05936911
12093,1.714666,1.6553336,0.059332304
12094,1.7143848,1.655112,0.059272815
12095,1.7140226,1.6546572,0.05936539
12096,1.7135892,1.6543964,0.059192766
12097,1.7132491,1.6541144,0.059134632
12098,1.7130704,1.6537074,0.05936306
12099,1.712817,1.6535031,0.059313893
12100,1.7124114,1.6531004,0.059311092
12101,1.7120055,1.6528492,0.0591563
12102,1.711557,1.6524274,0.059129644
12103,1.7112393,1.6521409,0.05909853
12104,1.7108535,1.6518301,0.059023343
12105,1.7105064,1.6514992,0.059007324
12106,1.7101612,1.6511456,0.059015624
12107,1.7097781,1.6508235,0.05895459
12108,1.7093986,1.6504277,0.058971006
12109,1.7091211,1.6501374,0.058983725
12110,1.7087699,1.6498451,0.058924865
12111,1.7083336,1.6494377,0.058895957
12112,1.7079152,1.6491115,0.058803737
12113,1.7075398,1.6487563,0.05878345
12114,1.707144,1.6484628,0.0586812
12115,1.7068571,1.6481348,0.058722187
12116,1.7064782,1.6478622,0.058616113
12117,1.7061245,1.6475042,0.05862031
12118,1.705784,1.647213,0.058570992
12119,1.7054257,1.646815,0.058610786
12120,1.7050577,1.6465614,0.05849638
12121,1.7046881,1.6461816,0.05850645
12122,1.7044468,1.6458417,0.058605026
12123,1.7041321,1.6456039,0.058528215
12124,1.7038568,1.6451461,0.058710746
12125,1.7034994,1.6449506,0.058548916
12126,1.7030132,1.644526,0.058487184
12127,1.7026572,1.6441984,0.058458745
12128,1.7024208,1.6439782,0.05844263
12129,1.702104,1.6434941,0.058609843
12130,1.7017072,1.6432725,0.058434613
12131,1.7013018,1.6429075,0.0583943
12132,1.700938,1.642638,0.058300056
12133,1.7005402,1.6422684,0.058271654
12134,1.70013,1.6419492,0.05818078
12135,1.6998324,1.6415397,0.058292687
12136,1.6995062,1.6413125,0.058193695
12137,1.699211,1.6408885,0.058322586
12138,1.6989286,1.6406668,0.058261774
12139,1.6987407,1.6401467,0.058594048
12140,1.698137,1.639938,0.058199048
12141,1.6978089,1.6395062,0.05830264
12142,1.6974046,1.6392969,0.058107734
12143,1.6969732,1.6388541,0.05811906
12144,1.6964997,1.6385548,0.05794484
12145,1.6961495,1.6381656,0.057983845
12146,1.6959568,1.6378515,0.058105357
12147,1.6955296,1.6376499,0.057879664
12148,1.6951442,1.6372354,0.05790875
12149,1.6949127,1.6368401,0.058072496
12150,1.6944903,1.636602,0.05788826
12151,1.6940999,1.6362629,0.05783701
12152,1.6937679,1.635974,0.057793885
12153,1.6933097,1.6355953,0.05771444
12154,1.6930985,1.6352283,0.05787029
12155,1.6929845,1.6350138,0.057970602
12156,1.6926111,1.6344837,0.058127392
12157,1.6921734,1.6344367,0.057736672
12158,1.6916099,1.6338686,0.057741277
12159,1.6912911,1.6335332,0.057757832
12160,1.691092,1.6333153,0.057776652
12161,1.6907803,1.6329045,0.05787568
12162,1.6903136,1.6327134,0.05760014
12163,1.6898099,1.6322458,0.05756416
12164,1.689682,1.6319677,0.057714343
12165,1.6894121,1.6318185,0.05759359
12166,1.6893629,1.6312505,0.0581123
12167,1.6889375,1.6311958,0.057741802
12168,1.6882725,1.6306124,0.057660103
12169,1.6877679,1.6303201,0.05744773
12170,1.6877145,1.6301436,0.057570796
12171,1.6881683,1.6296275,0.05854081
12172,1.6882426,1.6297565,0.05848608
12173,1.6872853,1.6289592,0.058326066
12174,1.6861298,1.628786,0.05734389
12175,1.6857162,1.6284525,0.057263542
12176,1.6857018,1.6279869,0.05771494
12177,1.6855432,1.6279278,0.057615347
12178,1.6849982,1.62734,0.057658207
12179,1.6843793,1.6271895,0.057189833
12180,1.6838717,1.6267674,0.05710437
12181,1.6836815,1.6264045,0.057276987
12182,1.6837244,1.6262777,0.05744671
12183,1.6833717,1.6257396,0.057632077
12184,1.6827286,1.6255932,0.05713548
12185,1.6822493,1.6251787,0.057070713
12186,1.6818572,1.6248109,0.057046287
12187,1.6815063,1.6245085,0.056997716
12188,1.6811852,1.6241645,0.057020813
12189,1.6808414,1.6238873,0.05695408
12190,1.6804777,1.6235713,0.05690651
12191,1.6802678,1.6231797,0.057088114
12192,1.6798967,1.6230406,0.056856163
12193,1.6794333,1.622607,0.056826342
12194,1.6790895,1.6223551,0.05673452
12195,1.6787063,1.6220598,0.056646526
12196,1.6784724,1.6217098,0.056762613
12197,1.6779795,1.6213883,0.056591142
12198,1.6777474,1.6210468,0.056700557
12199,1.6774185,1.6207095,0.05670901
12200,1.6769872,1.6203952,0.056592084
12201,1.6767279,1.6201178,0.05661012
12202,1.6763908,1.6197097,0.056681026
12203,1.6760447,1.6194513,0.056593426
12204,1.6757201,1.6190703,0.05664978
12205,1.6753662,1.6187059,0.056660224
12206,1.6750388,1.6184734,0.056565426
12207,1.6746476,1.618057,0.056590557
12208,1.6742703,1.6178154,0.056454886
12209,1.6738781,1.617513,0.056365132
12210,1.6735983,1.6171645,0.056433868
12211,1.6733513,1.6168978,0.05645343
12212,1.6728636,1.616545,0.05631864
12213,1.6727089,1.6161698,0.0565391
12214,1.6723381,1.6159627,0.056375384
12215,1.672023,1.6155089,0.056514114
12216,1.6716198,1.6152328,0.056386936
12217,1.6712366,1.6149756,0.05626105
12218,1.6710079,1.6145343,0.056473672
12219,1.6706169,1.614331,0.05628588
12220,1.6702349,1.6139069,0.056328107
12221,1.6697465,1.6136214,0.056125112
12222,1.6694714,1.6133304,0.05614108
12223,1.6691959,1.6129662,0.05622968
12224,1.6689109,1.6127146,0.056196164
12225,1.6685233,1.6123112,0.056212027
12226,1.6681353,1.61202,0.05611524
12227,1.6678152,1.6117096,0.05610559
12228,1.6675398,1.6114331,0.056106694
12229,1.667219,1.6110917,0.05612737
12230,1.6668779,1.6108569,0.056020904
12231,1.6665968,1.6104754,0.056121357
12232,1.666276,1.6102144,0.056061585
12233,1.6658411,1.6097866,0.056054454
12234,1.665471,1.6095383,0.05593264
12235,1.665228,1.6093092,0.055918843
12236,1.664945,1.6088789,0.056066133
12237,1.6647379,1.6087734,0.05596459
12238,1.6642685,1.6082436,0.056024842
12239,1.6637603,1.6080344,0.05572588
12240,1.6633824,1.6077054,0.055676997
12241,1.6632752,1.6073216,0.055953633
12242,1.6632802,1.6072384,0.056041908
12243,1.6628197,1.6066096,0.05621013
12244,1.6623178,1.6064817,0.05583604
12245,1.6615759,1.6060436,0.055532344
12246,1.6614245,1.605722,0.055702567
12247,1.6612195,1.6054525,0.05576694
12248,1.6610192,1.6049712,0.056048077
12249,1.660645,1.6048284,0.055816554
12250,1.6599613,1.6043767,0.05558459
12251,1.6596762,1.6041512,0.055524915
12252,1.659637,1.6039084,0.055728536
12253,1.659922,1.6033794,0.056542646
12254,1.6600901,1.6033995,0.05669061
12255,1.6600842,1.6028153,0.05726899
12256,1.6588641,1.6027814,0.056082804
12257,1.6578262,1.6021413,0.055685006
12258,1.6576427,1.6019069,0.055735856
12259,1.6576004,1.601847,0.055753283
12260,1.657434,1.6012675,0.056166507
12261,1.6566577,1.6010866,0.05557108
12262,1.6562757,1.6007046,0.05557118
12263,1.6559427,1.6003532,0.05558934
12264,1.6559778,1.600317,0.05566082
12265,1.6559998,1.5996636,0.056336235
12266,1.6559277,1.5996393,0.05628835
12267,1.6549476,1.5990386,0.05590912
12268,1.6540122,1.5987731,0.05523914
12269,1.6544098,1.5987751,0.055634607
12270,1.6544402,1.5980787,0.05636143
12271,1.6536994,1.5979822,0.05571722
12272,1.6527892,1.5975429,0.055246286
12273,1.652681,1.597169,0.055512022
12274,1.6529247,1.5972551,0.055669546
12275,1.6523677,1.5965228,0.055844985
12276,1.651619,1.5963705,0.0552485
12277,1.6510679,1.5961123,0.054955564
12278,1.6515672,1.5956763,0.05589086
12279,1.651239,1.5956764,0.055562638
12280,1.6502826,1.595011,0.055271704
12281,1.6499063,1.5947509,0.055155467
12282,1.649459,1.5945379,0.05492111
12283,1.6491637,1.5942736,0.054890167
12284,1.6489221,1.5938709,0.055051256
12285,1.6488436,1.5935336,0.05531007
12286,1.6483393,1.5933539,0.054985434
12287,1.6478546,1.5928708,0.054983728
12288,1.6472615,1.592603,0.054658573
12289,1.6470363,1.5923237,0.054712623
12290,1.6468198,1.5919098,0.054910023
12291,1.6466833,1.5918095,0.054873757
12292,1.6464157,1.5913392,0.055076517
12293,1.6459054,1.5911701,0.05473528
12294,1.6454523,1.590694,0.054758377
12295,1.6451049,1.5904123,0.05469259
12296,1.6452507,1.590251,0.054999728
12297,1.6454189,1.5897293,0.055689603
12298,1.6445776,1.5896304,0.054947175
12299,1.643683,1.5890801,0.05460284
12300,1.6435076,1.5887679,0.054739725
12301,1.6436933,1.5886695,0.055023838
12302,1.6439224,1.5881044,0.055818092
12303,1.6436577,1.588192,0.0554657
12304,1.6429132,1.5875016,0.055411626
12305,1.6418515,1.5873668,0.054484736
12306,1.6413605,1.5870122,0.05434838
12307,1.6413113,1.5866448,0.054666597
12308,1.6412015,1.5865341,0.054667316
12309,1.6408588,1.5860374,0.054821312
12310,1.6403105,1.5858727,0.054437894
12311,1.6398114,1.5854719,0.05433949
12312,1.63968,1.5851274,0.054552626
12313,1.639462,1.584984,0.05447813
12314,1.6391907,1.5844544,0.054736234
12315,1.638619,1.5843296,0.054289408
12316,1.6382775,1.5839593,0.0543182
12317,1.6380254,1.5835938,0.05443157
12318,1.6377463,1.5834216,0.054324716
12319,1.6375589,1.582953,0.05460592
12320,1.6372304,1.5828223,0.05440811
12321,1.6368058,1.5823325,0.054473333
12322,1.6364954,1.5821308,0.054364633
12323,1.6361605,1.5817689,0.054391682
12324,1.6358827,1.5815821,0.054300703
12325,1.6355162,1.5811609,0.054355193
12326,1.6350046,1.5809379,0.054066837
12327,1.6346687,1.5806077,0.05406096
12328,1.6348367,1.5802248,0.05461182
12329,1.6351212,1.5802894,0.054831833
12330,1.63431,1.5796365,0.054673515
12331,1.6333315,1.5794255,0.05390609
12332,1.6333839,1.5793039,0.054080106
12333,1.6334215,1.5787303,0.054691195
12334,1.6328503,1.5786856,0.05416466
12335,1.63205,1.5782272,0.053822897
12336,1.6320269,1.577883,0.054143943
12337,1.6320746,1.5778657,0.054208804
12338,1.6314903,1.5772603,0.05423019
12339,1.6309484,1.5770712,0.053877197
12340,1.6309751,1.5768485,0.05412658
12341,1.6319624,1.5762943,0.055668134
12342,1.6324729,1.5766107,0.055862177
12343,1.6313338,1.575693,0.055640746
12344,1.6297041,1.5755725,0.054131716
12345,1.628902,1.5751853,0.053716708
12346,1.6294361,1.574788,0.05464809
12347,1.629829,1.5749116,0.054917425
12348,1.6290594,1.5741804,0.05487907
12349,1.6277373,1.5740384,0.053698935
12350,1.6273955,1.5737454,0.05365013
12351,1.6275953,1.5732368,0.05435844
12352,1.6272036,1.573223,0.05398058
12353,1.6263791,1.5726954,0.05368371
12354,1.6261642,1.5723802,0.053784024
12355,1.6259745,1.5722791,0.053695463
12356,1.6255153,1.5717485,0.053766858
12357,1.6250137,1.5715307,0.05348301
12358,1.6248497,1.5713097,0.05354
12359,1.6245937,1.5708314,0.053762306
12360,1.6240188,1.5706916,0.053327292
12361,1.6236337,1.5703654,0.05326823
12362,1.6235083,1.5699723,0.05353607
12363,1.6232201,1.5698165,0.053403713
12364,1.6227264,1.5694675,0.053258915
12365,1.6224107,1.5691193,0.05329138
12366,1.6221994,1.5688962,0.05330314
12367,1.6218655,1.5685241,0.053341378
12368,1.6215354,1.5682884,0.053246986
12369,1.6212816,1.5680467,0.053234905
12370,1.6209316,1.5676705,0.05326115
12371,1.6206272,1.5673485,0.053278655
12372,1.6203058,1.5670854,0.05322042
12373,1.619988,1.566745,0.053242933
12374,1.6197221,1.566529,0.053193063
12375,1.6193686,1.5661916,0.05317694
12376,1.6190213,1.5659239,0.0530973
12377,1.6187092,1.5656072,0.053102076
12378,1.6183771,1.5652966,0.05308045
12379,1.6180615,1.5649405,0.05312108
12380,1.6178268,1.5646974,0.053129505
12381,1.617392,1.5643883,0.05300358
12382,1.6171758,1.5640545,0.0531213
12383,1.6169021,1.5638609,0.05304122
12384,1.6166486,1.5634118,0.053236704
12385,1.61633,1.5633063,0.053023707
12386,1.6158532,1.5628939,0.05295933
12387,1.6155214,1.5626112,0.052910216
12388,1.6153342,1.5623782,0.052956067
12389,1.6149805,1.5619333,0.053047203
12390,1.61478,1.5617961,0.052983902
12391,1.6143757,1.561469,0.05290684
12392,1.6139909,1.5612404,0.052750446
12393,1.613672,1.5609189,0.05275318
12394,1.6134294,1.5605512,0.05287824
12395,1.6130897,1.5603986,0.05269103
12396,1.6128101,1.5600199,0.052790225
12397,1.6124878,1.5597271,0.0527607
12398,1.6123631,1.5594251,0.052937973
12399,1.6123406,1.5591955,0.053145014
12400,1.6128223,1.558748,0.054074295
12401,1.6134474,1.5589335,0.05451389
12402,1.6134914,1.5582033,0.055288047
12403,1.6123711,1.5582427,0.05412841
12404,1.6108145,1.5575482,0.053266227
12405,1.6099819,1.5573279,0.052654006
12406,1.6108984,1.5572823,0.05361594
12407,1.6115873,1.5567245,0.054862767
12408,1.6104635,1.5567831,0.053680398
12409,1.6088072,1.5561457,0.052661486
12410,1.6087565,1.5558133,0.05294314
12411,1.6100836,1.5559595,0.05412414
12412,1.6108506,1.5552509,0.055599727
12413,1.6097386,1.5554695,0.054269046
12414,1.6077445,1.5546081,0.053136297
12415,1.6068758,1.5543703,0.052505456
12416,1.6066217,1.5541034,0.05251844
12417,1.6065371,1.5537167,0.052820493
12418,1.6061633,1.5536109,0.052552354
12419,1.6056569,1.553184,0.05247283
12420,1.6054107,1.5528911,0.052519538
12421,1.6052264,1.5527577,0.05246859
12422,1.6050135,1.5523214,0.052691966
12423,1.6046389,1.5521749,0.05246396
12424,1.6041832,1.5517509,0.052432276
12425,1.6038004,1.5515411,0.052259378
12426,1.60349,1.5513153,0.05217471
12427,1.6033176,1.5509411,0.052376498
12428,1.6031075,1.5507317,0.052375752
12429,1.6031367,1.5503494,0.052787304
12430,1.6029003,1.5504172,0.052483
12431,1.6027235,1.549827,0.05289644
12432,1.602029,1.5496628,0.052366175
12433,1.6015426,1.549265,0.052277565
12434,1.6011652,1.5489455,0.05221964
12435,1.6010191,1.5488628,0.052156426
12436,1.6007179,1.5483899,0.052328013
12437,1.600339,1.5481412,0.052197825
12438,1.6000074,1.5477903,0.052217145
12439,1.5996718,1.5475336,0.05213816
12440,1.5995631,1.5474241,0.05213914
12441,1.5989528,1.5469685,0.05198426
12442,1.5990711,1.5466332,0.052437834
12443,1.5988147,1.5465013,0.052313365
12444,1.5985317,1.5461088,0.05242297
12445,1.5980499,1.5459833,0.05206663
12446,1.5977095,1.5455068,0.05220263
12447,1.5973265,1.5453224,0.05200405
12448,1.5969326,1.5451164,0.051816262
12449,1.5966624,1.5447062,0.0519562
12450,1.5964366,1.5444988,0.0519379
12451,1.5961313,1.5441097,0.052021544
12452,1.5958369,1.5439599,0.05187703
12453,1.5955837,1.543733,0.05185076
12454,1.5951693,1.5433265,0.05184281
12455,1.594975,1.5430335,0.051941484
12456,1.5946168,1.5428447,0.051772047
12457,1.5943824,1.5425307,0.05185178
12458,1.5939941,1.5422581,0.051735945
12459,1.593852,1.5419326,0.05191951
12460,1.593528,1.541655,0.05187316
12461,1.5935813,1.5415922,0.05198908
12462,1.5930672,1.5410769,0.05199028
12463,1.5924999,1.5408707,0.051629107
12464,1.5923296,1.5405334,0.05179625
12465,1.5920448,1.5401474,0.051897414
12466,1.5917828,1.540079,0.0517039
12467,1.5912285,1.5396621,0.051566295
12468,1.5912329,1.539289,0.051943917
12469,1.5914861,1.5392106,0.05227547
12470,1.5912077,1.5387071,0.052500635
12471,1.590206,1.5386361,0.05156993
12472,1.5896825,1.5382466,0.051435865
12473,1.589898,1.5378119,0.052086167
12474,1.5900477,1.5378559,0.05219189
12475,1.5892936,1.5372732,0.05202036
12476,1.588576,1.5371937,0.05138237
12477,1.588309,1.5368721,0.05143697
12478,1.5886028,1.5363921,0.05221075
12479,1.5885075,1.5363328,0.052174665
12480,1.5878367,1.5358709,0.05196582
12481,1.5872377,1.5357821,0.051455546
12482,1.5867553,1.5353384,0.051416855
12483,1.5868094,1.5349851,0.05182431
12484,1.5861595,1.5348133,0.05134623
12485,1.5861499,1.5346766,0.051473416
12486,1.5859267,1.534087,0.05183967
12487,1.5858263,1.5339992,0.051827103
12488,1.5852522,1.5335268,0.051725276
12489,1.5847611,1.5333731,0.051388033
12490,1.584707,1.5332857,0.051421233
12491,1.5843693,1.5327362,0.05163313
12492,1.5845203,1.5325296,0.051990718
12493,1.5843458,1.5321238,0.052221965
12494,1.5845201,1.5323956,0.052124508
12495,1.5838358,1.531588,0.05224791
12496,1.5836697,1.5314692,0.0522004
12497,1.5833653,1.5310447,0.052320622
12498,1.5838596,1.5312324,0.052627254
12499,1.5842358,1.5304621,0.05377372
12500,1.5836912,1.5306181,0.053073216
12501,1.5822803,1.5299208,0.05235946
12502,1.5808352,1.5297375,0.051097713
12503,1.5805911,1.5295694,0.051021665
12504,1.5813909,1.5290489,0.052341916
12505,1.5821936,1.5291555,0.05303818
12506,1.5812992,1.5285077,0.052791487
12507,1.579378,1.5284201,0.05095788
12508,1.5794121,1.5282092,0.051202886
12509,1.5797907,1.5276077,0.05218312
12510,1.5788338,1.5275415,0.05129227
12511,1.5779867,1.5271946,0.05079218
12512,1.5780747,1.526829,0.05124562
12513,1.5777571,1.5268155,0.050941527
12514,1.5770049,1.526338,0.050666906
12515,1.5772097,1.5260108,0.051199026
12516,1.5772109,1.525983,0.051227905
12517,1.5766695,1.5254614,0.051207937
12518,1.5759194,1.5253237,0.050595682
12519,1.5757515,1.5250063,0.05074531
12520,1.5757611,1.5246121,0.051149063
12521,1.575262,1.5244814,0.050780505
12522,1.5748764,1.5241967,0.050679736
12523,1.5748464,1.52383,0.05101635
12524,1.574586,1.5237787,0.050807398
12525,1.5739946,1.5233483,0.050646264
12526,1.573769,1.5230775,0.050691523
12527,1.573451,1.5228733,0.050577722
12528,1.5731754,1.5225303,0.050645094
12529,1.5728538,1.5222862,0.050567616
12530,1.5726191,1.5220387,0.050580345
12531,1.5723327,1.5217121,0.050620586
12532,1.5720938,1.5215124,0.050581433
12533,1.5718641,1.5213249,0.050539304
12534,1.5715507,1.5209563,0.050594456
12535,1.5711722,1.5207077,0.05046457
12536,1.5710073,1.5204335,0.05057376
12537,1.5706308,1.5201023,0.050528456
12538,1.570342,1.519852,0.050489854
12539,1.5699875,1.5195817,0.05040578
12540,1.5697463,1.5192515,0.05049479
12541,1.5694767,1.5190063,0.050470464
12542,1.5691328,1.5187085,0.050424356
12543,1.5688702,1.5184319,0.050438304
12544,1.5685781,1.5181624,0.050415732
12545,1.5682114,1.5178746,0.0503368
12546,1.5679821,1.5176345,0.050347537
12547,1.5676632,1.5172881,0.050375126
12548,1.5673623,1.5170251,0.050337214
12549,1.567112,1.5167495,0.050362505
12550,1.5668054,1.5165932,0.050212055
12551,1.566492,1.5162206,0.050271325
12552,1.5662863,1.5159751,0.050311256
12553,1.5660548,1.5157528,0.05030207
12554,1.565888,1.5156236,0.050264478
12555,1.5655935,1.5151664,0.050427042
12556,1.5652549,1.5149758,0.05027914
12557,1.5648948,1.5146824,0.050212406
12558,1.5645733,1.5143831,0.050190218
12559,1.5643374,1.5141535,0.05018391
12560,1.5640317,1.5138748,0.050156884
12561,1.5637879,1.5135566,0.05023135
12562,1.563531,1.513403,0.050127972
12563,1.5632877,1.5130438,0.050243914
12564,1.5629611,1.5128738,0.050087333
12565,1.5626593,1.5125425,0.050116815
12566,1.5623838,1.5122635,0.050120205
12567,1.562146,1.5119944,0.050151635
12568,1.5618556,1.5117856,0.050069917
12569,1.5616825,1.5114164,0.050265998
12570,1.561364,1.5112268,0.05013725
12571,1.5609456,1.5108993,0.050046273
12572,1.5606117,1.5106627,0.049949005
12573,1.560388,1.510406,0.049981844
12574,1.5602721,1.5100185,0.050253592
12575,1.5600936,1.5099424,0.05015124
12576,1.5595554,1.5094736,0.05008181
12577,1.5591614,1.5092865,0.04987485
12578,1.5589422,1.5090173,0.04992488
12579,1.5587351,1.5086865,0.050048582
12580,1.5585772,1.5085278,0.050049424
12581,1.5586169,1.5081215,0.050495327
12582,1.5588112,1.508085,0.050726168
12583,1.558566,1.5075732,0.05099278
12584,1.5577153,1.5076728,0.05004251
12585,1.5570283,1.5072371,0.049791288
12586,1.5576078,1.5068957,0.050712056
12587,1.5578464,1.5069139,0.05093248
12588,1.5568364,1.506311,0.050525405
12589,1.5558182,1.5061555,0.04966265
12590,1.5561405,1.5059986,0.050141912
12591,1.5562454,1.5054946,0.05075077
12592,1.5550984,1.5054301,0.049668327
12593,1.5547416,1.5051554,0.04958629
12594,1.5551276,1.5047032,0.05042439
12595,1.5547386,1.5046815,0.050057095
12596,1.5538167,1.5042632,0.049553458
12597,1.553561,1.5039452,0.049615763
12598,1.5533788,1.5038038,0.04957489
12599,1.5531946,1.5035161,0.049678653
12600,1.5530902,1.5031343,0.049955964
12601,1.5527387,1.5030447,0.0496939
12602,1.5523825,1.502752,0.049630586
12603,1.5521306,1.5023992,0.049731374
12604,1.5518317,1.5021466,0.04968501
12605,1.551422,1.5018218,0.049600195
12606,1.5511659,1.5015516,0.04961437
12607,1.5510455,1.5014257,0.049619734
12608,1.550755,1.5009959,0.049759127
12609,1.5501621,1.5007845,0.04937753
12610,1.5500295,1.5005102,0.049519338
12611,1.5496265,1.5001613,0.049465258
12612,1.5494419,1.4999313,0.04951062
12613,1.549282,1.499769,0.04951294
12614,1.548978,1.4993248,0.04965316
12615,1.5484706,1.4991363,0.04933434
12616,1.5483634,1.4989852,0.049378335
12617,1.5480568,1.4986326,0.049424276
12618,1.5477085,1.4984314,0.049277015
12619,1.5475248,1.49825,0.049274832
12620,1.5472623,1.4978029,0.04945942
12621,1.5468487,1.4976611,0.04918745
12622,1.5465991,1.4974662,0.049132973
12623,1.5465004,1.4971247,0.04937579
12624,1.5460987,1.496948,0.049150713
12625,1.5459216,1.4966685,0.049253177
12626,1.5459546,1.496338,0.04961662
12627,1.5458293,1.4963225,0.049506754
12628,1.5451957,1.4957734,0.049422324
12629,1.5446113,1.495572,0.049039293
12630,1.5446767,1.495402,0.049274735
12631,1.5443925,1.4949503,0.049442183
12632,1.5439261,1.4948543,0.049071837
12633,1.543791,1.494653,0.049138136
12634,1.5436391,1.4942279,0.049411125
12635,1.5432565,1.4940699,0.049186565
12636,1.5428791,1.4936705,0.049208634
12637,1.5425041,1.4934843,0.049019873
12638,1.5422847,1.4932536,0.04903122
12639,1.5419859,1.4928851,0.049100727
12640,1.5416099,1.492638,0.048971843
12641,1.5413741,1.4923854,0.048988607
12642,1.541101,1.4920961,0.049004897
12643,1.5407315,1.4919131,0.048818473
12644,1.5404574,1.491645,0.04881239
12645,1.5402834,1.4913694,0.04891406
12646,1.5399934,1.491108,0.04888542
12647,1.5396373,1.4907792,0.048858177
12648,1.5394275,1.4905254,0.048902232
12649,1.5390424,1.4902982,0.04874415
12650,1.538906,1.4899874,0.048918623
12651,1.5385437,1.4897451,0.04879849
12652,1.5382137,1.4894248,0.048788875
12653,1.5379255,1.4891346,0.048790973
12654,1.5376806,1.4889648,0.04871584
12655,1.5373932,1.4886976,0.048695564
12656,1.5370705,1.4884096,0.048660822
12657,1.5368441,1.4881738,0.048670385
12658,1.5364869,1.4878601,0.048626818
12659,1.5362267,1.4875922,0.04863452
12660,1.5358948,1.4873676,0.0485272
12661,1.535787,1.4870412,0.048745792
12662,1.5353851,1.4868369,0.04854828
12663,1.5351293,1.4865562,0.048573185
12664,1.5349339,1.4862154,0.048718575
12665,1.5347319,1.4861248,0.0486071
12666,1.5343608,1.4857556,0.048605245
12667,1.5341555,1.4854536,0.04870185
12668,1.5338424,1.485299,0.04854352
12669,1.533628,1.4850017,0.048626237
12670,1.5333537,1.4847318,0.04862179
12671,1.5331012,1.4845264,0.048574794
12672,1.5327742,1.4841651,0.04860913
12673,1.5324843,1.4839462,0.048538115
12674,1.5321498,1.483707,0.048442833
12675,1.5319545,1.4834082,0.04854635
12676,1.5317718,1.4832609,0.048510972
12677,1.5315062,1.4829025,0.04860363
12678,1.531054,1.4826936,0.048360493
12679,1.5309317,1.4824775,0.048454203
12680,1.530744,1.4821154,0.048628546
12681,1.5304232,1.4820204,0.048402824
12682,1.5300657,1.4817004,0.048365302
12683,1.5301293,1.481383,0.048746325
12684,1.5304383,1.4814206,0.04901768
12685,1.5301176,1.4808447,0.049272846
12686,1.5291448,1.480775,0.048369844
12687,1.5287642,1.4804422,0.04832211
12688,1.5286925,1.4800615,0.04863088
12689,1.5285189,1.4799969,0.048521988
12690,1.5280252,1.4795574,0.048467707
12691,1.5275794,1.4793491,0.048230343
12692,1.5273653,1.479175,0.048190396
12693,1.5272133,1.4787751,0.04843824
12694,1.5269623,1.4786702,0.04829202
12695,1.5265596,1.4782459,0.048313715
12696,1.5262159,1.4780602,0.048155714
12697,1.5260317,1.4778504,0.04818136
12698,1.5257614,1.4775319,0.048229482
12699,1.5255495,1.4773221,0.04822741
12700,1.5255016,1.4770259,0.04847575
12701,1.5253836,1.4769738,0.048409767
12702,1.5252122,1.4764718,0.048740454
12703,1.5248139,1.4764513,0.048362628
12704,1.524138,1.4760008,0.04813709
12705,1.5237536,1.4758149,0.047938682
12706,1.5236375,1.4756329,0.048004616
12707,1.5235581,1.475237,0.04832118
12708,1.5232158,1.4751253,0.048090477
12709,1.5227054,1.4747579,0.047947597
12710,1.5225568,1.4745096,0.04804719
12711,1.5224069,1.4743832,0.0480237
12712,1.5221633,1.4739505,0.04821278
12713,1.5217943,1.4737703,0.04802412
12714,1.5215052,1.4734591,0.04804603
12715,1.5211605,1.4732246,0.04793586
12716,1.5209562,1.4730709,0.04788536
12717,1.5207196,1.4726683,0.04805136
12718,1.5203803,1.4725126,0.047867663
12719,1.5200717,1.4722219,0.04784983
12720,1.5198653,1.4719572,0.047908027
12721,1.5196085,1.4717575,0.0478509
12722,1.5191721,1.4714082,0.047763877
12723,1.5188949,1.4711673,0.04772752
12724,1.5187035,1.4709865,0.047716964
12725,1.5183957,1.470659,0.04773659
12726,1.5181139,1.4704581,0.04765576
12727,1.5178937,1.47021,0.047683682
12728,1.5175825,1.4699266,0.04765588
12729,1.5172908,1.469731,0.047559857
12730,1.5172064,1.4695523,0.04765422
12731,1.5169797,1.469147,0.047832765
12732,1.5166368,1.4690162,0.047620654
12733,1.5162886,1.4687063,0.047582448
12734,1.5162002,1.468359,0.04784117
12735,1.5162363,1.4684125,0.04782378
12736,1.5156337,1.4679079,0.047725707
12737,1.5153123,1.4676939,0.047618464
12738,1.5155487,1.4676241,0.04792461
12739,1.5153955,1.4671237,0.048271865
12740,1.5145878,1.4670517,0.047536045
12741,1.5142865,1.4667481,0.047538437
12742,1.5146699,1.4663471,0.04832278
12743,1.5144029,1.4664326,0.047970325
12744,1.5135697,1.4658757,0.04769399
12745,1.5133255,1.4656353,0.047690105
12746,1.5134178,1.465609,0.047808927
12747,1.5128702,1.4651134,0.047756795
12748,1.5124303,1.4648697,0.04756059
12749,1.51278,1.4648827,0.047897257
12750,1.512607,1.4642975,0.048309408
12751,1.5118883,1.4641937,0.047694474
12752,1.5113504,1.4638295,0.04752084
12753,1.5110751,1.4635302,0.047544897
12754,1.510973,1.4633834,0.04758957
12755,1.5109484,1.463029,0.047919393
12756,1.5105611,1.4629575,0.047603674
12757,1.5101476,1.4625424,0.047605127
12758,1.509896,1.4624097,0.04748625
12759,1.5097691,1.462102,0.047667015
12760,1.5095806,1.4619869,0.047593664
12761,1.5090435,1.4615657,0.04747778
12762,1.5087366,1.461421,0.047315564
12763,1.5086349,1.461309,0.047326032
12764,1.5086526,1.4608436,0.047809064
12765,1.5083641,1.4607806,0.047583386
12766,1.5077201,1.460393,0.047327172
12767,1.5074041,1.46017,0.047234077
12768,1.5074133,1.4600672,0.047346175
12769,1.5070251,1.4595916,0.047433503
12770,1.5066595,1.4594265,0.047233
12771,1.5064142,1.4591643,0.04724995
12772,1.5065415,1.4588377,0.047703676
12773,1.5063163,1.458818,0.047498353
12774,1.5058541,1.4583435,0.04751059
12775,1.5053048,1.4581453,0.0471596
12776,1.5050888,1.4578935,0.047195297
12777,1.5050205,1.4575635,0.04745687
12778,1.5049093,1.4574972,0.047412
12779,1.5047034,1.4570253,0.047678057
12780,1.5042653,1.4569418,0.047323428
12781,1.5039783,1.4565375,0.047440726
12782,1.5037022,1.4564524,0.047249805
12783,1.5033903,1.4560273,0.047363106
12784,1.5029119,1.4558722,0.04703966
12785,1.5025423,1.4555396,0.04700275
12786,1.5023421,1.4552835,0.04705854
12787,1.5021846,1.4551477,0.04703692
12788,1.5018951,1.4547987,0.047096394
12789,1.5015444,1.4546214,0.046923
12790,1.5013425,1.4543165,0.047026034
12791,1.5010595,1.4540741,0.046985444
12792,1.5007932,1.45387,0.04692308
12793,1.5004643,1.4535033,0.046961077
12794,1.5001485,1.453312,0.046836525
12795,1.4998199,1.4530449,0.046774946
12796,1.4996948,1.4527262,0.046968605
12797,1.4995097,1.4526542,0.046855427
12798,1.4992188,1.4522718,0.046947006
12799,1.4988213,1.4521096,0.046711694
12800,1.4985434,1.4517787,0.046764724
12801,1.4983871,1.4515718,0.0468153
12802,1.4983276,1.4514294,0.04689821
12803,1.4981178,1.4510378,0.047080025
12804,1.4977323,1.4509499,0.04678236
12805,1.4974755,1.450635,0.04684048
12806,1.4977957,1.4503014,0.04749424
12807,1.4977368,1.4503716,0.047365192
12808,1.4970683,1.4497954,0.047272827
12809,1.4965055,1.4496918,0.046813723
12810,1.4960624,1.4494486,0.046613805
12811,1.4961494,1.4490936,0.047055893
12812,1.4960357,1.4490136,0.047022093
12813,1.4955686,1.448527,0.04704165
12814,1.4949106,1.4484243,0.04648622
12815,1.4948052,1.4481913,0.04661389
12816,1.4948996,1.4477541,0.04714543
12817,1.4946585,1.4477631,0.04689532
12818,1.4940044,1.44735,0.04665435
12819,1.4937953,1.4471045,0.046690818
12820,1.4939438,1.4471558,0.04678791
12821,1.4935349,1.4466296,0.04690521
12822,1.4930587,1.446451,0.046607636
12823,1.4929296,1.4462867,0.04664295
12824,1.4929434,1.4459014,0.047042105
12825,1.4924448,1.4458653,0.046579465
12826,1.4919186,1.4454706,0.046447918
12827,1.4920062,1.4452231,0.04678314
12828,1.4921951,1.4452075,0.04698772
12829,1.4920956,1.444683,0.04741263
12830,1.4914182,1.4447055,0.04671277
12831,1.4906685,1.4442145,0.046454065
12832,1.4904127,1.4440402,0.04637249
12833,1.4901675,1.4438541,0.046313398
12834,1.4901257,1.443533,0.04659272
12835,1.4902732,1.4434818,0.046791393
12836,1.4906573,1.4429988,0.047658604
12837,1.4899014,1.4430336,0.046867777
12838,1.4887956,1.4425381,0.046257515
12839,1.4889752,1.4422483,0.0467269
12840,1.4896504,1.4423475,0.047302842
12841,1.4887551,1.4418021,0.046952993
12842,1.4877969,1.4416862,0.046110813
12843,1.4885366,1.4416902,0.04684635
12844,1.4894967,1.441039,0.04845769
12845,1.4883215,1.4411987,0.047122877
12846,1.4868665,1.4406092,0.04625733
12847,1.4867426,1.4403344,0.04640811
12848,1.4870112,1.440413,0.046598203
12849,1.4864503,1.4398676,0.04658277
12850,1.4858079,1.4396981,0.04610975
12851,1.485546,1.4394945,0.046051487
12852,1.485539,1.4391181,0.046420746
12853,1.4852636,1.4390924,0.04617127
12854,1.4846579,1.4386978,0.04596002
12855,1.4845527,1.4384415,0.046111286
12856,1.4845041,1.4384198,0.046084296
12857,1.4840633,1.4379935,0.04606968
12858,1.4837234,1.4378146,0.045908757
12859,1.4837453,1.437731,0.046014395
12860,1.4834015,1.4372287,0.04617289
12861,1.4829789,1.437051,0.04592792
12862,1.4829106,1.4369339,0.045976754
12863,1.4827248,1.4364612,0.046263654
12864,1.4822522,1.4363109,0.045941375
12865,1.4820108,1.436077,0.045933772
12866,1.4821723,1.4357439,0.046428315
12867,1.4819053,1.4357675,0.0461379
12868,1.481365,1.4353251,0.046039835
12869,1.4812022,1.4350096,0.046192624
12870,1.4810957,1.4349616,0.046134073
12871,1.4806703,1.4345306,0.04613974
12872,1.4803014,1.4343596,0.04594182
12873,1.4801025,1.4341677,0.045934804
12874,1.4799252,1.4338564,0.04606882
12875,1.4795581,1.4336613,0.04589672
12876,1.4792684,1.4334118,0.045856573
12877,1.4790536,1.4331698,0.045883797
12878,1.4788169,1.4329544,0.045862477
12879,1.4785558,1.4327452,0.04581061
12880,1.4782443,1.4324341,0.045810252
12881,1.4779983,1.4322301,0.045768194
12882,1.4778042,1.4320167,0.0457874
12883,1.477594,1.4316796,0.045914464
12884,1.4772463,1.4315779,0.045668416
12885,1.4769472,1.4312397,0.045707487
12886,1.4766681,1.4309967,0.045671422
12887,1.4764559,1.430781,0.045674898
12888,1.4761679,1.4304923,0.04567573
12889,1.4759269,1.4303145,0.045612358
12890,1.4758114,1.4300277,0.04578369
12891,1.4755027,1.4298637,0.045638997
12892,1.4752074,1.4295224,0.045685105
12893,1.4750034,1.429345,0.045658313
12894,1.4749335,1.4291754,0.045758087
12895,1.4749507,1.4287776,0.046173103
12896,1.474704,1.4287448,0.045959227
12897,1.4742427,1.428349,0.04589362
12898,1.4738351,1.4281697,0.045665346
12899,1.4736438,1.4279708,0.045673028
12900,1.4735726,1.4276462,0.04592646
12901,1.4731557,1.4275017,0.045654144
12902,1.4728446,1.4272437,0.045600884
12903,1.472952,1.426908,0.04604393
12904,1.4727834,1.4268796,0.045903783
12905,1.4722686,1.4264566,0.04581207
12906,1.471838,1.426269,0.045568954
12907,1.4715929,1.4260588,0.045534074
12908,1.47149,1.4257247,0.04576537
12909,1.471113,1.4256208,0.04549212
12910,1.4707845,1.4253082,0.045476377
12911,1.4705172,1.4250256,0.04549154
12912,1.4703052,1.4248751,0.045429967
12913,1.4701807,1.4245025,0.04567823
12914,1.469843,1.4243814,0.04546163
12915,1.469503,1.4240667,0.045436375
12916,1.4690887,1.4238355,0.04525314
12917,1.4689127,1.423583,0.04532966
12918,1.468677,1.4233277,0.045349393
12919,1.4684011,1.4231573,0.045243733
12920,1.4681432,1.4228876,0.045255676
12921,1.467874,1.4226351,0.04523897
12922,1.4675739,1.4224534,0.04512041
12923,1.4673394,1.4221498,0.04518952
12924,1.4671644,1.421926,0.04523846
12925,1.4669291,1.4216865,0.045242514
12926,1.4667149,1.4214805,0.045234405
12927,1.4665073,1.4211606,0.045346778
12928,1.4663006,1.4209834,0.045317158
12929,1.4659616,1.4207156,0.045245968
12930,1.4659194,1.4204319,0.045487553
12931,1.465785,1.4203411,0.045443952
12932,1.4653231,1.4199188,0.045404244
12933,1.4649134,1.4197662,0.045147136
12934,1.4647427,1.4195498,0.04519283
12935,1.4646008,1.4192483,0.04535247
12936,1.4642931,1.4191146,0.04517858
12937,1.4640268,1.4188031,0.04522379
12938,1.463769,1.4185357,0.045233246
12939,1.4634445,1.4183427,0.045101844
12940,1.4633517,1.418106,0.04524573
12941,1.4631294,1.4179834,0.04514595
12942,1.4629661,1.4175804,0.045385696
12943,1.4627087,1.4175242,0.045184433
12944,1.4623652,1.4171529,0.045212366
12945,1.4619523,1.4169434,0.04500892
12946,1.4617608,1.4167628,0.044997986
12947,1.4615456,1.4164234,0.04512213
12948,1.4613602,1.4162961,0.04506405
12949,1.4609988,1.4159404,0.04505839
12950,1.4608109,1.4157736,0.04503721
12951,1.4607364,1.4156029,0.045133423
12952,1.4603578,1.415247,0.045110796
12953,1.4601485,1.4150066,0.045141853
12954,1.45988,1.414785,0.045094974
12955,1.4595951,1.4145671,0.045027997
12956,1.459362,1.4143101,0.045051955
12957,1.4590548,1.4140606,0.04499426
12958,1.4588861,1.4137892,0.045096923
12959,1.4586099,1.4135451,0.045064826
12960,1.4584249,1.4134332,0.0449917
12961,1.4581028,1.4131404,0.04496243
12962,1.4579601,1.412842,0.04511807
12963,1.4576179,1.4126413,0.04497659
12964,1.4573065,1.4123899,0.04491661
12965,1.4572126,1.4121518,0.04506069
12966,1.4569715,1.4120176,0.04495393
12967,1.4565585,1.4116591,0.044899307
12968,1.4563181,1.4114809,0.044837195
12969,1.4561198,1.4113451,0.0447746
12970,1.4559343,1.4110202,0.044914167
12971,1.4556241,1.410842,0.044782244
12972,1.4554192,1.4106177,0.044801455
12973,1.455185,1.4103158,0.044869285
12974,1.454879,1.4101568,0.04472222
12975,1.4545594,1.4098603,0.044699136
12976,1.454368,1.4096185,0.044749517
12977,1.4541171,1.4094261,0.044691004
12978,1.4541284,1.409037,0.045091428
12979,1.4538774,1.409052,0.044825494
12980,1.4532038,1.408603,0.044600837
12981,1.4533924,1.408333,0.04505949
12982,1.4539542,1.4084045,0.04554975
12983,1.4533994,1.4078565,0.045543
12984,1.4524434,1.4077979,0.04464547
12985,1.4523277,1.4075693,0.044758506
12986,1.4524847,1.4072367,0.04524797
12987,1.4519844,1.4072239,0.04476048
12988,1.4514664,1.4068292,0.044637263
12989,1.4513268,1.4065653,0.044761527
12990,1.4529297,1.4066428,0.04628689
12991,1.4565171,1.4062698,0.05024733
12992,1.4595122,1.4072359,0.052276313
12993,1.4564973,1.4057245,0.050772864
12994,1.4511104,1.4058642,0.045246102
12995,1.4505253,1.4055496,0.04497559
12996,1.4532062,1.4050375,0.048168585
12997,1.4542533,1.4057411,0.048512228
12998,1.4517597,1.4045689,0.047190733
12999,1.4489856,1.404506,0.04447964
13000,1.4497159,1.4043506,0.045365285
13001,1.4508915,1.403958,0.04693342
13002,1.4499801,1.404221,0.045759052
13003,1.4479679,1.4035289,0.044439044
13004,1.4485934,1.4031836,0.045409746
13005,1.4492285,1.4034313,0.04579719
13006,1.4473695,1.4027743,0.044595137
13007,1.4473323,1.4025909,0.04474138
13008,1.4478137,1.4027034,0.045110375
13009,1.4468961,1.4021244,0.044771668
13010,1.4463851,1.401883,0.04450215
13011,1.4474999,1.4020948,0.04540506
13012,1.4474541,1.40142,0.046034206
13013,1.4455926,1.4013482,0.044244505
13014,1.4458683,1.4011039,0.04476437
13015,1.4460608,1.4007357,0.0453251
13016,1.4451672,1.4007726,0.04439455
13017,1.4447093,1.4004427,0.04426667
13018,1.4453013,1.4000398,0.045261454
13019,1.4454443,1.4000973,0.045347035
13020,1.444256,1.3996329,0.044623055
13021,1.4438467,1.3994161,0.044430718
13022,1.444373,1.3995045,0.044868488
13023,1.4440296,1.3989949,0.045034677
13024,1.443188,1.3988619,0.044326033
13025,1.4428431,1.3986746,0.04416845
13026,1.442646,1.3983451,0.044300813
13027,1.4423586,1.3981837,0.044174884
13028,1.4422168,1.3980075,0.04420934
13029,1.4418786,1.3976624,0.04421611
13030,1.4416264,1.39751,0.044116337
13031,1.4417233,1.3974037,0.044319622
13032,1.4413285,1.3969903,0.044338148
13033,1.4408748,1.3968655,0.0440093
13034,1.4407995,1.3966793,0.044120222
13035,1.440565,1.3963398,0.0442252
13036,1.4401504,1.3961929,0.0439575
13037,1.4399228,1.3959762,0.043946717
13038,1.4397184,1.3957598,0.043958493
13039,1.4394473,1.3955193,0.043928023
13040,1.4393549,1.3953106,0.044044215
13041,1.4392071,1.3952041,0.04400297
13042,1.4390733,1.3948278,0.0442454
13043,1.438603,1.3947202,0.043882824
13044,1.4383324,1.3944594,0.04387305
13045,1.4384516,1.3941392,0.044312447
13046,1.4383131,1.3941109,0.0442022
13047,1.4376377,1.3937029,0.04393477
13048,1.4378213,1.3934495,0.044371653
13049,1.4383333,1.3935488,0.044784416
13050,1.4375743,1.393003,0.044571184
13051,1.4367046,1.3928608,0.04384383
13052,1.4368542,1.3927252,0.044129025
13053,1.4370668,1.3922933,0.04477339
13054,1.4363961,1.3922958,0.044100314
13055,1.4358134,1.3919241,0.043889303
13056,1.4359744,1.391618,0.044356417
13057,1.4359471,1.3917023,0.044244863
13058,1.4352559,1.3912332,0.04402267
13059,1.4350107,1.3909965,0.044014163
13060,1.4351727,1.3909543,0.04421846
13061,1.4347805,1.390519,0.044261407
13062,1.4341292,1.3903987,0.04373048
13063,1.4342301,1.3902354,0.043994706
13064,1.4339538,1.389836,0.04411783
13065,1.4334458,1.389784,0.043661863
13066,1.433321,1.3895429,0.043778088
13067,1.4336439,1.389146,0.044497937
13068,1.4333488,1.389187,0.04416184
13069,1.4324094,1.3887486,0.043660816
13070,1.4326088,1.3885264,0.04408241
13071,1.4329197,1.3886181,0.04430156
13072,1.4320079,1.3880312,0.043976672
13073,1.431537,1.3878388,0.04369826
13074,1.4315691,1.3877833,0.04378581
13075,1.4311963,1.3873864,0.0438099
13076,1.4307734,1.3872533,0.043520015
13077,1.4305677,1.3870448,0.04352295
13078,1.4304707,1.3867439,0.043726817
13079,1.4302963,1.3866557,0.043640614
13080,1.4299064,1.3863652,0.04354124
13081,1.4299048,1.3862051,0.04369981
13082,1.4297127,1.3860774,0.043635342
13083,1.4293833,1.3856738,0.04370957
13084,1.429054,1.3854991,0.043554943
13085,1.429048,1.3854132,0.043634836
13086,1.4287423,1.3850298,0.043712456
13087,1.428426,1.3848419,0.04358408
13088,1.4283314,1.3847347,0.043596614
13089,1.4281676,1.384363,0.043804552
13090,1.4277403,1.3841935,0.043546878
13091,1.4275047,1.3839865,0.043518238
13092,1.4273262,1.3837112,0.043614976
13093,1.4270461,1.383517,0.043529026
13094,1.4267958,1.383229,0.0435668
13095,1.4264559,1.3830234,0.04343248
13096,1.4263076,1.3828852,0.04342235
13097,1.4260075,1.3825902,0.043417297
13098,1.4257609,1.382406,0.043354917
13099,1.425563,1.3822236,0.0433394
13100,1.4252764,1.3819277,0.0433486
13101,1.4249835,1.3817456,0.043237925
13102,1.4247417,1.381519,0.043222856
13103,1.4245615,1.3812866,0.0432749
13104,1.4243132,1.3810533,0.043259908
13105,1.4241023,1.3808671,0.04323513
13106,1.4238694,1.3806324,0.04323697
13107,1.4236759,1.3804097,0.04326621
13108,1.4234935,1.3802326,0.043260902
13109,1.4232961,1.379967,0.04332915
13110,1.4231001,1.3797556,0.0433445
13111,1.422894,1.3794868,0.04340715
13112,1.4226065,1.3792787,0.043327887
13113,1.4223539,1.3790828,0.043271042
13114,1.4221258,1.3787863,0.04333944
13115,1.4219097,1.378656,0.043253697
13116,1.4216756,1.3783948,0.043280758
13117,1.4214399,1.3781302,0.04330966
13118,1.421179,1.3779645,0.04321457
13119,1.4209493,1.3777122,0.043237023
13120,1.4207145,1.3775129,0.043201614
13121,1.4203986,1.3772522,0.043146387
13122,1.4203635,1.3771017,0.04326196
13123,1.4201121,1.3768146,0.043297537
13124,1.4199517,1.3766985,0.043253135
13125,1.419725,1.376365,0.043360066
13126,1.4194217,1.3762172,0.043204464
13127,1.4191169,1.3759037,0.04321323
13128,1.418925,1.3757118,0.0432133
13129,1.4189488,1.3756168,0.04333196
13130,1.4189949,1.375203,0.043791853
13131,1.418624,1.3751384,0.04348565
13132,1.4179416,1.3748038,0.043137826
13133,1.417889,1.3746512,0.043237843
13134,1.4180505,1.3745816,0.043468963
13135,1.4177101,1.374108,0.0436021
13136,1.4170344,1.3739939,0.043040603
13137,1.4168632,1.3738595,0.043003622
13138,1.417167,1.3735224,0.04364451
13139,1.4170117,1.373506,0.04350579
13140,1.4165525,1.3730953,0.043457188
13141,1.415904,1.3729002,0.04300388
13142,1.4161344,1.3729295,0.04320491
13143,1.4158291,1.3724388,0.043390237
13144,1.4152361,1.3722697,0.042966373
13145,1.4152787,1.3721519,0.043126836
13146,1.4149536,1.3717513,0.04320237
13147,1.4145294,1.3716708,0.04285865
13148,1.4144552,1.3715273,0.04292791
13149,1.4142848,1.3711103,0.043174464
13150,1.4139366,1.3709836,0.042953007
13151,1.413622,1.370784,0.042837925
13152,1.4135152,1.3704953,0.04301982
13153,1.4132547,1.3703785,0.04287627
13154,1.4128835,1.3700175,0.04286596
13155,1.4126707,1.3698488,0.042821903
13156,1.4124417,1.369653,0.042788696
13157,1.4122531,1.369417,0.04283628
13158,1.4119914,1.3692411,0.04275022
13159,1.4117796,1.3689969,0.04278274
13160,1.411602,1.3687805,0.042821623
13161,1.4113892,1.3685755,0.04281382
13162,1.4111401,1.3683667,0.042773377
13163,1.4109416,1.3681456,0.04279602
13164,1.4107138,1.3679167,0.04279705
13165,1.4105058,1.3676924,0.042813495
13166,1.4102161,1.367474,0.042742092
13167,1.4099802,1.3672634,0.042716745
13168,1.4097579,1.3670052,0.042752717
13169,1.4095367,1.3668139,0.042722806
13170,1.409337,1.3665403,0.042796727
13171,1.4091188,1.3663844,0.042734303
13172,1.4088215,1.3660911,0.04273041
13173,1.4086125,1.3658794,0.042733073
13174,1.4084324,1.3657095,0.04272281
13175,1.4082111,1.3654183,0.042792827
13176,1.4079678,1.365265,0.042702753
13177,1.4077266,1.3650712,0.04265543
13178,1.4075698,1.3647631,0.04280659
13179,1.407308,1.364645,0.04266291
13180,1.4069198,1.3643845,0.04253528
13181,1.4067528,1.3641729,0.042579956
13182,1.4067892,1.3640772,0.042711966
13183,1.406417,1.3636718,0.04274516
13184,1.4061493,1.3635749,0.0425744
13185,1.4059432,1.3633438,0.042599253
13186,1.4058936,1.3630842,0.04280941
13187,1.4056604,1.3630018,0.042658545
13188,1.4052376,1.3626596,0.042577945
13189,1.4050803,1.3623945,0.04268584
13190,1.4050528,1.3623227,0.042730093
13191,1.4047365,1.3619714,0.042765234
13192,1.4043281,1.3618073,0.042520653
13193,1.4042139,1.3616431,0.042570792
13194,1.4040331,1.3613169,0.042716194
13195,1.4036806,1.3611587,0.042521905
13196,1.4034301,1.3609611,0.042469043
13197,1.4032708,1.3607568,0.04251413
13198,1.4031048,1.360613,0.042491782
13199,1.4028131,1.3602848,0.04252832
13200,1.4025934,1.3601412,0.042452194
13201,1.402337,1.3599362,0.042400755
13202,1.4022177,1.359647,0.04257065
13203,1.4018824,1.3594984,0.042384095
13204,1.4016218,1.3591945,0.04242729
13205,1.4013902,1.3589838,0.04240653
13206,1.4011678,1.358843,0.042324733
13207,1.4009004,1.358595,0.04230525
13208,1.4005955,1.3583302,0.042265348
13209,1.4003932,1.3581356,0.04225769
13210,1.400159,1.3578851,0.042273827
13211,1.3999546,1.3576739,0.042280696
13212,1.3996862,1.3574705,0.04221572
13213,1.3995057,1.3572143,0.042291373
13214,1.3992277,1.3570313,0.0421964
13215,1.3990164,1.356823,0.04219346
13216,1.398867,1.356629,0.04223801
13217,1.3986717,1.3564491,0.0422227
13218,1.3986678,1.3561423,0.04252547
13219,1.3987105,1.3560835,0.04262703
13220,1.3985555,1.3556694,0.042886127
13221,1.398116,1.3556484,0.042467546
13222,1.3976051,1.3552785,0.042326465
13223,1.3973382,1.3550502,0.04228794
13224,1.3973656,1.3550037,0.04236179
13225,1.3968658,1.3546196,0.042246196
13226,1.3966472,1.3544178,0.04222948
13227,1.3965629,1.3543385,0.042224437
13228,1.3962339,1.3539851,0.042248935
13229,1.3958747,1.3537894,0.042085357
13230,1.395698,1.3536221,0.042075854
13231,1.3954128,1.3533343,0.042078577
13232,1.395231,1.3532269,0.04200407
13233,1.3949927,1.3529134,0.042079326
13234,1.3947306,1.3527443,0.04198622
13235,1.3947127,1.352625,0.042087644
13236,1.3945353,1.3522749,0.04226037
13237,1.3941283,1.352175,0.041953392
13238,1.3939008,1.3519182,0.04198254
13239,1.3938853,1.3516388,0.042246412
13240,1.3935938,1.3515414,0.042052336
13241,1.393246,1.3512229,0.04202311
13242,1.3929702,1.3509848,0.0419854
13243,1.3927898,1.350857,0.041932706
13244,1.392514,1.3505281,0.041985847
13245,1.392199,1.3503704,0.04182865
13246,1.3920346,1.3501841,0.041850552
13247,1.3917358,1.3499329,0.041802865
13248,1.3914943,1.3497518,0.04174238
13249,1.3912065,1.3495162,0.041690327
13250,1.3910705,1.3493276,0.04174291
13251,1.3908728,1.3491707,0.041702203
13252,1.3905542,1.3488762,0.041677978
13253,1.3904246,1.3486176,0.041807007
13254,1.3902898,1.3484815,0.041808285
13255,1.389993,1.348164,0.04182895
13256,1.3896859,1.3480128,0.041672993
13257,1.3894744,1.3477894,0.041684903
13258,1.3893411,1.347551,0.041790146
13259,1.3891209,1.347386,0.041735
13260,1.3888294,1.3471256,0.041703742
13261,1.3885608,1.3469234,0.0416374
13262,1.3883963,1.3467159,0.0416803
13263,1.3881966,1.346452,0.041744586
13264,1.3880439,1.3463312,0.041712664
13265,1.3877264,1.3461254,0.04160115
13266,1.3875526,1.3458543,0.041698344
13267,1.3873204,1.3456942,0.041626267
13268,1.3871589,1.3454139,0.04174499
13269,1.3868555,1.3452336,0.041621882
13270,1.3865538,1.3449764,0.04157729
13271,1.3863435,1.344757,0.041586548
13272,1.3861165,1.3445817,0.041534893
13273,1.3859137,1.3442856,0.041628152
13274,1.3857405,1.3441596,0.041580882
13275,1.3854685,1.3439083,0.041560236
13276,1.385156,1.3436741,0.04148204
13277,1.3850023,1.3434558,0.041546464
13278,1.3847096,1.3432586,0.041451037
13279,1.384493,1.3430347,0.041458204
13280,1.3842221,1.3428513,0.04137082
13281,1.3840374,1.3426085,0.041428924
13282,1.3839089,1.3423963,0.04151266
13283,1.3836124,1.3421965,0.041415956
13284,1.383354,1.3419735,0.041380413
13285,1.3831106,1.3416945,0.04141613
13286,1.3829942,1.3415458,0.041448355
13287,1.3827552,1.3413072,0.041447967
13288,1.3825463,1.3410478,0.041498564
13289,1.3823415,1.3409173,0.041424207
13290,1.3820788,1.3406113,0.04146738
13291,1.3818778,1.3404114,0.04146632
13292,1.3816619,1.3402015,0.04146034
13293,1.3815218,1.3400575,0.041464347
13294,1.3812879,1.3397926,0.0414953
13295,1.3810036,1.339568,0.041435637
13296,1.3807895,1.3393677,0.04142173
13297,1.38052,1.3391116,0.041408367
13298,1.3803914,1.3389157,0.041475732
13299,1.3801937,1.3386984,0.04149533
13300,1.3799951,1.3385085,0.04148663
13301,1.3798194,1.3382196,0.04159969
13302,1.3794618,1.3380418,0.041419912
13303,1.379215,1.3378772,0.041337855
13304,1.3791666,1.3376296,0.041536964
13305,1.3789064,1.3375163,0.041390035
13306,1.3785769,1.3371841,0.041392874
13307,1.3783901,1.3370014,0.041388605
13308,1.3781844,1.3368732,0.041311324
13309,1.3780715,1.3365166,0.04155492
13310,1.3777581,1.3364567,0.041301407
13311,1.3774858,1.3361462,0.041339595
13312,1.3772389,1.3359245,0.041314412
13313,1.3771309,1.3358234,0.04130738
13314,1.376823,1.3354623,0.04136064
13315,1.3764856,1.3353121,0.041173406
13316,1.3763707,1.3351445,0.041226074
13317,1.376243,1.3348507,0.041392334
13318,1.3759443,1.3347363,0.041207936
13319,1.3756741,1.3344711,0.04120295
13320,1.3754648,1.3341907,0.041274108
13321,1.3752645,1.3340619,0.041202616
13322,1.374944,1.3338275,0.041116506
13323,1.3747936,1.3335679,0.041225754
13324,1.374563,1.3334504,0.04111252
13325,1.3743112,1.3331391,0.041172188
13326,1.374057,1.3329523,0.041104786
13327,1.3738769,1.3327942,0.04108275
13328,1.3736763,1.3325102,0.04116609
13329,1.3734243,1.3323561,0.04106822
13330,1.3731196,1.3321171,0.041002475
13331,1.3729135,1.3319,0.04101341
13332,1.3727001,1.3317237,0.040976383
13333,1.372476,1.3314878,0.040988225
13334,1.3723326,1.3312453,0.041087344
13335,1.3721392,1.3310902,0.041049108
13336,1.3719269,1.330764,0.041162815
13337,1.3716455,1.3306409,0.041004587
13338,1.3714775,1.3303257,0.04115177
13339,1.371182,1.3301562,0.0410257
13340,1.3709297,1.3299607,0.040969107
13341,1.3707633,1.3296559,0.041107457
13342,1.3704889,1.3295428,0.040946074
13343,1.3702826,1.329237,0.041045673
13344,1.3700447,1.3291104,0.040934257
13345,1.3698325,1.3289076,0.040924937
13346,1.3697125,1.3286022,0.041110292
13347,1.3694679,1.3284751,0.040992748
13348,1.3691996,1.3282028,0.04099679
13349,1.3689936,1.3280121,0.040981557
13350,1.368814,1.3278707,0.040943198
13351,1.3687131,1.3275344,0.041178726
13352,1.368599,1.3274692,0.041129887
13353,1.3683206,1.3270993,0.0412213
13354,1.3679959,1.3269882,0.04100767
13355,1.3677943,1.3268367,0.040957652
13356,1.3675727,1.3264992,0.04107345
13357,1.36724,1.3263249,0.040914953
13358,1.366999,1.3260874,0.0409116
13359,1.36698,1.3258016,0.041178394
13360,1.3668123,1.3258096,0.041002825
13361,1.366429,1.3254149,0.0410141
13362,1.366155,1.3252826,0.040872432
13363,1.3659908,1.3251208,0.040869955
13364,1.3658574,1.3248141,0.041043304
13365,1.3656234,1.3247222,0.040901165
13366,1.3653773,1.3243909,0.040986344
13367,1.3650489,1.3242526,0.040796284
13368,1.3648391,1.3239523,0.040886663
13369,1.3645964,1.3237947,0.040801667
13370,1.3642708,1.3235829,0.040687986
13371,1.3641409,1.3233025,0.040838353
13372,1.3640163,1.3231635,0.040852822
13373,1.3637507,1.3228458,0.040904857
13374,1.3634773,1.3227785,0.040698938
13375,1.3631221,1.322445,0.040677093
13376,1.3629236,1.322199,0.040724684
13377,1.3626937,1.3220723,0.040621433
13378,1.3624754,1.3217788,0.04069668
13379,1.3622327,1.3215736,0.040659018
13380,1.3619356,1.3213158,0.040619873
13381,1.3617395,1.3211598,0.040579718
13382,1.361581,1.320944,0.040637057
13383,1.3613546,1.3207344,0.040620256
13384,1.3611504,1.3205512,0.04059928
13385,1.3608756,1.3203157,0.04055987
13386,1.3606334,1.3200505,0.04058285
13387,1.360521,1.3199493,0.04057175
13388,1.3602394,1.3196753,0.04056402
13389,1.3600074,1.3195089,0.04049847
13390,1.359775,1.3192539,0.040521033
13391,1.359528,1.3190317,0.040496178
13392,1.3593369,1.3188759,0.04046095
13393,1.3591359,1.3186381,0.040497825
13394,1.3588911,1.3184391,0.040452026
13395,1.3586578,1.3181776,0.040480196
13396,1.3584436,1.3179785,0.040465035
13397,1.3582556,1.3177646,0.040491026
13398,1.3579922,1.3175468,0.040445298
13399,1.3578328,1.3173875,0.04044537
13400,1.3576403,1.3171033,0.04053701
13401,1.3574399,1.3169806,0.040459312
13402,1.3571918,1.3166264,0.0405654
13403,1.3569101,1.3164983,0.040411808
13404,1.3566757,1.3162872,0.040388558
13405,1.3565004,1.316017,0.040483307
13406,1.356371,1.3159444,0.04042662
13407,1.356152,1.3155534,0.040598623
13408,1.355715,1.3154109,0.04030416
13409,1.3555136,1.3151406,0.040372983
13410,1.3552518,1.3149352,0.040316485
13411,1.3550055,1.3147476,0.040258
13412,1.3547671,1.3144786,0.04028849
13413,1.3545583,1.3143011,0.040257175
13414,1.3543265,1.3140764,0.040250104
13415,1.3541622,1.3138531,0.04030909
13416,1.3539243,1.3136835,0.040240806
13417,1.3537376,1.3134351,0.040302493
13418,1.3534833,1.3132792,0.040204234
13419,1.3532629,1.3130198,0.040243126
13420,1.3530217,1.3128228,0.040198933
13421,1.3527848,1.3126082,0.040176574
13422,1.3526542,1.3123916,0.0402625
13423,1.3523896,1.3122027,0.040186875
13424,1.3521937,1.3119895,0.040204115
13425,1.3519667,1.3117563,0.040210508
13426,1.3517659,1.3115153,0.040250473
13427,1.3515801,1.311275,0.040305156
13428,1.3513558,1.3111036,0.04025224
13429,1.3511541,1.3108749,0.040279124
13430,1.3509048,1.3107061,0.04019868
13431,1.3506451,1.3104047,0.04024047
13432,1.3504297,1.3102295,0.04020003
13433,1.3501357,1.3099695,0.040166147
13434,1.3499247,1.3097643,0.040160432
13435,1.3496927,1.3095607,0.040132105
13436,1.3494328,1.3093258,0.040106915
13437,1.3491756,1.309098,0.040077526
13438,1.34897,1.3088986,0.040071446
13439,1.3487521,1.3086922,0.04005991
13440,1.3485329,1.3085021,0.040030733
13441,1.3483635,1.3083249,0.04003858
13442,1.3480796,1.308079,0.04000059
13443,1.3478731,1.3079087,0.039964445
13444,1.347602,1.3076819,0.039920133
13445,1.3473964,1.3074543,0.03994203
13446,1.3471891,1.3072768,0.0399122
13447,1.3469899,1.3069705,0.04001946
13448,1.3467643,1.3068752,0.039889034
13449,1.3466227,1.3065648,0.040057883
13450,1.3463552,1.3064708,0.039884474
13451,1.3462144,1.3061606,0.040053777
13452,1.3459492,1.3060875,0.039861716
13453,1.3457569,1.3057612,0.03999568
13454,1.3454835,1.3056264,0.039857164
13455,1.3453368,1.3053297,0.0400071
13456,1.3451748,1.3052487,0.03992603
13457,1.3449135,1.3049146,0.039998885
13458,1.3445427,1.304766,0.03977666
13459,1.344309,1.3045067,0.039802425
13460,1.3441334,1.3042938,0.039839588
13461,1.3439806,1.3041567,0.039823823
13462,1.3438214,1.303847,0.039974533
13463,1.3437306,1.3037992,0.039931364
13464,1.3433139,1.3033813,0.039932564
13465,1.3430719,1.3033601,0.039711833
13466,1.3427845,1.3030108,0.039773613
13467,1.3425598,1.3028607,0.039699078
13468,1.3423537,1.3026813,0.039672412
13469,1.3422266,1.3024008,0.039825816
13470,1.3420675,1.3023179,0.03974969
13471,1.3419523,1.3019731,0.03997924
13472,1.3416525,1.3019189,0.039733592
13473,1.3414823,1.3015445,0.039937746
13474,1.3411896,1.3014542,0.039735448
13475,1.3408996,1.3011539,0.0397457
13476,1.3406656,1.3009573,0.039708328
13477,1.3403348,1.3007705,0.039564222
13478,1.3402407,1.3004957,0.039744936
13479,1.3400928,1.3004329,0.03965981
13480,1.3398553,1.3000677,0.03978761
13481,1.3395528,1.2999719,0.039580755
13482,1.3392982,1.2996904,0.039607875
13483,1.3390403,1.2994993,0.039541017
13484,1.338817,1.2992852,0.03953176
13485,1.3387192,1.2989776,0.039741565
13486,1.3386886,1.2989537,0.039734967
13487,1.3388103,1.2985779,0.04023239
13488,1.3391992,1.2987162,0.04048292
13489,1.3403974,1.298172,0.042225346
13490,1.3415308,1.2986381,0.042892683
13491,1.3416855,1.2978063,0.0438793
13492,1.3403659,1.29822,0.042145856
13493,1.3377051,1.2973502,0.040355004
13494,1.3366284,1.2971727,0.039455846
13495,1.3376352,1.2973144,0.04032074
13496,1.337842,1.2967415,0.041100442
13497,1.3364397,1.2967265,0.039713286
13498,1.3358294,1.2964082,0.039421253
13499,1.3362184,1.2960781,0.040140245
13500,1.3364198,1.2962267,0.04019305
13501,1.3360351,1.2956744,0.040360764
13502,1.3351201,1.2956,0.039519936
13503,1.3347107,1.2953154,0.03939532
13504,1.3350334,1.2949913,0.04004221
13505,1.3353456,1.2950678,0.04027773
13506,1.3353583,1.2945837,0.04077462
13507,1.3345073,1.2946746,0.039832793
13508,1.3335987,1.2941911,0.039407603
13509,1.3335227,1.2939742,0.03954857
13510,1.3337535,1.2939972,0.039756313
13511,1.3335801,1.2935967,0.03998341
13512,1.3329357,1.2935841,0.03935159
13513,1.332525,1.2932428,0.039282244
13514,1.3325644,1.2929426,0.039621726
13515,1.3325115,1.2929608,0.039550778
13516,1.3321645,1.2925608,0.03960378
13517,1.3317301,1.2924534,0.039276727
13518,1.3315444,1.2922252,0.03931912
13519,1.3315152,1.2919056,0.03960961
13520,1.3312775,1.2918663,0.039411195
13521,1.3308445,1.2915258,0.039318774
13522,1.3306725,1.2913202,0.039352287
13523,1.3306532,1.2912128,0.039440386
13524,1.3303105,1.2908624,0.039447974
13525,1.3300251,1.2907704,0.03925472
13526,1.3297507,1.2905623,0.039188348
13527,1.3296934,1.2902589,0.039434563
13528,1.3295106,1.2902262,0.039284386
13529,1.3290302,1.2898815,0.039148755
13530,1.3289083,1.2896669,0.039241437
13531,1.3290464,1.2896287,0.039417572
13532,1.3286514,1.2892619,0.039389573
13533,1.3282381,1.2891941,0.039044134
13534,1.3280361,1.2889502,0.039085854
13535,1.3279085,1.2886964,0.03921209
13536,1.3277915,1.2886134,0.039178003
13537,1.3274617,1.288303,0.039158702
13538,1.3272818,1.288155,0.03912694
13539,1.3271577,1.2880093,0.03914837
13540,1.3270681,1.2876724,0.039395753
13541,1.326815,1.2875918,0.039223094
13542,1.326524,1.2872984,0.039225508
13543,1.3262367,1.2871011,0.03913562
13544,1.3259842,1.2869265,0.03905774
13545,1.3258069,1.2866232,0.039183624
13546,1.3256398,1.2865444,0.039095316
13547,1.3253113,1.2861909,0.039120406
13548,1.3250036,1.2859764,0.039027233
13549,1.3250203,1.2858942,0.039126083
13550,1.3250135,1.2855146,0.03949889
13551,1.3247756,1.2855064,0.039269242
13552,1.3243266,1.2851077,0.039218914
13553,1.3239694,1.2849789,0.038990486
13554,1.323822,1.2848039,0.039018147
13555,1.3238412,1.2845199,0.03932135
13556,1.3236791,1.2844628,0.039216183
13557,1.3232412,1.2841256,0.039115705
13558,1.3231597,1.2839236,0.039236013
13559,1.3231833,1.2839009,0.039282374
13560,1.3229578,1.2834356,0.039522197
13561,1.3224918,1.2833968,0.039094925
13562,1.3221985,1.2831546,0.039043993
13563,1.3220392,1.2828732,0.039166052
13564,1.3221068,1.2828802,0.03922658
13565,1.3219082,1.2824665,0.039441712
13566,1.3215804,1.2824432,0.039137322
13567,1.3211623,1.2820698,0.039092533
13568,1.3207585,1.2819308,0.038827665
13569,1.3206431,1.2818149,0.038828056
13570,1.3204107,1.281493,0.038917802
13571,1.3203464,1.2814025,0.03894396
13572,1.3199842,1.2810904,0.038893867
13573,1.319725,1.2809545,0.038770534
13574,1.3195779,1.2807631,0.038814805
13575,1.3194474,1.2804424,0.039005
13576,1.3194516,1.280433,0.03901851
13577,1.3192204,1.2800685,0.039151955
13578,1.3188342,1.2799958,0.038838338
13579,1.3185141,1.2796931,0.038820982
13580,1.3182973,1.2794553,0.03884197
13581,1.3181791,1.2793381,0.038841046
13582,1.3181102,1.2790234,0.039086882
13583,1.3179047,1.2790283,0.038876377
13584,1.3174684,1.2786616,0.038806744
13585,1.317207,1.278505,0.03870202
13586,1.3171871,1.2784063,0.038780853
13587,1.317098,1.2780132,0.039084863
13588,1.3168917,1.2780206,0.038871013
13589,1.31642,1.277581,0.038838904
13590,1.3161316,1.2774465,0.038685065
13591,1.3157786,1.2772224,0.03855615
13592,1.3156596,1.2770314,0.038628247
13593,1.3155104,1.2768859,0.038624506
13594,1.3154234,1.2765453,0.038878046
13595,1.3152963,1.2765238,0.03877239
13596,1.3149582,1.2761587,0.03879957
13597,1.3145977,1.2760447,0.038553003
13598,1.3143727,1.2758367,0.03853591
13599,1.3142872,1.2755821,0.038705073
13600,1.3142827,1.2755144,0.038768332
13601,1.3142886,1.2751276,0.03916105
13602,1.3142016,1.2751975,0.039004035
13603,1.3139923,1.2746977,0.039294627
13604,1.313527,1.2746952,0.03883175
13605,1.3129302,1.2743257,0.038604483
13606,1.312738,1.2741766,0.038561407
13607,1.3130267,1.2741165,0.038910113
13608,1.3135042,1.2736318,0.039872326
13609,1.3133887,1.2737889,0.03959974
13610,1.3125886,1.2732291,0.039359488
13611,1.3117496,1.2732112,0.0385383
13612,1.3114603,1.2729757,0.03848456
13613,1.3117363,1.2726016,0.039134733
13614,1.3118398,1.272713,0.039126925
13615,1.311435,1.2722358,0.039199226
13616,1.310695,1.2721868,0.03850829
13617,1.3103384,1.2719209,0.03841744
13618,1.3105135,1.2715889,0.03892463
13619,1.3105812,1.2716542,0.038927004
13620,1.310206,1.2711697,0.039036326
13621,1.3095641,1.2711341,0.038430013
13622,1.3093905,1.2709309,0.038459603
13623,1.3094964,1.2705826,0.03891387
13624,1.3095033,1.2706825,0.03882084
13625,1.3091085,1.2702225,0.038885962
13626,1.3085821,1.2701818,0.0384004
13627,1.3082904,1.2699475,0.03834281
13628,1.3082644,1.2696546,0.038609736
13629,1.3083206,1.2696611,0.038659517
13630,1.3080895,1.2692081,0.038881492
13631,1.3075303,1.2692025,0.03832782
13632,1.3071439,1.2688801,0.0382638
13633,1.3070023,1.2686356,0.038366634
13634,1.3070297,1.2685952,0.038434498
13635,1.3069823,1.2682492,0.038733173
13636,1.3066382,1.2681973,0.03844099
13637,1.3064154,1.2678773,0.03853806
13638,1.3060602,1.2677321,0.038328074
13639,1.3058156,1.2674868,0.03832879
13640,1.3056265,1.2672386,0.038387865
13641,1.3054454,1.2671063,0.03833916
13642,1.3051704,1.2668484,0.038321976
13643,1.3048869,1.2666966,0.038190335
13644,1.3047824,1.2665386,0.038243778
13645,1.3045667,1.266289,0.038277663
13646,1.3043559,1.2661362,0.038219742
13647,1.304143,1.2659,0.038242985
13648,1.3039043,1.2657048,0.03819946
13649,1.3037007,1.2654911,0.03820961
13650,1.3034512,1.265284,0.038167227
13651,1.3032885,1.2650639,0.03822456
13652,1.3030844,1.2649438,0.038140453
13653,1.3028024,1.2646576,0.03814485
13654,1.302582,1.2644967,0.03808534
13655,1.3023561,1.2642452,0.038111016
13656,1.3020889,1.2640176,0.038071256
13657,1.301882,1.2639055,0.037976474
13658,1.301725,1.2636602,0.038064927
13659,1.30149,1.2634937,0.03799622
13660,1.3013729,1.26328,0.038092837
13661,1.3011789,1.263123,0.038055874
13662,1.300998,1.2629423,0.03805562
13663,1.3007803,1.2627519,0.038028408
13664,1.3006697,1.2625026,0.038167097
13665,1.3004993,1.2623869,0.038112365
13666,1.3003417,1.2620631,0.03827857
13667,1.3000615,1.261978,0.038083445
13668,1.2998339,1.2617621,0.038071796
13669,1.2996843,1.2614917,0.038192675
13670,1.2996496,1.2614315,0.038218193
13671,1.2994126,1.2610618,0.038350813
13672,1.2990711,1.2610441,0.03802696
13673,1.2986871,1.2607565,0.037930585
13674,1.2985369,1.2605406,0.03799624
13675,1.2985281,1.2604169,0.038111247
13676,1.2983263,1.2600559,0.038270343
13677,1.2980547,1.2600454,0.038009316
13678,1.2977753,1.2596692,0.03810608
13679,1.2974969,1.2595162,0.03798064
13680,1.2972546,1.259329,0.03792556
13681,1.297132,1.2590648,0.0380673
13682,1.2971368,1.2590412,0.03809561
13683,1.2968599,1.258647,0.038212936
13684,1.2965233,1.2586143,0.037909105
13685,1.2961947,1.2583097,0.037884876
13686,1.2959368,1.2581122,0.03782462
13687,1.2959428,1.2580427,0.037900075
13688,1.2959919,1.2576311,0.038360775
13689,1.2963322,1.2577688,0.038563587
13690,1.2970519,1.2572562,0.03979575
13691,1.2976156,1.2575848,0.040030766
13692,1.2974529,1.2568408,0.040612027
13693,1.2964487,1.2571598,0.03928885
13694,1.2952479,1.2565136,0.038734324
13695,1.2942581,1.2564726,0.037785538
13696,1.2940477,1.2562516,0.037796125
13697,1.2938818,1.2559985,0.037883226
13698,1.2937846,1.255902,0.037882507
13699,1.2935938,1.2555467,0.038047146
13700,1.2934258,1.2554274,0.037998445
13701,1.2931447,1.2551533,0.037991412
13702,1.2929529,1.2551003,0.037852596
13703,1.2926351,1.254736,0.037899178
13704,1.2926048,1.2545961,0.03800868
13705,1.2921869,1.2543745,0.037812408
13706,1.2920175,1.2542946,0.037722856
13707,1.2916409,1.2539715,0.03766947
13708,1.2916888,1.2538403,0.03784844
13709,1.2913319,1.2535911,0.037740856
13710,1.2913451,1.2535691,0.03777594
13711,1.2908729,1.2532144,0.037658595
13712,1.2908432,1.2530465,0.037796725
13713,1.290438,1.2528204,0.037617706
13714,1.2903798,1.2526479,0.037731983
13715,1.2902054,1.2525517,0.037653636
13716,1.2902155,1.2521693,0.038046278
13717,1.2902718,1.2521394,0.0381323
13718,1.2900338,1.2517759,0.038257964
13719,1.2895662,1.2517862,0.037779897
13720,1.2890494,1.2513858,0.037663598
13721,1.2887081,1.2512031,0.037504975
13722,1.2884822,1.2510304,0.037451845
13723,1.2883176,1.2507887,0.03752889
13724,1.2881085,1.2506518,0.037456583
13725,1.2878997,1.2504175,0.03748237
13726,1.287704,1.2502201,0.03748396
13727,1.2874746,1.2500461,0.0374285
13728,1.2873471,1.2498382,0.037508853
13729,1.2871087,1.2496797,0.037428908
13730,1.2868986,1.2494242,0.037474357
13731,1.2867362,1.2491957,0.037540566
13732,1.2865505,1.2490705,0.037479945
13733,1.2864208,1.2488045,0.037616402
13734,1.2861888,1.248698,0.037490875
13735,1.2859051,1.2483499,0.037555274
13736,1.285684,1.2482646,0.037419457
13737,1.2854204,1.2480401,0.03738038
13738,1.2853395,1.2477843,0.037555255
13739,1.2855746,1.2476952,0.037879325
13740,1.2861936,1.2473493,0.038844448
13741,1.2869571,1.2475761,0.039380986
13742,1.2872024,1.2469645,0.040237814
13743,1.2862188,1.247134,0.039084762
13744,1.2849059,1.2465364,0.038369507
13745,1.2839906,1.2464856,0.03750501
13746,1.2836267,1.2462423,0.037384443
13747,1.2833586,1.2460406,0.037317995
13748,1.283518,1.2457559,0.037762042
13749,1.2842175,1.2457775,0.038439907
13750,1.2857214,1.2454189,0.04030249
13751,1.2868577,1.245905,0.040952705
13752,1.2864763,1.2450104,0.041465946
13753,1.2845948,1.2452356,0.03935925
13754,1.2825148,1.2445937,0.03792115
13755,1.2816844,1.2444224,0.03726199
13756,1.2822645,1.2444369,0.037827566
13757,1.2827724,1.2440109,0.038761545
13758,1.2825295,1.2441667,0.038362704
13759,1.2814934,1.2435974,0.03789603
13760,1.2806344,1.2434694,0.037165023
13761,1.2809746,1.2434402,0.037534453
13762,1.2813429,1.2430364,0.038306475
13763,1.2806352,1.2430464,0.03758893
13764,1.2797779,1.242669,0.037108988
13765,1.2799324,1.2423989,0.03753353
13766,1.2800219,1.2424253,0.037596587
13767,1.2796367,1.2420468,0.03758986
13768,1.2790555,1.2419453,0.03711027
13769,1.2789221,1.2417533,0.03716863
13770,1.2789636,1.2414402,0.03752344
13771,1.2787253,1.2413934,0.037331782
13772,1.2783171,1.2411432,0.037173815
13773,1.2781383,1.2409363,0.03720198
13774,1.2780344,1.2408235,0.03721086
13775,1.2778907,1.2404929,0.037397783
13776,1.2775909,1.2404305,0.03716044
13777,1.2773544,1.2402443,0.03711005
13778,1.2772645,1.2399462,0.037318297
13779,1.2771136,1.2398784,0.037235178
13780,1.2768158,1.2395749,0.037240926
13781,1.2765687,1.2394559,0.03711272
13782,1.2763896,1.239306,0.037083544
13783,1.2761723,1.2390038,0.03716848
13784,1.2760713,1.2388531,0.037218206
13785,1.2758902,1.2386605,0.037229788
13786,1.275647,1.2385935,0.037053593
13787,1.2753054,1.238256,0.03704939
13788,1.27517,1.2381289,0.037041098
13789,1.2749726,1.2379465,0.037026025
13790,1.2748426,1.2377756,0.03706715
13791,1.2748528,1.2374697,0.03738314
13792,1.2749124,1.2374741,0.037438255
13793,1.2745348,1.2370436,0.037491165
13794,1.2742214,1.2370491,0.03717225
13795,1.2738446,1.2366927,0.03715191
13796,1.2735939,1.2365681,0.03702585
13797,1.2733451,1.2363485,0.036996618
13798,1.273252,1.236137,0.037114955
13799,1.2732882,1.2360848,0.037203364
13800,1.2732038,1.2356946,0.03750925
13801,1.2726771,1.2356534,0.037023596
13802,1.2723193,1.2354454,0.03687397
13803,1.2725655,1.2351309,0.037434638
13804,1.2729915,1.2352028,0.037788723
13805,1.2725618,1.2347053,0.03785646
13806,1.2715747,1.2346972,0.03687759
13807,1.2712762,1.2344776,0.036798514
13808,1.2715015,1.2341466,0.037354976
13809,1.2712598,1.2341588,0.037100986
13810,1.2706381,1.2338063,0.036831785
13811,1.2703654,1.2336215,0.036743812
13812,1.2703016,1.2335414,0.036760192
13813,1.2700188,1.2331804,0.036838338
13814,1.2697114,1.2330512,0.036660172
13815,1.2695183,1.2328372,0.03668106
13816,1.2693628,1.2326189,0.036743857
13817,1.2691596,1.2325222,0.036637276
13818,1.2689508,1.2322515,0.036699206
13819,1.2687014,1.2320515,0.03664998
13820,1.2685695,1.231905,0.03666449
13821,1.2683808,1.231652,0.036728702
13822,1.2682569,1.2315495,0.03670741
13823,1.2680148,1.231281,0.03673378
13824,1.267846,1.2311014,0.036744554
13825,1.2677275,1.2308224,0.03690502
13826,1.2675079,1.2307483,0.036759518
13827,1.2673075,1.2304683,0.036839258
13828,1.2671281,1.2303358,0.036792178
13829,1.2669106,1.2300863,0.036824197
13830,1.2666528,1.2299162,0.03673664
13831,1.2664574,1.2297536,0.036703877
13832,1.2664188,1.2295157,0.036903124
13833,1.2663075,1.2294173,0.03689009
13834,1.2662375,1.229132,0.037105393
13835,1.2659589,1.2290885,0.036870316
13836,1.2657082,1.228769,0.03693928
13837,1.2653587,1.228639,0.03671969
13838,1.265043,1.2283297,0.036713257
13839,1.2648206,1.2282315,0.03658897
13840,1.2645683,1.2280339,0.036534343
13841,1.2643842,1.2278211,0.036563024
13842,1.2641897,1.2276671,0.03652258
13843,1.2639669,1.2274203,0.036546655
13844,1.263742,1.2272704,0.036471523
13845,1.263626,1.2271165,0.03650962
13846,1.2634027,1.2268616,0.036541086
13847,1.2632198,1.2267156,0.036504306
13848,1.2629486,1.2265055,0.036443066
13849,1.2628448,1.2263051,0.036539663
13850,1.2627792,1.2261947,0.036584493
13851,1.2627782,1.225892,0.036886297
13852,1.2628045,1.2258867,0.036917828
13853,1.2628891,1.225536,0.037353173
13854,1.2626723,1.225559,0.037113298
13855,1.2621586,1.2251171,0.037041463
13856,1.2615908,1.2250832,0.036507603
13857,1.2611628,1.2248343,0.036328483
13858,1.2611315,1.2246039,0.036527682
13859,1.26124,1.2246242,0.036615834
13860,1.2610269,1.2242227,0.036804132
13861,1.260449,1.2241467,0.03630239
13862,1.2602586,1.2239299,0.036328685
13863,1.260077,1.2236573,0.03641977
13864,1.259972,1.2235967,0.036375232
13865,1.2596803,1.2232684,0.0364118
13866,1.2593522,1.223139,0.036213167
13867,1.2591373,1.2229288,0.03620843
13868,1.258946,1.2226951,0.036250927
13869,1.258798,1.2225386,0.036259502
13870,1.2584845,1.2223219,0.036162727
13871,1.2583531,1.2221273,0.0362258
13872,1.258086,1.2219584,0.03612752
13873,1.2579317,1.2217788,0.036152937
13874,1.257796,1.2215462,0.036249958
13875,1.2576841,1.2214311,0.036252942
13876,1.2574685,1.2211751,0.03629341
13877,1.2572972,1.2210337,0.036263376
13878,1.2570182,1.2207971,0.03622105
13879,1.2568294,1.2206577,0.03617171
13880,1.2565638,1.2204303,0.03613359
13881,1.2565038,1.2203164,0.03618742
13882,1.2562803,1.220054,0.03622622
13883,1.2561927,1.2199427,0.036249943
13884,1.2559254,1.2196972,0.036228284
13885,1.2557135,1.219485,0.03622843
13886,1.2555681,1.2193983,0.03616994
13887,1.2552927,1.219146,0.036146753
13888,1.2550563,1.2189405,0.036115676
13889,1.2548566,1.2187524,0.036104225
13890,1.2547786,1.2184802,0.036298413
13891,1.2545744,1.2184215,0.036152877
13892,1.2543458,1.2181816,0.036164172
13893,1.2541243,1.2179846,0.036139674
13894,1.2539698,1.2178184,0.036151413
13895,1.2537426,1.2175933,0.036149245
13896,1.2535273,1.2173984,0.0361288
13897,1.25345,1.2172767,0.036173325
13898,1.2533617,1.2169542,0.03640753
13899,1.2530087,1.2168696,0.03613908
13900,1.2527202,1.216666,0.036054168
13901,1.2526927,1.216456,0.036236696
13902,1.2526131,1.2163548,0.036258258
13903,1.2522904,1.2160679,0.036222547
13904,1.2519721,1.2159342,0.03603796
13905,1.2518785,1.2157781,0.036100473
13906,1.2516524,1.2155242,0.036128156
13907,1.2514023,1.2153639,0.03603846
13908,1.251248,1.2151794,0.036068626
13909,1.2511044,1.2149148,0.03618952
13910,1.2508262,1.2148148,0.03601146
13911,1.2506163,1.2146149,0.03600141
13912,1.2504411,1.2143834,0.036057625
13913,1.250297,1.2141938,0.036103137
13914,1.2501091,1.2140784,0.036030583
13915,1.2499883,1.2138438,0.036144584
13916,1.2497392,1.2137159,0.036023278
13917,1.2494937,1.2134349,0.0360588
13918,1.2492502,1.2132775,0.035972677
13919,1.2489883,1.2131195,0.0358688
13920,1.2488652,1.2129098,0.035955455
13921,1.2486727,1.2127335,0.03593914
13922,1.2485236,1.2124726,0.036051027
13923,1.2482916,1.212371,0.035920627
13924,1.2480582,1.2120999,0.0359584
13925,1.2479328,1.2119709,0.03596186
13926,1.2477537,1.2116753,0.036078464
13927,1.2477471,1.211631,0.036116164
13928,1.247923,1.2112536,0.036669422
13929,1.2482173,1.2113703,0.036846973
13930,1.2482774,1.2108345,0.037442975
13931,1.2485577,1.2110758,0.037481852
13932,1.248502,1.2105278,0.03797425
13933,1.2481558,1.2107922,0.03736364
13934,1.2472292,1.2101516,0.037077624
13935,1.2463135,1.2101088,0.036204726
13936,1.2455493,1.2097732,0.035776205
13937,1.2453632,1.2096317,0.03573151
13938,1.245326,1.2094982,0.035827912
13939,1.2451584,1.209186,0.035972424
13940,1.2448107,1.2090782,0.0357324
13941,1.2445523,1.208851,0.035701267
13942,1.244382,1.2086409,0.035741143
13943,1.2444648,1.2085607,0.03590396
13944,1.2445668,1.2082084,0.03635842
13945,1.2445563,1.2082944,0.036261864
13946,1.2442085,1.2078441,0.036364343
13947,1.2435119,1.2077721,0.035739742
13948,1.2432929,1.2074989,0.03579401
13949,1.2430972,1.2072941,0.035803076
13950,1.2431766,1.2072811,0.035895552
13951,1.2431774,1.2069529,0.036224402
13952,1.2430484,1.2069662,0.036082275
13953,1.2427714,1.2065752,0.036196176
13954,1.2423551,1.2065252,0.035829857
13955,1.2418584,1.2062382,0.035620242
13956,1.2417469,1.2060341,0.035712883
13957,1.2419463,1.2060475,0.03589879
13958,1.2418523,1.2055973,0.03625495
13959,1.2414395,1.2056196,0.0358199
13960,1.2409165,1.2053267,0.03558985
13961,1.2407663,1.2051309,0.03563534
13962,1.240894,1.2050754,0.035818554
13963,1.240862,1.2047266,0.036135413
13964,1.2402812,1.2046661,0.035615124
13965,1.2398847,1.2044092,0.035475403
13966,1.2397308,1.2041755,0.035555415
13967,1.2396746,1.2040755,0.035599083
13968,1.2393363,1.2038131,0.035523213
13969,1.2391158,1.2036858,0.03543011
13970,1.2390325,1.2035501,0.035482425
13971,1.2387985,1.2032646,0.035533965
13972,1.2385244,1.2031246,0.035399813
13973,1.2382847,1.2029264,0.035358246
13974,1.2381192,1.2027798,0.03533956
13975,1.2379224,1.2025857,0.035336666
13976,1.2378136,1.2023908,0.03542279
13977,1.2375975,1.2022448,0.035352737
13978,1.2373607,1.2020221,0.035338663
13979,1.2370958,1.201832,0.035263807
13980,1.2369587,1.20166,0.035298657
13981,1.2367663,1.201433,0.035333466
13982,1.2365121,1.201277,0.035235096
13983,1.2363672,1.2011142,0.035253055
13984,1.2361927,1.2008568,0.035335876
13985,1.2360649,1.2007518,0.03531305
13986,1.235845,1.2005613,0.035283655
13987,1.2357966,1.2003021,0.03549453
13988,1.2355318,1.2002105,0.03532137
13989,1.2352575,1.1999366,0.03532083
13990,1.2350934,1.1997226,0.03537072
13991,1.2350248,1.199664,0.035360813
13992,1.2347965,1.1993713,0.035425134
13993,1.2345189,1.1992612,0.03525772
13994,1.2342807,1.1990447,0.035235994
13995,1.234218,1.1987648,0.035453197
13996,1.2341288,1.1987761,0.035352655
13997,1.2338332,1.1984284,0.035404783
13998,1.2334553,1.1982895,0.035165876
13999,1.2332681,1.1980873,0.035180807
14000,1.2330896,1.1978797,0.035209864
14001,1.232884,1.1977472,0.03513677
14002,1.2326797,1.1975454,0.035134315
14003,1.2325244,1.1973449,0.03517948
14004,1.2323302,1.1971654,0.035164863
14005,1.2321317,1.19695,0.035181805
14006,1.2319463,1.1968349,0.03511142
14007,1.2317208,1.1966271,0.035093606
14008,1.2315326,1.1964257,0.035106905
14009,1.2314279,1.1962563,0.035171658
14010,1.2312707,1.196034,0.035236675
14011,1.2310972,1.1958693,0.035227895
14012,1.2308943,1.1956288,0.035265576
14013,1.2308587,1.195503,0.03535568
14014,1.230859,1.1952393,0.035619676
14015,1.2309853,1.1952246,0.03576058
14016,1.231248,1.1948483,0.036399767
14017,1.231018,1.1949512,0.03606676
14018,1.230516,1.1945082,0.03600772
14019,1.2298205,1.1944661,0.035354327
14020,1.2293645,1.1941817,0.03518282
14021,1.2295805,1.1939373,0.03564328
14022,1.2305673,1.1940079,0.036559485
14023,1.2309496,1.1935749,0.037374754
14024,1.2306148,1.1937181,0.036896728
14025,1.2298784,1.1931791,0.03669927
14026,1.2288913,1.1932261,0.035665203
14027,1.227982,1.192846,0.035136122
14028,1.2277114,1.1926758,0.035035666
14029,1.2278647,1.1926883,0.035176307
14030,1.2277576,1.1922839,0.035473753
14031,1.2273134,1.1922048,0.035108596
14032,1.2269976,1.1919979,0.034999788
14033,1.227125,1.191752,0.035373107
14034,1.2272443,1.1917541,0.03549024
14035,1.2269526,1.1913612,0.03559131
14036,1.2265986,1.1913251,0.03527358
14037,1.2261424,1.1910459,0.03509652
14038,1.2259036,1.1909022,0.035001397
14039,1.2258825,1.1907718,0.0351107
14040,1.2258599,1.1904639,0.035396002
14041,1.2256613,1.1904569,0.03520433
14042,1.2252743,1.1901071,0.035167295
14043,1.224899,1.1899736,0.034925394
14044,1.2246729,1.1898075,0.03486538
14045,1.2245371,1.1895756,0.034961622
14046,1.2245947,1.1895287,0.035066023
14047,1.224592,1.189183,0.035409
14048,1.2245517,1.1891863,0.035365433
14049,1.224457,1.1888194,0.03563758
14050,1.2240306,1.1888839,0.035146695
14051,1.2234155,1.1884415,0.034973882
14052,1.2231871,1.1882638,0.034923248
14053,1.2233719,1.1882385,0.035133384
14054,1.2238104,1.1878843,0.03592614
14055,1.2239115,1.1880525,0.035859056
14056,1.2235925,1.1874983,0.03609414
14057,1.2230619,1.1874663,0.035595655
14058,1.2224891,1.187197,0.035292126
14059,1.2219257,1.1871754,0.034750354
14060,1.2217411,1.1868483,0.034892797
14061,1.2223446,1.1866188,0.03572589
14062,1.2231332,1.1868324,0.03630081
14063,1.2233684,1.1863279,0.037040383
14064,1.2222632,1.186431,0.035832226
14065,1.2210106,1.1859512,0.03505932
14066,1.2204809,1.185782,0.03469889
14067,1.2205062,1.1857095,0.034796752
14068,1.2209351,1.1854609,0.035474163
14069,1.2210184,1.1854266,0.03559185
14070,1.2205416,1.1850189,0.03552266
14071,1.2197276,1.185003,0.034724552
14072,1.2195175,1.1848065,0.03471107
14073,1.2195256,1.1844957,0.035029918
14074,1.2192508,1.1844513,0.034799468
14075,1.2188255,1.1841955,0.03462996
14076,1.2187707,1.1840025,0.0347682
14077,1.2186991,1.1839333,0.03476582
14078,1.218374,1.1836463,0.03472774
14079,1.2180705,1.1834882,0.034582295
14080,1.2179031,1.1833731,0.034530096
14081,1.2177936,1.1831102,0.03468332
14082,1.2175289,1.182998,0.034530897
14083,1.21732,1.1827475,0.034572452
14084,1.2171566,1.1825887,0.03456785
14085,1.2170647,1.1825169,0.03454785
14086,1.2167857,1.1822525,0.03453315
14087,1.2165563,1.1820906,0.03446557
14088,1.2164172,1.1819311,0.034486033
14089,1.2162817,1.1816761,0.034605473
14090,1.2161272,1.1816045,0.034522727
14091,1.2158895,1.1813785,0.034510966
14092,1.2157217,1.1811963,0.034525406
14093,1.2156461,1.1810825,0.034563612
14094,1.2156186,1.1807743,0.034844313
14095,1.2155278,1.1807977,0.03472997
14096,1.2152964,1.1804308,0.03486561
14097,1.2151332,1.1804075,0.034725606
14098,1.2149649,1.1800822,0.0348826
14099,1.2147421,1.1800765,0.03466562
14100,1.2146442,1.1797214,0.03492281
14101,1.214281,1.1796645,0.034616493
14102,1.2139723,1.1793969,0.034575395
14103,1.2136552,1.1792585,0.03439684
14104,1.2134967,1.1790622,0.034434456
14105,1.213346,1.178951,0.034394998
14106,1.2132229,1.1787179,0.034505077
14107,1.2130477,1.1785884,0.034459393
14108,1.2127634,1.1783195,0.03444404
14109,1.2125758,1.1782503,0.03432545
14110,1.2123488,1.178069,0.034279745
14111,1.2121316,1.177809,0.03432261
14112,1.2120837,1.1777077,0.034376025
14113,1.2117515,1.1773992,0.034352355
14114,1.2114962,1.1773407,0.0341554
14115,1.2113112,1.17715,0.0341613
14116,1.2111154,1.176952,0.0341633
14117,1.2109331,1.1768087,0.03412437
14118,1.2107823,1.1766387,0.03414356
14119,1.2106042,1.1764766,0.034127526
14120,1.210412,1.1763022,0.034109812
14121,1.2102214,1.1761222,0.034099184
14122,1.2101052,1.17591,0.034195255
14123,1.2098693,1.1757406,0.03412866
14124,1.2096891,1.1755456,0.03414355
14125,1.2095381,1.1753914,0.034146655
14126,1.20931,1.1751872,0.034122873
14127,1.2091471,1.1750251,0.03412206
14128,1.2089908,1.1748694,0.03412147
14129,1.2088608,1.1746283,0.034232497
14130,1.2087519,1.1745514,0.03420051
14131,1.2085066,1.1742611,0.034245443
14132,1.2083,1.1741451,0.034154862
14133,1.2080451,1.1739461,0.034099042
14134,1.2078794,1.1737217,0.034157738
14135,1.2077162,1.173593,0.03412308
14136,1.2076757,1.1733522,0.034323554
14137,1.2075344,1.1733345,0.034200024
14138,1.2071236,1.1730139,0.03410975
14139,1.207038,1.1728177,0.034220308
14140,1.2071409,1.1727568,0.03438408
14141,1.2070159,1.1724654,0.03455043
14142,1.2065984,1.1724585,0.034139864
14143,1.206208,1.1721646,0.034043442
14144,1.2061465,1.1719359,0.034210496
14145,1.2061937,1.1719097,0.03428402
14146,1.2059622,1.1715988,0.034363315
14147,1.2055916,1.171575,0.034016583
14148,1.2052509,1.1712098,0.03404104
14149,1.2051246,1.1710236,0.03410104
14150,1.2051232,1.1710204,0.03410279
14151,1.2050889,1.1707162,0.034372676
14152,1.204667,1.170661,0.03400599
14153,1.2043737,1.1703448,0.034028865
14154,1.2042109,1.1702048,0.03400611
14155,1.2040719,1.1701044,0.033967517
14156,1.2038853,1.1698574,0.03402789
14157,1.2036282,1.1697315,0.033896677
14158,1.2034276,1.1694916,0.033935983
14159,1.2036021,1.169283,0.03431905
14160,1.2038174,1.1693618,0.034455527
14161,1.2035096,1.1689426,0.03456701
14162,1.2028002,1.1689054,0.033894707
14163,1.2025084,1.1686348,0.03387367
14164,1.2026109,1.1683741,0.03423677
14165,1.2028167,1.1684442,0.034372542
14166,1.2026248,1.1680214,0.03460335
14167,1.2018406,1.1679844,0.033856347
14168,1.2018207,1.1677231,0.03409763
14169,1.2035306,1.1675284,0.03600214
14170,1.2045708,1.1678708,0.036700085
14171,1.2034575,1.167192,0.036265533
14172,1.2012715,1.1671729,0.034098558
14173,1.2006729,1.1668779,0.033795036
14174,1.2017312,1.1666303,0.035100974
14175,1.201433,1.166783,0.03464996
14176,1.2002465,1.1663111,0.033935364
14177,1.1999471,1.1661179,0.033829212
14178,1.2008194,1.1661456,0.034673914
14179,1.2011946,1.1657466,0.035448052
14180,1.1999432,1.16585,0.03409314
14181,1.1991775,1.1654803,0.033697154
14182,1.1998813,1.1652098,0.03467154
14183,1.1999078,1.1652986,0.034609206
14184,1.1988665,1.1648482,0.034018204
14185,1.1984718,1.1647457,0.033726137
14186,1.1990659,1.1647794,0.03428647
14187,1.1993963,1.1643482,0.03504797
14188,1.1984837,1.1644026,0.034081154
14189,1.1977496,1.1641164,0.03363322
14190,1.1978661,1.1638721,0.033993952
14191,1.1980398,1.1639047,0.034135133
14192,1.1976342,1.163517,0.034117244
14193,1.1970427,1.1634309,0.03361178
14194,1.196901,1.1632777,0.03362319
14195,1.1969525,1.1630114,0.033941045
14196,1.1968105,1.1629343,0.033876233
14197,1.1965233,1.1626705,0.033852827
14198,1.1961751,1.162571,0.033604242
14199,1.1961281,1.1623921,0.033736087
14200,1.1962496,1.1621485,0.034101106
14201,1.1962847,1.1621774,0.034107115
14202,1.195916,1.1617963,0.034119777
14203,1.1954429,1.1617304,0.033712566
14204,1.1951157,1.1615076,0.033608027
14205,1.1951941,1.1612997,0.033894435
14206,1.1953099,1.1612765,0.034033466
14207,1.1952084,1.1609273,0.0342812
14208,1.1945362,1.1608725,0.03366378
14209,1.1942984,1.1606946,0.033603787
14210,1.1944859,1.1604216,0.03406439
14211,1.1942365,1.1603935,0.033842996
14212,1.1936526,1.1601131,0.033539575
14213,1.193816,1.1599134,0.033902425
14214,1.1940649,1.1600323,0.034032602
14215,1.193283,1.1595879,0.033695053
14216,1.1929241,1.159437,0.03348718
14217,1.193129,1.1594045,0.033724423
14218,1.1930902,1.159065,0.03402512
14219,1.1925927,1.1590463,0.03354637
14220,1.1922498,1.1587809,0.033468936
14221,1.1923729,1.1585608,0.0338122
14222,1.1925524,1.1585914,0.033961035
14223,1.1924998,1.1582341,0.034265608
14224,1.1920244,1.1582439,0.03378042
14225,1.1914867,1.1578645,0.033622168
14226,1.1911418,1.1577381,0.033403784
14227,1.1909554,1.1576015,0.033353947
14228,1.1907823,1.1574389,0.033343386
14229,1.1907091,1.1571869,0.033522226
14230,1.1904953,1.1571058,0.0333895
14231,1.1903375,1.1569009,0.033436645
14232,1.1901125,1.1567392,0.033373255
14233,1.1899155,1.156576,0.033339567
14234,1.1897705,1.1563619,0.033408545
14235,1.1896046,1.1562567,0.033347942
14236,1.1894078,1.1560274,0.033380363
14237,1.1892668,1.1558918,0.033375088
14238,1.1890336,1.1557428,0.033290863
14239,1.1888862,1.1555234,0.033362675
14240,1.1887285,1.1554421,0.03328628
14241,1.1884619,1.1552155,0.03324648
14242,1.1883359,1.1551154,0.033220574
14243,1.188162,1.1549469,0.033214998
14244,1.1879859,1.1547017,0.033284213
14245,1.1877505,1.1545461,0.033204313
14246,1.1875317,1.1544045,0.03312718
14247,1.187433,1.1541636,0.033269424
14248,1.1872072,1.15406,0.033147223
14249,1.186975,1.1538427,0.03313222
14250,1.186824,1.1536859,0.033137962
14251,1.1866398,1.1535558,0.033083998
14252,1.1864352,1.1533312,0.03310408
14253,1.1862226,1.1531816,0.033041008
14254,1.1859889,1.153013,0.032975875
14255,1.1859695,1.1528196,0.033149853
14256,1.1858127,1.152727,0.033085756
14257,1.185633,1.152463,0.033169996
14258,1.185341,1.1523341,0.0330069
14259,1.1852442,1.1522213,0.0330228
14260,1.1851434,1.1519605,0.03318288
14261,1.18496,1.1518636,0.03309643
14262,1.1847408,1.1516478,0.033092923
14263,1.1844711,1.1515132,0.032957975
14264,1.1844001,1.15134,0.033060126
14265,1.1845068,1.1511201,0.033386733
14266,1.1843895,1.1510805,0.033308953
14267,1.1840377,1.150756,0.03328172
14268,1.1836908,1.1506469,0.03304386
14269,1.1835393,1.1504766,0.033062708
14270,1.1834166,1.1503017,0.03311484
14271,1.1831971,1.1501515,0.03304571
14272,1.1830657,1.1500143,0.033051442
14273,1.1829665,1.1497531,0.033213474
14274,1.1828828,1.1496826,0.033200156
14275,1.1825802,1.1494466,0.033133592
14276,1.1823108,1.1493112,0.032999564
14277,1.1820964,1.1491644,0.03293197
14278,1.1819919,1.1489426,0.033049352
14279,1.1817974,1.1488608,0.0329365
14280,1.1816087,1.1486344,0.032974176
14281,1.1814045,1.1485049,0.032899648
14282,1.1811953,1.1483425,0.03285279
14283,1.1810966,1.1480949,0.033001702
14284,1.1808971,1.1480119,0.032885194
14285,1.1806803,1.1477593,0.032920998
14286,1.1804552,1.1476226,0.032832637
14287,1.1802714,1.1474249,0.03284644
14288,1.1801151,1.1473044,0.032810606
14289,1.1799384,1.1471586,0.032779817
14290,1.1798292,1.1469257,0.032903545
14291,1.1795717,1.1468182,0.032753475
14292,1.1794647,1.1466614,0.032803327
14293,1.1794738,1.1464535,0.033020295
14294,1.179362,1.1464235,0.0329385
14295,1.179154,1.1461407,0.033013392
14296,1.1789284,1.1460601,0.03286828
14297,1.1786458,1.1458037,0.03284216
14298,1.1784363,1.1456639,0.032772403
14299,1.1782584,1.1455169,0.032741636
14300,1.1780664,1.1452782,0.032788146
14301,1.1779238,1.145146,0.032777794
14302,1.1777974,1.1449105,0.03288696
14303,1.1776608,1.1448491,0.03281173
14304,1.1774148,1.1445898,0.032824922
14305,1.1772176,1.1444229,0.0327947
14306,1.177059,1.1442717,0.03278733
14307,1.1771388,1.1440365,0.033102375
14308,1.1770746,1.1440334,0.03304109
14309,1.176994,1.1437036,0.03329041
14310,1.1767195,1.1437178,0.03300177
14311,1.1764768,1.1433572,0.033119697
14312,1.1761703,1.1433356,0.0328348
14313,1.175772,1.1430618,0.0327101
14314,1.1755867,1.1428766,0.03271001
14315,1.1756356,1.1428208,0.032814767
14316,1.1755257,1.142545,0.032980718
14317,1.1752683,1.1424854,0.032782905
14318,1.1748996,1.1422113,0.0326882
14319,1.1747471,1.142072,0.032675143
14320,1.1746172,1.1419904,0.032626756
14321,1.1743515,1.1417329,0.032618523
14322,1.1741868,1.1415854,0.032601517
14323,1.1741841,1.1414827,0.032701362
14324,1.1741409,1.1411827,0.03295838
14325,1.1739091,1.1411414,0.032767624
14326,1.1736699,1.1408881,0.03278185
14327,1.17333,1.1407824,0.032547683
14328,1.1730783,1.1405586,0.03251966
14329,1.1729532,1.1403608,0.032592416
14330,1.1727794,1.1402363,0.03254319
14331,1.172535,1.140063,0.032471906
14332,1.1723346,1.139886,0.032448437
14333,1.1722279,1.1397382,0.03248974
14334,1.1720248,1.1395209,0.032504015
14335,1.1718367,1.1394148,0.032421995
14336,1.1716489,1.139251,0.032397874
14337,1.1715018,1.1390947,0.03240705
14338,1.1713128,1.1389096,0.03240314
14339,1.1711345,1.138743,0.032391388
14340,1.1709663,1.1385564,0.0324099
14341,1.1707455,1.1383978,0.032347575
14342,1.170574,1.138192,0.032381803
14343,1.1704391,1.138077,0.03236213
14344,1.1703092,1.1379223,0.032387
14345,1.1701182,1.1377496,0.032368638
14346,1.1699789,1.1375848,0.032394063
14347,1.169814,1.1373898,0.03242424
14348,1.1696197,1.137257,0.032362737
14349,1.1694628,1.1370991,0.032363698
14350,1.1692934,1.1369009,0.032392513
14351,1.16922,1.1368035,0.032416422
14352,1.1690221,1.136612,0.032410048
14353,1.1688408,1.1364202,0.032420516
14354,1.1687424,1.1363178,0.03242452
14355,1.1685619,1.136131,0.032430835
14356,1.1683661,1.1359522,0.03241386
14357,1.1682388,1.1358296,0.032409213
14358,1.168071,1.1355934,0.032477655
14359,1.1679186,1.1355388,0.03237976
14360,1.1677061,1.1352761,0.032430027
14361,1.1674908,1.1351855,0.03230539
14362,1.1672287,1.1349391,0.03228962
14363,1.1670554,1.1348182,0.03223725
14364,1.1668651,1.1346426,0.032222502
14365,1.1667267,1.1344578,0.032268982
14366,1.166605,1.1342926,0.032312363
14367,1.1665331,1.1340953,0.032437805
14368,1.1665193,1.1340481,0.032471184
14369,1.1665326,1.1337163,0.03281634
14370,1.1666607,1.1337235,0.0329372
14371,1.1664526,1.1333627,0.03308989
14372,1.1660867,1.133413,0.0326738
14373,1.165452,1.133076,0.032375954
14374,1.1650968,1.1329311,0.03216564
14375,1.1651907,1.1328623,0.032328453
14376,1.1651669,1.1325299,0.03263692
14377,1.1648654,1.1325283,0.03233699
14378,1.1644591,1.1322718,0.032187376
14379,1.1642631,1.132106,0.032157224
14380,1.1642776,1.1320304,0.032247204
14381,1.1642295,1.1317208,0.032508623
14382,1.1640213,1.1317103,0.032310914
14383,1.1637309,1.1314021,0.032328792
14384,1.1634045,1.131312,0.032092422
14385,1.1630785,1.1310561,0.032022562
14386,1.1630019,1.1309196,0.03208233
14387,1.1630268,1.1308694,0.03215737
14388,1.1630201,1.1305948,0.032425307
14389,1.1628221,1.1305493,0.032272838
14390,1.1625869,1.1302613,0.032325648
14391,1.1622555,1.1301987,0.032056805
14392,1.1621822,1.1300842,0.032098107
14393,1.162231,1.1297548,0.032476258
14394,1.1622233,1.1297319,0.03249135
14395,1.1621015,1.1293969,0.032704573
14396,1.1617196,1.1294051,0.032314423
14397,1.1614282,1.1290839,0.032344308
14398,1.1610394,1.1289955,0.03204372
14399,1.1607969,1.1287842,0.03201276
14400,1.160641,1.1286025,0.03203841
14401,1.1605783,1.1285558,0.032022525
14402,1.1603818,1.1283085,0.032073297
14403,1.1601228,1.1281866,0.031936176
14404,1.1598881,1.1279461,0.031942002
14405,1.1597617,1.1278188,0.031942837
14406,1.1595294,1.1276598,0.03186964
14407,1.1593853,1.1275681,0.031817302
14408,1.1592076,1.1273181,0.031889398
14409,1.1591167,1.127209,0.03190772
14410,1.1591213,1.1269847,0.032136537
14411,1.1589884,1.12698,0.032008458
14412,1.1589074,1.1266363,0.032271214
14413,1.1588315,1.1266342,0.032197256
14414,1.1587431,1.1262662,0.03247689
14415,1.1586034,1.126318,0.03228545
14416,1.1584607,1.1259698,0.03249099
14417,1.1580437,1.1259812,0.03206249
14418,1.1576346,1.1256655,0.031968974
14419,1.1573248,1.1255432,0.03178153
14420,1.1572269,1.125454,0.031772964
14421,1.1572146,1.1251742,0.032040466
14422,1.1570632,1.1251199,0.031943418
14423,1.1568453,1.1248003,0.03204503
14424,1.1565378,1.1247665,0.031771343
14425,1.1563249,1.1245482,0.031776607
14426,1.1561788,1.1243589,0.031819895
14427,1.156017,1.1242201,0.031796783
14428,1.1558596,1.1240189,0.03184077
14429,1.1556932,1.1238419,0.031851333
14430,1.1556256,1.1237833,0.031842247
14431,1.1555871,1.1235273,0.03205974
14432,1.1553581,1.1234452,0.03191284
14433,1.1550815,1.1231912,0.031890236
14434,1.1548587,1.1230923,0.031766437
14435,1.1547145,1.1229893,0.031725187
14436,1.1546707,1.122783,0.031887684
14437,1.1546882,1.1226724,0.0320158
14438,1.1549634,1.1224343,0.032529045
14439,1.1560456,1.1225843,0.033461146
14440,1.158848,1.1222041,0.036643963
14441,1.1633476,1.1228751,0.040472448
14442,1.1665633,1.122231,0.044332236
14443,1.1634626,1.122946,0.040516675
14444,1.1565309,1.1215287,0.03500212
14445,1.1534071,1.121399,0.032008033
14446,1.1544232,1.1214101,0.033013128
14447,1.1572121,1.1211,0.036112137
14448,1.1575553,1.1216143,0.035941042
14449,1.1551373,1.1206422,0.03449521
14450,1.1530881,1.1205966,0.032491464
14451,1.1519719,1.1204032,0.03156871
14452,1.1534818,1.1203051,0.033176795
14453,1.1548059,1.1205068,0.034299143
14454,1.1551498,1.1199653,0.03518455
14455,1.1539891,1.1200662,0.033922963
14456,1.1522663,1.1196318,0.03263447
14457,1.1512133,1.1195829,0.03163038
14458,1.1509682,1.1193461,0.031622075
14459,1.1511962,1.1191242,0.03207199
14460,1.1508877,1.1191012,0.03178654
14461,1.1506042,1.1188753,0.031728923
14462,1.1504486,1.1187962,0.03165231
14463,1.1502627,1.1185379,0.031724755
14464,1.1499331,1.118411,0.031522065
14465,1.1499755,1.1183763,0.03159932
14466,1.1499236,1.1181136,0.031809926
14467,1.1499124,1.1180729,0.031839557
14468,1.1495237,1.1177646,0.031759154
14469,1.1491578,1.1176703,0.031487525
14470,1.1489515,1.1175351,0.031416416
14471,1.1487756,1.1173427,0.031432908
14472,1.1487556,1.1171978,0.031557906
14473,1.1485735,1.116988,0.031585574
14474,1.1484096,1.1169819,0.03142768
14475,1.1481487,1.116793,0.0313556
14476,1.1480168,1.1165525,0.03146424
14477,1.1479284,1.1164823,0.03144612
14478,1.147801,1.1162852,0.031515777
14479,1.1475729,1.1161928,0.03137995
14480,1.1474057,1.1160115,0.03139429
14481,1.1473407,1.1157863,0.03155444
14482,1.1471359,1.1157075,0.0314283
14483,1.1469734,1.1155577,0.03141571
14484,1.1468638,1.1153345,0.031529345
14485,1.1466485,1.115206,0.03144253
14486,1.1464287,1.1150306,0.031397972
14487,1.1463461,1.1148537,0.03149237
14488,1.1461974,1.1147854,0.031412013
14489,1.1459221,1.1146032,0.03131892
14490,1.1457859,1.1144137,0.031372223
14491,1.1457739,1.1143172,0.031456783
14492,1.1455257,1.1141396,0.031386197
14493,1.1453373,1.1140047,0.031332593
14494,1.1451837,1.1138781,0.031305514
14495,1.1450434,1.1136426,0.03140084
14496,1.1448616,1.1135627,0.03129891
14497,1.1447064,1.113403,0.03130336
14498,1.1446173,1.1132209,0.03139634
14499,1.1444639,1.1131172,0.03134677
14500,1.144287,1.1129227,0.03136433
14501,1.1440758,1.1127765,0.031299192
14502,1.1439519,1.1126845,0.03126745
14503,1.1438463,1.1124889,0.03135741
14504,1.1436273,1.1123625,0.031264745
14505,1.1434523,1.1121981,0.031254202
14506,1.143255,1.1120162,0.031238798
14507,1.143137,1.111937,0.031199891
14508,1.1429638,1.1117752,0.031188631
14509,1.1427989,1.1115768,0.03122203
14510,1.1427065,1.1114725,0.03123402
14511,1.1424731,1.1112822,0.031190831
14512,1.142284,1.1111052,0.03117885
14513,1.1422344,1.1110239,0.031210521
14514,1.1420679,1.1107773,0.03129061
14515,1.1419262,1.1107186,0.03120755
14516,1.1416337,1.1105076,0.031126138
14517,1.1414871,1.1103323,0.031154815
14518,1.1413373,1.1102016,0.031135583
14519,1.1411642,1.1100361,0.03112809
14520,1.1410252,1.1098843,0.031140968
14521,1.1408908,1.1097678,0.031122971
14522,1.1407099,1.1095437,0.031166246
14523,1.1405579,1.1094829,0.0310751
14524,1.1403624,1.1093034,0.031059038
14525,1.1402858,1.1090873,0.031198496
14526,1.1401483,1.1090287,0.031119604
14527,1.1399771,1.1088203,0.031156804
14528,1.1397558,1.1087013,0.031054556
14529,1.139573,1.1085161,0.031056788
14530,1.1394308,1.1083683,0.03106252
14531,1.1392657,1.1082371,0.03102846
14532,1.139103,1.1080477,0.031055322
14533,1.1389583,1.1079456,0.031012699
14534,1.1387967,1.1077611,0.031035494
14535,1.1386367,1.1075637,0.031073004
14536,1.1385255,1.107515,0.031010533
14537,1.1383059,1.1072774,0.031028453
14538,1.1381512,1.1071334,0.031017717
14539,1.1380048,1.1070067,0.03099813
14540,1.1379398,1.1068429,0.03109687
14541,1.1377689,1.1067611,0.031007733
14542,1.1375507,1.10654,0.031010786
14543,1.1374435,1.1063857,0.031057853
14544,1.1373161,1.10634,0.030976105
14545,1.1371424,1.1060745,0.031067872
14546,1.1369498,1.1059525,0.030997206
14547,1.1368501,1.1058251,0.031025058
14548,1.136729,1.105607,0.03112195
14549,1.1365821,1.105589,0.030993115
14550,1.1363344,1.1053562,0.030978125
14551,1.136202,1.1051992,0.031002736
14552,1.1361196,1.1050837,0.031035936
14553,1.1361226,1.1048752,0.031247292
14554,1.1360667,1.104861,0.031205615
14555,1.1358497,1.1045249,0.031324837
14556,1.1354392,1.1044558,0.030983318
14557,1.1351202,1.1042801,0.030840125
14558,1.1352553,1.1040993,0.031156009
14559,1.1353753,1.1040946,0.031280577
14560,1.1351316,1.103776,0.031355683
14561,1.1345788,1.1037192,0.030859584
14562,1.1343234,1.1035478,0.030775493
14563,1.134229,1.1033396,0.030889317
14564,1.1343029,1.1032935,0.031009346
14565,1.1343017,1.1030585,0.031243244
14566,1.1341095,1.1031148,0.030994674
14567,1.13362,1.1027341,0.03088596
14568,1.1335312,1.1025975,0.030933747
14569,1.133906,1.1026219,0.031284053
14570,1.134245,1.102313,0.031932093
14571,1.1336083,1.1024244,0.031183964
14572,1.132873,1.1020021,0.030870968
14573,1.1331532,1.1018391,0.03131411
14574,1.1336715,1.1019622,0.031709272
14575,1.1338708,1.1016008,0.032270115
14576,1.133055,1.1016948,0.03136016
14577,1.1322837,1.1012598,0.031023968
14578,1.1319726,1.1011308,0.030841678
14579,1.1318065,1.1010894,0.030717159
14580,1.1320451,1.1008651,0.031180019
14581,1.1318179,1.1008786,0.030939287
14582,1.1313969,1.1004857,0.030911282
14583,1.1311598,1.1003554,0.030804355
14584,1.131013,1.1002978,0.030715236
14585,1.1309088,1.1001177,0.030791169
14586,1.1306047,1.099953,0.030651644
14587,1.1307615,1.0998248,0.030936724
14588,1.1311798,1.099536,0.031643827
14589,1.1311991,1.0997361,0.031463046
14590,1.1305039,1.0992866,0.031217348
14591,1.1298287,1.0991819,0.030646876
14592,1.1300519,1.0990866,0.030965235
14593,1.1303476,1.0988061,0.031541377
14594,1.1303134,1.0989687,0.03134462
14595,1.1296307,1.098524,0.031106746
14596,1.1290803,1.0984497,0.030630529
14597,1.1294386,1.0983803,0.031058356
14598,1.1298668,1.0980633,0.03180343
14599,1.1292763,1.0982372,0.031039068
14600,1.1285092,1.0978954,0.030613815
14601,1.1285487,1.0976535,0.030895228
14602,1.128635,1.0976768,0.030958261
14603,1.1282666,1.0973848,0.030881654
14604,1.127866,1.0973499,0.030516082
14605,1.1278082,1.0972325,0.030575734
14606,1.1278232,1.0969439,0.030879354
14607,1.1275909,1.0968826,0.030708304
14608,1.1273224,1.0967149,0.03060757
14609,1.1271168,1.0966393,0.030477505
14610,1.127019,1.0964763,0.030542782
14611,1.1270591,1.0962545,0.030804664
14612,1.1271136,1.0962313,0.03088231
14613,1.1269592,1.0959536,0.03100564
14614,1.1265384,1.095911,0.03062742
14615,1.126232,1.0957012,0.030530777
14616,1.126163,1.095558,0.030604988
14617,1.1259828,1.0954516,0.030531257
14618,1.125799,1.0953034,0.030495558
14619,1.1256828,1.0951717,0.030511165
14620,1.12555,1.0950316,0.030518418
14621,1.1253572,1.0948161,0.030541006
14622,1.1252202,1.0947322,0.030488104
14623,1.1250331,1.0945371,0.030495947
14624,1.1248746,1.0944139,0.030460719
14625,1.1247203,1.0942562,0.030464208
14626,1.124826,1.0940287,0.030797292
14627,1.1246475,1.0940282,0.030619312
14628,1.1243056,1.0937656,0.030540045
14629,1.124034,1.0936298,0.030404225
14630,1.1239418,1.0934901,0.030451661
14631,1.1237956,1.0933068,0.030488819
14632,1.1235834,1.0932188,0.030364554
14633,1.1234642,1.0930527,0.03041144
14634,1.1233147,1.0929159,0.03039881
14635,1.1231278,1.09271,0.0304178
14636,1.1229483,1.0926,0.030348342
14637,1.1227945,1.0924739,0.030320704
14638,1.1226283,1.092304,0.030324345
14639,1.1225141,1.0921336,0.030380528
14640,1.1223742,1.0920154,0.030358821
14641,1.1222794,1.0918711,0.030408252
14642,1.1221695,1.0917977,0.030371815
14643,1.1221663,1.0915315,0.030634683
14644,1.1219244,1.0914974,0.030426979
14645,1.1216425,1.0912547,0.03038775
14646,1.1214284,1.0911182,0.03031022
14647,1.1213378,1.0910224,0.030315498
14648,1.1212214,1.0908363,0.030385178
14649,1.1210397,1.0907063,0.03033348
14650,1.1208242,1.0905317,0.03029252
14651,1.1207099,1.0904205,0.03028951
14652,1.1206168,1.0902457,0.03037112
14653,1.1207051,1.0902369,0.030468235
14654,1.120764,1.0899127,0.03085139
14655,1.1205333,1.0899324,0.03060099
14656,1.1200651,1.0896443,0.03042075
14657,1.1197761,1.089518,0.030258227
14658,1.1198508,1.0894598,0.030391032
14659,1.1200222,1.089155,0.030867252
14660,1.1196107,1.0891734,0.03043722
14661,1.1191784,1.088888,0.030290332
14662,1.119139,1.0887655,0.030373346
14663,1.1193033,1.0887595,0.030543774
14664,1.1191076,1.0884048,0.030702878
14665,1.1187956,1.0884099,0.0303857
14666,1.1183771,1.0881859,0.030191254
14667,1.1182013,1.0880572,0.03014408
14668,1.1180117,1.0878884,0.030123372
14669,1.1179907,1.0877855,0.030205328
14670,1.1177675,1.0875868,0.030180693
14671,1.1176859,1.087526,0.030159995
14672,1.1174537,1.0873371,0.030116627
14673,1.1172643,1.0871822,0.030082112
14674,1.1171321,1.0870343,0.030097658
14675,1.1169744,1.0869212,0.030053128
14676,1.1168724,1.0867953,0.030077081
14677,1.1167208,1.086647,0.030073851
14678,1.1165546,1.0864195,0.030135106
14679,1.1163465,1.0863639,0.029982556
14680,1.1161869,1.0862236,0.029963216
14681,1.1161695,1.0860441,0.030125383
14682,1.1160352,1.0859666,0.030068642
14683,1.1157589,1.0857477,0.030011183
14684,1.1156474,1.0856218,0.030025696
14685,1.1155719,1.0855615,0.030010333
14686,1.1153768,1.0853112,0.030065665
14687,1.1152631,1.0851622,0.030100876
14688,1.1151621,1.0850744,0.030087799
14689,1.1150062,1.0848516,0.030154625
14690,1.1147643,1.0848001,0.029964263
14691,1.1145178,1.0846066,0.029911239
14692,1.1145412,1.0843929,0.030148268
14693,1.1143594,1.084351,0.03000847
14694,1.114042,1.0841271,0.02991502
14695,1.113922,1.0840046,0.029917255
14696,1.1138388,1.0839238,0.029914876
14697,1.1137213,1.0836629,0.030058358
14698,1.1135037,1.0835707,0.029933086
14699,1.1133522,1.0834584,0.02989372
14700,1.1132082,1.083249,0.029959148
14701,1.11311,1.0831817,0.029928122
14702,1.1129118,1.0829846,0.029927224
14703,1.1127956,1.0828266,0.029968977
14704,1.1126803,1.0827465,0.029933821
14705,1.1125355,1.0825891,0.029946249
14706,1.1123488,1.0824641,0.029884662
14707,1.1122773,1.082373,0.029904198
14708,1.1122397,1.0821283,0.030111453
14709,1.1120358,1.082116,0.029919792
14710,1.1118997,1.0818605,0.030039176
14711,1.1116039,1.0817733,0.029830564
14712,1.1114438,1.0815899,0.029853806
14713,1.1112678,1.0814328,0.029834997
14714,1.1111268,1.0813509,0.029775899
14715,1.1109987,1.0811664,0.0298323
14716,1.1108305,1.081052,0.02977857
14717,1.1106681,1.0809076,0.029760486
14718,1.1105088,1.0807478,0.029760968
14719,1.1104003,1.0806295,0.029770851
14720,1.1102425,1.0804583,0.029784212
14721,1.1100786,1.0803274,0.029751236
14722,1.1098787,1.0801619,0.029716711
14723,1.1097353,1.0799994,0.02973574
14724,1.1096181,1.0798894,0.029728696
14725,1.1095337,1.0797178,0.029815996
14726,1.1095499,1.0795227,0.030027086
14727,1.1096792,1.0795673,0.030111928
14728,1.1097369,1.0792397,0.030497098
14729,1.1095877,1.0792919,0.0302957
14730,1.1090498,1.078942,0.030107826
14731,1.1085793,1.0788851,0.029694274
14732,1.1084571,1.0787703,0.029686784
14733,1.1089399,1.0785314,0.030408492
14734,1.1096978,1.0787272,0.03097057
14735,1.1097023,1.0782272,0.031475186
14736,1.1084605,1.0783291,0.030131405
14737,1.1076642,1.0780262,0.029638091
14738,1.1077219,1.0778116,0.029910356
14739,1.1079731,1.077855,0.030118132
14740,1.1075479,1.0774876,0.030060282
14741,1.1070282,1.0774368,0.02959139
14742,1.1071359,1.0773921,0.029743701
14743,1.1074679,1.0771041,0.030363778
14744,1.1072158,1.0771704,0.030045426
14745,1.106659,1.0768104,0.02984863
14746,1.1063055,1.076692,0.02961348
14747,1.1066096,1.0767177,0.029891828
14748,1.106893,1.0764142,0.030478776
14749,1.1064652,1.076438,0.03002733
14750,1.1058148,1.0761019,0.029712955
14751,1.1055546,1.0759941,0.029560376
14752,1.105862,1.076004,0.029857922
14753,1.105899,1.07563,0.030268967
14754,1.1054384,1.075656,0.029782271
14755,1.1050398,1.0754192,0.029620713
14756,1.1049057,1.075258,0.029647717
14757,1.1049426,1.0752269,0.029715637
14758,1.1048694,1.074902,0.029967299
14759,1.1045144,1.0748186,0.02969573
14760,1.1042451,1.0746466,0.029598495
14761,1.1042114,1.0745101,0.029701393
14762,1.1041497,1.0745033,0.029646372
14763,1.1039674,1.0741928,0.029774671
14764,1.1037031,1.074098,0.029605221
14765,1.1035525,1.0739998,0.029552672
14766,1.1034312,1.0738173,0.029613966
14767,1.1032586,1.0737066,0.029552046
14768,1.103111,1.073475,0.029635984
14769,1.1029485,1.073428,0.029520553
14770,1.1027925,1.0732733,0.029519266
14771,1.1025869,1.0731164,0.029470433
14772,1.1024376,1.0729764,0.029461334
14773,1.1022489,1.072785,0.029463893
14774,1.1020813,1.0726438,0.029437605
14775,1.1019437,1.0725608,0.029382903
14776,1.1017891,1.0723711,0.029417962
14777,1.1016898,1.0722685,0.029421348
14778,1.1015342,1.0720915,0.029442707
14779,1.1013509,1.0719374,0.029413402
14780,1.1012077,1.0718094,0.029398326
14781,1.1010615,1.0716723,0.029389203
14782,1.1010513,1.071571,0.029480357
14783,1.1008434,1.0713644,0.029479062
14784,1.1007957,1.0713235,0.029472303
14785,1.1006578,1.0711076,0.029550117
14786,1.1005051,1.0710368,0.02946822
14787,1.1003144,1.0708461,0.029468227
14788,1.1001498,1.0706875,0.029462218
14789,1.1000532,1.0706456,0.029407594
14790,1.0998588,1.0704569,0.029401952
14791,1.0997072,1.0702939,0.029413417
14792,1.0995332,1.0701634,0.029369924
14793,1.0993547,1.0700005,0.029354226
14794,1.0992125,1.0699053,0.029307205
14795,1.0991241,1.0697553,0.029368857
14796,1.0988803,1.0695692,0.029311115
14797,1.0988114,1.0693974,0.029413944
14798,1.0986378,1.0693626,0.0292752
14799,1.098483,1.0692053,0.029277718
14800,1.0983114,1.0690377,0.029273704
14801,1.0982741,1.0689032,0.029370943
14802,1.0981902,1.0686982,0.029491976
14803,1.0980978,1.0687515,0.029346406
14804,1.0976835,1.0684446,0.02923899
14805,1.0976152,1.0682695,0.029345747
14806,1.0973921,1.0681964,0.029195707
14807,1.0972266,1.0680778,0.029148826
14808,1.097026,1.0678548,0.029171264
14809,1.096955,1.0677651,0.029189821
14810,1.0968031,1.0675768,0.029226352
14811,1.0966468,1.0674365,0.0292103
14812,1.0966812,1.0674497,0.029231602
14813,1.096401,1.0671924,0.02920856
14814,1.0962222,1.0670558,0.02916635
14815,1.0961434,1.0669016,0.029241819
14816,1.0961311,1.066891,0.029240053
14817,1.0960587,1.0666633,0.029395426
14818,1.095675,1.0665739,0.029101098
14819,1.0955193,1.0664238,0.02909559
14820,1.095626,1.0662436,0.029382288
14821,1.0954657,1.0662117,0.029254053
14822,1.0951787,1.0659139,0.029264767
14823,1.0949564,1.0658189,0.029137429
14824,1.0951588,1.0657434,0.029415434
14825,1.0958512,1.0654746,0.03037664
14826,1.0971363,1.0658474,0.03128879
14827,1.0979513,1.0652567,0.03269454
14828,1.0974082,1.06551,0.03189806
14829,1.0953927,1.0648896,0.030503104
14830,1.0939927,1.0648806,0.02911206
14831,1.0939637,1.0647885,0.029175337
14832,1.094822,1.0644397,0.030382302
14833,1.0958445,1.0647291,0.031115357
14834,1.0957084,1.0641891,0.031519223
14835,1.0945214,1.0643648,0.030156612
14836,1.0933686,1.0639232,0.029445365
14837,1.0928395,1.0638379,0.029001664
14838,1.0929354,1.0637491,0.029186338
14839,1.0931071,1.0634673,0.02963984
14840,1.0930724,1.0635897,0.029482678
14841,1.0930132,1.0632364,0.029776748
14842,1.092805,1.0633056,0.029499441
14843,1.0923591,1.0629487,0.029410442
14844,1.0918585,1.0628803,0.028978294
14845,1.0917281,1.0627618,0.028966319
14846,1.0919366,1.0625322,0.029404383
14847,1.091926,1.0625856,0.029340338
14848,1.0915769,1.0622587,0.029318225
14849,1.0911375,1.0622363,0.02890121
14850,1.0910368,1.0621207,0.028916154
14851,1.0911216,1.0619315,0.029189998
14852,1.091103,1.0618876,0.029215291
14853,1.0909504,1.061582,0.029368391
14854,1.0905539,1.0616064,0.028947392
14855,1.0904357,1.0614635,0.028972205
14856,1.0902683,1.0612254,0.029042855
14857,1.0904627,1.0611986,0.029264128
14858,1.0900459,1.0609355,0.029110461
14859,1.0898428,1.0609329,0.028909871
14860,1.0895884,1.0607694,0.028818961
14861,1.0895368,1.0605426,0.028994214
14862,1.0894728,1.0605097,0.028963113
14863,1.0893728,1.0603032,0.029069502
14864,1.0890236,1.060245,0.028778508
14865,1.0888962,1.0600607,0.028835436
14866,1.088853,1.0599226,0.02893044
14867,1.0887356,1.0598534,0.02888224
14868,1.0885819,1.0596801,0.028901855
14869,1.0883789,1.0595372,0.028841775
14870,1.0883275,1.0594184,0.028909057
14871,1.0881504,1.0592704,0.028880019
14872,1.0879581,1.0591198,0.028838292
14873,1.0877669,1.0589994,0.028767448
14874,1.0875876,1.0588344,0.028753122
14875,1.087525,1.0586857,0.028839394
14876,1.0873458,1.058568,0.028777888
14877,1.0872239,1.0584673,0.028756643
14878,1.087065,1.0582998,0.028765121
14879,1.0869699,1.0581583,0.028811533
14880,1.0867523,1.0580642,0.028688043
14881,1.0866829,1.0579274,0.028755534
14882,1.0865046,1.0577343,0.028770301
14883,1.0863683,1.0576341,0.028734177
14884,1.0862215,1.0574647,0.028756753
14885,1.0860555,1.0573466,0.028709048
14886,1.0859343,1.0572399,0.028694432
14887,1.0858829,1.0570507,0.028832171
14888,1.085738,1.0569559,0.028782034
14889,1.0856997,1.0567371,0.028962603
14890,1.0855433,1.0566975,0.028845808
14891,1.0854793,1.0564779,0.029001344
14892,1.0852648,1.0564483,0.028816497
14893,1.0851012,1.0561888,0.028912466
14894,1.0848335,1.0561484,0.028685141
14895,1.08474,1.0559273,0.028812762
14896,1.0846373,1.0559021,0.028735066
14897,1.0844874,1.0556167,0.028870646
14898,1.084321,1.0555829,0.028738102
14899,1.0841312,1.0553459,0.028785393
14900,1.083901,1.0552701,0.028630966
14901,1.0837379,1.055067,0.028670896
14902,1.0836296,1.0550059,0.028623749
14903,1.0834881,1.054855,0.028633082
14904,1.0833753,1.054694,0.028681323
14905,1.0832843,1.054622,0.028662134
14906,1.0830754,1.0544395,0.028635863
14907,1.082937,1.0543194,0.028617656
14908,1.0827881,1.0542083,0.02857994
14909,1.0827056,1.0540538,0.028651798
14910,1.0825496,1.0539209,0.02862879
14911,1.0824097,1.0538065,0.02860323
14912,1.0822572,1.0536535,0.028603584
14913,1.082153,1.0535508,0.028602142
14914,1.0821049,1.053374,0.028730918
14915,1.0821565,1.0533738,0.02878266
14916,1.0821329,1.0530869,0.029046109
14917,1.0819843,1.0531408,0.028843528
14918,1.0816126,1.0528361,0.028776541
14919,1.0812905,1.0527989,0.028491575
14920,1.0811297,1.0526295,0.028500248
14921,1.081069,1.0524414,0.028627634
14922,1.0809805,1.0523905,0.028590098
14923,1.080904,1.0521812,0.028722737
14924,1.0806543,1.0521414,0.028512862
14925,1.0805221,1.0519136,0.028608391
14926,1.0803816,1.051849,0.028532729
14927,1.0802603,1.0516024,0.028657967
14928,1.0801659,1.0516206,0.028545272
14929,1.0798951,1.0513734,0.02852183
14930,1.0797781,1.0512435,0.028534556
14931,1.0799494,1.0512356,0.028713828
14932,1.0803375,1.0509679,0.029369637
14933,1.0802706,1.0510892,0.029181506
14934,1.0797111,1.050705,0.029006198
14935,1.0790707,1.0506421,0.028428644
14936,1.0788333,1.050465,0.028368335
14937,1.0788155,1.0503117,0.028503811
14938,1.0786283,1.0502615,0.028366888
14939,1.0784914,1.0500515,0.028439948
14940,1.0782796,1.0499504,0.028329233
14941,1.0781735,1.0498406,0.02833294
14942,1.0780689,1.0496198,0.028449167
14943,1.0778849,1.0495664,0.028318495
14944,1.0777756,1.0493673,0.02840825
14945,1.0775955,1.0492549,0.028340492
14946,1.0774306,1.0491244,0.028306196
14947,1.077261,1.0489873,0.028273683
14948,1.0771217,1.0488446,0.0282772
14949,1.0770108,1.0486983,0.028312445
14950,1.0768355,1.0485831,0.028252399
14951,1.0767462,1.048469,0.028277278
14952,1.0766163,1.0483087,0.028307587
14953,1.0764848,1.0482167,0.028268177
14954,1.0763494,1.0480413,0.028308133
14955,1.0762632,1.0479311,0.028332138
14956,1.0760875,1.0478103,0.028277135
14957,1.0759798,1.0476807,0.028299093
14958,1.0758425,1.0475111,0.028331507
14959,1.0757759,1.047448,0.028327812
14960,1.0755732,1.0472515,0.02832168
14961,1.0754496,1.0471419,0.028307635
14962,1.0753158,1.0470134,0.028302472
14963,1.0751642,1.0468074,0.028356796
14964,1.0749707,1.0467281,0.028242549
14965,1.0748136,1.0465391,0.028274458
14966,1.0746981,1.0464379,0.028260246
14967,1.0745687,1.0463433,0.02822541
14968,1.0743967,1.0461738,0.028222948
14969,1.0742477,1.0460203,0.028227454
14970,1.0741707,1.0459281,0.028242508
14971,1.0739968,1.045739,0.028257642
14972,1.0738386,1.0456616,0.028177071
14973,1.0736793,1.0455111,0.028168207
14974,1.0735856,1.0453413,0.028244395
14975,1.0734631,1.045253,0.028209995
14976,1.0732807,1.0451204,0.02816025
14977,1.0731399,1.0449878,0.028152108
14978,1.0730097,1.0448874,0.028122252
14979,1.0728505,1.0447271,0.028123328
14980,1.0727288,1.0445703,0.028158363
14981,1.0726025,1.0444717,0.028130779
14982,1.072448,1.0443116,0.028136354
14983,1.0723296,1.0441868,0.02814275
14984,1.0722278,1.0440478,0.028180072
14985,1.0720928,1.0438873,0.02820547
14986,1.0719738,1.0438163,0.028157497
14987,1.0717789,1.0436311,0.028147781
14988,1.0716373,1.0435015,0.028135767
14989,1.0714649,1.0433618,0.02810305
14990,1.0713305,1.0432129,0.02811763
14991,1.0711627,1.0431048,0.028057963
14992,1.070976,1.0429683,0.028007727
14993,1.0709049,1.042818,0.028086906
14994,1.070792,1.0427104,0.028081473
14995,1.0706445,1.042586,0.0280586
14996,1.0704585,1.0424323,0.028026292
14997,1.0703366,1.0423415,0.027995124
14998,1.0701574,1.0421314,0.028025966
14999,1.0700232,1.0420362,0.027987087
15000,1.06994,1.0419527,0.027987275
15001,1.0698831,1.0417203,0.028162837
15002,1.0699002,1.0416917,0.028208518
15003,1.0697234,1.0414429,0.028280493
15004,1.0695319,1.041435,0.028096935
15005,1.0693793,1.0412039,0.028175449
15006,1.0692974,1.041151,0.02814635
15007,1.0694444,1.0409136,0.028530821
15008,1.0697037,1.0409279,0.028775787
15009,1.0706794,1.0406243,0.03005519
15010,1.0716733,1.040907,0.030766238
15011,1.0722873,1.0404339,0.031853497
15012,1.0723711,1.0407571,0.03161408
15013,1.0720733,1.040139,0.031934444
15014,1.0710187,1.0404911,0.030527517
15015,1.0698458,1.0398668,0.029978981
15016,1.0687624,1.0399659,0.0287965
15017,1.0680212,1.039619,0.02840221
15018,1.0675002,1.039607,0.027893212
15019,1.0672421,1.0393972,0.027844924
15020,1.0673637,1.0392053,0.028158385
15021,1.067505,1.039303,0.028202057
15022,1.067487,1.0389969,0.028490018
15023,1.0671715,1.0390108,0.028160676
15024,1.0667734,1.0387189,0.02805456
15025,1.0665076,1.0386536,0.027854001
15026,1.0668608,1.0386695,0.028191263
15027,1.0672415,1.038344,0.028897535
15028,1.066626,1.0384146,0.028211389
15029,1.066037,1.0381274,0.02790974
15030,1.0658503,1.0379604,0.027889773
15031,1.0662682,1.0379899,0.028278315
15032,1.0661829,1.0377178,0.028465003
15033,1.0656873,1.037766,0.027921373
15034,1.0654223,1.0375298,0.027892482
15035,1.0659285,1.0372947,0.02863371
15036,1.0656594,1.0373971,0.028262246
15037,1.0649443,1.0371215,0.027822807
15038,1.0650088,1.0369455,0.028063234
15039,1.065224,1.036996,0.028228039
15040,1.0647795,1.0366518,0.028127652
15041,1.0643079,1.0365462,0.027761593
15042,1.0645763,1.0365795,0.027996773
15043,1.0646693,1.0362283,0.028441006
15044,1.0640684,1.0362483,0.02782008
15045,1.0638939,1.0361121,0.027781853
15046,1.0641097,1.0358886,0.028221095
15047,1.0638149,1.0359607,0.027854213
15048,1.0633962,1.0356772,0.027719017
15049,1.0633333,1.0355208,0.02781249
15050,1.0633426,1.035483,0.02785967
15051,1.0630627,1.035258,0.027804594
15052,1.0628457,1.0351893,0.027656402
15053,1.0627661,1.0350664,0.02769972
15054,1.062724,1.0348232,0.027900796
15055,1.0626855,1.0348394,0.027846139
15056,1.0624938,1.0345697,0.027924016
15057,1.0622094,1.0345324,0.027676994
15058,1.0620229,1.0343951,0.027627826
15059,1.0620923,1.0342025,0.027889779
15060,1.061904,1.0341738,0.027730096
15061,1.0616806,1.0339488,0.027731841
15062,1.0615234,1.0338517,0.027671715
15063,1.0615746,1.0337914,0.02778317
15064,1.061681,1.0335263,0.028154755
15065,1.0615726,1.0335156,0.02805699
15066,1.0612915,1.0332482,0.028043333
15067,1.0609787,1.0331976,0.027780956
15068,1.0608317,1.0330894,0.027742317
15069,1.0610297,1.0329072,0.028122375
15070,1.0607163,1.032842,0.027874168
15071,1.0604458,1.032642,0.027803773
15072,1.060389,1.0325168,0.02787224
15073,1.0604808,1.0325292,0.027951568
15074,1.06017,1.0322216,0.027948465
15075,1.0598068,1.032139,0.027667845
15076,1.0597823,1.0320418,0.027740473
15077,1.0601083,1.0318257,0.028282722
15078,1.0598526,1.0318711,0.02798152
15079,1.0592571,1.0316144,0.027642762
15080,1.0592598,1.0314533,0.027806506
15081,1.0595243,1.0315334,0.027991002
15082,1.0592647,1.0311671,0.02809751
15083,1.0587085,1.0311266,0.02758193
15084,1.0586233,1.0310508,0.027572531
15085,1.0587604,1.030792,0.027968371
15086,1.0584166,1.0307918,0.027624914
15087,1.0581479,1.0306062,0.027541798
15088,1.058122,1.0304667,0.027655398
15089,1.0580399,1.0304592,0.027580803
15090,1.0577966,1.030213,0.027583595
15091,1.057591,1.0301068,0.02748422
15092,1.057495,1.0300139,0.027481068
15093,1.0576084,1.0298247,0.027783606
15094,1.0575001,1.0298556,0.027644504
15095,1.0571219,1.0295924,0.027529418
15096,1.0569357,1.0295048,0.027430803
15097,1.0569257,1.0294436,0.027482057
15098,1.0567228,1.0291804,0.027542297
15099,1.0565047,1.0290838,0.027420903
15100,1.0564327,1.0289897,0.027443081
15101,1.0563618,1.0288032,0.0275585
15102,1.0561714,1.0287533,0.027418166
15103,1.0559713,1.0285757,0.027395692
15104,1.0559276,1.028432,0.027495634
15105,1.0557529,1.0283582,0.027394589
15106,1.0556403,1.0281891,0.027451387
15107,1.0554675,1.0280976,0.027369747
15108,1.0553361,1.0279549,0.027381266
15109,1.0551833,1.0277761,0.027407104
15110,1.0550789,1.0277125,0.027366346
15111,1.0548638,1.0275645,0.027299237
15112,1.0547041,1.0274441,0.027259907
15113,1.0546346,1.0273366,0.027297985
15114,1.0545506,1.0271722,0.027378505
15115,1.054439,1.0271037,0.027335247
15116,1.0543483,1.0269387,0.027409691
15117,1.0542666,1.026914,0.027352562
15118,1.0541053,1.0266987,0.02740651
15119,1.0539345,1.0266391,0.027295347
15120,1.0537667,1.0264806,0.027286094
15121,1.0536788,1.0263036,0.027375098
15122,1.053627,1.0262598,0.027367264
15123,1.0534669,1.0260378,0.02742916
15124,1.0532557,1.0259405,0.027315069
15125,1.0531368,1.02581,0.027326826
15126,1.0531166,1.0256157,0.027500898
15127,1.0530407,1.0255853,0.027455514
15128,1.0528294,1.0253856,0.027443726
15129,1.0526222,1.0252706,0.027351717
15130,1.0525084,1.0251093,0.027398985
15131,1.0523664,1.0249544,0.027411949
15132,1.0521653,1.0248635,0.027301818
15133,1.0521106,1.0247667,0.027343776
15134,1.0519732,1.0246366,0.027336514
15135,1.0518554,1.0245062,0.027349144
15136,1.0517218,1.0243816,0.027340135
15137,1.0516156,1.0243163,0.027299285
15138,1.0514491,1.0241848,0.027264174
15139,1.0513136,1.0239897,0.02732394
15140,1.0512636,1.0239,0.02736353
15141,1.0512197,1.0237207,0.027498921
15142,1.0512174,1.0237421,0.027475316
15143,1.05123,1.0234545,0.027775431
15144,1.0511711,1.0234457,0.027725354
15145,1.0509255,1.023185,0.02774041
15146,1.0506746,1.0232046,0.027470086
15147,1.0503795,1.0229754,0.027403966
15148,1.050093,1.0229108,0.027182173
15149,1.0498916,1.0227526,0.027138848
15150,1.0497671,1.0226107,0.027156547
15151,1.0495893,1.0224739,0.027115371
15152,1.0495653,1.0223414,0.027223945
15153,1.0494815,1.0222936,0.027187938
15154,1.0492932,1.0221173,0.027175918
15155,1.0491558,1.0220232,0.027132604
15156,1.0490023,1.021891,0.027111243
15157,1.048844,1.0217726,0.027071306
15158,1.0487555,1.0216849,0.02707071
15159,1.0486104,1.0214981,0.027112316
15160,1.0484589,1.0213938,0.02706514
15161,1.0484171,1.0213372,0.027079994
15162,1.0483153,1.0211157,0.027199656
15163,1.0481116,1.0210886,0.027023042
15164,1.047947,1.0208949,0.027052063
15165,1.0479211,1.0207787,0.027142376
15166,1.0477613,1.0207322,0.02702918
15167,1.0476502,1.0205636,0.027086556
15168,1.0474488,1.0204473,0.027001506
15169,1.0473909,1.0203549,0.027036127
15170,1.0473185,1.0201693,0.02714925
15171,1.0471734,1.0200915,0.027081799
15172,1.0470421,1.0199177,0.027124416
15173,1.0469186,1.0198603,0.027058441
15174,1.0467752,1.0196664,0.027108753
15175,1.0466483,1.0195351,0.02711322
15176,1.0465465,1.019427,0.027119478
15177,1.0463971,1.0192392,0.027157927
15178,1.0461725,1.0191545,0.02701794
15179,1.0460792,1.0190432,0.027035927
15180,1.046015,1.0188736,0.027141402
15181,1.0458423,1.0187902,0.027052045
15182,1.0456414,1.0185834,0.02705805
15183,1.0454789,1.0184966,0.026982311
15184,1.0453691,1.0183725,0.026996637
15185,1.0452179,1.0182643,0.026953632
15186,1.0450625,1.0181069,0.026955593
15187,1.0448984,1.0179671,0.026931297
15188,1.044787,1.0178506,0.026936352
15189,1.0446525,1.0177279,0.026924629
15190,1.0445848,1.0175713,0.027013341
15191,1.0444635,1.0175126,0.026950961
15192,1.044339,1.0173082,0.02703074
15193,1.0441945,1.0172328,0.026961774
15194,1.044015,1.017114,0.026901072
15195,1.04412,1.0169374,0.027182559
15196,1.04474,1.01698,0.027759964
15197,1.0464247,1.0166438,0.029780958
15198,1.0488949,1.0172285,0.031666473
15199,1.0496083,1.0165203,0.033088144
15200,1.0472205,1.0168493,0.03037119
15201,1.0442817,1.0161523,0.028129559
15202,1.0431477,1.0161165,0.02703112
15203,1.0430325,1.0160162,0.027016241
15204,1.0438598,1.015785,0.028074872
15205,1.0444093,1.0160083,0.028401023
15206,1.0434594,1.0155396,0.02791975
15207,1.0425037,1.0155171,0.026986644
15208,1.0427456,1.0155562,0.027189407
15209,1.0435321,1.015186,0.028346121
15210,1.0441328,1.0153584,0.02877431
15211,1.042735,1.014919,0.027815979
15212,1.0419676,1.0149791,0.026988557
15213,1.0428919,1.0151081,0.027783733
15214,1.043611,1.0145868,0.029024143
15215,1.0428743,1.0146909,0.0281834
15216,1.0414189,1.0143946,0.027024323
15217,1.0416431,1.0142959,0.027347151
15218,1.0421486,1.0143713,0.027777296
15219,1.0417433,1.0139685,0.027774787
15220,1.0407517,1.0139172,0.026834434
15221,1.0410203,1.0139129,0.027107393
15222,1.0416517,1.0136431,0.02800856
15223,1.0416507,1.0137441,0.02790662
15224,1.0408499,1.0133489,0.027501041
15225,1.0401785,1.0133119,0.026866645
15226,1.0401318,1.0132598,0.02687202
15227,1.040385,1.0130099,0.027375102
15228,1.0404493,1.0130562,0.027393058
15229,1.0403264,1.0127714,0.02755503
15230,1.0398992,1.012796,0.02710312
15231,1.0396051,1.0125947,0.027010525
15232,1.0393054,1.0124737,0.026831705
15233,1.0393692,1.012381,0.026988303
15234,1.0393306,1.0121676,0.02716298
15235,1.0389805,1.0122092,0.026771242
15236,1.0387956,1.0120695,0.026726106
15237,1.0388008,1.0118726,0.02692827
15238,1.038683,1.01185,0.026833057
15239,1.038351,1.0116543,0.026696796
15240,1.038334,1.0115379,0.026796198
15241,1.0383569,1.0114906,0.026866246
15242,1.038272,1.0112641,0.027007967
15243,1.0379132,1.0112394,0.026673783
15244,1.0377429,1.0111072,0.026635688
15245,1.037871,1.0108867,0.02698428
15246,1.0381861,1.010972,0.02721401
15247,1.0378611,1.0106248,0.027236303
15248,1.0373756,1.0106335,0.02674213
15249,1.0372381,1.0105144,0.026723754
15250,1.0371668,1.0102956,0.02687111
15251,1.0371714,1.0102457,0.026925653
15252,1.0367925,1.0099956,0.026796859
15253,1.0366268,1.0099522,0.026674697
15254,1.0366111,1.0098779,0.02673316
15255,1.0366204,1.0096118,0.027008627
15256,1.0364636,1.0096102,0.026853547
15257,1.0362545,1.0093989,0.026855603
15258,1.0359944,1.0093306,0.026663791
15259,1.0359392,1.0092617,0.02667749
15260,1.0359187,1.0090299,0.026888788
15261,1.0357696,1.009001,0.026768554
15262,1.0355141,1.0088146,0.026699597
15263,1.0354905,1.0087135,0.026776973
15264,1.0354133,1.0087006,0.026712656
15265,1.0352031,1.0084583,0.026744802
15266,1.035061,1.008326,0.026735034
15267,1.0349352,1.0082486,0.02668671
15268,1.0349011,1.008122,0.026779186
15269,1.034935,1.0080914,0.026843596
15270,1.0348287,1.007802,0.027026733
15271,1.0345889,1.0077962,0.026792848
15272,1.03429,1.0076282,0.026661828
15273,1.034158,1.0075195,0.026638437
15274,1.0341469,1.0074528,0.026694113
15275,1.0340029,1.007257,0.026745897
15276,1.0338451,1.0071613,0.02668387
15277,1.033769,1.0070971,0.026671886
15278,1.0336248,1.0069413,0.026683394
15279,1.0334854,1.0068283,0.026657153
15280,1.0333362,1.0066717,0.026664507
15281,1.0332462,1.0065506,0.026695574
15282,1.0330883,1.0064927,0.026595676
15283,1.0329967,1.00635,0.026646644
15284,1.0328178,1.006229,0.026588757
15285,1.0327005,1.0060762,0.02662431
15286,1.0326185,1.0059445,0.026673933
15287,1.0324714,1.0059184,0.026553124
15288,1.0323411,1.0057924,0.026548823
15289,1.03222,1.005647,0.026573097
15290,1.0321786,1.0055677,0.02661102
15291,1.0320077,1.0053769,0.026630744
15292,1.0317886,1.0053016,0.026486944
15293,1.0317165,1.0052171,0.02649942
15294,1.0316406,1.0050498,0.02659077
15295,1.0315125,1.0049692,0.026543293
15296,1.0313169,1.0048387,0.026478112
15297,1.0312221,1.0047244,0.026497707
15298,1.0311596,1.0046618,0.026497792
15299,1.0310265,1.0044646,0.026561905
15300,1.0308808,1.0043741,0.026506651
15301,1.0307487,1.0042859,0.026462797
15302,1.0306493,1.0041294,0.0265199
15303,1.0305235,1.0040635,0.026459996
15304,1.0303799,1.0038817,0.02649824
15305,1.0302649,1.0037985,0.026466364
15306,1.0301783,1.0036967,0.026481634
15307,1.0300255,1.0035217,0.026503697
15308,1.0299281,1.003426,0.026502097
15309,1.0297881,1.0033118,0.026476339
15310,1.0296171,1.0031668,0.026450312
15311,1.0295713,1.0031171,0.026454259
15312,1.0293192,1.0029283,0.026390877
15313,1.0292572,1.0028251,0.026432093
15314,1.0290875,1.002692,0.02639551
15315,1.0289518,1.0025988,0.026352946
15316,1.028894,1.0025185,0.026375359
15317,1.0287671,1.0023102,0.02645694
15318,1.0286386,1.0022317,0.026406843
15319,1.0284271,1.0021044,0.026322711
15320,1.0283694,1.001994,0.026375473
15321,1.0282055,1.0018672,0.026338298
15322,1.0280439,1.0016783,0.026365498
15323,1.027957,1.0016305,0.026326355
15324,1.0278559,1.0014918,0.026363974
15325,1.0277227,1.0014204,0.026302317
15326,1.0275738,1.0012748,0.02629897
15327,1.0274934,1.0011182,0.026375145
15328,1.0274009,1.0010827,0.026318198
15329,1.0272973,1.0009036,0.026393633
15330,1.0271174,1.0008188,0.026298499
15331,1.0269786,1.0006491,0.026329586
15332,1.0268865,1.000525,0.02636137
15333,1.0267866,1.0004781,0.026308471
15334,1.0266509,1.0003116,0.026339283
15335,1.0264828,1.0001858,0.026297027
15336,1.0264827,1.00011,0.02637265
15337,1.0263734,0.99993145,0.026441896
15338,1.0263577,0.9999733,0.026384309
15339,1.0262388,0.99970883,0.026529972
15340,1.0261636,0.9997518,0.026411748
15341,1.0261464,0.9994506,0.026695777
15342,1.026019,0.99950343,0.026515555
15343,1.0259098,0.9992336,0.026676219
15344,1.0257131,0.99931026,0.026402842
15345,1.0253493,0.9990146,0.026334673
15346,1.0251895,0.9989365,0.026252985
15347,1.0251639,0.9988823,0.026281606
15348,1.0253309,0.99871576,0.026615158
15349,1.0256399,0.9987894,0.026850399
15350,1.0259917,0.9984153,0.027576346
15351,1.0267617,0.99860066,0.02816101
15352,1.0277644,0.99823004,0.029534344
15353,1.0283084,0.99858695,0.029721415
15354,1.0271475,0.9980067,0.029140856
15355,1.024646,0.9980746,0.026571453
15356,1.024281,0.99792904,0.026352003
15357,1.0256456,0.9976416,0.028004035
15358,1.0255072,0.99785084,0.027656456
15359,1.0240095,0.99737716,0.02663229
15360,1.0235713,0.9973548,0.02621648
15361,1.0239984,0.9973721,0.026626283
15362,1.0238552,0.99700236,0.026852828
15363,1.0231054,0.99697715,0.026128244
15364,1.0233653,0.996995,0.026370203
15365,1.0235542,0.9967113,0.026842887
15366,1.0229558,0.99669963,0.026256159
15367,1.0226809,0.99651086,0.02616999
15368,1.0227865,0.99634683,0.026439592
15369,1.0225213,0.9963578,0.026163388
15370,1.0223633,0.9961989,0.026164422
15371,1.022167,0.9960488,0.026118234
15372,1.0221626,0.99597985,0.026182732
15373,1.0219533,0.9957964,0.026156947
15374,1.0221452,0.9957502,0.026394919
15375,1.022379,0.9957978,0.026581254
15376,1.0225072,0.9954043,0.027102869
15377,1.0218709,0.99546355,0.026407272
15378,1.0216098,0.9952973,0.026312541
15379,1.02328,0.9950911,0.028188894
15380,1.0236367,0.9955032,0.028133556
15381,1.0216901,0.9948666,0.026823526
15382,1.0208805,0.9947648,0.026115734
15383,1.0214286,0.9948706,0.026558008
15384,1.0217516,0.9945391,0.027212542
15385,1.0208696,0.9946292,0.026240414
15386,1.020411,0.9943978,0.02601327
15387,1.0208604,0.99419487,0.026665572
15388,1.0208997,0.99434036,0.026559338
15389,1.0202695,0.9940206,0.026248902
15390,1.0199509,0.9938896,0.026061272
15391,1.0202421,0.99389017,0.026351893
15392,1.0202386,0.99362105,0.026617613
15393,1.0197597,0.9936694,0.02609033
15394,1.0194782,0.9935074,0.025970748
15395,1.0196759,0.9933022,0.0263736
15396,1.0197004,0.99334437,0.026356021
15397,1.0193523,0.99306136,0.026290964
15398,1.0190518,0.99304414,0.026007567
15399,1.0189153,0.9928899,0.02602541
15400,1.0191724,0.9927047,0.02646768
15401,1.0190904,0.99274904,0.02634133
15402,1.0186362,0.9924957,0.026140487
15403,1.01835,0.9923863,0.025963727
15404,1.0184544,0.99235827,0.026096249
15405,1.0184386,0.9921515,0.026287079
15406,1.0181919,0.99211174,0.026080202
15407,1.0179249,0.9919707,0.025954172
15408,1.017981,0.9918188,0.026162256
15409,1.0179086,0.99180835,0.026100162
15410,1.0176569,0.991599,0.02605791
15411,1.0174342,0.99151707,0.025917104
15412,1.0174099,0.9914413,0.025968682
15413,1.0174816,0.9912443,0.026237288
15414,1.0173417,0.99126667,0.026075074
15415,1.0170616,0.99103606,0.026025543
15416,1.0168511,0.990935,0.025916046
15417,1.0168039,0.9908655,0.02593841
15418,1.0167682,0.9906684,0.02609986
15419,1.0165358,0.99063313,0.025902644
15420,1.0163758,0.99049455,0.025881287
15421,1.0163125,0.9903685,0.025943989
15422,1.0163504,0.99027544,0.026074871
15423,1.0170484,0.9900688,0.026979566
15424,1.0176914,0.99028593,0.02740546
15425,1.017455,0.98987603,0.02757899
15426,1.0161052,0.9898687,0.026236434
15427,1.0155723,0.9896903,0.025882015
15428,1.0158495,0.98955995,0.026289487
15429,1.0159712,0.98964155,0.026329622
15430,1.0156277,0.98930603,0.026321763
15431,1.0151203,0.9892791,0.025841188
15432,1.0148932,0.9891202,0.025772965
15433,1.0148301,0.98895764,0.02587243
15434,1.0148966,0.9889567,0.025939941
15435,1.0147879,0.98871076,0.026077196
15436,1.0144588,0.988677,0.025781745
15437,1.0141973,0.98853564,0.025661748
15438,1.0143225,0.98840165,0.025920883
15439,1.0142964,0.9884261,0.025870252
15440,1.0139188,0.9881836,0.025735175
15441,1.0137492,0.9880933,0.025655936
15442,1.0137476,0.98803365,0.025713947
15443,1.013701,0.98781407,0.025886964
15444,1.0136813,0.9878444,0.025836846
15445,1.0133439,0.987611,0.02573297
15446,1.013143,0.9875358,0.025607195
15447,1.0131425,0.98743856,0.025703857
15448,1.0132798,0.98725647,0.026023362
15449,1.0132768,0.9872925,0.025984269
15450,1.0129572,0.9870461,0.025911082
15451,1.0126903,0.98695487,0.025735414
15452,1.013096,0.98694634,0.026149597
15453,1.0134944,0.9866979,0.026796464
15454,1.0130397,0.9868004,0.026239377
15455,1.0123317,0.98654276,0.025789019
15456,1.0124239,0.9863668,0.026057083
15457,1.0130968,0.9864851,0.026611755
15458,1.0130584,0.9861727,0.026885713
15459,1.0122274,0.9862381,0.025989303
15460,1.0117117,0.98603296,0.025678787
15461,1.0126652,0.9858432,0.026821997
15462,1.0129955,0.986015,0.026980404
15463,1.0117971,0.98562723,0.02616989
15464,1.0112027,0.98552775,0.02567494
15465,1.0115116,0.9855606,0.025950963
15466,1.0117004,0.9852911,0.026409253
15467,1.0113019,0.9852845,0.026017342
15468,1.0107739,0.9850518,0.025722131
15469,1.0108122,0.9849522,0.025859997
15470,1.0116923,0.985102,0.026590299
15471,1.0128663,0.9847291,0.028137166
15472,1.0126398,0.9849688,0.027670896
15473,1.0104607,0.984497,0.025963709
15474,1.010873,0.9843877,0.02648529
15475,1.013362,0.9848315,0.028530553
15476,1.0130522,0.9842156,0.028836638
15477,1.0104613,0.98424053,0.026220843
15478,1.0097857,0.9840956,0.025690068
15479,1.0113575,0.9838358,0.027521744
15480,1.0114204,0.9840712,0.027349189
15481,1.0098733,0.9835922,0.026281018
15482,1.0090926,0.9835472,0.025545392
15483,1.009569,0.9836233,0.025945762
15484,1.0095527,0.9832571,0.026295569
15485,1.0089656,0.983267,0.025698591
15486,1.0086368,0.98311573,0.025521118
15487,1.0090252,0.98298675,0.026038509
15488,1.0091258,0.9830214,0.02610445
15489,1.008863,0.9827036,0.026159406
15490,1.0084455,0.98275024,0.025695276
15491,1.0081236,0.98254603,0.025577605
15492,1.0079713,0.98245746,0.025513774
15493,1.0078613,0.9823298,0.02553148
15494,1.0076911,0.9822916,0.02539959
15495,1.0076383,0.9821596,0.025478732
15496,1.0075545,0.9820202,0.02553437
15497,1.0073739,0.9819311,0.02544282
15498,1.0073516,0.98183674,0.02551496
15499,1.0072584,0.98167026,0.025588164
15500,1.0071107,0.9816104,0.025500292
15501,1.0070177,0.98150015,0.025517624
15502,1.0068817,0.98130876,0.025572961
15503,1.0067743,0.9812715,0.025502864
15504,1.0065973,0.98115176,0.025445545
15505,1.006493,0.9810105,0.025482485
15506,1.0063707,0.9809351,0.025435608
15507,1.0062348,0.9807579,0.025476899
15508,1.0060779,0.9806702,0.025407612
15509,1.0059513,0.980561,0.025390198
15510,1.005907,0.98041797,0.025489068
15511,1.0057188,0.98034763,0.025371158
15512,1.0056449,0.98024863,0.025396263
15513,1.0055546,0.9800725,0.025482018
15514,1.00543,0.9800369,0.025392994
15515,1.0052991,0.9798677,0.025431428
15516,1.0050844,0.9797735,0.025310894
15517,1.0049981,0.9796781,0.025320057
15518,1.0049169,0.97956985,0.02534712
15519,1.004819,0.9794569,0.0253621
15520,1.0046704,0.9793338,0.025336513
15521,1.0046117,0.979239,0.025372729
15522,1.0045158,0.97912246,0.025393378
15523,1.0043994,0.9790367,0.0253627
15524,1.0042882,0.9789037,0.02538451
15525,1.0040777,0.9787969,0.02528078
15526,1.0040058,0.97870123,0.025304612
15527,1.0039378,0.9785413,0.025396477
15528,1.0038126,0.9784916,0.025320997
15529,1.0036479,0.9783528,0.025295103
15530,1.0035753,0.97825146,0.025323834
15531,1.0034646,0.97817624,0.025288308
15532,1.0033122,0.9780142,0.025298014
15533,1.003159,0.9779165,0.0252426
15534,1.003084,0.97781825,0.025265744
15535,1.0029953,0.97769827,0.025296945
15536,1.0028408,0.97759223,0.025248557
15537,1.0027574,0.9774892,0.025268247
15538,1.0026861,0.977365,0.02532119
15539,1.0025591,0.97731674,0.025242394
15540,1.0024309,0.97719836,0.025232563
15541,1.0023032,0.9771042,0.025199007
15542,1.0021557,0.9769817,0.025173968
15543,1.0020667,0.97693086,0.02513586
15544,1.0019585,0.9767958,0.025162708
15545,1.0019608,0.9766527,0.025308091
15546,1.0018965,0.97649616,0.025400335
15547,1.0021149,0.9765436,0.025571257
15548,1.0021386,0.9762352,0.02590341
15549,1.0021698,0.9762834,0.025886506
15550,1.00188,0.9760415,0.025838504
15551,1.0015553,0.9760477,0.02550765
15552,1.0012528,0.97582024,0.025432553
15553,1.0009946,0.97575516,0.025239399
15554,1.0009412,0.97571313,0.025227983
15555,1.0009125,0.97550714,0.025405433
15556,1.0006555,0.9754666,0.025188971
15557,1.0004106,0.97530633,0.025104169
15558,1.0003493,0.9752041,0.025145214
15559,1.0002835,0.9751605,0.025123
15560,1.0001695,0.9749494,0.025220156
15561,0.99997485,0.9748804,0.02509445
15562,0.99990207,0.97480816,0.025093924
15563,0.99987054,0.974681,0.025189549
15564,0.99966216,0.97461164,0.025050491
15565,0.99950826,0.97448915,0.02501909
15566,0.9994871,0.9743268,0.025160318
15567,0.9994219,0.97430515,0.025116768
15568,0.9992771,0.974127,0.02515012
15569,0.9990935,0.97406024,0.025033271
15570,0.9990629,0.9739646,0.025098268
15571,0.9989851,0.9738287,0.025156444
15572,0.99887234,0.9737843,0.025087971
15573,0.9987056,0.9736265,0.02507914
15574,0.9986122,0.9734909,0.025121361
15575,0.9985249,0.9734016,0.025123274
15576,0.9984178,0.97328204,0.02513572
15577,0.9983322,0.9732049,0.025127301
15578,0.9981928,0.97310954,0.02508328
15579,0.9980818,0.9729816,0.025100222
15580,0.9979947,0.9729103,0.025084425
15581,0.9979142,0.9727723,0.0251419
15582,0.9977287,0.9726606,0.02506811
15583,0.9975933,0.972584,0.025009293
15584,0.99749494,0.9724332,0.02506175
15585,0.99739516,0.97232485,0.025070274
15586,0.9973253,0.9722602,0.025065076
15587,0.9972481,0.9720999,0.025148232
15588,0.9971872,0.9721009,0.02508626
15589,0.9970026,0.9719066,0.025096048
15590,0.996844,0.9718086,0.025035333
15591,0.99679464,0.97171915,0.025075477
15592,0.9966399,0.97151643,0.025123483
15593,0.99649686,0.9714757,0.025021132
15594,0.9964081,0.9713843,0.025023853
15595,0.9963348,0.9711886,0.02514616
15596,0.9961147,0.9711324,0.02498225
15597,0.99598557,0.97101754,0.024968008
15598,0.9959358,0.9708973,0.02503853
15599,0.9957656,0.9708372,0.024928443
15600,0.9956676,0.9706662,0.025001362
15601,0.9955072,0.97058195,0.024925273
15602,0.99537355,0.9704731,0.024900476
15603,0.99532324,0.97035336,0.024969896
15604,0.9952643,0.9702973,0.024967
15605,0.99511427,0.9701456,0.024968654
15606,0.99499714,0.9700296,0.024967581
15607,0.994906,0.9699651,0.02494091
15608,0.994803,0.96984833,0.024954636
15609,0.9947215,0.96973187,0.024989583
15610,0.9946232,0.9696436,0.02497955
15611,0.9945032,0.9695015,0.025001705
15612,0.99439114,0.9694244,0.024966683
15613,0.99427825,0.9693029,0.024975339
15614,0.9941265,0.9691776,0.02494889
15615,0.99406016,0.96909016,0.024969991
15616,0.99393725,0.9689712,0.024966082
15617,0.99384093,0.9688606,0.024980318
15618,0.9937346,0.9687547,0.024979904
15619,0.9936023,0.96864563,0.024956636
15620,0.99352115,0.96853876,0.024982382
15621,0.9934427,0.96846783,0.024974851
15622,0.99334055,0.96832734,0.025013184
15623,0.99320316,0.96823776,0.024965413
15624,0.9931025,0.9681384,0.024964074
15625,0.9929484,0.9680316,0.024916831
15626,0.9928249,0.96792316,0.024901783
15627,0.99275696,0.9678141,0.024942853
15628,0.992639,0.9676849,0.024954077
15629,0.9925332,0.9675822,0.024951002
15630,0.9923614,0.96745586,0.024905602
15631,0.992284,0.9673622,0.024921771
15632,0.99215746,0.9672702,0.0248873
15633,0.9920336,0.9671103,0.024923315
15634,0.99194735,0.96703404,0.02491333
15635,0.991824,0.96691954,0.02490444
15636,0.9917312,0.9668316,0.024899645
15637,0.9915876,0.9666963,0.024891214
15638,0.99150807,0.9665962,0.024911854
15639,0.9914467,0.96653014,0.024916569
15640,0.9913451,0.9664013,0.024943817
15641,0.99121517,0.966319,0.024896163
15642,0.99112314,0.9661628,0.024960365
15643,0.99098027,0.9660697,0.02491058
15644,0.9908725,0.9659646,0.024907883
15645,0.99078023,0.9658325,0.024947722
15646,0.9906183,0.96573806,0.024880234
15647,0.9905275,0.96559566,0.02493182
15648,0.99035484,0.9654994,0.0248554
15649,0.9902531,0.96540856,0.024844551
15650,0.9901269,0.9652991,0.024827782
15651,0.99003,0.9651881,0.02484189
15652,0.9898664,0.96505004,0.024816373
15653,0.9897981,0.9650045,0.024793604
15654,0.98964745,0.9648898,0.024757618
15655,0.989587,0.9647302,0.02485681
15656,0.98955506,0.9646514,0.024903629
15657,0.9892595,0.9645565,0.024702951
15658,0.98926103,0.964478,0.024783019
15659,0.9891236,0.96437305,0.024750527
15660,0.9890664,0.9642285,0.024837924
15661,0.9888297,0.9641398,0.024689889
15662,0.9887928,0.9640921,0.024700735
15663,0.98875797,0.9639041,0.024853889
15664,0.9886369,0.963807,0.024829963
15665,0.9883739,0.963636,0.024737854
15666,0.9882492,0.9635535,0.02469569
15667,0.9884037,0.963556,0.024847686
15668,0.988353,0.9632912,0.025061827
15669,0.98799485,0.96327835,0.024716506
15670,0.9877722,0.9631161,0.024656123
15671,0.98780197,0.9629816,0.024820402
15672,0.987852,0.96301764,0.024834327
15673,0.98762614,0.96276957,0.024856582
15674,0.9873816,0.9626932,0.024688339
15675,0.98727316,0.9625931,0.02468009
15676,0.9873023,0.9624366,0.024865719
15677,0.9872702,0.9624587,0.024811491
15678,0.98709226,0.96222913,0.024863105
15679,0.9868407,0.96214265,0.024698043
15680,0.98712546,0.9620958,0.025029669
15681,0.9885735,0.961901,0.026672473
15682,0.9906713,0.96237993,0.028291339
15683,0.9914404,0.96180004,0.029640347
15684,0.9897617,0.9620244,0.02773728
15685,0.98731935,0.9615135,0.025805807
15686,0.98628557,0.9614846,0.0248009
15687,0.9861876,0.9614236,0.024764027
15688,0.9859018,0.9612312,0.024670634
15689,0.9859013,0.96108884,0.02481242
15690,0.9857546,0.9610748,0.024679724
15691,0.9857771,0.9609513,0.024825739
15692,0.98578185,0.96086866,0.024913223
15693,0.98613274,0.9606531,0.02547962
15694,0.9863022,0.9607535,0.025548708
15695,0.9860822,0.9604799,0.02560232
15696,0.9854109,0.96053237,0.024878588
15697,0.9849702,0.9603087,0.024661595
15698,0.98504066,0.96014637,0.024894308
15699,0.98559594,0.96019834,0.025397602
15700,0.9861714,0.9599632,0.026208187
15701,0.9857149,0.9601408,0.025574084
15702,0.98470664,0.959783,0.024923632
15703,0.98539895,0.9596462,0.025752693
15704,0.986541,0.95990187,0.026639128
15705,0.985949,0.959498,0.026451027
15706,0.9842994,0.959453,0.024846436
15707,0.9840675,0.9592778,0.024789697
15708,0.98490655,0.9590837,0.025822883
15709,0.98549086,0.9593403,0.026150623
15710,0.98423904,0.95885074,0.025388276
15711,0.98345804,0.95876867,0.024689367
15712,0.9836989,0.9588235,0.024875436
15713,0.9843929,0.95856345,0.025829459
15714,0.98444676,0.95867956,0.025767189
15715,0.98368084,0.9583305,0.025350368
15716,0.9828988,0.95824045,0.024658319
15717,0.9834851,0.958386,0.025099045
15718,0.9836557,0.9580368,0.02561894
15719,0.98291814,0.9580654,0.024852773
15720,0.98267454,0.9579068,0.024767762
15721,0.9827887,0.9577232,0.02506547
15722,0.9826204,0.9578362,0.024784183
15723,0.9822793,0.95764464,0.024634656
15724,0.9823186,0.9574465,0.024872089
15725,0.98226935,0.95742834,0.024841007
15726,0.9818886,0.95726025,0.024628308
15727,0.9818543,0.9571665,0.02468786
15728,0.9818297,0.9571585,0.024671158
15729,0.98156756,0.95690507,0.024662446
15730,0.98139715,0.95686066,0.024536476
15731,0.9812622,0.95672584,0.024536362
15732,0.9811798,0.956614,0.024565782
15733,0.981067,0.95658064,0.024486398
15734,0.9809346,0.9564495,0.024485111
15735,0.98085696,0.95636266,0.024494309
15736,0.98074394,0.9562611,0.024482872
15737,0.9806456,0.9561407,0.024504889
15738,0.9805299,0.95605105,0.024478832
15739,0.9803925,0.95592153,0.024470996
15740,0.9802532,0.9558126,0.024440665
15741,0.98017335,0.95572627,0.024447074
15742,0.98002934,0.9555876,0.02444174
15743,0.97993726,0.9555298,0.024407426
15744,0.9798418,0.9554235,0.024418326
15745,0.9797259,0.9552958,0.024430107
15746,0.97963613,0.9551927,0.024443477
15747,0.97957796,0.9550883,0.024489686
15748,0.97943395,0.9550431,0.024390856
15749,0.9793688,0.95490587,0.024462989
15750,0.97926205,0.9547991,0.024462907
15751,0.9791209,0.9546945,0.024426447
15752,0.9789869,0.95455766,0.02442931
15753,0.97894377,0.95450306,0.024440685
15754,0.9788769,0.95440763,0.024469282
15755,0.9791492,0.9542371,0.024912095
15756,0.9793291,0.95430124,0.025027895
15757,0.9791454,0.95403016,0.025115207
15758,0.9786601,0.9540397,0.024620373
15759,0.9782078,0.9538811,0.024326744
15760,0.9786463,0.95374006,0.02490625
15761,0.9793151,0.9538621,0.02545305
15762,0.9787911,0.9535093,0.025281817
15763,0.97787637,0.95351595,0.02436043
15764,0.97821796,0.9535075,0.024710502
15765,0.97881246,0.9532494,0.025563097
15766,0.97806543,0.9532741,0.02479136
15767,0.97745043,0.9530769,0.024373561
15768,0.9781159,0.9529168,0.025199097
15769,0.97815955,0.95305365,0.02510587
15770,0.9771951,0.95268387,0.024511257
15771,0.97756135,0.95257,0.024991332
15772,0.97807336,0.95276123,0.025312137
15773,0.9772155,0.9523993,0.024816167
15774,0.9767739,0.95229435,0.02447959
15775,0.9772887,0.9523498,0.024938988
15776,0.9771161,0.9520541,0.025062028
15777,0.97653687,0.9520457,0.02449114
15778,0.9763264,0.9519434,0.02438302
15779,0.9765832,0.9517364,0.024846794
15780,0.9764075,0.9517712,0.024636328
15781,0.97594255,0.9515577,0.02438482
15782,0.97603464,0.9514558,0.024578847
15783,0.9764788,0.95150185,0.024976937
15784,0.97666204,0.9512222,0.025439847
15785,0.9760059,0.9512962,0.024709683
15786,0.9754866,0.9510664,0.024420196
15787,0.97534823,0.95093966,0.024408564
15788,0.97528994,0.9508589,0.024431048
15789,0.9752781,0.9507209,0.024557227
15790,0.9751003,0.9507249,0.024375413
15791,0.9749463,0.9505952,0.02435109
15792,0.9748061,0.95043427,0.02437184
15793,0.97468746,0.95036477,0.024322696
15794,0.97454005,0.9502699,0.024270205
15795,0.9744182,0.950166,0.02425224
15796,0.97439516,0.95010835,0.024286812
15797,0.9742824,0.94992137,0.024361014
15798,0.9741439,0.94985175,0.024292199
15799,0.97399724,0.94976944,0.024227792
15800,0.9739453,0.94964075,0.024304563
15801,0.9742167,0.9496548,0.024561925
15802,0.97461605,0.94936526,0.025250828
15803,0.9743477,0.949492,0.024855722
15804,0.97356904,0.9491931,0.02437589
15805,0.9733696,0.9490998,0.024269825
15806,0.97377783,0.9491474,0.024630409
15807,0.9737552,0.9488917,0.024863448
15808,0.97321355,0.9489152,0.02429835
15809,0.9728835,0.94870716,0.024176357
15810,0.9730215,0.9485784,0.024443103
15811,0.9730407,0.94861484,0.024425814
15812,0.97260296,0.94839567,0.024207281
15813,0.9725397,0.94830096,0.024238765
15814,0.9726606,0.94827634,0.024384238
15815,0.972532,0.948024,0.024508027
15816,0.9721707,0.94804156,0.02412916
15817,0.9720802,0.94795185,0.024128327
15818,0.9721514,0.94777006,0.02438137
15819,0.97193426,0.94776756,0.024166724
15820,0.9717203,0.9476004,0.024119833
15821,0.9716736,0.9474482,0.024225432
15822,0.9716849,0.9474698,0.024215128
15823,0.97139776,0.9472727,0.024124999
15824,0.9713065,0.9471762,0.02413027
15825,0.97132224,0.94714063,0.024181599
15826,0.97119087,0.9469426,0.024248261
15827,0.97101414,0.9469367,0.02407738
15828,0.9708751,0.946785,0.024090078
15829,0.97081256,0.9467089,0.024103653
15830,0.97073346,0.94661963,0.024113828
15831,0.97071636,0.94649136,0.024225002
15832,0.9705754,0.9464538,0.024121627
15833,0.9703902,0.94630563,0.024084557
15834,0.9703492,0.94619197,0.024157245
15835,0.97026366,0.94613194,0.024131685
15836,0.9701247,0.9459745,0.02415016
15837,0.97002554,0.94587564,0.024149876
15838,0.9699795,0.94580835,0.024171125
15839,0.9699213,0.9456549,0.024266351
15840,0.96977216,0.9456395,0.024132688
15841,0.9696686,0.94549024,0.024178367
15842,0.96955425,0.945419,0.024135254
15843,0.96948195,0.945292,0.024189964
15844,0.96941334,0.94523853,0.024174785
15845,0.9693005,0.9450968,0.024203714
15846,0.96914345,0.9449931,0.024150357
15847,0.9690054,0.94490504,0.024100369
15848,0.9689751,0.9447902,0.024184931
15849,0.96887165,0.9447581,0.02411351
15850,0.96871233,0.9445786,0.024133708
15851,0.96856993,0.94447607,0.024093896
15852,0.96851707,0.9443975,0.024119547
15853,0.96841216,0.9442625,0.024149688
15854,0.9682428,0.9441886,0.024054235
15855,0.9681923,0.9441235,0.024068763
15856,0.9680821,0.94397175,0.024110353
15857,0.9680227,0.94387865,0.02414403
15858,0.9679906,0.9438263,0.024164256
15859,0.9682072,0.94364095,0.024566242
15860,0.9685836,0.9436792,0.0249044
15861,0.96896046,0.9434079,0.02555261
15862,0.9691844,0.9435812,0.02560317
15863,0.9689266,0.9432145,0.025712159
15864,0.9681607,0.94335186,0.024808876
15865,0.96757734,0.94300896,0.024568375
15866,0.9672671,0.9430252,0.024241935
15867,0.96696806,0.9428464,0.024121603
15868,0.9667532,0.9427596,0.023993613
15869,0.9667772,0.94268614,0.024091054
15870,0.9667429,0.9425039,0.02423895
15871,0.9665973,0.942504,0.024093347
15872,0.96643925,0.9423757,0.024063522
15873,0.96637845,0.9422469,0.024131542
15874,0.9663245,0.942168,0.024156516
15875,0.96622205,0.94200367,0.024218364
15876,0.96610314,0.9419806,0.024122536
15877,0.965909,0.9418179,0.024091143
15878,0.96571934,0.9416879,0.024031486
15879,0.96573806,0.94164246,0.024095578
15880,0.9655338,0.9414749,0.024058867
15881,0.9653699,0.9414392,0.023930693
15882,0.9652977,0.94136506,0.023932595
15883,0.9651923,0.9411914,0.024000952
15884,0.9650614,0.94113964,0.023921788
15885,0.9649976,0.94104666,0.023950959
15886,0.9648386,0.9409471,0.023891488
15887,0.9648493,0.9408382,0.024011046
15888,0.964898,0.94068235,0.024215609
15889,0.96490717,0.9406628,0.024244387
15890,0.96464443,0.9404846,0.02415981
15891,0.9644614,0.9404821,0.023979312
15892,0.9642633,0.9403418,0.023921493
15893,0.9643058,0.94015026,0.024155568
15894,0.9641325,0.94015753,0.02397495
15895,0.96395063,0.9400025,0.023948105
15896,0.9637956,0.9399178,0.023877788
15897,0.96380126,0.9398378,0.023963451
15898,0.96384853,0.9396559,0.02419262
15899,0.96385527,0.93970853,0.024146715
15900,0.96364963,0.9395027,0.024146875
15901,0.9633445,0.9394599,0.023884628
15902,0.96313924,0.9392957,0.023843527
15903,0.96305573,0.93917483,0.023880932
15904,0.9631477,0.9391835,0.023964211
15905,0.96316475,0.9389518,0.02421293
15906,0.9629872,0.93897206,0.024015117
15907,0.96276295,0.93877006,0.023992918
15908,0.9625012,0.9387047,0.023796499
15909,0.96249753,0.9386657,0.023831857
15910,0.9626095,0.93852973,0.024079777
15911,0.9627581,0.9385373,0.024220858
15912,0.96309453,0.93827873,0.024815815
15913,0.96328133,0.9384224,0.024858985
15914,0.96323735,0.9381132,0.025124148
15915,0.9626693,0.9382046,0.024464684
15916,0.9618962,0.93792486,0.023971358
15917,0.96172076,0.93781704,0.023903746
15918,0.96203285,0.9379118,0.024121061
15919,0.9619296,0.9376322,0.024297446
15920,0.9614818,0.9376199,0.023861876
15921,0.96135616,0.9375145,0.023841698
15922,0.9617819,0.93734926,0.024432663
15923,0.9621619,0.9374971,0.0246648
15924,0.9619864,0.93711543,0.024870995
15925,0.9613746,0.9371711,0.024203468
15926,0.9609154,0.936967,0.023948371
15927,0.96067625,0.93691397,0.023762297
15928,0.9607266,0.9368694,0.023857256
15929,0.9609475,0.93665,0.024297547
15930,0.9611939,0.93674284,0.024451032
15931,0.9612851,0.93645114,0.024834018
15932,0.9612131,0.9366129,0.02460017
15933,0.9613216,0.9362857,0.025035938
15934,0.9619608,0.9364796,0.025481198
15935,0.96369016,0.9361086,0.027581552
15936,0.9650505,0.93659127,0.028459292
15937,0.9646849,0.9359966,0.028688362
15938,0.96269035,0.93619365,0.026496675
15939,0.96084785,0.935707,0.02514089
15940,0.9596373,0.93576795,0.02386935
15941,0.95936984,0.9355846,0.023785248
15942,0.9599414,0.9354086,0.024532795
15943,0.96077424,0.93564594,0.025128264
15944,0.9608209,0.93518114,0.025639743
15945,0.9599231,0.93534917,0.024573956
15946,0.9589087,0.9350176,0.023891091
15947,0.9588874,0.934944,0.023943368
15948,0.9592745,0.9350665,0.02420791
15949,0.95894367,0.9347236,0.02422004
15950,0.9584037,0.93469745,0.023706282
15951,0.95855117,0.9346526,0.023898564
15952,0.95872635,0.9344379,0.024288459
15953,0.9583314,0.9345143,0.02381714
15954,0.9579677,0.9343135,0.023654222
15955,0.9581349,0.9341532,0.023981731
15956,0.95804125,0.9341969,0.023844346
15957,0.9576757,0.9340161,0.023659587
15958,0.95771873,0.9338959,0.023822859
15959,0.95772487,0.9339073,0.023817606
15960,0.95743865,0.9337272,0.023711447
15961,0.95751053,0.93363804,0.023872506
15962,0.95739836,0.9336367,0.023761654
15963,0.9571167,0.9334655,0.023651278
15964,0.9572493,0.93336475,0.023884514
15965,0.9572158,0.9333457,0.023870114
15966,0.9569146,0.9331576,0.02375701
15967,0.95679754,0.9330578,0.023739753
15968,0.9567807,0.9330494,0.023731312
15969,0.95665056,0.9328955,0.023755046
15970,0.95652443,0.9327765,0.023747971
15971,0.95653695,0.9327557,0.023781225
15972,0.95639783,0.9325852,0.02381266
15973,0.95632637,0.9325549,0.023771485
15974,0.9561924,0.93241525,0.023777131
15975,0.95604014,0.9323305,0.02370967
15976,0.95611954,0.93230844,0.023811117
15977,0.9561508,0.9321095,0.02404134
15978,0.95613205,0.93216616,0.023965891
15979,0.95580757,0.9319457,0.023861868
15980,0.9555114,0.9318551,0.02365626
15981,0.9555638,0.9318266,0.023737237
15982,0.9555122,0.93162197,0.023890221
15983,0.95521164,0.93156683,0.023644816
15984,0.9550656,0.93147814,0.023587478
15985,0.95520157,0.93131834,0.023883209
15986,0.95524913,0.9313663,0.02388284
15987,0.9549542,0.93108875,0.023865446
15988,0.9546715,0.93105525,0.023616228
15989,0.9548306,0.9310564,0.02377424
15990,0.9552798,0.9307988,0.024481019
15991,0.9552654,0.930939,0.024326384
15992,0.95454353,0.93064433,0.023899185
15993,0.9542352,0.9305875,0.023647737
15994,0.9545063,0.93061155,0.02389473
15995,0.9543708,0.9303275,0.024043353
15996,0.9538433,0.9303055,0.023537818
15997,0.9540025,0.93024784,0.023754656
15998,0.9541565,0.9300495,0.02410703
15999,0.9536816,0.930039,0.02364261
16000,0.9536113,0.9299656,0.02364571
16001,0.9537587,0.92976755,0.02399113
16002,0.95341504,0.9297744,0.02364061
16003,0.9531632,0.92963326,0.023529975
16004,0.9532783,0.92948633,0.023791965
16005,0.95308846,0.9294898,0.023598712
16006,0.9528703,0.92934716,0.023523154
16007,0.9529093,0.9292224,0.023686886
16008,0.95277816,0.9292015,0.023576623
16009,0.95256066,0.92902803,0.023532627
16010,0.9524506,0.92894024,0.023510333
16011,0.95241576,0.9288939,0.023521788
16012,0.9523166,0.9287498,0.023566823
16013,0.9521511,0.9286602,0.02349092
16014,0.95208913,0.9285911,0.02349804
16015,0.95206684,0.92844325,0.023623586
16016,0.9519594,0.92838216,0.023577238
16017,0.95183957,0.92825484,0.023584705
16018,0.951672,0.928207,0.023465
16019,0.9515832,0.9281272,0.023455953
16020,0.9515771,0.9279864,0.023590788
16021,0.9513973,0.92789716,0.023500165
16022,0.9513261,0.9278158,0.023510259
16023,0.95128155,0.92767674,0.023604823
16024,0.95117956,0.9276549,0.023524648
16025,0.9509893,0.92751044,0.023478877
16026,0.9508822,0.927416,0.023466151
16027,0.9508012,0.927346,0.023455177
16028,0.9507217,0.9272014,0.02352031
16029,0.9505665,0.92713875,0.02342771
16030,0.950434,0.9270243,0.023409748
16031,0.9504081,0.92690146,0.023506653
16032,0.9502992,0.9268629,0.023436317
16033,0.9500573,0.9267053,0.023352018
16034,0.9500175,0.92663187,0.02338564
16035,0.9499442,0.926558,0.023386125
16036,0.9499856,0.92639697,0.023588652
16037,0.9500557,0.9264484,0.023607288
16038,0.9498807,0.9262302,0.023650484
16039,0.9496385,0.9262433,0.023395201
16040,0.94950086,0.9261102,0.02339064
16041,0.94958824,0.9259426,0.023645636
16042,0.94975835,0.92604244,0.023715917
16043,0.94962233,0.92576444,0.023857888
16044,0.9492478,0.92577755,0.023470256
16045,0.9490376,0.92560685,0.023430783
16046,0.9490301,0.9254974,0.023532683
16047,0.94895,0.9255033,0.023446685
16048,0.94893885,0.92535424,0.023584593
16049,0.94879144,0.9253105,0.023480948
16050,0.9486251,0.9251097,0.023515405
16051,0.94850165,0.9250864,0.023415256
16052,0.94836366,0.92493963,0.023424031
16053,0.9482903,0.92485136,0.023438899
16054,0.9482503,0.92479914,0.02345115
16055,0.9481287,0.9246533,0.023475414
16056,0.9479722,0.9246034,0.023368776
16057,0.9478611,0.92447054,0.023390483
16058,0.9477693,0.9243822,0.023387076
16059,0.9476123,0.9242813,0.02333099
16060,0.9475373,0.92418605,0.023351252
16061,0.94746965,0.92408246,0.023387209
16062,0.9473503,0.924006,0.023344355
16063,0.9472487,0.9238847,0.023364017
16064,0.94714844,0.9238047,0.023343746
16065,0.9470966,0.9236856,0.023411019
16066,0.947002,0.92363536,0.0233666
16067,0.946893,0.9234972,0.023395808
16068,0.9467691,0.9234256,0.023343494
16069,0.9466668,0.9233198,0.023346964
16070,0.946585,0.9231783,0.023406688
16071,0.94642323,0.9231126,0.023310674
16072,0.9462699,0.9229748,0.02329508
16073,0.9462201,0.92286044,0.023359623
16074,0.94612247,0.922831,0.023291463
16075,0.9460391,0.92267674,0.023362333
16076,0.94586086,0.9226038,0.02325706
16077,0.94577235,0.92253655,0.023235824
16078,0.945734,0.9223994,0.023334613
16079,0.94563574,0.9223674,0.023268338
16080,0.9455167,0.9222436,0.023273114
16081,0.94541496,0.92211145,0.023303512
16082,0.94533145,0.92201513,0.02331634
16083,0.9453619,0.9219316,0.023430314
16084,0.94572437,0.92192715,0.023797218
16085,0.9462337,0.9217029,0.024530813
16086,0.94622964,0.92183954,0.024390096
16087,0.94543743,0.92152953,0.023907915
16088,0.9447672,0.9214962,0.023270976
16089,0.94502395,0.92147857,0.023545397
16090,0.9453088,0.9212621,0.024046736
16091,0.9448839,0.9213098,0.023574086
16092,0.94437873,0.9210972,0.02328148
16093,0.9443155,0.92100674,0.023308758
16094,0.944538,0.9210319,0.023506094
16095,0.94469607,0.92077655,0.023919545
16096,0.9443241,0.9208196,0.023504497
16097,0.94393593,0.92062396,0.023311937
16098,0.9438817,0.92050564,0.023376022
16099,0.94400465,0.92053914,0.023465503
16100,0.9438735,0.92029554,0.023577958
16101,0.94353426,0.92027813,0.023256144
16102,0.9434379,0.92016035,0.023277545
16103,0.94341856,0.920035,0.023383508
16104,0.943331,0.9199964,0.023334593
16105,0.94315684,0.91987044,0.023286408
16106,0.94313955,0.919774,0.02336556
16107,0.94304156,0.9197462,0.023295358
16108,0.9428615,0.9195743,0.023287142
16109,0.94271255,0.91948277,0.023229774
16110,0.9427156,0.9194328,0.023282748
16111,0.9426864,0.9192601,0.023426315
16112,0.94253886,0.91927254,0.023266338
16113,0.94229376,0.9191403,0.023153495
16114,0.94231755,0.919005,0.023312602
16115,0.9422695,0.91898805,0.023281466
16116,0.94218016,0.9188287,0.023351412
16117,0.9419578,0.918782,0.02317575
16118,0.9418174,0.91865784,0.02315959
16119,0.9418484,0.9185233,0.023325067
16120,0.9418386,0.91857094,0.023267696
16121,0.94182175,0.9183548,0.023466963
16122,0.9415831,0.9183573,0.023225795
16123,0.94135964,0.9181702,0.023189459
16124,0.941191,0.91811085,0.023080166
16125,0.94132346,0.9180978,0.023225686
16126,0.9415411,0.9178321,0.023709038
16127,0.941917,0.91800135,0.023915667
16128,0.9419281,0.91768897,0.024239134
16129,0.94134396,0.9177974,0.023546543
16130,0.94075155,0.9175534,0.023198105
16131,0.94063234,0.9174702,0.0231621
16132,0.9406361,0.9174381,0.023197984
16133,0.9405245,0.9172426,0.023281932
16134,0.94035894,0.91719586,0.023163093
16135,0.940367,0.91708493,0.023282036
16136,0.9404055,0.91691726,0.023488257
16137,0.94010603,0.9168972,0.023208829
16138,0.9398509,0.9167414,0.023109566
16139,0.9402014,0.9165977,0.023603637
16140,0.9407589,0.9167509,0.024007937
16141,0.94077396,0.91641533,0.02435861
16142,0.940015,0.91650516,0.023509862
16143,0.9394537,0.91626215,0.023191575
16144,0.9394111,0.9161927,0.023218399
16145,0.9394537,0.916219,0.023234773
16146,0.9392613,0.91597396,0.023287317
16147,0.9390256,0.91590804,0.023117524
16148,0.9389503,0.9158392,0.023111124
16149,0.93898314,0.91567516,0.023307998
16150,0.93879765,0.91564226,0.02315538
16151,0.93865573,0.9155143,0.023141444
16152,0.9385618,0.91540605,0.023155753
16153,0.9385127,0.91539985,0.023112843
16154,0.9384209,0.91524196,0.023178933
16155,0.9383316,0.9151927,0.023138886
16156,0.93820673,0.9150667,0.023139987
16157,0.9380707,0.9150093,0.023061404
16158,0.93800455,0.9149192,0.023085352
16159,0.938013,0.9147785,0.023234587
16160,0.9379951,0.91480976,0.023185316
16161,0.9377678,0.91461074,0.023157034
16162,0.93760556,0.9145464,0.023059227
16163,0.9375182,0.91443014,0.023088042
16164,0.93742436,0.9143591,0.023065323
16165,0.93733484,0.9142919,0.023042958
16166,0.9372078,0.91416204,0.02304579
16167,0.9370872,0.9140502,0.023036985
16168,0.9370321,0.91395706,0.023075003
16169,0.93688685,0.9138734,0.023013458
16170,0.93683296,0.9137815,0.02305143
16171,0.9367084,0.91369474,0.023013659
16172,0.9366055,0.913589,0.023016505
16173,0.93653476,0.9134879,0.023046862
16174,0.936426,0.91339225,0.023033772
16175,0.9363352,0.9133129,0.023022246
16176,0.93620723,0.91318154,0.023025695
16177,0.93612915,0.9130886,0.023040554
16178,0.93597484,0.91295606,0.023018789
16179,0.93588734,0.9128712,0.02301612
16180,0.9358411,0.91280204,0.023038993
16181,0.9356908,0.91264296,0.023047846
16182,0.93560064,0.912589,0.023011623
16183,0.9356018,0.9125769,0.02302487
16184,0.9355926,0.9123858,0.023206767
16185,0.93541276,0.9123602,0.023052542
16186,0.9352892,0.91226345,0.023025734
16187,0.9352939,0.91211194,0.023181936
16188,0.9351306,0.9121142,0.023016434
16189,0.9349571,0.9119675,0.022989552
16190,0.93483496,0.911856,0.022978913
16191,0.9347888,0.9118142,0.02297457
16192,0.9346702,0.91164994,0.023020256
16193,0.9345171,0.91161186,0.022905195
16194,0.9344159,0.911509,0.02290688
16195,0.93435097,0.9113724,0.022978565
16196,0.9344351,0.9113384,0.023096731
16197,0.93472075,0.91114855,0.023572233
16198,0.9352083,0.91129065,0.02391764
16199,0.93519765,0.9109643,0.024233332
16200,0.93471193,0.9110497,0.023662183
16201,0.93394744,0.91077954,0.023167912
16202,0.93363386,0.91072565,0.022908226
16203,0.93406487,0.91069245,0.02337243
16204,0.9349698,0.91047925,0.02449053
16205,0.9352517,0.9107417,0.02451003
16206,0.9343391,0.9103078,0.024031296
16207,0.93337363,0.9103147,0.023058938
16208,0.93320847,0.91020596,0.023002466
16209,0.9338956,0.91004854,0.023847077
16210,0.9340043,0.9101782,0.023826135
16211,0.9332557,0.90980715,0.023448529
16212,0.9327844,0.9098144,0.022969997
16213,0.9331448,0.9098797,0.023265135
16214,0.93351626,0.9095707,0.023945585
16215,0.9326349,0.90958446,0.02305046
16216,0.93266845,0.9094857,0.02318277
16217,0.9332514,0.9093054,0.023945978
16218,0.9332519,0.9095513,0.02370059
16219,0.93235195,0.9091167,0.023235258
16220,0.9321196,0.90903413,0.023085427
16221,0.932524,0.90910304,0.023420986
16222,0.93265224,0.90888125,0.023771008
16223,0.9318815,0.9088983,0.022983178
16224,0.93164724,0.9087177,0.022929603
16225,0.93204266,0.90854114,0.023501491
16226,0.93199766,0.9086436,0.023354018
16227,0.93149763,0.908386,0.023111667
16228,0.93127704,0.90827924,0.0229978
16229,0.9316756,0.90831274,0.023362914
16230,0.9314869,0.90809083,0.023396097
16231,0.9310434,0.9080926,0.022950815
16232,0.9309074,0.9079942,0.022913247
16233,0.93100226,0.9078156,0.023186706
16234,0.93078315,0.90779996,0.022983223
16235,0.93042344,0.90764457,0.022778861
16236,0.9305924,0.9075558,0.023036601
16237,0.9306876,0.9075885,0.02309909
16238,0.93042743,0.90733415,0.023093326
16239,0.9300971,0.90728104,0.022816032
16240,0.9301371,0.9072719,0.022865143
16241,0.93003213,0.90704566,0.022986457
16242,0.9298223,0.9070035,0.022818793
16243,0.92986375,0.90695137,0.022912364
16244,0.9299962,0.9067711,0.023225099
16245,0.9299713,0.9068506,0.023120722
16246,0.9296955,0.9066344,0.023061134
16247,0.9294096,0.9065895,0.022820078
16248,0.9293682,0.9065073,0.022860881
16249,0.92934173,0.9063168,0.023024902
16250,0.92917377,0.90634817,0.022825623
16251,0.9289824,0.9061729,0.022809502
16252,0.928902,0.90605617,0.022845834
16253,0.92883044,0.90603423,0.022796214
16254,0.92869234,0.9059268,0.022765495
16255,0.9286712,0.9058001,0.022871085
16256,0.92860836,0.9057679,0.022840476
16257,0.9285111,0.9056257,0.022885373
16258,0.92832196,0.905515,0.022806969
16259,0.9282671,0.9054692,0.022797937
16260,0.9282107,0.90531796,0.02289269
16261,0.9279935,0.90522695,0.022766558
16262,0.92790204,0.90514076,0.02276133
16263,0.92783445,0.90503263,0.022801805
16264,0.92768997,0.90495914,0.022730779
16265,0.92758596,0.90484667,0.022739245
16266,0.9274981,0.90474904,0.0227491
16267,0.9274006,0.90466523,0.022735348
16268,0.92732346,0.90457565,0.022747837
16269,0.9272536,0.90449595,0.022757646
16270,0.92716503,0.9043906,0.022774426
16271,0.9270936,0.90430945,0.022784196
16272,0.9269886,0.90424,0.0227486
16273,0.92691123,0.9041448,0.022766378
16274,0.92683643,0.9040445,0.02279192
16275,0.92674863,0.90397066,0.022778014
16276,0.9266629,0.9038363,0.022826632
16277,0.92650557,0.9037836,0.022721972
16278,0.92640793,0.90369177,0.022716157
16279,0.92630804,0.9035524,0.02275562
16280,0.9261789,0.9034611,0.02271777
16281,0.92609346,0.90338767,0.022705816
16282,0.92603326,0.9033022,0.022731034
16283,0.9259354,0.90325516,0.022680271
16284,0.9258301,0.9031207,0.022709431
16285,0.9257409,0.9030513,0.022689622
16286,0.9256076,0.90291864,0.022688987
16287,0.9255134,0.90284574,0.022667672
16288,0.9254966,0.9027766,0.022719989
16289,0.92548597,0.90261203,0.022873944
16290,0.92536724,0.9025712,0.022796
16291,0.92516565,0.90243524,0.022730421
16292,0.92506444,0.9023772,0.02268722
16293,0.92500025,0.9022997,0.022700537
16294,0.9248567,0.9021361,0.022720689
16295,0.924703,0.90207845,0.022624496
16296,0.9245653,0.9019766,0.022588719
16297,0.9245565,0.90185165,0.02270481
16298,0.92448324,0.90183055,0.022652697
16299,0.92434853,0.90167475,0.022673775
16300,0.92418617,0.90160835,0.022577848
16301,0.9241018,0.9015495,0.02255231
16302,0.92421293,0.90139526,0.022817615
16303,0.9241873,0.9014332,0.022754107
16304,0.92391455,0.9012173,0.022697221
16305,0.9237869,0.9011528,0.022634095
16306,0.9237893,0.9011201,0.022669172
16307,0.92372453,0.90091395,0.022810582
16308,0.92353004,0.90086895,0.0226611
16309,0.9233991,0.90076655,0.022632577
16310,0.9233849,0.9006123,0.022772599
16311,0.9232705,0.9005919,0.02267865
16312,0.92312634,0.9004775,0.022648802
16313,0.92305326,0.90036744,0.022685846
16314,0.9230169,0.9003238,0.022693073
16315,0.9230411,0.90017754,0.022863584
16316,0.92302614,0.90020275,0.022823354
16317,0.9229695,0.89997816,0.022991395
16318,0.92275673,0.89998966,0.022767108
16319,0.92255336,0.89984,0.022713374
16320,0.92248404,0.89973456,0.02274945
16321,0.92243165,0.89968807,0.022743624
16322,0.9223731,0.8995238,0.02284936
16323,0.9222206,0.89951056,0.022710029
16324,0.922051,0.8993611,0.022689968
16325,0.9218804,0.89926976,0.022610683
16326,0.921814,0.8992036,0.022610443
16327,0.92178345,0.899078,0.022705406
16328,0.9218115,0.89906126,0.02275025
16329,0.9220516,0.8989227,0.023128906
16330,0.92204124,0.89895105,0.023090178
16331,0.92190003,0.8987142,0.02318587
16332,0.9216062,0.89871025,0.022895914
16333,0.92125994,0.8985222,0.022737745
16334,0.9210225,0.8984578,0.022564635
16335,0.9209282,0.89836544,0.02256275
16336,0.9208535,0.8982149,0.02263858
16337,0.92075133,0.8981858,0.022565544
16338,0.9206148,0.89806616,0.022548601
16339,0.9205584,0.8979739,0.022584474
16340,0.9205055,0.89793175,0.022573758
16341,0.9204364,0.8978081,0.022628317
16342,0.92028904,0.8977294,0.022559607
16343,0.9201571,0.8976194,0.022537604
16344,0.9200958,0.8975326,0.02256321
16345,0.9199916,0.8974602,0.02253136
16346,0.9198629,0.89735293,0.022509988
16347,0.91975856,0.89726096,0.022497624
16348,0.9196751,0.8971992,0.022475874
16349,0.9195588,0.89709294,0.022465918
16350,0.91946816,0.8969815,0.022486646
16351,0.9193763,0.8968957,0.022480618
16352,0.91926783,0.8968121,0.022455752
16353,0.9191491,0.89672226,0.022426844
16354,0.91907734,0.896623,0.02245434
16355,0.91904944,0.89652073,0.022528712
16356,0.919113,0.89650005,0.02261289
16357,0.9193823,0.8963062,0.023076076
16358,0.9200734,0.89642495,0.023648422
16359,0.9214926,0.89615387,0.025338698
16360,0.92363095,0.8964804,0.027150575
16361,0.92627496,0.89609975,0.030175205
16362,0.9267788,0.8965972,0.030181622
16363,0.92420024,0.8958726,0.028327653
16364,0.92054886,0.8959299,0.024618946
16365,0.9183555,0.89561737,0.022738196
16366,0.9182391,0.89552516,0.022713969
16367,0.9207451,0.89566934,0.02507574
16368,0.92346126,0.89538676,0.028074494
16369,0.92292994,0.895764,0.027165944
16370,0.92040944,0.89519155,0.025217872
16371,0.9184259,0.8951814,0.02324447
16372,0.9178315,0.89497656,0.022854958
16373,0.91789067,0.89503205,0.022858609
16374,0.91835153,0.89478505,0.023566496
16375,0.9198326,0.8949974,0.024835143
16376,0.9208561,0.8946571,0.026199063
16377,0.920229,0.8949384,0.025290564
16378,0.918427,0.8944377,0.023989335
16379,0.9170438,0.8944245,0.02261931
16380,0.91683024,0.8943244,0.02250579
16381,0.91715217,0.89419746,0.022954654
16382,0.9173011,0.89430237,0.022998696
16383,0.91684437,0.8940303,0.022814091
16384,0.91629845,0.8939564,0.022342028
16385,0.9164728,0.893938,0.022534793
16386,0.9166614,0.89374024,0.022921104
16387,0.9162409,0.89378804,0.022452872
16388,0.9159327,0.8935986,0.02233411
16389,0.91606843,0.893469,0.022599505
16390,0.9159436,0.8934902,0.022453435
16391,0.91568345,0.8933581,0.022325378
16392,0.9158163,0.8932113,0.022605002
16393,0.91579586,0.89321154,0.02258431
16394,0.91558474,0.8930413,0.022543442
16395,0.91535175,0.8929732,0.022378575
16396,0.91544455,0.8929526,0.022491897
16397,0.91547424,0.8927424,0.022731854
16398,0.9153089,0.89276993,0.022538932
16399,0.9150366,0.89264655,0.022390042
16400,0.91497993,0.8925418,0.022438098
16401,0.91488904,0.8924968,0.022392178
16402,0.91484123,0.8924022,0.02243906
16403,0.9147147,0.89226264,0.022452071
16404,0.9145649,0.8922044,0.02236046
16405,0.9144771,0.8921285,0.022348631
16406,0.9143769,0.8920068,0.02237015
16407,0.9143321,0.89193034,0.02240175
16408,0.91420704,0.89183694,0.022370143
16409,0.9141193,0.89176387,0.02235547
16410,0.9140212,0.8916759,0.022345284
16411,0.913963,0.8916015,0.02236153
16412,0.9138355,0.8914934,0.02234211
16413,0.91380394,0.8914475,0.022356447
16414,0.9137391,0.8913732,0.022365868
16415,0.9137313,0.8912141,0.022517221
16416,0.9135768,0.89120096,0.022375833
16417,0.91346437,0.8910736,0.022390787
16418,0.9134047,0.89095,0.022454666
16419,0.913325,0.8909551,0.022369916
16420,0.913191,0.8907843,0.022406671
16421,0.9130326,0.89069617,0.022336442
16422,0.9129883,0.8906182,0.02237007
16423,0.9128895,0.89049846,0.02239104
16424,0.91277266,0.8904493,0.02232338
16425,0.9126829,0.89038926,0.022293637
16426,0.9126058,0.89028347,0.022322409
16427,0.9126062,0.89019173,0.022414466
16428,0.9125899,0.8902043,0.022385621
16429,0.9125027,0.89003,0.022472674
16430,0.91244173,0.8899925,0.022449277
16431,0.91241354,0.8898324,0.022581164
16432,0.91239303,0.88981104,0.022581978
16433,0.9124113,0.8896473,0.022763992
16434,0.91237605,0.8896387,0.022737328
16435,0.91228294,0.88947237,0.022810541
16436,0.9119678,0.88948655,0.02248122
16437,0.91167843,0.88934225,0.022336207
16438,0.91192216,0.8892208,0.022701392
16439,0.9125102,0.88930076,0.0232095
16440,0.91255206,0.8890154,0.023536708
16441,0.9118342,0.8890702,0.022764007
16442,0.9112158,0.88887185,0.022343913
16443,0.9114802,0.8887708,0.02270938
16444,0.91154504,0.8888328,0.02271225
16445,0.91113555,0.88858587,0.022549728
16446,0.9109894,0.88851625,0.022473155
16447,0.91119325,0.8885373,0.022655945
16448,0.91093785,0.88831234,0.022625525
16449,0.9106389,0.8882671,0.022371797
16450,0.9107219,0.888229,0.022492848
16451,0.9106815,0.8880296,0.02265188
16452,0.91036475,0.8880074,0.022357324
16453,0.91030174,0.8879494,0.022352368
16454,0.91037667,0.8877761,0.022600569
16455,0.9101988,0.88775927,0.02243957
16456,0.9099781,0.887659,0.022319047
16457,0.9101243,0.8875433,0.022580981
16458,0.9100027,0.8875361,0.022466622
16459,0.9097379,0.88734823,0.022389647
16460,0.90961,0.8872752,0.022334736
16461,0.9096026,0.8872426,0.02236
16462,0.9095088,0.88705415,0.022454688
16463,0.90939385,0.8870184,0.022375407
16464,0.9092937,0.886933,0.022360666
16465,0.9092857,0.88679945,0.022486268
16466,0.9091871,0.8867931,0.022394013
16467,0.9090689,0.8866303,0.02243862
16468,0.90890527,0.8865646,0.02234068
16469,0.9088604,0.8865115,0.022348903
16470,0.90878856,0.88638353,0.022405017
16471,0.9086899,0.88633156,0.022358349
16472,0.90851825,0.8862078,0.022310467
16473,0.90842134,0.8861263,0.022295084
16474,0.9083755,0.88606584,0.022309616
16475,0.9082982,0.8859489,0.022349276
16476,0.90820056,0.8858776,0.022322917
16477,0.90809727,0.885792,0.022305254
16478,0.90805274,0.88567156,0.022381205
16479,0.9079458,0.8856155,0.022330236
16480,0.9078516,0.88551354,0.022338029
16481,0.9077623,0.88542753,0.022334721
16482,0.9076545,0.8853574,0.022297163
16483,0.9075421,0.8852295,0.022312563
16484,0.90745014,0.88515645,0.022293692
16485,0.90735054,0.8850672,0.022283303
16486,0.90728027,0.8849856,0.022294637
16487,0.90720433,0.8849068,0.02229746
16488,0.9070873,0.8848173,0.022270024
16489,0.9069916,0.88473904,0.022252545
16490,0.9069091,0.8846625,0.022246603
16491,0.9067979,0.8845498,0.0222481
16492,0.90672356,0.8844679,0.022255655
16493,0.9066735,0.8844345,0.022238983
16494,0.90673655,0.8842993,0.02243726
16495,0.9067309,0.8843514,0.02237952
16496,0.9064977,0.88409996,0.022397801
16497,0.90628177,0.88408333,0.022198465
16498,0.9062181,0.8840417,0.022176372
16499,0.9062244,0.8838714,0.022353044
16500,0.90599626,0.88379455,0.022201752
16501,0.90589905,0.8837351,0.022163974
16502,0.9060118,0.88359404,0.022417774
16503,0.90577585,0.8835857,0.022190139
16504,0.9055326,0.8834271,0.022105504
16505,0.9056109,0.8833141,0.022296824
16506,0.9055726,0.88330936,0.02226319
16507,0.9052874,0.8831801,0.022107288
16508,0.9052431,0.883079,0.022164103
16509,0.9052023,0.88305545,0.022146866
16510,0.9049046,0.8828781,0.022026429
16511,0.904858,0.8827835,0.022074556
16512,0.90509075,0.88283527,0.022255445
16513,0.9050152,0.88260025,0.02241497
16514,0.9048026,0.8826058,0.022196844
16515,0.90450096,0.8824498,0.022051185
16516,0.90444803,0.8823606,0.02208744
16517,0.90456355,0.8823992,0.022164341
16518,0.90447694,0.8821643,0.022312637
16519,0.9042396,0.8821718,0.02206776
16520,0.9041284,0.8820691,0.022059266
16521,0.9041644,0.88192743,0.022236932
16522,0.9040328,0.8819441,0.0220887
16523,0.9038345,0.881778,0.022056531
16524,0.9038364,0.88168186,0.022154566
16525,0.9037987,0.8816885,0.022110254
16526,0.9036284,0.8815023,0.02212612
16527,0.9034883,0.8814338,0.022054514
16528,0.9034582,0.88138723,0.022070963
16529,0.903397,0.88124144,0.022155603
16530,0.9032286,0.8812099,0.022018682
16531,0.90320456,0.88114053,0.022064066
16532,0.90322125,0.8810002,0.022221046
16533,0.90312856,0.8809895,0.022139069
16534,0.9029474,0.88083726,0.022110133
16535,0.90284014,0.88076144,0.022078652
16536,0.9028143,0.8807051,0.022109216
16537,0.9027701,0.88057065,0.022199478
16538,0.9026141,0.88049936,0.022114728
16539,0.9024767,0.88040805,0.022068683
16540,0.90241224,0.8802805,0.022131726
16541,0.9023338,0.8802438,0.022090003
16542,0.902217,0.8801061,0.022110868
16543,0.90208405,0.88003576,0.022048317
16544,0.9020504,0.8799636,0.022086766
16545,0.9020317,0.87982917,0.022202581
16546,0.9019541,0.8798157,0.02213843
16547,0.90179783,0.879665,0.022132799
16548,0.9016791,0.8795742,0.02210487
16549,0.9017085,0.879537,0.02217153
16550,0.9015739,0.87942815,0.022145733
16551,0.9015033,0.87931335,0.02218997
16552,0.901509,0.87928206,0.022226935
16553,0.90134656,0.87912995,0.022216612
16554,0.9012146,0.8790992,0.022115381
16555,0.9011369,0.8790125,0.022124343
16556,0.9010555,0.8788574,0.022198103
16557,0.90098625,0.8788317,0.022154585
16558,0.9007905,0.87869453,0.02209596
16559,0.9007179,0.8786203,0.022097593
16560,0.90070796,0.87855256,0.022155417
16561,0.9005839,0.87841225,0.022171706
16562,0.9004632,0.87832844,0.02213477
16563,0.90037084,0.87826324,0.022107625
16564,0.9003134,0.878161,0.02215237
16565,0.90018487,0.87810665,0.022078244
16566,0.90006775,0.8779733,0.022094462
16567,0.89997935,0.8779049,0.022074455
16568,0.89987653,0.87782747,0.022049071
16569,0.8997944,0.87774765,0.022046741
16570,0.89972186,0.87759846,0.022123432
16571,0.8996563,0.8775438,0.022112474
16572,0.8995451,0.87749225,0.02205282
16573,0.8994032,0.8773664,0.022036768
16574,0.8993821,0.87727654,0.022105604
16575,0.89931095,0.8771886,0.02212233
16576,0.89930373,0.87720007,0.022103667
16577,0.8991082,0.87702477,0.022083383
16578,0.89898634,0.87694734,0.022038985
16579,0.89890796,0.8768865,0.022021493
16580,0.8988956,0.87679005,0.022105569
16581,0.8988184,0.8767382,0.022080164
16582,0.8986498,0.87661,0.02203988
16583,0.89853716,0.87652326,0.022013877
16584,0.8984963,0.8764601,0.022036273
16585,0.89836705,0.8763337,0.02203334
16586,0.8982644,0.87626374,0.022000682
16587,0.89825964,0.87618715,0.02207251
16588,0.8981363,0.87603396,0.022102319
16589,0.8980945,0.87602663,0.02206784
16590,0.89791185,0.8759073,0.022004552
16591,0.8977911,0.87580556,0.021985494
16592,0.89780754,0.8757608,0.022046722
16593,0.8977198,0.87560654,0.022113258
16594,0.8975939,0.87560576,0.021988133
16595,0.89739174,0.87543726,0.021954454
16596,0.8973905,0.8753079,0.022082577
16597,0.89735705,0.87531406,0.022042966
16598,0.897217,0.87517446,0.022042558
16599,0.8970366,0.87509584,0.021940809
16600,0.896987,0.87502426,0.02196276
16601,0.89693236,0.87489796,0.022034463
16602,0.8967664,0.8748527,0.021913758
16603,0.89670324,0.8747253,0.021977963
16604,0.896553,0.87466764,0.021885365
16605,0.89649594,0.8746014,0.021894477
16606,0.8964177,0.87448084,0.021936832
16607,0.89638793,0.87440777,0.02198014
16608,0.89648706,0.8742858,0.022201285
16609,0.8967087,0.8743658,0.022342933
16610,0.8969799,0.87409115,0.022888757
16611,0.8971293,0.8742055,0.022923777
16612,0.896723,0.87392235,0.022800632
16613,0.8961586,0.8739717,0.022186827
16614,0.895801,0.8737912,0.022009805
16615,0.8956298,0.8736958,0.021933991
16616,0.8955138,0.8736045,0.021909272
16617,0.8953952,0.8735339,0.021861283
16618,0.895307,0.87347025,0.021836713
16619,0.89522636,0.8733651,0.021861259
16620,0.8951724,0.8732836,0.021888774
16621,0.8951127,0.8731699,0.021942765
16622,0.89498776,0.87312025,0.021867478
16623,0.8948728,0.87300676,0.02186599
16624,0.89475435,0.8728972,0.021857116
16625,0.8947322,0.8728397,0.021892495
16626,0.8946158,0.8727261,0.021889735
16627,0.89448744,0.87266505,0.021822399
16628,0.89444274,0.8725896,0.02185316
16629,0.8943305,0.8724499,0.02188061
16630,0.8942505,0.8724052,0.02184534
16631,0.8940585,0.8722805,0.021777997
16632,0.8940514,0.8722112,0.021840097
16633,0.89396286,0.87218225,0.02178059
16634,0.8938368,0.872029,0.021807808
16635,0.8937388,0.87192684,0.021811927
16636,0.8937215,0.87188137,0.021840146
16637,0.893588,0.8717534,0.021834612
16638,0.8935027,0.8716875,0.021815263
16639,0.8933708,0.87159026,0.02178051
16640,0.89323807,0.8715018,0.02173626
16641,0.89321727,0.87144446,0.021772783
16642,0.8931077,0.8713251,0.021782588
16643,0.8930131,0.87126726,0.02174584
16644,0.8929036,0.8711417,0.021761954
16645,0.8927703,0.871054,0.021716261
16646,0.89277303,0.8710011,0.02177191
16647,0.89305854,0.8708438,0.022214705
16648,0.893593,0.87093955,0.022653488
16649,0.89427334,0.8707353,0.023538103
16650,0.89410293,0.87079954,0.023303393
16651,0.8931077,0.87051415,0.022593562
16652,0.89239556,0.8705385,0.021857103
16653,0.89220124,0.8703732,0.02182807
16654,0.8926479,0.8702421,0.022405788
16655,0.89294416,0.87038004,0.02256412
16656,0.8926565,0.8700862,0.022570278
16657,0.8919664,0.8700939,0.021872522
16658,0.89174974,0.86998177,0.021767966
16659,0.892066,0.86981744,0.022248587
16660,0.8920407,0.8698701,0.022170573
16661,0.89150697,0.86964434,0.021862585
16662,0.8913672,0.86956835,0.02179882
16663,0.8916111,0.8695635,0.02204754
16664,0.8916217,0.86935544,0.022266274
16665,0.8911919,0.86936134,0.021830559
16666,0.8909581,0.8692285,0.021729577
16667,0.89120084,0.8691122,0.02208864
16668,0.89153713,0.86920464,0.022332516
16669,0.8914284,0.86893606,0.022492345
16670,0.89080393,0.8689309,0.021873081
16671,0.890587,0.8688359,0.021751026
16672,0.890898,0.86866194,0.022236072
16673,0.8910149,0.8687557,0.022259146
16674,0.8905445,0.86848044,0.022064008
16675,0.8901553,0.8684531,0.021702243
16676,0.89020926,0.8684058,0.021803442
16677,0.8903853,0.86822295,0.022162426
16678,0.89058286,0.86834836,0.022234531
16679,0.8903729,0.86806697,0.022305878
16680,0.8899969,0.86806065,0.02193619
16681,0.889802,0.8679083,0.021893691
16682,0.88964814,0.8678654,0.021782761
16683,0.8895659,0.8677937,0.021772197
16684,0.8895671,0.8676347,0.021932373
16685,0.88935274,0.8675792,0.021773553
16686,0.8892661,0.8674706,0.02179547
16687,0.8891425,0.8673906,0.021751964
16688,0.88908213,0.86732197,0.021760156
16689,0.8890046,0.86719394,0.021810671
16690,0.8888595,0.86713195,0.021727588
16691,0.88876706,0.86703956,0.021727527
16692,0.8887026,0.8669563,0.021746268
16693,0.88860846,0.8668812,0.021727279
16694,0.8884948,0.8667772,0.021717608
16695,0.8883922,0.86667246,0.021719739
16696,0.88838595,0.8666179,0.02176805
16697,0.8882525,0.8665001,0.021752423
16698,0.88814545,0.86644393,0.02170151
16699,0.8880562,0.8663282,0.021728057
16700,0.88796836,0.86623096,0.021737434
16701,0.88800895,0.866175,0.021833971
16702,0.88821965,0.8660822,0.022137437
16703,0.8883958,0.8661378,0.02225798
16704,0.88822156,0.8658817,0.022339884
16705,0.88777566,0.8658696,0.021906067
16706,0.8874645,0.86574507,0.02171946
16707,0.88736326,0.86569375,0.021669539
16708,0.88766766,0.8655421,0.022125518
16709,0.8891052,0.865636,0.023469232
16710,0.89163417,0.86540145,0.026232686
16711,0.89379036,0.86595565,0.027834708
16712,0.8920332,0.8652491,0.026784137
16713,0.88854444,0.8653045,0.023239922
16714,0.88677883,0.86501324,0.021765605
16715,0.8869187,0.86489815,0.022020567
16716,0.887584,0.86502874,0.022555195
16717,0.88724554,0.8647072,0.022538379
16718,0.8864055,0.86470413,0.021701371
16719,0.88637865,0.86466885,0.021709826
16720,0.88675106,0.86446637,0.022284674
16721,0.8866206,0.8644968,0.022123732
16722,0.8859518,0.8642971,0.021654693
16723,0.886064,0.8642168,0.021847188
16724,0.8864103,0.864279,0.022131335
16725,0.88622266,0.86403775,0.022184927
16726,0.8857652,0.86400485,0.02176037
16727,0.88550985,0.8639443,0.021565566
16728,0.88573724,0.86380035,0.021936845
16729,0.8856281,0.8638136,0.021814484
16730,0.8853078,0.8636458,0.021662055
16731,0.8853435,0.8635515,0.021791983
16732,0.8856759,0.8636204,0.022055468
16733,0.8856492,0.8633838,0.022265386
16734,0.88520414,0.8633905,0.021813612
16735,0.88484365,0.8632154,0.021628302
16736,0.88483095,0.86314464,0.021686275
16737,0.8848771,0.863132,0.021745086
16738,0.8849297,0.86295784,0.021971848
16739,0.8849752,0.8629822,0.021992955
16740,0.8850039,0.86278564,0.022218278
16741,0.88490105,0.8628612,0.022039816
16742,0.8845034,0.86261624,0.021887194
16743,0.8841415,0.8625872,0.021554245
16744,0.884277,0.86251915,0.0217578
16745,0.88452226,0.86235607,0.022166198
16746,0.8841985,0.86242414,0.02177434
16747,0.88385355,0.86226255,0.02159099
16748,0.8839787,0.86210716,0.021871526
16749,0.8840504,0.862146,0.021904433
16750,0.8835817,0.86199087,0.021590829
16751,0.8836177,0.8618507,0.021767017
16752,0.8838967,0.861886,0.02201068
16753,0.88354665,0.8616935,0.021853184
16754,0.8832328,0.86167073,0.021562018
16755,0.88324,0.86159754,0.021642452
16756,0.8835176,0.8614037,0.022113949
16757,0.8835715,0.86151564,0.02205586
16758,0.8834013,0.8612922,0.022109117
16759,0.8828973,0.86127883,0.021618512
16760,0.88271433,0.86115825,0.021556068
16761,0.88306206,0.86103547,0.022026595
16762,0.88312614,0.86108834,0.022037774
16763,0.8829586,0.8608252,0.022133369
16764,0.88277256,0.8608515,0.02192102
16765,0.88239217,0.86068267,0.021709478
16766,0.88244635,0.8605821,0.021864213
16767,0.88308805,0.8607317,0.022356376
16768,0.8839175,0.86041635,0.023501117
16769,0.8834316,0.86058104,0.022850601
16770,0.882032,0.8602353,0.021796737
16771,0.8820552,0.8602066,0.021848608
16772,0.8826457,0.8603152,0.022330564
16773,0.88223016,0.85997903,0.022251124
16774,0.8815043,0.85993266,0.021571595
16775,0.8817881,0.86000353,0.021784548
16776,0.88223565,0.85972553,0.022510096
16777,0.8820893,0.8598383,0.022251029
16778,0.8815475,0.85956436,0.021983165
16779,0.8810841,0.85955584,0.02152824
16780,0.8811256,0.85952395,0.021601658
16781,0.8813725,0.85930634,0.02206616
16782,0.8812762,0.8593519,0.021924317
16783,0.8808522,0.85915536,0.021696895
16784,0.8806596,0.8590753,0.021584218
16785,0.8808911,0.85913604,0.02175503
16786,0.88080555,0.8589245,0.02188101
16787,0.8804049,0.85889924,0.021505624
16788,0.8804023,0.85881877,0.021583557
16789,0.880511,0.8586503,0.021860685
16790,0.88021153,0.85865444,0.021557108
16791,0.8800395,0.8585394,0.021500114
16792,0.8802291,0.8583677,0.021861445
16793,0.8801501,0.8584233,0.021726754
16794,0.8797913,0.8582202,0.02157114
16795,0.87964725,0.85812247,0.021524828
16796,0.87976414,0.8581338,0.021630343
16797,0.8797053,0.85793465,0.021770647
16798,0.87941015,0.85791266,0.02149747
16799,0.879344,0.85782635,0.02151762
16800,0.879336,0.85769564,0.021640344
16801,0.879275,0.85772306,0.021551937
16802,0.8790661,0.8575656,0.021500546
16803,0.879007,0.85745674,0.02155022
16804,0.8795856,0.8575508,0.022034852
16805,0.8800702,0.8572607,0.022809532
16806,0.8798945,0.8574637,0.022430744
16807,0.8793857,0.8570731,0.022312596
16808,0.878811,0.8571151,0.021695897
16809,0.87850064,0.8569583,0.02154236
16810,0.8785212,0.8568415,0.021679698
16811,0.8791926,0.8570142,0.022178376
16812,0.8796762,0.8566576,0.023018606
16813,0.87981254,0.856829,0.022983525
16814,0.8793833,0.8564818,0.022901552
16815,0.8786526,0.8566102,0.022042353
16816,0.8778695,0.8563294,0.021540109
16817,0.87794936,0.8562229,0.021726394
16818,0.87861043,0.85630995,0.022300463
16819,0.87849516,0.85607773,0.022417475
16820,0.8776953,0.85611445,0.02158092
16821,0.8776601,0.85601413,0.021645969
16822,0.87850094,0.8558424,0.0226585
16823,0.87839615,0.8559169,0.022479262
16824,0.8773912,0.8556645,0.021726722
16825,0.8771898,0.8555854,0.021604437
16826,0.8775992,0.8555982,0.022000942
16827,0.87745017,0.8553541,0.022096125
16828,0.8768095,0.8553642,0.021445252
16829,0.876787,0.85531515,0.021471884
16830,0.87700635,0.85514516,0.021861207
16831,0.8768065,0.8551862,0.02162028
16832,0.87642246,0.85497695,0.021445492
16833,0.87641734,0.854899,0.021518337
16834,0.8765227,0.85494393,0.021578815
16835,0.8762677,0.85471255,0.021555113
16836,0.8761098,0.8546627,0.021447038
16837,0.8761454,0.85460216,0.02154325
16838,0.87598366,0.85446763,0.021516016
16839,0.8758303,0.85443074,0.021399554
16840,0.8759043,0.8544012,0.02150313
16841,0.87579226,0.85421896,0.021573279
16842,0.8755958,0.85418105,0.021414729
16843,0.8755454,0.85411155,0.021433806
16844,0.8755375,0.8539803,0.021557203
16845,0.87545645,0.8539942,0.021462273
16846,0.8753282,0.85382134,0.021506842
16847,0.8751101,0.85375917,0.021350894
16848,0.87508935,0.85370773,0.021381607
16849,0.8750521,0.85358423,0.02146788
16850,0.874907,0.85356265,0.021344345
16851,0.8748157,0.85345346,0.021362241
16852,0.87487024,0.8533739,0.021496316
16853,0.8748647,0.8533406,0.02152409
16854,0.8746515,0.8531896,0.021461919
16855,0.87463063,0.8531198,0.021510804
16856,0.8748751,0.85314846,0.021726653
16857,0.8747809,0.85293955,0.021841306
16858,0.8744,0.85290205,0.02149798
16859,0.8742032,0.85278296,0.021420244
16860,0.87431395,0.8527116,0.021602292
16861,0.8743863,0.8527203,0.02166596
16862,0.87436193,0.8524937,0.021868223
16863,0.87414104,0.85250074,0.021640355
16864,0.8738417,0.8523426,0.021499118
16865,0.8737761,0.85230076,0.021475334
16866,0.87384117,0.85229516,0.02154598
16867,0.8738889,0.852066,0.021822948
16868,0.87378037,0.852057,0.021723386
16869,0.87359405,0.8519037,0.02169039
16870,0.873248,0.8518715,0.02137645
16871,0.87324935,0.8517757,0.021473628
16872,0.8732829,0.8516471,0.021635832
16873,0.8730031,0.85161704,0.021386083
16874,0.8728874,0.8515385,0.021348894
16875,0.8729542,0.85143554,0.021518687
16876,0.87274635,0.8513861,0.021360276
16877,0.8726699,0.8513066,0.021363273
16878,0.87255365,0.8512146,0.021339096
16879,0.87242895,0.85112566,0.021303326
16880,0.8723617,0.85104203,0.021319704
16881,0.8722493,0.8509559,0.02129337
16882,0.87216645,0.8508924,0.021274026
16883,0.8720677,0.8507752,0.021292496
16884,0.87195987,0.8506895,0.021270426
16885,0.8719186,0.85061854,0.021300098
16886,0.8718169,0.8505386,0.021278242
16887,0.8717333,0.8504762,0.02125712
16888,0.87163377,0.8503696,0.021264166
16889,0.8715311,0.8502837,0.021247447
16890,0.8714385,0.85018164,0.021256912
16891,0.8713232,0.8500847,0.021238504
16892,0.8712564,0.8500251,0.021231255
16893,0.8711548,0.84993255,0.021222182
16894,0.8710596,0.84984434,0.021215225
16895,0.87098116,0.84978557,0.021195557
16896,0.8709068,0.8496832,0.021223584
16897,0.8708396,0.84964687,0.021192703
16898,0.8707807,0.8495647,0.021216044
16899,0.8706453,0.8494689,0.021176394
16900,0.87060595,0.8493751,0.021230774
16901,0.8705207,0.8492945,0.021226179
16902,0.87046534,0.84923863,0.021226699
16903,0.8703392,0.8491502,0.021189023
16904,0.8702143,0.8490298,0.021184497
16905,0.8701928,0.84897965,0.021213138
16906,0.87008077,0.84890455,0.021176275
16907,0.87000245,0.84881395,0.021188492
16908,0.8699692,0.84876615,0.021203056
16909,0.86999756,0.84861475,0.021382809
16910,0.8698995,0.84860146,0.021298014
16911,0.8698844,0.8484559,0.02142848
16912,0.86974734,0.84848124,0.021266138
16913,0.8696189,0.8482752,0.02134372
16914,0.86953664,0.84825546,0.021281205
16915,0.86946344,0.84811395,0.021349434
16916,0.8693286,0.8481406,0.021188019
16917,0.8692372,0.8479709,0.021266263
16918,0.8690517,0.8479121,0.021139633
16919,0.86897093,0.8477813,0.021189595
16920,0.86887765,0.84775054,0.02112714
16921,0.86880195,0.84764916,0.02115281
16922,0.8686433,0.8475694,0.021073855
16923,0.86859614,0.84748316,0.021112945
16924,0.8685197,0.8473788,0.021140894
16925,0.8684592,0.84733945,0.021119768
16926,0.86831856,0.84722036,0.02109822
16927,0.86825657,0.8471475,0.02110908
16928,0.86816984,0.8470824,0.021087468
16929,0.8681213,0.8469648,0.021156572
16930,0.8680101,0.846888,0.02112214
16931,0.8679055,0.84678704,0.021118455
16932,0.86786145,0.8466933,0.021168182
16933,0.8677608,0.8466419,0.02111892
16934,0.86773705,0.8465564,0.021180635
16935,0.8675687,0.84646106,0.021107575
16936,0.86754173,0.8463879,0.021153796
16937,0.86742914,0.8463156,0.021113515
16938,0.8673784,0.8462129,0.021165488
16939,0.86732477,0.84618247,0.021142308
16940,0.86724514,0.8460748,0.021170288
16941,0.8671471,0.8459965,0.021150544
16942,0.8670704,0.84592026,0.021150121
16943,0.8669877,0.8458079,0.021179806
16944,0.86689353,0.8457519,0.021141646
16945,0.8667687,0.8456367,0.021131998
16946,0.8666905,0.8455536,0.021136943
16947,0.86662775,0.8454723,0.021155465
16948,0.86657107,0.84540254,0.021168543
16949,0.8664645,0.8453499,0.021114599
16950,0.8663709,0.84524524,0.021125646
16951,0.86625475,0.84517133,0.021083426
16952,0.86618346,0.8450772,0.021106213
16953,0.8660868,0.84498537,0.021101404
16954,0.8660384,0.8449324,0.021105967
16955,0.86590064,0.84479034,0.021110317
16956,0.8658027,0.84475195,0.02105075
16957,0.8657022,0.8446343,0.021067906
16958,0.8655873,0.84453803,0.021049285
16959,0.86550766,0.84445196,0.021055702
16960,0.86537707,0.84437305,0.021003997
16961,0.86529785,0.8442781,0.021019759
16962,0.86523414,0.8442073,0.021026822
16963,0.86510307,0.84410864,0.02099443
16964,0.8650529,0.8440625,0.020990351
16965,0.86496395,0.84394616,0.021017816
16966,0.8648516,0.84387195,0.02097964
16967,0.8648169,0.8438085,0.021008462
16968,0.86471665,0.8436897,0.021026965
16969,0.86466247,0.8436476,0.021014906
16970,0.864562,0.84354454,0.021017414
16971,0.86446255,0.8434614,0.021001145
16972,0.8643963,0.8433305,0.021065768
16973,0.8643232,0.84327877,0.021044422
16974,0.8642157,0.84317964,0.021036066
16975,0.8641369,0.8431397,0.020997124
16976,0.86405426,0.8430585,0.02099573
16977,0.863994,0.84295154,0.021042451
16978,0.86392456,0.8429071,0.021017477
16979,0.8638554,0.8427761,0.021079311
16980,0.8637319,0.8427536,0.02097835
16981,0.8636305,0.8426141,0.021016348
16982,0.86362094,0.8425007,0.021120228
16983,0.86351734,0.8424539,0.021063441
16984,0.8634591,0.8423822,0.021076972
16985,0.8634168,0.84224874,0.021168081
16986,0.8634974,0.8422354,0.021261994
16987,0.86339796,0.8420659,0.021332055
16988,0.86317134,0.8420438,0.02112754
16989,0.86305594,0.84196484,0.021091107
16990,0.8629753,0.8418489,0.021126423
16991,0.86290336,0.841779,0.021124328
16992,0.86283857,0.8417014,0.021137163
16993,0.8627302,0.8416675,0.021062717
16994,0.86272305,0.84158826,0.021134801
16995,0.8626294,0.841443,0.021186363
16996,0.8625622,0.8413524,0.021209762
16997,0.8624749,0.841349,0.021125903
16998,0.86244446,0.8412909,0.021153545
16999,0.86223423,0.84114265,0.021091586
17000,0.8622595,0.841053,0.021206502
17001,0.86215174,0.8409696,0.021182135
17002,0.8624399,0.84108514,0.021354731
17003,0.862374,0.8407765,0.021597499
17004,0.8621938,0.84079516,0.021398645
17005,0.86175865,0.8405908,0.02116786
17006,0.86163807,0.8405957,0.021042332
17007,0.8617163,0.8405592,0.021157056
17008,0.86190975,0.84033364,0.021576086
17009,0.86226225,0.8403726,0.021889644
17010,0.8625314,0.8402018,0.022329643
17011,0.8621688,0.8402912,0.021877602
17012,0.8615615,0.84002423,0.021537248
17013,0.8609999,0.8399566,0.021043295
17014,0.86103773,0.8399015,0.021136202
17015,0.8613943,0.83976376,0.021630526
17016,0.86126316,0.83985317,0.021410026
17017,0.8606429,0.8396285,0.021014418
17018,0.86080354,0.83952147,0.021282097
17019,0.86135644,0.83961886,0.021737605
17020,0.8617297,0.8393888,0.022340935
17021,0.86165607,0.8394849,0.022171216
17022,0.86118233,0.8392175,0.021964822
17023,0.86054045,0.83922505,0.021315439
17024,0.8601145,0.8390708,0.021043701
17025,0.85996187,0.83897674,0.020985112
17026,0.86024874,0.83892345,0.021325257
17027,0.8609367,0.83879274,0.022143988
17028,0.8611468,0.8389139,0.022232879
17029,0.86061245,0.8386289,0.021983594
17030,0.859694,0.83860475,0.021089235
17031,0.8596238,0.8385245,0.02109928
17032,0.8600699,0.8383856,0.021684283
17033,0.86010766,0.8384773,0.021630336
17034,0.85950255,0.83822584,0.021276698
17035,0.8590843,0.8381545,0.020929832
17036,0.85920775,0.8381199,0.021087838
17037,0.8592552,0.8379523,0.021302892
17038,0.85907465,0.837996,0.021078695
17039,0.8588182,0.8378277,0.020990487
17040,0.85873836,0.83773375,0.021004658
17041,0.8587748,0.8377389,0.02103596
17042,0.8586235,0.83756536,0.021058109
17043,0.85840166,0.8375067,0.020894997
17044,0.8583821,0.83744913,0.02093297
17045,0.8584011,0.8373032,0.02109789
17046,0.8582807,0.8372774,0.021003302
17047,0.85814965,0.8371762,0.020973418
17048,0.8580665,0.83708054,0.020985952
17049,0.8579777,0.8370302,0.020947503
17050,0.8579163,0.8369141,0.02100214
17051,0.85779697,0.8368652,0.020931775
17052,0.8576954,0.83677626,0.020919159
17053,0.85766935,0.8366865,0.020982902
17054,0.8577953,0.8366371,0.021158213
17055,0.85794866,0.8364658,0.021482885
17056,0.8578916,0.83646756,0.02142407
17057,0.8576692,0.83631957,0.02134964
17058,0.85728705,0.8362938,0.020993242
17059,0.8571406,0.83616096,0.02097964
17060,0.85720325,0.83604866,0.021154577
17061,0.8574502,0.8360691,0.02138112
17062,0.8576896,0.8359018,0.021787822
17063,0.85757786,0.83592737,0.021650461
17064,0.85718685,0.8356945,0.021492358
17065,0.8566266,0.8356795,0.020947117
17066,0.8564993,0.8355994,0.02089991
17067,0.856887,0.83544976,0.021437239
17068,0.85736924,0.8355696,0.021799605
17069,0.857397,0.83529234,0.022104701
17070,0.8571277,0.835401,0.021726722
17071,0.8565846,0.8351096,0.021475002
17072,0.8561173,0.83512866,0.020988632
17073,0.8558894,0.83501494,0.02087441
17074,0.8559708,0.8348878,0.021082994
17075,0.85609186,0.8348871,0.021204779
17076,0.85602295,0.8347255,0.021297429
17077,0.8557177,0.83473307,0.020984638
17078,0.8554754,0.8345889,0.020886572
17079,0.8555903,0.8344606,0.02112962
17080,0.8556971,0.8344826,0.021214519
17081,0.85556674,0.83431476,0.021251967
17082,0.8552373,0.834299,0.020938266
17083,0.8550198,0.83415276,0.020867089
17084,0.85496616,0.83407366,0.02089245
17085,0.8548942,0.834034,0.020860165
17086,0.8549128,0.8339171,0.020995745
17087,0.8547807,0.83386314,0.020917553
17088,0.8546726,0.8337368,0.02093581
17089,0.8544882,0.83368886,0.02079935
17090,0.85445255,0.833614,0.02083857
17091,0.8542844,0.8335149,0.020769466
17092,0.85424286,0.8334153,0.020827504
17093,0.8541489,0.83334696,0.020801922
17094,0.85415137,0.8333051,0.020846225
17095,0.8540001,0.8332104,0.020789662
17096,0.85397995,0.83307666,0.020903323
17097,0.85386187,0.83304805,0.020813841
17098,0.8537124,0.8329402,0.02077215
17099,0.8536431,0.832845,0.02079818
17100,0.8536096,0.8327786,0.020831082
17101,0.8535723,0.8326545,0.020917816
17102,0.85346967,0.8326322,0.020837506
17103,0.85331595,0.83253396,0.020782009
17104,0.8532751,0.8324349,0.020840239
17105,0.8532069,0.83238244,0.020824382
17106,0.85309935,0.8322324,0.02086695
17107,0.8529785,0.8322317,0.020746822
17108,0.85282034,0.83210737,0.020713005
17109,0.85278547,0.83198786,0.020797567
17110,0.8527425,0.8319561,0.020786429
17111,0.8526388,0.8318488,0.02078997
17112,0.85252506,0.831793,0.020732062
17113,0.85243326,0.8316843,0.020748934
17114,0.8523285,0.83159715,0.020731336
17115,0.85226774,0.8315228,0.020744942
17116,0.8522089,0.831418,0.02079095
17117,0.85275054,0.83142614,0.021324376
17118,0.8547017,0.83125013,0.023451546
17119,0.85690975,0.8316365,0.025273249
17120,0.8572606,0.83120614,0.026054418
17121,0.85467285,0.83130246,0.02337042
17122,0.85212666,0.8308984,0.021228228
17123,0.85178477,0.83081466,0.02097011
17124,0.8523992,0.8308948,0.021504315
17125,0.85226727,0.8306293,0.021637974
17126,0.8515473,0.8306734,0.02087392
17127,0.8513563,0.83055466,0.020801645
17128,0.8516099,0.83041006,0.021199793
17129,0.85174495,0.83043647,0.02130847
17130,0.85141075,0.83027154,0.021139227
17131,0.8509756,0.8302588,0.020716775
17132,0.85103226,0.8301779,0.020854337
17133,0.85131514,0.83000475,0.021310398
17134,0.8510365,0.8300396,0.020996893
17135,0.8506707,0.829869,0.020801706
17136,0.8505792,0.82977986,0.02079935
17137,0.85069424,0.82978386,0.020910397
17138,0.85053706,0.82959175,0.020945307
17139,0.85028964,0.829563,0.020726593
17140,0.85032094,0.8295456,0.020775303
17141,0.8503875,0.8293633,0.021024192
17142,0.8502667,0.82936835,0.020898351
17143,0.85005206,0.8292098,0.020842254
17144,0.84986436,0.8291539,0.020710448
17145,0.8498225,0.82907814,0.020744378
17146,0.8497854,0.82894605,0.020839313
17147,0.8496851,0.82893133,0.020753747
17148,0.8495153,0.8287938,0.020721465
17149,0.84949106,0.8286858,0.020805225
17150,0.8495183,0.828713,0.020805327
17151,0.84951067,0.8285772,0.02093347
17152,0.849472,0.8285442,0.020927792
17153,0.8492454,0.8284079,0.02083753
17154,0.84907526,0.8283963,0.020678908
17155,0.8490942,0.8283526,0.020741597
17156,0.84943724,0.82819194,0.0212453
17157,0.84951794,0.82824033,0.021277567
17158,0.8490213,0.8280321,0.02098921
17159,0.8486932,0.8279514,0.020741856
17160,0.84932506,0.82809526,0.021229845
17161,0.8496874,0.8278159,0.02187151
17162,0.8493008,0.82782364,0.021477122
17163,0.84852844,0.82760787,0.020920556
17164,0.84860694,0.82756466,0.021042312
17165,0.84956783,0.8278556,0.02171221
17166,0.8492444,0.827398,0.021846453
17167,0.8484904,0.827412,0.021078419
17168,0.84799844,0.8272711,0.020727294
17169,0.84821707,0.82715553,0.021061568
17170,0.8483254,0.82728183,0.021043528
17171,0.84792435,0.8269751,0.02094924
17172,0.8476345,0.8268981,0.020736402
17173,0.8476518,0.8268885,0.020763293
17174,0.84772885,0.82674444,0.020984402
17175,0.84734565,0.82670105,0.020644614
17176,0.847309,0.82658494,0.02072407
17177,0.8472768,0.82647085,0.020805921
17178,0.8471638,0.8264722,0.020691562
17179,0.84703046,0.8263472,0.020683302
17180,0.84685993,0.8262624,0.020597544
17181,0.8468396,0.8261739,0.020665688
17182,0.8466785,0.82606006,0.020618442
17183,0.84668976,0.82605684,0.020632902
17184,0.84650713,0.82588357,0.020623527
17185,0.8464253,0.8258225,0.020602845
17186,0.84639496,0.82577026,0.020624755
17187,0.84626025,0.82565886,0.020601422
17188,0.84616053,0.82555825,0.020602275
17189,0.8461205,0.8255182,0.020602275
17190,0.84600127,0.8254237,0.020577565
17191,0.84592015,0.82532305,0.020597111
17192,0.8458969,0.8253546,0.020542322
17193,0.84571993,0.8251736,0.020546278
17194,0.8456932,0.8251597,0.020533433
17195,0.84555376,0.8250672,0.020486545
17196,0.84552747,0.82496154,0.020565921
17197,0.8454577,0.8249403,0.020517357
17198,0.8452778,0.82477576,0.02050201
17199,0.84522337,0.8247024,0.02052096
17200,0.845126,0.8246494,0.020476576
17201,0.84508544,0.82455915,0.02052628
17202,0.8450069,0.8245089,0.020497937
17203,0.8449531,0.82438314,0.020570014
17204,0.84486634,0.8243431,0.020523237
17205,0.8447678,0.82426614,0.02050167
17206,0.8447245,0.8241791,0.020545345
17207,0.84466064,0.82408845,0.020572228
17208,0.84455645,0.8240006,0.020555804
17209,0.84448963,0.82393146,0.020558123
17210,0.8443853,0.8238559,0.02052946
17211,0.84430546,0.82375675,0.020548707
17212,0.8442177,0.82369375,0.02052397
17213,0.8441367,0.8235989,0.020537846
17214,0.8440546,0.82354605,0.020508524
17215,0.843962,0.8234535,0.020508504
17216,0.84384364,0.8233889,0.02045477
17217,0.84373796,0.8233009,0.020437049
17218,0.8437037,0.82321596,0.0204877
17219,0.84361106,0.8231555,0.020455537
17220,0.84354967,0.8230546,0.020495046
17221,0.84342843,0.82296395,0.020464484
17222,0.8433477,0.8228863,0.02046146
17223,0.84326756,0.822804,0.020463582
17224,0.84322536,0.8227518,0.020473506
17225,0.8431404,0.8226569,0.020483535
17226,0.84307784,0.82257885,0.020499006
17227,0.84297734,0.8224782,0.020499203
17228,0.8428704,0.8224021,0.02046834
17229,0.8428328,0.8223229,0.02050994
17230,0.8427658,0.8222573,0.02050851
17231,0.8426927,0.8221637,0.020528974
17232,0.8426254,0.82207966,0.020545721
17233,0.84253865,0.82201105,0.020527583
17234,0.84245557,0.8219286,0.020526927
17235,0.8423493,0.821826,0.020523302
17236,0.8422567,0.82175297,0.02050378
17237,0.8422466,0.82166463,0.020581925
17238,0.842149,0.8215889,0.020560171
17239,0.8421994,0.8214792,0.020720169
17240,0.8423059,0.82150424,0.020801667
17241,0.8423353,0.82131165,0.021023601
17242,0.8418642,0.821287,0.020577269
17243,0.8417599,0.82121265,0.020547269
17244,0.8421249,0.8210609,0.021063995
17245,0.84179235,0.82109094,0.02070145
17246,0.8413493,0.8209298,0.020419484
17247,0.84156835,0.8208347,0.02073367
17248,0.8415249,0.82086277,0.020662138
17249,0.84108746,0.82069033,0.020397136
17250,0.8413195,0.8206041,0.020715458
17251,0.84163207,0.820687,0.020945068
17252,0.8412216,0.8204093,0.020812303
17253,0.84080154,0.8203936,0.020407896
17254,0.84079313,0.82031506,0.0204781
17255,0.84084916,0.8201851,0.020664062
17256,0.84070206,0.8201743,0.020527806
17257,0.8405027,0.8200261,0.020476595
17258,0.8403269,0.81996816,0.020358711
17259,0.84026426,0.8199041,0.020360183
17260,0.84014994,0.81982243,0.020327535
17261,0.84011185,0.8197383,0.020373538
17262,0.84001446,0.81963784,0.020376623
17263,0.8399321,0.8195545,0.020377621
17264,0.8398653,0.8194886,0.020376738
17265,0.83978105,0.8194079,0.020373177
17266,0.8396922,0.819332,0.02036016
17267,0.8396122,0.8192602,0.020351997
17268,0.83954924,0.8191654,0.020383839
17269,0.8395408,0.81912583,0.020414973
17270,0.8395345,0.8190004,0.020534093
17271,0.83943087,0.818995,0.020435851
17272,0.8392573,0.8188344,0.020422911
17273,0.8391162,0.81877196,0.020344254
17274,0.83911234,0.81871843,0.020393943
17275,0.8390274,0.81861943,0.020407975
17276,0.83889353,0.8185501,0.020343434
17277,0.8388225,0.81847227,0.020350214
17278,0.8388221,0.8183669,0.020455215
17279,0.83866733,0.81832427,0.020343048
17280,0.83851165,0.81819856,0.02031304
17281,0.8384592,0.81810516,0.020354038
17282,0.83850306,0.8181086,0.020394454
17283,0.838375,0.8179321,0.020442849
17284,0.83809453,0.8178596,0.020234887
17285,0.83815706,0.8178291,0.020327961
17286,0.8381986,0.8176869,0.020511687
17287,0.8379703,0.81765056,0.0203198
17288,0.83782285,0.8175465,0.020276356
17289,0.8379406,0.81744015,0.020500371
17290,0.83783454,0.81740475,0.0204298
17291,0.8376456,0.81728977,0.020355815
17292,0.8376448,0.81720656,0.020438243
17293,0.8377281,0.8172107,0.020517457
17294,0.8375963,0.8170178,0.020578466
17295,0.8373064,0.8169977,0.020308703
17296,0.83728325,0.81692684,0.02035642
17297,0.837286,0.816774,0.020511959
17298,0.8371636,0.8167941,0.020369569
17299,0.836968,0.81665325,0.020314757
17300,0.8369083,0.81657106,0.020337237
17301,0.8369407,0.8165572,0.020383451
17302,0.8369302,0.8164048,0.020525387
17303,0.8367236,0.8163774,0.020346228
17304,0.8366297,0.8162753,0.02035442
17305,0.83675516,0.8161371,0.020618076
17306,0.83697504,0.81615424,0.020820847
17307,0.83665216,0.81599754,0.020654634
17308,0.83628803,0.81599,0.020298075
17309,0.83615243,0.81589353,0.020258877
17310,0.8362617,0.81574094,0.020520741
17311,0.83623534,0.81574833,0.020487
17312,0.8359665,0.8156346,0.020331915
17313,0.835765,0.8155642,0.02020077
17314,0.83576673,0.8154973,0.020269476
17315,0.83571917,0.81535685,0.020362362
17316,0.8354747,0.81529194,0.020182794
17317,0.8353732,0.8152255,0.02014773
17318,0.8354688,0.81507987,0.020388942
17319,0.8354068,0.8150752,0.020331528
17320,0.8352236,0.8149268,0.02029683
17321,0.83507705,0.8148666,0.020210404
17322,0.8350792,0.8148329,0.020246264
17323,0.835064,0.8146882,0.020375833
17324,0.8348404,0.8146175,0.020222936
17325,0.8347005,0.8145103,0.020190218
17326,0.83468103,0.81441516,0.020265887
17327,0.8347071,0.8143916,0.020315472
17328,0.83466053,0.8142354,0.020425152
17329,0.83446074,0.8142204,0.020240307
17330,0.8343373,0.8141104,0.02022687
17331,0.8343235,0.8140249,0.020298624
17332,0.83437353,0.8139992,0.02037434
17333,0.8342695,0.813825,0.020444516
17334,0.8341208,0.813811,0.020309838
17335,0.8339334,0.8137039,0.020229533
17336,0.83384484,0.81361836,0.020226467
17337,0.833844,0.81358165,0.02026239
17338,0.8338044,0.8134437,0.02036074
17339,0.8337991,0.8134366,0.02036252
17340,0.8337121,0.8132645,0.02044758
17341,0.8336267,0.81325686,0.020369813
17342,0.83354807,0.8131106,0.020437468
17343,0.83333653,0.8130988,0.020237774
17344,0.8331865,0.81301403,0.020172494
17345,0.83329153,0.8128928,0.020398727
17346,0.83373016,0.81293064,0.020799486
17347,0.8338969,0.8127253,0.021171536
17348,0.8336197,0.81286246,0.020757234
17349,0.8333927,0.8125757,0.020817023
17350,0.8332937,0.81263447,0.020659247
17351,0.83354676,0.8124552,0.0210916
17352,0.8336677,0.81251574,0.02115194
17353,0.8341237,0.81228584,0.02183785
17354,0.8341022,0.81246567,0.021636572
17355,0.8338432,0.8121014,0.021741765
17356,0.83344775,0.81217426,0.021273464
17357,0.8338239,0.8119369,0.02188695
17358,0.8342054,0.8121876,0.02201775
17359,0.8340167,0.8117926,0.022224102
17360,0.83355355,0.8118716,0.021681927
17361,0.8326379,0.8116334,0.021004505
17362,0.83193463,0.811684,0.020250637
17363,0.8316188,0.811509,0.020109763
17364,0.83219385,0.81138855,0.020805264
17365,0.83247787,0.8114507,0.021027133
17366,0.83223546,0.8112767,0.020958796
17367,0.83136266,0.81121886,0.020143813
17368,0.83148474,0.81109756,0.020387173
17369,0.8323042,0.8109996,0.02130463
17370,0.83264554,0.8110897,0.021555837
17371,0.8327454,0.8108507,0.021894678
17372,0.8327096,0.8109676,0.02174202
17373,0.8327505,0.81067765,0.022072863
17374,0.83246547,0.81077236,0.02169308
17375,0.83183646,0.81053036,0.021306068
17376,0.83105165,0.81051064,0.020540973
17377,0.8306724,0.8103427,0.020329665
17378,0.8304443,0.810307,0.020137286
17379,0.8305111,0.8103046,0.020206489
17380,0.8305294,0.81013006,0.020399308
17381,0.8304186,0.8100941,0.02032448
17382,0.83032864,0.8099648,0.020363871
17383,0.83013666,0.8099566,0.020180028
17384,0.82999647,0.8098415,0.02015495
17385,0.8299205,0.80972683,0.020193633
17386,0.82985467,0.80964434,0.020210335
17387,0.8297218,0.8095279,0.02019393
17388,0.8296432,0.80945015,0.020193025
17389,0.82969874,0.80941284,0.020285945
17390,0.82981557,0.8092447,0.020570925
17391,0.8296142,0.8092306,0.020383593
17392,0.8294072,0.8091112,0.020296028
17393,0.8292025,0.8090368,0.020165656
17394,0.82909614,0.8089586,0.020137528
17395,0.8290574,0.8088917,0.020165663
17396,0.82905024,0.8088101,0.020240124
17397,0.82906264,0.80879676,0.020265888
17398,0.8288273,0.80865043,0.020176891
17399,0.828718,0.80857867,0.020139316
17400,0.8286695,0.80851746,0.020152047
17401,0.82859534,0.80839276,0.020202594
17402,0.82844394,0.808314,0.020129967
17403,0.8283818,0.8082497,0.020132093
17404,0.8283468,0.8081585,0.020188302
17405,0.8282661,0.80812925,0.020136824
17406,0.8281633,0.80802727,0.020136017
17407,0.82811946,0.80793405,0.020185411
17408,0.82803786,0.8078838,0.020154089
17409,0.82792705,0.8077956,0.020131487
17410,0.8278037,0.8077011,0.020102542
17411,0.8277247,0.8076241,0.020100612
17412,0.8276703,0.8075616,0.020108674
17413,0.82759196,0.8074735,0.02011845
17414,0.8275062,0.80741346,0.020092746
17415,0.82742864,0.8073397,0.020088885
17416,0.8273324,0.8072309,0.020101463
17417,0.82725984,0.80714804,0.02011176
17418,0.82722294,0.8070903,0.020132659
17419,0.8271216,0.8069982,0.020123424
17420,0.8270426,0.80690616,0.02013642
17421,0.8269024,0.80681694,0.020085478
17422,0.82682276,0.80675465,0.0200681
17423,0.8267543,0.8066486,0.020105636
17424,0.8266916,0.8066279,0.020063654
17425,0.82657033,0.8064979,0.020072477
17426,0.8264626,0.80642533,0.02003729
17427,0.82641506,0.8063533,0.020061791
17428,0.82631904,0.8062796,0.020039458
17429,0.82621616,0.80621576,0.020000411
17430,0.8261244,0.8061209,0.020003576
17431,0.82605875,0.8060281,0.020030642
17432,0.8259808,0.80596155,0.020019237
17433,0.8258418,0.8058627,0.019979065
17434,0.8258032,0.8057925,0.0200107
17435,0.8258266,0.8057622,0.02006447
17436,0.8256893,0.8056501,0.020039205
17437,0.82557625,0.8055592,0.020017022
17438,0.8255587,0.80547136,0.020087365
17439,0.8253946,0.8054042,0.019990418
17440,0.8253044,0.8053235,0.019980874
17441,0.8252387,0.8052392,0.019999519
17442,0.8252052,0.80513704,0.020068135
17443,0.8250425,0.80506516,0.019977337
17444,0.825031,0.8050081,0.020022903
17445,0.82492965,0.8048832,0.020046497
17446,0.8249361,0.8048147,0.020121392
17447,0.82478476,0.8047204,0.020064332
17448,0.824702,0.8046881,0.020013936
17449,0.82466567,0.8045964,0.020069197
17450,0.82478714,0.80448437,0.020302814
17451,0.8247715,0.8044574,0.020314056
17452,0.8246111,0.8043002,0.020310953
17453,0.82434475,0.80430174,0.020042978
17454,0.8241991,0.8041961,0.02000294
17455,0.8243257,0.80408764,0.020238046
17456,0.8243449,0.80408233,0.020262513
17457,0.8243273,0.8039285,0.020398822
17458,0.8242187,0.8039932,0.020225463
17459,0.82395554,0.8037655,0.020190071
17460,0.8237054,0.803731,0.019974371
17461,0.82360476,0.8036279,0.019976875
17462,0.8235888,0.8035717,0.020017086
17463,0.82347196,0.80351734,0.01995461
17464,0.823376,0.8033652,0.02001082
17465,0.82323915,0.8033334,0.01990575
17466,0.82318366,0.80324525,0.019938389
17467,0.82333523,0.80311036,0.020224866
17468,0.8232161,0.8031166,0.020099455
17469,0.82296497,0.8029628,0.020002197
17470,0.82285464,0.8028805,0.019974127
17471,0.82288647,0.802903,0.019983467
17472,0.8228729,0.80276054,0.020112341
17473,0.8225874,0.80268896,0.01989843
17474,0.8225386,0.80262476,0.019913834
17475,0.8225253,0.80247545,0.02004986
17476,0.8223293,0.8024268,0.019902486
17477,0.82224953,0.8023461,0.019903407
17478,0.8222896,0.80225414,0.020035487
17479,0.8222201,0.80224,0.019980103
17480,0.8220738,0.80211085,0.019963007
17481,0.8219921,0.80207735,0.019914757
17482,0.82186943,0.80197734,0.019892128
17483,0.821748,0.8018785,0.019869462
17484,0.8217414,0.80183667,0.019904751
17485,0.8215995,0.80172175,0.019877767
17486,0.8215521,0.8016752,0.019876894
17487,0.821441,0.8015841,0.0198569
17488,0.8213473,0.80145496,0.019892342
17489,0.8212257,0.80139184,0.019833876
17490,0.82119936,0.8013119,0.01988744
17491,0.8211142,0.8012532,0.019860998
17492,0.8210117,0.8011217,0.019890007
17493,0.82094246,0.8010624,0.019880079
17494,0.8208522,0.8009874,0.019864783
17495,0.82080656,0.80090743,0.019899096
17496,0.8207127,0.8008347,0.019877957
17497,0.82062316,0.800753,0.019870164
17498,0.8204969,0.8006741,0.01982284
17499,0.8204164,0.8005961,0.01982024
17500,0.8203642,0.8004819,0.019882228
17501,0.8202734,0.8004263,0.019847056
17502,0.82020867,0.80034435,0.019864293
17503,0.82029796,0.8002477,0.020050218
17504,0.8202857,0.80022633,0.020059329
17505,0.8201651,0.80007344,0.020091668
17506,0.82003784,0.8000484,0.01998946
17507,0.8198893,0.7999054,0.019983925
17508,0.8197733,0.7998358,0.019937482
17509,0.8196599,0.7997441,0.019915733
17510,0.8195367,0.79968745,0.019849265
17511,0.8196119,0.79964834,0.019963542
17512,0.8197847,0.7994764,0.020308292
17513,0.820246,0.79948467,0.02076136
17514,0.8210495,0.7993402,0.021709317
17515,0.8220316,0.7995681,0.022463515
17516,0.8223043,0.799226,0.023078354
17517,0.8224716,0.7993408,0.023130858
17518,0.82250375,0.7990611,0.023442626
17519,0.8222698,0.7993679,0.022901883
17520,0.8209571,0.7988696,0.022087514
17521,0.8199525,0.79886085,0.021091688
17522,0.8191647,0.7986967,0.020467987
17523,0.81875926,0.79875237,0.020006914
17524,0.8183674,0.7985331,0.019834368
17525,0.81837153,0.7984644,0.019907076
17526,0.8184598,0.7984764,0.019983392
17527,0.81831783,0.79830843,0.020009408
17528,0.81812316,0.79829216,0.019831046
17529,0.81793815,0.7981691,0.019769114
17530,0.8179647,0.7981026,0.019862032
17531,0.8177889,0.7980193,0.019769628
17532,0.81771517,0.79796815,0.019746995
17533,0.8176962,0.7978506,0.01984564
17534,0.8177483,0.79777807,0.019970233
17535,0.8176481,0.79767585,0.019972255
17536,0.81746113,0.79766685,0.019794267
17537,0.81740075,0.7975596,0.019841129
17538,0.8178307,0.797454,0.020376638
17539,0.8183233,0.7975372,0.020786095
17540,0.81849045,0.79731506,0.02117537
17541,0.8181099,0.7973694,0.02074051
17542,0.8176523,0.7971123,0.020540021
17543,0.81728685,0.7971251,0.020161778
17544,0.8170003,0.796961,0.020039309
17545,0.8168535,0.7969427,0.019910848
17546,0.816684,0.79679745,0.019886576
17547,0.8165669,0.79676807,0.019798819
17548,0.8165616,0.7967119,0.019849615
17549,0.81687385,0.796569,0.020304881
17550,0.81711227,0.7966161,0.020496204
17551,0.81661135,0.7964063,0.020205034
17552,0.8161569,0.79639995,0.019756982
17553,0.8161602,0.79633826,0.019821892
17554,0.81643766,0.7961916,0.0202461
17555,0.81659603,0.79622173,0.020374259
17556,0.8165404,0.7960307,0.020509759
17557,0.8162058,0.796043,0.020162804
17558,0.81588256,0.795875,0.020007532
17559,0.8156264,0.79584587,0.019780561
17560,0.8156014,0.795744,0.01985741
17561,0.81591654,0.7956424,0.020274157
17562,0.8163202,0.7956746,0.02064561
17563,0.8166335,0.7955113,0.021122197
17564,0.81643796,0.7955249,0.020913025
17565,0.81554455,0.79534584,0.020198701
17566,0.8150206,0.7952617,0.01975895
17567,0.8154042,0.79528886,0.020115307
17568,0.815026,0.79509085,0.019935125
17569,0.8147733,0.795041,0.01973233
17570,0.81498104,0.7950442,0.019936893
17571,0.81485337,0.7948793,0.019974088
17572,0.8144627,0.79479843,0.019664284
17573,0.81439376,0.7947242,0.019669505
17574,0.81448925,0.7946117,0.019877542
17575,0.814283,0.7945988,0.019684212
17576,0.8141586,0.7944933,0.019665288
17577,0.8143347,0.7943688,0.01996589
17578,0.8142213,0.79439247,0.019828893
17579,0.81392956,0.79423845,0.01969111
17580,0.8138997,0.7941177,0.019782007
17581,0.8139289,0.7941292,0.019799698
17582,0.8136622,0.79394144,0.019720728
17583,0.81355536,0.79387283,0.019682515
17584,0.81360215,0.79385453,0.019747607
17585,0.8134353,0.7937277,0.019707587
17586,0.8132891,0.793642,0.019647082
17587,0.81330526,0.7935859,0.019719342
17588,0.813143,0.7934691,0.019673944
17589,0.81306446,0.79342747,0.019636977
17590,0.81307346,0.79336447,0.019708982
17591,0.8129189,0.79322964,0.019689221
17592,0.81279975,0.7931911,0.01960869
17593,0.81273437,0.79310846,0.01962592
17594,0.8126711,0.79300827,0.019662848
17595,0.81254864,0.7929624,0.019586284
17596,0.8124834,0.792909,0.01957435
17597,0.81247926,0.79277855,0.019700695
17598,0.8123393,0.792757,0.019582335
17599,0.81219107,0.7926613,0.01952977
17600,0.81218076,0.7925622,0.01961859
17601,0.8120592,0.7925097,0.01954951
17602,0.81197226,0.79242283,0.019549388
17603,0.8119229,0.7923452,0.019577717
17604,0.8118338,0.79226667,0.019567149
17605,0.8117039,0.7921586,0.019545274
17606,0.81162935,0.79209596,0.019533448
17607,0.8115589,0.792011,0.019547898
17608,0.811462,0.791915,0.019547006
17609,0.8113943,0.7918343,0.019559946
17610,0.8113173,0.79176563,0.01955166
17611,0.8112245,0.7917051,0.019519446
17612,0.81112784,0.7916074,0.019520465
17613,0.8110597,0.7915468,0.019512892
17614,0.811012,0.79147816,0.019533897
17615,0.81120384,0.79147327,0.01973055
17616,0.8114724,0.79127854,0.020193819
17617,0.811623,0.79136765,0.020255353
17618,0.8113402,0.79113644,0.02020381
17619,0.8107334,0.79113734,0.01959603
17620,0.8105586,0.79100794,0.019550731
17621,0.8108812,0.7909047,0.019976463
17622,0.81081855,0.7909474,0.01987116
17623,0.8103219,0.7907342,0.019587792
17624,0.8101909,0.79067236,0.01951855
17625,0.8103392,0.7906821,0.019657144
17626,0.810213,0.7905188,0.01969422
17627,0.809944,0.7904459,0.019498069
17628,0.8099862,0.79039705,0.01958911
17629,0.809985,0.7902571,0.019727865
17630,0.8098581,0.7902227,0.019635376
17631,0.8096729,0.79010755,0.019565353
17632,0.80954385,0.7900328,0.01951102
17633,0.80968904,0.78994906,0.019740008
17634,0.80962974,0.78985536,0.019774405
17635,0.80947405,0.78981817,0.019655917
17636,0.8094609,0.7897356,0.019725222
17637,0.80943054,0.7896544,0.019776164
17638,0.80914307,0.7895304,0.019612694
17639,0.8089901,0.78951544,0.01947465
17640,0.8089665,0.7894488,0.019517723
17641,0.80885535,0.7892786,0.019576741
17642,0.8088323,0.7892214,0.019610835
17643,0.8086411,0.7891686,0.019472497
17644,0.8086109,0.7891456,0.019465316
17645,0.8084396,0.78901136,0.019428272
17646,0.80840546,0.7889325,0.01947292
17647,0.8083018,0.788848,0.019453824
17648,0.8081396,0.7887566,0.019383028
17649,0.8081627,0.7886962,0.01946644
17650,0.80804753,0.7886176,0.019429918
17651,0.80799836,0.78848916,0.019509194
17652,0.8078938,0.7884505,0.019443315
17653,0.80774754,0.7883378,0.019409774
17654,0.80781174,0.78828126,0.019530488
17655,0.80761397,0.78820467,0.019409293
17656,0.8075917,0.7881037,0.019487938
17657,0.80750144,0.7880133,0.019488165
17658,0.8074305,0.7879797,0.019450795
17659,0.807383,0.7878877,0.01949532
17660,0.8072604,0.7877962,0.019464174
17661,0.8072317,0.78771305,0.0195187
17662,0.8071535,0.7876287,0.019524816
17663,0.80709714,0.7876114,0.019485736
17664,0.8070025,0.7874919,0.019510593
17665,0.8068757,0.787449,0.019426715
17666,0.80682844,0.78736436,0.019464055
17667,0.8068214,0.78726286,0.019558538
17668,0.8066369,0.7872032,0.019433737
17669,0.8065443,0.78708845,0.019455815
17670,0.80642945,0.78701586,0.01941357
17671,0.8063668,0.78695273,0.01941405
17672,0.8063234,0.78688246,0.019440923
17673,0.8062184,0.78679544,0.019422961
17674,0.8061794,0.7867361,0.019443318
17675,0.80606717,0.78664273,0.01942446
17676,0.8059825,0.78658783,0.019394612
17677,0.8059004,0.7865145,0.019385865
17678,0.8058085,0.78638697,0.019421507
17679,0.80576366,0.7863349,0.019428793
17680,0.805698,0.7862404,0.01945762
17681,0.8056057,0.78621614,0.019389581
17682,0.8055051,0.78611267,0.019392435
17683,0.8054204,0.7860158,0.019404542
17684,0.8053492,0.7859401,0.019409053
17685,0.80526763,0.7858312,0.019436434
17686,0.80517393,0.78578544,0.0193885
17687,0.80508816,0.78568065,0.019407531
17688,0.8050249,0.7856055,0.019419441
17689,0.80500025,0.7855137,0.019486513
17690,0.8049292,0.78544575,0.01948344
17691,0.80479884,0.78538907,0.019409746
17692,0.8047304,0.7853154,0.019414995
17693,0.80464184,0.7852332,0.019408671
17694,0.8045839,0.78513926,0.019444657
17695,0.80448496,0.7850383,0.019446675
17696,0.8044106,0.7850056,0.019404922
17697,0.8042697,0.7848785,0.019391205
17698,0.8041995,0.78477925,0.019420292
17699,0.80417424,0.78475434,0.019419905
17700,0.80406624,0.7846433,0.019422945
17701,0.80401284,0.7845659,0.01944692
17702,0.80388737,0.7844809,0.019406479
17703,0.8037476,0.7844043,0.019343294
17704,0.80371404,0.784343,0.019371033
17705,0.8035914,0.7842099,0.019381437
17706,0.8035432,0.7841511,0.019392177
17707,0.8034387,0.7840603,0.01937842
17708,0.80335563,0.78401023,0.019345403
17709,0.80323327,0.78391993,0.01931338
17710,0.8031725,0.7838297,0.019342832
17711,0.8031042,0.7837634,0.019340802
17712,0.80303496,0.7837028,0.01933217
17713,0.80293286,0.783623,0.01930989
17714,0.8028209,0.78351456,0.019306362
17715,0.80275154,0.7834438,0.01930774
17716,0.8026948,0.78337044,0.019324359
17717,0.802587,0.78329694,0.019290015
17718,0.8025082,0.78320414,0.019304067
17719,0.80242693,0.7831125,0.019314421
17720,0.80236536,0.78304446,0.019320881
17721,0.80226725,0.7829637,0.019303571
17722,0.80218786,0.7829113,0.01927657
17723,0.8021547,0.782813,0.019341731
17724,0.8021022,0.7827711,0.019331079
17725,0.8020057,0.78263366,0.019372055
17726,0.80188835,0.7825866,0.019301781
17727,0.8017718,0.782481,0.019290823
17728,0.8016864,0.78238606,0.019300342
17729,0.8016123,0.78231645,0.019295838
17730,0.80162454,0.7822263,0.019398212
17731,0.8017742,0.78218204,0.019592144
17732,0.8018636,0.7820438,0.0198198
17733,0.8018608,0.782108,0.019752821
17734,0.80166733,0.7818959,0.019771488
17735,0.80137867,0.78187555,0.019503156
17736,0.8011101,0.78173304,0.019377057
17737,0.8009412,0.7817042,0.019237062
17738,0.8008232,0.7815902,0.019232994
17739,0.800907,0.78149843,0.019408599
17740,0.8008601,0.78148234,0.019377727
17741,0.8007405,0.7813483,0.019392157
17742,0.80058813,0.78129274,0.019295394
17743,0.80049706,0.7812215,0.0192755
17744,0.8005093,0.7811199,0.01938942
17745,0.80058354,0.781095,0.019488504
17746,0.800517,0.78093326,0.019583745
17747,0.8002638,0.7808913,0.019372506
17748,0.8000708,0.7807819,0.019288927
17749,0.7999849,0.7807085,0.019276407
17750,0.7999331,0.7806308,0.019302273
17751,0.7998575,0.7805478,0.019309737
17752,0.79980046,0.78049254,0.019307882
17753,0.79971653,0.780385,0.019331496
17754,0.79984677,0.78034425,0.019502513
17755,0.8011914,0.78023756,0.020953868
17756,0.8042759,0.78047156,0.023804326
17757,0.8084755,0.78036934,0.028106153
17758,0.8096235,0.7808079,0.028815579
17759,0.8049068,0.78009474,0.024812087
17760,0.7995604,0.7798596,0.01970086
17761,0.80046666,0.7798859,0.020580774
17762,0.8039469,0.77979445,0.024152463
17763,0.80284894,0.7800128,0.022836108
17764,0.79917604,0.77947634,0.019699652
17765,0.7997498,0.7794302,0.020319581
17766,0.80163103,0.77972674,0.02190429
17767,0.80051374,0.77930063,0.021213148
17768,0.7986848,0.77922684,0.019457933
17769,0.7987917,0.7791654,0.019626334
17770,0.7998132,0.77906215,0.020751044
17771,0.79944575,0.77919894,0.020246783
17772,0.79823446,0.7789055,0.019328909
17773,0.79869294,0.77884954,0.019843414
17774,0.79921186,0.77892303,0.020288829
17775,0.79839724,0.77870345,0.01969375
17776,0.7979022,0.7786082,0.019294027
17777,0.79846036,0.7786219,0.019838413
17778,0.7984116,0.77844095,0.019970644
17779,0.79777205,0.7784492,0.01932288
17780,0.7976933,0.77837443,0.019318845
17781,0.7977834,0.77821547,0.01956791
17782,0.7978426,0.77821636,0.01962626
17783,0.7974331,0.7780787,0.019354375
17784,0.79731375,0.7780135,0.019300217
17785,0.7974269,0.7780036,0.01942333
17786,0.7972966,0.77782154,0.01947508
17787,0.79712,0.7778016,0.019318402
17788,0.7971133,0.7777015,0.019411802
17789,0.7976998,0.77761245,0.020087382
17790,0.79805064,0.77773845,0.020312184
17791,0.7974526,0.7774532,0.019999418
17792,0.796898,0.7774291,0.01946888
17793,0.79655993,0.77729607,0.01926386
17794,0.79684275,0.7772551,0.0195876
17795,0.7973022,0.77731246,0.019989748
17796,0.79734683,0.77706015,0.020286655
17797,0.79707956,0.77709424,0.019985313
17798,0.79635334,0.7768839,0.019469444
17799,0.79611975,0.7769005,0.019219246
17800,0.79630077,0.7768697,0.019431055
17801,0.79619706,0.77666956,0.019527478
17802,0.7960192,0.7766382,0.019380962
17803,0.79566664,0.776541,0.019125689
17804,0.79572564,0.77647966,0.019245967
17805,0.79552794,0.7763699,0.019157987
17806,0.7955736,0.776305,0.019268565
17807,0.79537004,0.77619654,0.019173479
17808,0.7952942,0.7761445,0.019149713
17809,0.7951857,0.77606505,0.019120635
17810,0.7951079,0.7759566,0.019151326
17811,0.79508054,0.7759086,0.019171968
17812,0.7949418,0.7758152,0.01912658
17813,0.7948185,0.7757525,0.019066071
17814,0.7947489,0.775685,0.01906392
17815,0.7946664,0.7755772,0.019089233
17816,0.7945963,0.77551115,0.019085208
17817,0.79450166,0.7754519,0.019049753
17818,0.7944537,0.77536166,0.019092027
17819,0.7943627,0.7752916,0.019071113
17820,0.79431856,0.7751927,0.019125862
17821,0.7941575,0.77514076,0.019016746
17822,0.7941025,0.7750696,0.019032907
17823,0.79409695,0.77499163,0.01910535
17824,0.79401994,0.7749549,0.01906507
17825,0.7939035,0.7748406,0.019062916
17826,0.7938422,0.7747819,0.019060317
17827,0.7937347,0.77471143,0.019023273
17828,0.7936559,0.77460754,0.019048307
17829,0.7935328,0.77452695,0.019005824
17830,0.7935328,0.7744672,0.0190656
17831,0.7935623,0.774358,0.019204322
17832,0.79334766,0.7743171,0.019030552
17833,0.7932406,0.77423036,0.019010255
17834,0.7931863,0.77413505,0.019051258
17835,0.7931417,0.77408093,0.019060789
17836,0.79309124,0.77400666,0.019084582
17837,0.7929545,0.77397555,0.018978953
17838,0.79284155,0.7738403,0.019001232
17839,0.79285824,0.77374023,0.019117992
17840,0.7928412,0.773735,0.019106163
17841,0.79270375,0.7736218,0.01908192
17842,0.79257303,0.7735461,0.019026933
17843,0.792534,0.7734934,0.01904055
17844,0.7924493,0.7733962,0.019053075
17845,0.7923504,0.77332014,0.019030308
17846,0.7922826,0.7732562,0.019026415
17847,0.7922555,0.77317494,0.019080553
17848,0.7921454,0.7731116,0.019033754
17849,0.7920123,0.77300274,0.019009542
17850,0.79193276,0.7729182,0.019014562
17851,0.7918614,0.7728681,0.018993298
17852,0.79177976,0.7727773,0.019002426
17853,0.79176056,0.77269703,0.019063484
17854,0.7916102,0.77261823,0.018991949
17855,0.79154134,0.7725655,0.018975884
17856,0.79144466,0.7724609,0.018983766
17857,0.7914035,0.7723627,0.019040782
17858,0.79134923,0.7723314,0.01901786
17859,0.7912836,0.7722251,0.019058539
17860,0.79117984,0.7721839,0.018995967
17861,0.79109126,0.77205825,0.019033039
17862,0.7910161,0.77198756,0.019028548
17863,0.7909546,0.77194273,0.01901184
17864,0.79092497,0.7718522,0.019072795
17865,0.79082835,0.7717833,0.019045029
17866,0.79070723,0.7716816,0.019025654
17867,0.79061764,0.7715756,0.019042026
17868,0.7905919,0.77157116,0.019020716
17869,0.7904383,0.7714429,0.018995404
17870,0.79047966,0.77135044,0.019129183
17871,0.7904969,0.77134657,0.019150343
17872,0.7902209,0.771195,0.019025914
17873,0.79006743,0.771121,0.01894638
17874,0.79013413,0.7710938,0.019040322
17875,0.7901254,0.7709639,0.019161504
17876,0.78999245,0.7709388,0.019053642
17877,0.7898283,0.77081203,0.019016273
17878,0.7897513,0.7707362,0.019015078
17879,0.78975004,0.7707117,0.01903835
17880,0.7896455,0.77055186,0.019093629
17881,0.7895058,0.7705046,0.019001212
17882,0.7893931,0.7704357,0.018957425
17883,0.7893364,0.7703462,0.018990159
17884,0.78925496,0.7703045,0.0189505
17885,0.78916484,0.7701914,0.018973466
17886,0.7890427,0.77013814,0.018904582
17887,0.7889245,0.7700348,0.018889695
17888,0.7888748,0.7699748,0.018899968
17889,0.7887774,0.7699013,0.018876111
17890,0.7886925,0.769809,0.018883463
17891,0.78872406,0.76978236,0.018941725
17892,0.7886544,0.7696471,0.01900724
17893,0.7885196,0.7696176,0.018901993
17894,0.7883734,0.7695013,0.018872084
17895,0.78825086,0.7694206,0.018830234
17896,0.7882095,0.7693691,0.018840354
17897,0.7881429,0.7692731,0.018869787
17898,0.788041,0.769201,0.018840006
17899,0.78792727,0.7690997,0.018827548
17900,0.7878485,0.7690272,0.018821271
17901,0.7877822,0.7689532,0.018828982
17902,0.7876936,0.76886064,0.018833008
17903,0.78756356,0.7687945,0.018769074
17904,0.7875182,0.76871806,0.018800095
17905,0.78746027,0.76865673,0.018803552
17906,0.7874655,0.7685458,0.018919716
17907,0.7873758,0.76850915,0.018866688
17908,0.78733444,0.7683926,0.018941833
17909,0.7871579,0.7683424,0.018815462
17910,0.7870693,0.76826143,0.018807907
17911,0.7870196,0.76816285,0.01885679
17912,0.7869954,0.7681204,0.018875008
17913,0.786884,0.7680125,0.018871512
17914,0.78680444,0.7679712,0.018833226
17915,0.78671914,0.76789063,0.018828526
17916,0.78663105,0.7677831,0.018847896
17917,0.7865723,0.7677089,0.0188634
17918,0.78642917,0.76761377,0.018815415
17919,0.78636944,0.7675577,0.01881175
17920,0.7862748,0.76747537,0.018799435
17921,0.7862084,0.76739085,0.018817507
17922,0.7861413,0.7673121,0.01882914
17923,0.7860854,0.7672285,0.018856976
17924,0.78601265,0.76719606,0.01881661
17925,0.7859014,0.7670944,0.018807039
17926,0.78580815,0.7670079,0.018800277
17927,0.785768,0.766943,0.018824989
17928,0.7856692,0.7668179,0.018851262
17929,0.78555524,0.76678824,0.018766973
17930,0.78549445,0.7666842,0.018810257
17931,0.7854743,0.7666075,0.018866766
17932,0.78538626,0.7665301,0.018856142
17933,0.7852888,0.7664624,0.018826395
17934,0.7851997,0.76639754,0.018802151
17935,0.7851559,0.76632905,0.018826842
17936,0.7850495,0.7662262,0.018823337
17937,0.7849742,0.7661641,0.018810054
17938,0.78485656,0.7660712,0.018785352
17939,0.7847822,0.7659779,0.018804219
17940,0.7847131,0.76591176,0.018801302
17941,0.7846519,0.7658257,0.018826218
17942,0.7845366,0.7657428,0.01879384
17943,0.78443927,0.7656621,0.018777173
17944,0.78437006,0.7655909,0.018779125
17945,0.784291,0.7655257,0.018765295
17946,0.7842367,0.7654415,0.018795257
17947,0.7841308,0.76534474,0.018786076
17948,0.7840645,0.7652775,0.018786972
17949,0.7839587,0.76520115,0.018757552
17950,0.7838785,0.76512545,0.018753063
17951,0.7838016,0.7650429,0.01875875
17952,0.7837168,0.76495194,0.018764827
17953,0.78366446,0.7648859,0.018778533
17954,0.7835913,0.76481396,0.0187773
17955,0.7835011,0.76470184,0.018799221
17956,0.78341377,0.7646367,0.018777125
17957,0.78330165,0.76454556,0.018756071
17958,0.7832853,0.76446694,0.018818418
17959,0.7832609,0.7644547,0.018806133
17960,0.78319,0.7643334,0.018856576
17961,0.78304744,0.7642477,0.018799715
17962,0.7830508,0.76419044,0.018860307
17963,0.7829599,0.7640712,0.018888602
17964,0.7828507,0.7639963,0.01885438
17965,0.7828537,0.76393443,0.018919304
17966,0.7827393,0.7638473,0.018892014
17967,0.7826368,0.76377386,0.01886294
17968,0.7825548,0.76371443,0.018840354
17969,0.7824874,0.763603,0.018884407
17970,0.78238386,0.7635376,0.018846232
17971,0.78226423,0.76344883,0.018815437
17972,0.7822309,0.7633581,0.018872766
17973,0.7821646,0.7633167,0.018847888
17974,0.7820477,0.76323014,0.018817531
17975,0.7819974,0.76315457,0.018842813
17976,0.7818972,0.76309484,0.018802362
17977,0.78183526,0.7629927,0.018842548
17978,0.7817211,0.7629362,0.018784985
17979,0.7816078,0.76282305,0.018784767
17980,0.7815598,0.7627324,0.018827435
17981,0.78147113,0.7626699,0.018801216
17982,0.78139096,0.76259464,0.018796321
17983,0.7812634,0.76248896,0.01877446
17984,0.78122824,0.76242125,0.01880703
17985,0.7811473,0.7623385,0.01880877
17986,0.78104854,0.7622728,0.018775765
17987,0.780957,0.7622024,0.018754622
17988,0.78086734,0.7621214,0.018745916
17989,0.78079164,0.76203966,0.018751953
17990,0.78071886,0.7619409,0.018777966
17991,0.7806138,0.76185966,0.018754158
17992,0.78054154,0.7617854,0.018756181
17993,0.78047186,0.7617044,0.018767463
17994,0.78040737,0.76160705,0.018800322
17995,0.78032696,0.7615237,0.018803235
17996,0.7801872,0.7614638,0.018723333
17997,0.780141,0.7613931,0.018747922
17998,0.78003824,0.761332,0.018706273
17999,0.7799445,0.76125556,0.018688906
18000,0.77987784,0.7611663,0.018711582
18001,0.7798289,0.7611084,0.018720502
18002,0.7797649,0.760966,0.018798852
18003,0.77963215,0.76092225,0.018709911
18004,0.77954084,0.7608124,0.018728431
18005,0.77946573,0.76077473,0.018690994
18006,0.77938324,0.7606767,0.018706579
18007,0.7792453,0.7605838,0.0186615
18008,0.77923775,0.76050144,0.018736294
18009,0.779065,0.7604097,0.018655282
18010,0.7790106,0.76033473,0.018675823
18011,0.7788843,0.7602525,0.018631846
18012,0.7788693,0.7601765,0.018692797
18013,0.7788043,0.7600783,0.018725993
18014,0.77872324,0.76004475,0.018678483
18015,0.7785675,0.75992984,0.018637693
18016,0.7784719,0.7598353,0.018636588
18017,0.77845514,0.75978327,0.0186719
18018,0.7784047,0.75969625,0.018708467
18019,0.7783346,0.75967574,0.018658854
18020,0.77818,0.7595158,0.018664176
18021,0.7780715,0.7594325,0.01863901
18022,0.7779718,0.75936824,0.018603543
18023,0.77793473,0.7593103,0.018624403
18024,0.77801687,0.7592807,0.01873624
18025,0.7783101,0.759128,0.019182142
18026,0.778764,0.7591774,0.019586593
18027,0.77898103,0.7589831,0.019997956
18028,0.7789646,0.7591564,0.019808173
18029,0.7784785,0.7588066,0.019671941
18030,0.77810293,0.75884247,0.019260487
18031,0.7777363,0.75867593,0.019060336
18032,0.7774835,0.7587351,0.018748356
18033,0.77710885,0.75852567,0.018583203
18034,0.77698535,0.75844765,0.018537741
18035,0.77687967,0.758375,0.018504689
18036,0.77687186,0.7582904,0.01858142
18037,0.7768719,0.75830925,0.018562723
18038,0.77666724,0.7581147,0.018552588
18039,0.7766571,0.7580491,0.018608015
18040,0.7765435,0.7579574,0.018586079
18041,0.77659637,0.7579521,0.018644279
18042,0.7766254,0.7578122,0.018813223
18043,0.77639896,0.75772715,0.01867183
18044,0.77620137,0.7576167,0.018584624
18045,0.7760824,0.7575715,0.018510884
18046,0.77606314,0.75753653,0.018526617
18047,0.77602416,0.75738513,0.018639063
18048,0.77593464,0.7573349,0.018599732
18049,0.77578145,0.7572079,0.018573543
18050,0.77569634,0.75716716,0.018529216
18051,0.7756193,0.75708795,0.018531386
18052,0.77555364,0.7569776,0.018576026
18053,0.775534,0.75692874,0.018605236
18054,0.77538973,0.756825,0.018564813
18055,0.7753404,0.75678754,0.018552857
18056,0.77522165,0.7566719,0.018549703
18057,0.7751545,0.7565652,0.018589303
18058,0.77509594,0.75653625,0.018559676
18059,0.7750192,0.756446,0.01857321
18060,0.7749646,0.7564088,0.01855577
18061,0.77484214,0.75629276,0.018549392
18062,0.7747776,0.75618947,0.01858812
18063,0.7746981,0.7561734,0.018524686
18064,0.7745455,0.7560306,0.01851491
18065,0.7744719,0.7559616,0.018510334
18066,0.77439433,0.7558814,0.01851289
18067,0.7743574,0.75579995,0.01855743
18068,0.7742998,0.75576454,0.018535253
18069,0.7741856,0.75562143,0.018564146
18070,0.7740765,0.7555715,0.018505042
18071,0.7739467,0.7554565,0.018490221
18072,0.773823,0.7554022,0.018420782
18073,0.7737098,0.7552936,0.018416187
18074,0.7737553,0.7551877,0.018567588
18075,0.7739333,0.75522566,0.018707609
18076,0.7740084,0.7550608,0.018947605
18077,0.77365315,0.7550365,0.018616717
18078,0.77339774,0.7548881,0.018509634
18079,0.77324766,0.754835,0.01841261
18080,0.77330667,0.7548116,0.018495075
18081,0.77322084,0.7546355,0.018585308
18082,0.773087,0.7545811,0.01850596
18083,0.77296966,0.75448054,0.018489132
18084,0.7729067,0.7544331,0.018473634
18085,0.77281135,0.754357,0.018454323
18086,0.7728267,0.75425196,0.01857471
18087,0.7726568,0.7541782,0.018478569
18088,0.7725419,0.75410753,0.018434357
18089,0.77246416,0.7540159,0.018448234
18090,0.77238125,0.7539443,0.018436944
18091,0.77228487,0.7538305,0.018454412
18092,0.77216107,0.7537774,0.018383699
18093,0.77209014,0.7537032,0.018386971
18094,0.7720132,0.7536037,0.01840951
18095,0.77191544,0.75352204,0.018393438
18096,0.7718652,0.7534229,0.018442258
18097,0.77174085,0.7533791,0.018361727
18098,0.77166116,0.7533022,0.018358922
18099,0.7715856,0.75319386,0.01839171
18100,0.77152896,0.7531266,0.018402327
18101,0.7714469,0.7530468,0.018400084
18102,0.77137893,0.7529699,0.01840901
18103,0.77130085,0.7528802,0.018420678
18104,0.77121437,0.75279516,0.018419208
18105,0.7712797,0.7527712,0.018508535
18106,0.77158874,0.7526398,0.018948989
18107,0.7720667,0.7527016,0.019365165
18108,0.7727036,0.75248516,0.020218454
18109,0.7730005,0.75266856,0.020331934
18110,0.7724263,0.75232744,0.02009884
18111,0.77143794,0.75238454,0.019053387
18112,0.77066386,0.7521757,0.018488148
18113,0.77068067,0.752099,0.018581655
18114,0.77116376,0.7521193,0.01904441
18115,0.77135545,0.7519443,0.019411119
18116,0.771046,0.7519791,0.019066844
18117,0.7705246,0.75177526,0.018749386
18118,0.7701358,0.7517083,0.018427445
18119,0.77032036,0.7516874,0.018632997
18120,0.7703549,0.7515379,0.018816983
18121,0.7701405,0.7515286,0.018611945
18122,0.76987165,0.7514112,0.018460453
18123,0.76987123,0.7512938,0.018577453
18124,0.7699317,0.75127774,0.018653905
18125,0.76975757,0.7511226,0.018634994
18126,0.7695724,0.75110275,0.018469619
18127,0.7694446,0.7510063,0.018438261
18128,0.7694216,0.75089324,0.018528331
18129,0.7693951,0.75084645,0.018548688
18130,0.7692429,0.7507147,0.018528178
18131,0.76906425,0.7506769,0.018387357
18132,0.76894265,0.7505654,0.018377226
18133,0.76897323,0.7504867,0.018486569
18134,0.7689126,0.75043386,0.01847878
18135,0.76876134,0.75032014,0.018441204
18136,0.7686197,0.7502281,0.018391617
18137,0.76863647,0.7501837,0.018452777
18138,0.76872295,0.7500686,0.018654335
18139,0.76863146,0.7500344,0.018597117
18140,0.768419,0.7499037,0.018515363
18141,0.768212,0.7498616,0.01835038
18142,0.7681058,0.74975544,0.018350342
18143,0.7680813,0.74967045,0.018410873
18144,0.7682037,0.74966186,0.018541776
18145,0.76842064,0.74950534,0.018915284
18146,0.7687334,0.74960077,0.019132633
18147,0.7688747,0.749365,0.019509727
18148,0.7685995,0.749417,0.019182488
18149,0.7681773,0.7491913,0.018986009
18150,0.7676063,0.74921477,0.018391559
18151,0.76733255,0.74909145,0.018241072
18152,0.7674927,0.74893904,0.018553717
18153,0.76756847,0.7489876,0.018580848
18154,0.767143,0.7488107,0.018332338
18155,0.7670477,0.74874514,0.018302571
18156,0.7671576,0.7487213,0.018436322
18157,0.7670313,0.7485447,0.018486638
18158,0.7668197,0.74852484,0.01829485
18159,0.7666948,0.74843204,0.018262744
18160,0.766699,0.7483169,0.018382113
18161,0.76687044,0.7482919,0.018578533
18162,0.76670384,0.74812996,0.018573908
18163,0.76642466,0.7481272,0.018297454
18164,0.76626676,0.74801844,0.018248295
18165,0.7661568,0.7479114,0.018245354
18166,0.76614136,0.747867,0.018274415
18167,0.7661285,0.74775,0.018378517
18168,0.76600546,0.7477372,0.01826823
18169,0.76588094,0.7476129,0.018268067
18170,0.76575154,0.74753124,0.0182203
18171,0.765708,0.7474794,0.018228697
18172,0.765741,0.74735314,0.018387863
18173,0.76551217,0.7473167,0.018195469
18174,0.7654191,0.74720097,0.018218126
18175,0.76538163,0.74709314,0.018288502
18176,0.7653915,0.74710906,0.018282512
18177,0.76531166,0.74697036,0.018341277
18178,0.7651191,0.74690723,0.018211862
18179,0.7650079,0.7468134,0.018194467
18180,0.7649064,0.74671775,0.018188614
18181,0.76493895,0.7467045,0.018234445
18182,0.7649126,0.7465875,0.01832507
18183,0.76471174,0.7465234,0.018188372
18184,0.7646995,0.74644667,0.018252838
18185,0.76463675,0.74632555,0.018311199
18186,0.76454926,0.7463128,0.018236468
18187,0.76439947,0.74618757,0.018211912
18188,0.7642798,0.7460948,0.018184984
18189,0.7642005,0.7460337,0.018166773
18190,0.7643691,0.74594146,0.018427622
18191,0.76458895,0.74591535,0.018673558
18192,0.7651874,0.74576426,0.019423071
18193,0.76568174,0.74588627,0.019795453
18194,0.7654541,0.7456388,0.01981532
18195,0.7646803,0.74566174,0.019018581
18196,0.7639521,0.74544746,0.018504634
18197,0.7636114,0.7453977,0.018213693
18198,0.7634413,0.7452967,0.018144604
18199,0.7633344,0.745221,0.018113371
18200,0.7632717,0.7451355,0.018136198
18201,0.76320076,0.7450625,0.018138334
18202,0.76307344,0.74494994,0.018123498
18203,0.76303303,0.7448761,0.018156929
18204,0.7629364,0.7448119,0.018124511
18205,0.76284033,0.7447288,0.018111518
18206,0.7627632,0.74462616,0.018137053
18207,0.7626961,0.74455184,0.018144256
18208,0.7626519,0.744476,0.018175852
18209,0.76256806,0.74441814,0.018149901
18210,0.762466,0.7442916,0.018174399
18211,0.7623582,0.7442205,0.018137654
18212,0.7623164,0.7441385,0.01817791
18213,0.7622681,0.7440467,0.018221423
18214,0.7621723,0.7439801,0.018192116
18215,0.76208717,0.74389124,0.018195892
18216,0.7619434,0.7438058,0.01813759
18217,0.761918,0.743768,0.018150063
18218,0.76186156,0.74365854,0.018203022
18219,0.7617467,0.74359155,0.018155156
18220,0.7616576,0.7435013,0.0181563
18221,0.7615559,0.74343985,0.018116057
18222,0.7614884,0.7433598,0.018128568
18223,0.7614446,0.74326587,0.018178765
18224,0.7613908,0.743228,0.018162739
18225,0.7613216,0.7431375,0.018184144
18226,0.76137024,0.7430802,0.018290041
18227,0.76150423,0.7429359,0.018568365
18228,0.7617991,0.7429932,0.018805962
18229,0.76211464,0.7428168,0.01929782
18230,0.76200956,0.7428708,0.01913881
18231,0.7613844,0.7426358,0.018748617
18232,0.7607673,0.74260443,0.018162848
18233,0.7606561,0.7425505,0.018105641
18234,0.7607492,0.7424086,0.018340666
18235,0.7609937,0.74237955,0.018614197
18236,0.7607788,0.74225056,0.018528264
18237,0.7606092,0.7423081,0.018301174
18238,0.76034397,0.74210954,0.018234389
18239,0.7602712,0.7420556,0.018215578
18240,0.76008344,0.74197847,0.018104965
18241,0.7599533,0.74193114,0.018022168
18242,0.75988156,0.74182355,0.018057983
18243,0.7598145,0.7417166,0.01809789
18244,0.7597179,0.7416632,0.018054679
18245,0.7596854,0.74155146,0.018133964
18246,0.7596731,0.741507,0.018166106
18247,0.759709,0.74136263,0.018346347
18248,0.7598672,0.7413739,0.018493291
18249,0.75995785,0.7412214,0.01873641
18250,0.7595635,0.7412132,0.018350318
18251,0.75912666,0.74103403,0.018092612
18252,0.75902563,0.74098027,0.018045355
18253,0.759089,0.7409698,0.018119214
18254,0.7592041,0.7408225,0.018381605
18255,0.7590677,0.7407907,0.01827695
18256,0.75873697,0.7406454,0.018091517
18257,0.7586171,0.74060225,0.01801487
18258,0.75867206,0.74054176,0.018130315
18259,0.75876063,0.7403941,0.018366521
18260,0.7585139,0.7403615,0.018152397
18261,0.7582216,0.74023706,0.017984618
18262,0.75833505,0.74014574,0.018189345
18263,0.7584467,0.74011356,0.018333092
18264,0.7581175,0.7399565,0.018161038
18265,0.7579233,0.7399203,0.018002953
18266,0.75789964,0.7398416,0.01805809
18267,0.7579799,0.7396982,0.018281749
18268,0.75787383,0.73968446,0.018189399
18269,0.7575968,0.7395291,0.018067753
18270,0.7575034,0.7394859,0.018017475
18271,0.75753623,0.7394313,0.01810495
18272,0.75745404,0.7393038,0.018150175
18273,0.757226,0.739248,0.017978033
18274,0.75719583,0.7391895,0.01800637
18275,0.7571951,0.73905325,0.018141855
18276,0.75701565,0.73902065,0.017995015
18277,0.7569071,0.73893034,0.017976752
18278,0.7569403,0.7388533,0.018086996
18279,0.7570039,0.73882145,0.018182466
18280,0.75689936,0.73869115,0.01820823
18281,0.7566724,0.73864585,0.018026587
18282,0.75646526,0.7385278,0.017937478
18283,0.7563393,0.73844427,0.017895054
18284,0.75637114,0.7383602,0.018010885
18285,0.7567508,0.73828894,0.01846189
18286,0.7572167,0.7383273,0.018889338
18287,0.7578521,0.73816633,0.019685699
18288,0.75806993,0.73821074,0.019859195
18289,0.7577971,0.73801357,0.019783508
18290,0.7568435,0.7380389,0.018804606
18291,0.7559531,0.7378519,0.018101176
18292,0.75571835,0.737742,0.017976332
18293,0.75631505,0.7377474,0.018567642
18294,0.75697374,0.73761654,0.019357163
18295,0.7569152,0.73765975,0.019255474
18296,0.7563005,0.73741496,0.018885506
18297,0.7555635,0.73738396,0.018179493
18298,0.7551327,0.73726684,0.017865866
18299,0.7553623,0.73717636,0.018185899
18300,0.7557734,0.73720556,0.018567866
18301,0.75606143,0.73704,0.019021448
18302,0.7561141,0.73709255,0.019021565
18303,0.75578845,0.73686063,0.018927839
18304,0.7552174,0.73689103,0.018326303
18305,0.7547748,0.73671025,0.0180646
18306,0.7545145,0.7366459,0.017868597
18307,0.7544437,0.73658144,0.017862264
18308,0.7545817,0.73647994,0.01810174
18309,0.7546794,0.736453,0.018226374
18310,0.7547176,0.73629445,0.018423134
18311,0.7543687,0.73627466,0.018094065
18312,0.7541631,0.73615396,0.018009122
18313,0.75393105,0.7361033,0.017827775
18314,0.75391966,0.73601216,0.017907491
18315,0.7541859,0.7359168,0.018269103
18316,0.7541211,0.7358939,0.018227229
18317,0.7539773,0.73574036,0.018236978
18318,0.7536449,0.7356893,0.017955597
18319,0.7535503,0.73560464,0.017945621
18320,0.7535386,0.73550606,0.01803255
18321,0.7535345,0.7354805,0.018054014
18322,0.75343174,0.73533034,0.018101346
18323,0.75330335,0.7352805,0.018022794
18324,0.7530906,0.73517776,0.017912889
18325,0.75300664,0.7351232,0.017883398
18326,0.75294197,0.7350436,0.017898386
18327,0.75285584,0.7349574,0.017898401
18328,0.75272936,0.73486704,0.017862285
18329,0.75268,0.7348188,0.017861146
18330,0.75259596,0.7346895,0.01790648
18331,0.75252974,0.73465127,0.017878432
18332,0.75244015,0.7345573,0.01788288
18333,0.7523377,0.7344807,0.017857034
18334,0.7522576,0.73438346,0.017874107
18335,0.75217605,0.73430574,0.0178703
18336,0.7520783,0.73422205,0.017856266
18337,0.75201684,0.734144,0.017872855
18338,0.75195307,0.7340579,0.017895164
18339,0.7518861,0.7340157,0.01787042
18340,0.75180066,0.7339143,0.017886352
18341,0.75167096,0.7338097,0.017861268
18342,0.75163704,0.73373914,0.017897913
18343,0.7515519,0.7336776,0.017874314
18344,0.7514654,0.73361343,0.017851911
18345,0.75138766,0.7335181,0.017869532
18346,0.75130683,0.7334263,0.017880583
18347,0.75123227,0.7333621,0.017870177
18348,0.7511691,0.73326063,0.017908458
18349,0.75114894,0.7332472,0.017901724
18350,0.75109154,0.73310524,0.017986262
18351,0.75101817,0.73305166,0.017966533
18352,0.75090885,0.73293144,0.017977437
18353,0.7508469,0.7329314,0.017915582
18354,0.7507051,0.7327944,0.0179107
18355,0.75058216,0.7327121,0.017870117
18356,0.75051576,0.7326454,0.017870411
18357,0.7504656,0.73256725,0.017898275
18358,0.7503727,0.73251754,0.017855158
18359,0.7502425,0.73240584,0.017836642
18360,0.7501389,0.7323123,0.017826578
18361,0.75004315,0.7322499,0.017793264
18362,0.7499648,0.7321641,0.0178007
18363,0.7499254,0.7320769,0.017848477
18364,0.7497922,0.73199934,0.017792841
18365,0.7496776,0.73190975,0.01776785
18366,0.7496478,0.7318616,0.017786209
18367,0.74954647,0.7317359,0.017810589
18368,0.749535,0.7317325,0.017802496
18369,0.74945474,0.7315942,0.017860489
18370,0.749358,0.73157024,0.017787749
18371,0.74920356,0.7314452,0.017758414
18372,0.7490924,0.73139554,0.017696854
18373,0.74901485,0.73130375,0.017711112
18374,0.74897164,0.73119134,0.017780308
18375,0.7488675,0.7311419,0.017725622
18376,0.7487802,0.73100674,0.017773475
18377,0.7486956,0.7309558,0.017739818
18378,0.74852705,0.7308497,0.017677376
18379,0.748458,0.73077357,0.017684445
18380,0.7483701,0.73068994,0.017680157
18381,0.7482483,0.73060054,0.017647734
18382,0.74822104,0.7304987,0.01772233
18383,0.748269,0.7304928,0.017776217
18384,0.7481288,0.73036504,0.017763758
18385,0.74799633,0.7303261,0.01767018
18386,0.7478496,0.73019916,0.01765045
18387,0.7477606,0.73009795,0.01766265
18388,0.7476579,0.7300336,0.017624304
18389,0.7475969,0.7299741,0.017622817
18390,0.747503,0.7298954,0.017607594
18391,0.7474492,0.72981685,0.017632375
18392,0.74738,0.7297108,0.017669193
18393,0.7472816,0.7296661,0.017615516
18394,0.74718857,0.7295668,0.017621761
18395,0.74714196,0.7295134,0.0176285
18396,0.7470283,0.7293984,0.017629836
18397,0.7469667,0.72931194,0.017654788
18398,0.7468679,0.7292475,0.017620426
18399,0.7467913,0.729159,0.017632294
18400,0.7467393,0.72909963,0.017639715
18401,0.7466581,0.7290022,0.01765592
18402,0.7465852,0.7289312,0.017654002
18403,0.7465088,0.72885936,0.017649414
18404,0.74644053,0.72876984,0.017670698
18405,0.74632716,0.7286778,0.017649356
18406,0.74625075,0.7285907,0.017660063
18407,0.7461983,0.72850525,0.017693043
18408,0.7461103,0.7284691,0.017641243
18409,0.7460907,0.72834724,0.017743468
18410,0.7459725,0.72829515,0.01767732
18411,0.7459293,0.7281819,0.017747443
18412,0.74575955,0.7281321,0.017627437
18413,0.7457187,0.7280444,0.017674327
18414,0.7456159,0.7279447,0.017671198
18415,0.7455403,0.7278768,0.017663537
18416,0.7456002,0.7277823,0.017817926
18417,0.7458054,0.7277619,0.01804349
18418,0.74613994,0.7276308,0.018509196
18419,0.74648243,0.7277082,0.018774193
18420,0.7465575,0.72748667,0.01907082
18421,0.7460978,0.7275303,0.0185675
18422,0.74538815,0.72730607,0.018082093
18423,0.74491036,0.72725284,0.0176575
18424,0.7447762,0.72717065,0.01760551
18425,0.7449115,0.72704667,0.01786482
18426,0.744957,0.72704434,0.017912596
18427,0.7447365,0.7268919,0.017844636
18428,0.7444673,0.72685164,0.01761565
18429,0.7443836,0.7267596,0.01762394
18430,0.74454,0.72664243,0.01789749
18431,0.7446709,0.7266558,0.018015131
18432,0.7446314,0.7264957,0.018135738
18433,0.7444099,0.7264722,0.01793776
18434,0.74408007,0.72630763,0.017772429
18435,0.7438683,0.7262778,0.01759044
18436,0.74384564,0.7262109,0.01763476
18437,0.7439327,0.72607857,0.017854119
18438,0.7440299,0.72606754,0.01796236
18439,0.7438756,0.7259095,0.01796616
18440,0.7435458,0.72588533,0.01766046
18441,0.7433639,0.72577244,0.017591462
18442,0.7433316,0.72569203,0.017639585
18443,0.7434427,0.72566706,0.017775664
18444,0.74340713,0.7255256,0.017881528
18445,0.7432621,0.72551835,0.017743811
18446,0.74304134,0.72539485,0.01764648
18447,0.7429297,0.7253357,0.01759395
18448,0.7428334,0.7252489,0.017584521
18449,0.7427901,0.7251603,0.017629804
18450,0.74279416,0.7251143,0.01767984
18451,0.7427956,0.7249965,0.017799044
18452,0.74291414,0.7249838,0.017930305
18453,0.74297327,0.72481036,0.018162906
18454,0.74295026,0.72485983,0.018090408
18455,0.74258345,0.72464836,0.017935093
18456,0.7422824,0.72461706,0.017665362
18457,0.74209887,0.72448874,0.017610157
18458,0.7420079,0.72442204,0.017585834
18459,0.74191463,0.72431964,0.017594993
18460,0.74184704,0.7242605,0.017586533
18461,0.7417545,0.72417,0.017584473
18462,0.74175376,0.72413903,0.01761474
18463,0.74166375,0.7240054,0.017658358
18464,0.7414893,0.7239138,0.0175755
18465,0.7414266,0.7238251,0.017601486
18466,0.74157155,0.72374165,0.017829865
18467,0.7415831,0.7237195,0.01786364
18468,0.74142647,0.72355837,0.017868076
18469,0.7411301,0.7235442,0.01758599
18470,0.74092495,0.7234306,0.017494362
18471,0.7408786,0.7233361,0.017542502
18472,0.74091476,0.7232839,0.017630909
18473,0.7409655,0.7231593,0.017806176
18474,0.740856,0.7231806,0.017675381
18475,0.7406164,0.72300804,0.0176084
18476,0.7404788,0.7229417,0.017537119
18477,0.7404388,0.7228719,0.017566908
18478,0.74056584,0.72276753,0.0177983
18479,0.7404943,0.7227507,0.017743599
18480,0.7402904,0.72260135,0.01768905
18481,0.7401195,0.7225595,0.017559972
18482,0.7399761,0.72246134,0.0175148
18483,0.73990387,0.72237104,0.01753282
18484,0.73992467,0.72230846,0.017616235
18485,0.7398911,0.7221661,0.017725032
18486,0.7399651,0.7221811,0.017784016
18487,0.7398605,0.7220114,0.01784913
18488,0.7397215,0.72199786,0.017723609
18489,0.73953474,0.72185165,0.017683119
18490,0.7394025,0.72181296,0.017589461
18491,0.7392842,0.7217069,0.017577263
18492,0.7391757,0.7216345,0.01754117
18493,0.73910683,0.72155106,0.017555797
18494,0.7390673,0.7214623,0.01760501
18495,0.73898864,0.72140944,0.017579233
18496,0.73886615,0.721288,0.017578144
18497,0.7387662,0.7212316,0.017534662
18498,0.7386918,0.7211483,0.017543484
18499,0.7386151,0.7210705,0.017544542
18500,0.73850995,0.72097486,0.017535076
18501,0.7384058,0.7208826,0.017523196
18502,0.73833615,0.7208205,0.017515654
18503,0.73822755,0.7207291,0.017498445
18504,0.73812765,0.72065705,0.017470598
18505,0.73803705,0.72054887,0.017488172
18506,0.7379381,0.7204962,0.017441932
18507,0.73785853,0.7204182,0.017440287
18508,0.73779094,0.72034705,0.017443944
18509,0.73767316,0.7202241,0.017449085
18510,0.737622,0.7201661,0.017455965
18511,0.73755413,0.7200934,0.017460722
18512,0.7374796,0.7199982,0.01748147
18513,0.73737127,0.71991605,0.01745525
18514,0.7373024,0.7198234,0.01747898
18515,0.7372006,0.7197606,0.017440042
18516,0.7371281,0.7196916,0.017436523
18517,0.73705405,0.7196016,0.01745249
18518,0.73695815,0.719505,0.017453125
18519,0.73689353,0.7194139,0.017479705
18520,0.73681873,0.71934855,0.017470133
18521,0.73671716,0.71926224,0.017454883
18522,0.73661804,0.71916246,0.017455582
18523,0.7365728,0.7191119,0.017460905
18524,0.7365476,0.71902853,0.017519016
18525,0.73676234,0.71904886,0.017713498
18526,0.73714274,0.71883875,0.018303987
18527,0.7378488,0.7189329,0.01891585
18528,0.7383482,0.71871275,0.01963546
18529,0.73830354,0.7188518,0.019451741
18530,0.7374157,0.71855074,0.018864965
18531,0.7363986,0.7185268,0.017871764
18532,0.7358027,0.71836144,0.017441284
18533,0.7358518,0.71829236,0.017559456
18534,0.7360516,0.7182868,0.017764816
18535,0.7359699,0.7181105,0.017859366
18536,0.73566663,0.71806175,0.017604882
18537,0.735445,0.7179587,0.017486341
18538,0.73534775,0.7179053,0.017442456
18539,0.7353546,0.71784216,0.01751244
18540,0.7352587,0.7177166,0.017542114
18541,0.7350971,0.71764106,0.017456014
18542,0.7350124,0.7175856,0.017426774
18543,0.7349028,0.71745884,0.017443988
18544,0.7348377,0.7174084,0.0174293
18545,0.73467255,0.7172735,0.017399058
18546,0.734572,0.71721596,0.017356047
18547,0.73450875,0.7171362,0.017372543
18548,0.73442996,0.71703887,0.017391082
18549,0.7343211,0.71696985,0.017351303
18550,0.7342143,0.7168894,0.017324934
18551,0.73415166,0.7168189,0.01733274
18552,0.73416966,0.7167487,0.017420974
18553,0.7341428,0.71665585,0.01748697
18554,0.7341516,0.71670926,0.017442321
18555,0.7341236,0.7165159,0.01760766
18556,0.7340194,0.7164874,0.017531984
18557,0.73392797,0.71633613,0.017591797
18558,0.7338342,0.7163375,0.017496662
18559,0.7336964,0.71617866,0.01751776
18560,0.7334491,0.7161029,0.01734618
18561,0.73336375,0.7160209,0.017342841
18562,0.7333482,0.71594596,0.01740222
18563,0.7333278,0.71590984,0.017417923
18564,0.7333305,0.71579295,0.017537538
18565,0.7331212,0.7157158,0.01740535
18566,0.73294073,0.7156346,0.017306175
18567,0.7329808,0.71552795,0.017452857
18568,0.7329021,0.7155199,0.017382225
18569,0.7327197,0.7153722,0.017347474
18570,0.7327133,0.7153215,0.017391782
18571,0.73271036,0.71528536,0.017424982
18572,0.7327995,0.7151284,0.01767102
18573,0.73265713,0.71513844,0.017518677
18574,0.7324728,0.7149851,0.017487697
18575,0.73225063,0.7149205,0.017330099
18576,0.7321472,0.71482,0.017327186
18577,0.7320429,0.7147314,0.017311534
18578,0.73195356,0.71465385,0.017299721
18579,0.7319005,0.7145815,0.01731902
18580,0.7318105,0.7145262,0.017284382
18581,0.73170596,0.71440357,0.017302351
18582,0.7316075,0.7143579,0.017249595
18583,0.731502,0.714244,0.017258022
18584,0.7314273,0.7141714,0.017255895
18585,0.7313559,0.7141001,0.017255777
18586,0.7312248,0.7139962,0.017228615
18587,0.73118025,0.7139263,0.017253956
18588,0.7310618,0.7138375,0.017224338
18589,0.73101205,0.7137475,0.017264541
18590,0.730984,0.71369624,0.01728775
18591,0.7308433,0.71359783,0.01724546
18592,0.7307401,0.7135165,0.017223591
18593,0.7306223,0.71342057,0.017201703
18594,0.7305596,0.7133344,0.017225236
18595,0.730479,0.7132732,0.017205749
18596,0.7304539,0.7131772,0.017276702
18597,0.73039633,0.71311146,0.017284881
18598,0.73039573,0.71300125,0.017394444
18599,0.7303097,0.71297455,0.017335122
18600,0.73030174,0.7128495,0.017452255
18601,0.7300757,0.71279204,0.017283704
18602,0.72989833,0.7126763,0.017222025
18603,0.7297478,0.7126169,0.01713081
18604,0.7296562,0.7125179,0.017138306
18605,0.72954744,0.71241724,0.017130166
18606,0.729472,0.7123305,0.0171415
18607,0.72940314,0.7122691,0.01713396
18608,0.729317,0.71217453,0.01714248
18609,0.72924364,0.7120933,0.01715034
18610,0.729166,0.7120128,0.017153187
18611,0.72912526,0.7119446,0.017180655
18612,0.72919047,0.7118562,0.017334275
18613,0.72922504,0.71182,0.017405057
18614,0.72922915,0.7116681,0.017561093
18615,0.72935146,0.7116421,0.017709376
18616,0.72995883,0.7115385,0.018420344
18617,0.7310153,0.7116224,0.019392926
18618,0.7320068,0.7114574,0.02054943
18619,0.732271,0.7116032,0.020667754
18620,0.7309764,0.7112827,0.019693715
18621,0.72921956,0.71118265,0.018036902
18622,0.7281425,0.71103036,0.017112127
18623,0.7284923,0.71095896,0.017533358
18624,0.72947264,0.7110375,0.01843515
18625,0.7298431,0.7108485,0.018994564
18626,0.7291009,0.71086174,0.018239167
18627,0.72815317,0.71067524,0.017477954
18628,0.72765994,0.7105697,0.017090242
18629,0.72821105,0.7105658,0.017645227
18630,0.73011243,0.7104968,0.019615686
18631,0.7323097,0.71075886,0.021550851
18632,0.7331149,0.71041197,0.022702958
18633,0.7312769,0.71053976,0.020737177
18634,0.72828996,0.7101218,0.018168163
18635,0.72718364,0.7100133,0.017170351
18636,0.72848606,0.71013546,0.01835061
18637,0.72889227,0.7099173,0.018974954
18638,0.7273059,0.7098384,0.01746749
18639,0.72700024,0.70975953,0.017240668
18640,0.72790533,0.70961815,0.018287186
18641,0.72772694,0.70971376,0.018013168
18642,0.72670364,0.709454,0.017249595
18643,0.7267326,0.7093506,0.01738201
18644,0.72727036,0.70939064,0.017879695
18645,0.72673887,0.70920295,0.017535884
18646,0.72626346,0.70915896,0.017104518
18647,0.7266632,0.70912904,0.017534187
18648,0.7269006,0.7089417,0.017958883
18649,0.72632796,0.7089427,0.017385248
18650,0.7259299,0.7088176,0.017112328
18651,0.7261197,0.7087253,0.017394463
18652,0.726397,0.708733,0.01766396
18653,0.72598517,0.7085524,0.017432762
18654,0.7255895,0.7085076,0.017081928
18655,0.72568053,0.7084833,0.017197277
18656,0.7258717,0.70832616,0.017545545
18657,0.725601,0.70829606,0.017304948
18658,0.7252968,0.70819396,0.017102849
18659,0.7253519,0.7080765,0.017275412
18660,0.7255694,0.70809394,0.01747547
18661,0.72538316,0.70791197,0.017471164
18662,0.7250263,0.7078683,0.017158054
18663,0.7249785,0.70780414,0.017174322
18664,0.7252,0.7077299,0.017470125
18665,0.7249551,0.7076935,0.017261576
18666,0.72466797,0.7075783,0.017089676
18667,0.7246946,0.7074904,0.017204221
18668,0.7247472,0.70747113,0.017276036
18669,0.7246577,0.7073324,0.017325327
18670,0.724344,0.70727104,0.017072985
18671,0.72426814,0.707198,0.017070115
18672,0.72425425,0.7070707,0.01718359
18673,0.7241149,0.70705116,0.017063744
18674,0.723994,0.70696217,0.017031882
18675,0.7239541,0.7068568,0.017097315
18676,0.72389114,0.70680535,0.017085824
18677,0.72373044,0.7067049,0.017025521
18678,0.72366226,0.7066325,0.017029766
18679,0.72357315,0.70656854,0.017004618
18680,0.7235705,0.70646185,0.017108629
18681,0.7235428,0.7064425,0.017100345
18682,0.7235674,0.7062835,0.017283916
18683,0.7236699,0.7062778,0.017392118
18684,0.72385836,0.7061367,0.017721673
18685,0.7239721,0.70619005,0.017782038
18686,0.7237755,0.7059767,0.017798772
18687,0.7231393,0.7059677,0.01717155
18688,0.7228678,0.70584977,0.017018043
18689,0.72308236,0.7057192,0.01736317
18690,0.7231155,0.7057742,0.01734129
18691,0.7226831,0.70559305,0.017090034
18692,0.72253066,0.70549953,0.017031118
18693,0.7227514,0.7055071,0.017244281
18694,0.72273076,0.70536864,0.017362097
18695,0.72232705,0.70531625,0.017010823
18696,0.72221994,0.7052231,0.016996836
18697,0.72232604,0.705127,0.017199079
18698,0.72230214,0.7051046,0.01719753
18699,0.7220557,0.7049666,0.01708902
18700,0.72187394,0.7048911,0.01698288
18701,0.7219752,0.704858,0.017117228
18702,0.7219289,0.7047306,0.017198307
18703,0.72168714,0.70468265,0.017004473
18704,0.7216011,0.70458233,0.017018756
18705,0.72173876,0.7044926,0.017246109
18706,0.7217277,0.7044681,0.017259652
18707,0.7215463,0.7043369,0.017209401
18708,0.72122836,0.70428574,0.016942669
18709,0.7213717,0.70423305,0.017138684
18710,0.7217783,0.70411116,0.017667135
18711,0.72145,0.7040674,0.017382607
18712,0.7209317,0.703965,0.01696674
18713,0.72107226,0.7038502,0.017222006
18714,0.72124815,0.7038468,0.017401323
18715,0.7209203,0.7037061,0.017214231
18716,0.72060037,0.70363563,0.01696476
18717,0.72061384,0.7036034,0.01701041
18718,0.7206062,0.70347774,0.017128423
18719,0.72042227,0.70344025,0.016982025
18720,0.7202369,0.70333755,0.016899358
18721,0.7202262,0.7032553,0.016970888
18722,0.7201974,0.7032383,0.016959105
18723,0.7200512,0.70310175,0.016949456
18724,0.7199074,0.70301217,0.01689527
18725,0.7198989,0.702958,0.016940884
18726,0.71981525,0.7028721,0.016943147
18727,0.71977365,0.7028117,0.016961949
18728,0.71959937,0.70271516,0.016884211
18729,0.71952486,0.7026255,0.016899344
18730,0.71947765,0.70256066,0.016916998
18731,0.71935683,0.7024869,0.016869973
18732,0.719304,0.7024438,0.016860228
18733,0.71921587,0.7023811,0.016834771
18734,0.7192058,0.70224506,0.016960723
18735,0.7197499,0.70218384,0.017566133
18736,0.72069275,0.70223516,0.018457582
18737,0.7207428,0.70203596,0.018706828
18738,0.7200701,0.70202017,0.018049946
18739,0.71914184,0.7018682,0.01727363
18740,0.718648,0.7017722,0.016875792
18741,0.71849054,0.70167625,0.01681428
18742,0.7183527,0.7015986,0.01675409
18743,0.71832293,0.70156455,0.016758379
18744,0.71824896,0.70145386,0.016795125
18745,0.7181403,0.70137495,0.016765337
18746,0.71809745,0.7012993,0.016798133
18747,0.71803224,0.70119387,0.016838346
18748,0.7179219,0.70113605,0.016785895
18749,0.71784365,0.70106024,0.016783418
18750,0.7178142,0.700984,0.016830215
18751,0.71776515,0.700925,0.016840134
18752,0.71765876,0.7008402,0.016818568
18753,0.71755517,0.7007642,0.016791001
18754,0.71748817,0.700697,0.016791219
18755,0.7174694,0.7005975,0.016871864
18756,0.7173389,0.7005316,0.016807314
18757,0.71729195,0.70045745,0.016834462
18758,0.71716976,0.700362,0.01680775
18759,0.7171282,0.7002926,0.016835626
18760,0.7170853,0.7001917,0.016893627
18761,0.716984,0.700152,0.016831972
18762,0.716822,0.70002353,0.01679849
18763,0.71677244,0.6999405,0.016831914
18764,0.7167795,0.69989854,0.016880937
18765,0.7166842,0.69979554,0.016888719
18766,0.71656156,0.69973826,0.01682326
18767,0.71653545,0.6996857,0.016849805
18768,0.7164446,0.6995791,0.016865488
18769,0.71636194,0.6995125,0.016849482
18770,0.71623975,0.6994239,0.016815875
18771,0.7162267,0.6993387,0.01688803
18772,0.71610284,0.6992649,0.016837934
18773,0.71601367,0.6991779,0.016835738
18774,0.7159259,0.6991134,0.016812477
18775,0.71584505,0.69902784,0.016817192
18776,0.71582824,0.6989501,0.016878134
18777,0.7158904,0.6988692,0.017021175
18778,0.71601427,0.69879895,0.017215325
18779,0.7161745,0.698783,0.017391529
18780,0.71624386,0.69863707,0.017606776
18781,0.7160215,0.698599,0.017422464
18782,0.71568245,0.6984725,0.017209912
18783,0.7153501,0.6984259,0.016924206
18784,0.71512157,0.6983079,0.016813654
18785,0.7151413,0.69822323,0.01691806
18786,0.71515447,0.69821733,0.016937178
18787,0.71500665,0.6980728,0.016933864
18788,0.7148006,0.6979968,0.016803782
18789,0.71471995,0.6979076,0.016812338
18790,0.7147735,0.69784015,0.016933326
18791,0.7146438,0.6978116,0.016832206
18792,0.7144945,0.6976889,0.01680568
18793,0.7144447,0.69759774,0.016846988
18794,0.71439445,0.6975382,0.016856277
18795,0.7143666,0.69744533,0.016921282
18796,0.7142334,0.6973787,0.016854681
18797,0.71416765,0.6973076,0.016860101
18798,0.71411175,0.69720703,0.0169047
18799,0.7140469,0.6971557,0.016891146
18800,0.7139828,0.69706553,0.016917259
18801,0.71381694,0.69701475,0.016802197
18802,0.7137247,0.6969172,0.0168075
18803,0.7136713,0.696829,0.016842332
18804,0.71360993,0.696803,0.016806943
18805,0.71349937,0.6967032,0.016796222
18806,0.7133506,0.69659334,0.01675727
18807,0.713291,0.69654334,0.01674766
18808,0.71316093,0.69642216,0.016738752
18809,0.71310556,0.6963903,0.016715307
18810,0.7129961,0.6962829,0.016713198
18811,0.71291643,0.6961915,0.016724918
18812,0.7128925,0.69612914,0.016763315
18813,0.71277076,0.69603443,0.016736304
18814,0.71267426,0.6959719,0.016702343
18815,0.71259856,0.6958792,0.016719334
18816,0.7125533,0.6958239,0.016729418
18817,0.7124531,0.6957399,0.016713178
18818,0.71238923,0.69567627,0.016712993
18819,0.7122866,0.695587,0.016699608
18820,0.71222085,0.6955159,0.01670501
18821,0.7121212,0.69542485,0.016696323
18822,0.7121013,0.6953562,0.016745064
18823,0.71199137,0.6952726,0.016718742
18824,0.7119646,0.6951964,0.016768228
18825,0.71188116,0.6951329,0.016748263
18826,0.71186024,0.6950264,0.016833842
18827,0.71190923,0.6949983,0.016910901
18828,0.7119444,0.6948449,0.017099524
18829,0.71210945,0.69484216,0.017267298
18830,0.71197647,0.6947045,0.017272031
18831,0.7116594,0.6946752,0.016984176
18832,0.71130174,0.69453424,0.016767513
18833,0.71115637,0.694471,0.01668539
18834,0.71139723,0.6944003,0.016996905
18835,0.7119176,0.6943014,0.017616145
18836,0.7118882,0.69438833,0.01749992
18837,0.7112024,0.69415385,0.017048541
18838,0.71073866,0.6940803,0.016658358
18839,0.71101475,0.69405645,0.016958293
18840,0.71123356,0.6938971,0.017336445
18841,0.71099365,0.6938875,0.017106147
18842,0.7105174,0.6937157,0.016801754
18843,0.71040493,0.6936436,0.016761294
18844,0.71052384,0.6936101,0.016913746
18845,0.71086174,0.6935126,0.017349076
18846,0.71122605,0.69352835,0.017697694
18847,0.71233696,0.69337136,0.018965598
18848,0.7134716,0.69365364,0.019817915
18849,0.71393955,0.6932614,0.020678213
18850,0.7127961,0.693445,0.019351054
18851,0.71089786,0.6930489,0.017848952
18852,0.70973593,0.6930096,0.016726289
18853,0.71006274,0.693005,0.017057734
18854,0.71084857,0.6928438,0.018004794
18855,0.71056044,0.6929173,0.017643142
18856,0.70961106,0.69267523,0.016935855
18857,0.7093163,0.69261086,0.016705483
18858,0.70964223,0.6926025,0.017039698
18859,0.70992094,0.692464,0.01745699
18860,0.70958257,0.69245005,0.017132502
18861,0.7091165,0.69228244,0.016834076
18862,0.7089088,0.69221914,0.01668967
18863,0.7089682,0.6922083,0.01675998
18864,0.7089014,0.6920651,0.01683629
18865,0.70859706,0.6919931,0.016603934
18866,0.7086218,0.6919302,0.016691606
18867,0.7086611,0.69182324,0.01683784
18868,0.7085986,0.69180405,0.016794587
18869,0.7083124,0.69167435,0.016638087
18870,0.70821285,0.69158024,0.01663265
18871,0.7083058,0.69155073,0.016755072
18872,0.7081554,0.6914466,0.016708788
18873,0.7079881,0.69139796,0.016590163
18874,0.7079227,0.69129044,0.016632235
18875,0.7079773,0.691204,0.016773274
18876,0.70780694,0.6911574,0.016649518
18877,0.7076014,0.69105047,0.016550966
18878,0.70752686,0.69096106,0.016565759
18879,0.707589,0.6909134,0.016675552
18880,0.70763546,0.69082016,0.016815294
18881,0.7074673,0.6907363,0.016731037
18882,0.70725715,0.690657,0.016600147
18883,0.7072228,0.69055706,0.016665801
18884,0.70742726,0.69049585,0.01693145
18885,0.70742625,0.6904114,0.017014885
18886,0.70703125,0.69038117,0.01665008
18887,0.7067535,0.6902871,0.016466433
18888,0.70675945,0.6901521,0.016607314
18889,0.7066846,0.6901122,0.016572434
18890,0.7066322,0.69002265,0.016609516
18891,0.7064785,0.6899603,0.016518187
18892,0.7063729,0.68984646,0.016526405
18893,0.7063345,0.6897752,0.016559208
18894,0.70624083,0.68971366,0.016527172
18895,0.7060832,0.6896138,0.016469356
18896,0.70604306,0.6895484,0.01649464
18897,0.7060806,0.6894669,0.016613701
18898,0.7060258,0.68936145,0.016664304
18899,0.7060477,0.68938434,0.016663335
18900,0.7059141,0.68924785,0.016666206
18901,0.70577544,0.6891819,0.016593505
18902,0.70562446,0.68906516,0.016559284
18903,0.70556426,0.6890439,0.01652043
18904,0.7056028,0.68898296,0.016619842
18905,0.70561355,0.68886465,0.01674894
18906,0.705364,0.68880004,0.016563978
18907,0.7052588,0.6887417,0.016517093
18908,0.7052202,0.68865675,0.016563501
18909,0.70509195,0.68859,0.016501984
18910,0.7049922,0.6884809,0.016511237
18911,0.7049148,0.68841654,0.016498275
18912,0.7048733,0.68835574,0.016517606
18913,0.70478696,0.68825394,0.016532961
18914,0.7046871,0.688186,0.016501138
18915,0.70461327,0.68809676,0.016516512
18916,0.704501,0.6880037,0.016497236
18917,0.70440143,0.687957,0.01644447
18918,0.7043246,0.68788666,0.016437933
18919,0.7042416,0.68778455,0.01645701
18920,0.7041739,0.68772584,0.016448082
18921,0.70410347,0.6876561,0.016447362
18922,0.7040304,0.68756145,0.016468965
18923,0.7040002,0.6874909,0.016509293
18924,0.7038502,0.68742937,0.016420832
18925,0.70377254,0.68732953,0.016443005
18926,0.70372635,0.68724346,0.016482871
18927,0.70360005,0.6871974,0.016402671
18928,0.70357054,0.68710786,0.016462691
18929,0.7034654,0.6870213,0.016444111
18930,0.7033773,0.68695354,0.016423766
18931,0.7033034,0.68684345,0.016459903
18932,0.70327234,0.6868015,0.016470823
18933,0.70315945,0.6867168,0.016442638
18934,0.70308936,0.6866455,0.016443836
18935,0.7030029,0.6865798,0.016423099
18936,0.70291567,0.6864928,0.016422905
18937,0.7028483,0.6863992,0.016449133
18938,0.7029258,0.6863509,0.01657487
18939,0.7030317,0.6862918,0.01673993
18940,0.70333284,0.6861709,0.017161924
18941,0.70359993,0.686163,0.017436916
18942,0.7034826,0.6860275,0.017455105
18943,0.70294875,0.6860217,0.01692703
18944,0.7023465,0.68582684,0.016519684
18945,0.70232826,0.6857509,0.016577374
18946,0.7025817,0.6857673,0.016814455
18947,0.70246464,0.68560416,0.016860459
18948,0.70207286,0.6855466,0.01652627
18949,0.7019233,0.68545777,0.016465582
18950,0.7021391,0.6853488,0.016790297
18951,0.7020648,0.68534815,0.016716633
18952,0.70176095,0.6852005,0.01656043
18953,0.7015683,0.68513304,0.016435292
18954,0.70165265,0.6850941,0.016558506
18955,0.7015579,0.6849605,0.016597375
18956,0.7013344,0.68491006,0.016424324
18957,0.7012293,0.6848171,0.016412178
18958,0.7013157,0.6847228,0.016592912
18959,0.7011976,0.68468827,0.016509324
18960,0.7009805,0.6845766,0.016403966
18961,0.7008735,0.68448406,0.016389469
18962,0.7009281,0.6844256,0.016502548
18963,0.700888,0.68432266,0.01656532
18964,0.70068765,0.68429416,0.016393501
18965,0.7005992,0.6842087,0.016390502
18966,0.700669,0.68409413,0.016574893
18967,0.7006999,0.684066,0.016633894
18968,0.7006488,0.6839505,0.0166983
18969,0.70048976,0.6839445,0.016545255
18970,0.70025396,0.683817,0.016436918
18971,0.70013016,0.68372965,0.016400514
18972,0.700159,0.6836694,0.016489659
18973,0.7000739,0.68356633,0.016507609
18974,0.6998918,0.68351376,0.016378045
18975,0.69978374,0.68340915,0.01637459
18976,0.6997418,0.6833066,0.01643518
18977,0.69968975,0.6832776,0.016412126
18978,0.6995109,0.68315554,0.016355362
18979,0.6995294,0.6830793,0.016450088
18980,0.6995238,0.68302983,0.01649399
18981,0.699659,0.68299526,0.016663698
18982,0.69986033,0.68286616,0.016994158
18983,0.6997269,0.68285096,0.016875941
18984,0.69910765,0.68267745,0.01643021
18985,0.6993454,0.68265754,0.016687863
18986,0.6996333,0.6826304,0.017002873
18987,0.69940764,0.68245214,0.016955465
18988,0.69880164,0.682422,0.016379667
18989,0.6988379,0.68239975,0.016438102
18990,0.6990096,0.68223375,0.016775807
18991,0.699132,0.6822742,0.01685778
18992,0.6986704,0.6820788,0.01659159
18993,0.6983714,0.6820797,0.01629176
18994,0.69830906,0.6819735,0.016335558
18995,0.69842356,0.68185115,0.016572397
18996,0.6983624,0.68183553,0.016526863
18997,0.6980655,0.68169254,0.01637301
18998,0.69792473,0.68163496,0.01628977
18999,0.69787073,0.6815446,0.016326126
19000,0.6980386,0.6814341,0.016604492
19001,0.69795847,0.68144244,0.016516048
19002,0.69764346,0.6812947,0.016348796
19003,0.6974663,0.68123883,0.01622754
19004,0.6975484,0.6811962,0.016352184
19005,0.6975397,0.6810503,0.016489392
19006,0.69734913,0.68101084,0.016338274
19007,0.6971298,0.680915,0.016214836
19008,0.6971941,0.68084556,0.016348587
19009,0.6972312,0.6808172,0.016414039
19010,0.6969997,0.68067616,0.016323553
19011,0.6968143,0.6805939,0.01622041
19012,0.69693226,0.68056655,0.01636571
19013,0.6971805,0.6804573,0.016723197
19014,0.69727755,0.6804665,0.016811062
19015,0.69688225,0.6802897,0.016592575
19016,0.69644856,0.680233,0.016215587
19017,0.6963508,0.6801505,0.0162003
19018,0.69631654,0.6800919,0.016224641
19019,0.69625056,0.68000966,0.016240876
19020,0.6961468,0.6799115,0.016235333
19021,0.69600856,0.67984563,0.01616293
19022,0.6959211,0.6797571,0.016164014
19023,0.6958892,0.67967826,0.016210902
19024,0.69584477,0.6795995,0.016245255
19025,0.6957864,0.6795143,0.016272115
19026,0.69565445,0.67944705,0.016207393
19027,0.6956017,0.6793571,0.016244585
19028,0.6954792,0.6792615,0.016217727
19029,0.6954094,0.67919284,0.01621658
19030,0.69534993,0.679149,0.016200978
19031,0.6952447,0.67903906,0.01620566
19032,0.69518673,0.6789877,0.016199019
19033,0.6950197,0.67888904,0.016130675
19034,0.6949512,0.67880607,0.016145116
19035,0.6949418,0.67875314,0.016188655
19036,0.6948769,0.678649,0.016227886
19037,0.6947966,0.67859465,0.016201973
19038,0.69470227,0.6785095,0.016192758
19039,0.69464236,0.6784342,0.016208168
19040,0.694569,0.6783718,0.016197158
19041,0.6945066,0.678295,0.016211586
19042,0.69445026,0.6782267,0.016223548
19043,0.694404,0.67813087,0.016273146
19044,0.694215,0.6780442,0.016170802
19045,0.6941245,0.67796093,0.016163606
19046,0.69409966,0.67788845,0.01621118
19047,0.694079,0.6778229,0.016256075
19048,0.69393957,0.67770684,0.016232695
19049,0.69390565,0.67764777,0.016257891
19050,0.69377404,0.6775621,0.016211908
19051,0.6937025,0.6774761,0.016226435
19052,0.6937302,0.67744917,0.016281057
19053,0.69368,0.6773239,0.016356084
19054,0.6935206,0.6772766,0.016244033
19055,0.69336456,0.6771929,0.016171644
19056,0.69341815,0.6771061,0.016312076
19057,0.6934691,0.67707694,0.016392218
19058,0.69336265,0.6769437,0.016418923
19059,0.6931409,0.6769061,0.016234823
19060,0.6929471,0.67679495,0.01615217
19061,0.6930006,0.67671436,0.01628621
19062,0.69317234,0.6767077,0.016464654
19063,0.6929387,0.67655545,0.016383234
19064,0.6926692,0.6765155,0.016153686
19065,0.6925939,0.676441,0.016152894
19066,0.69275296,0.67635524,0.016397724
19067,0.69278735,0.67631584,0.016471518
19068,0.69263583,0.6761858,0.016450051
19069,0.6923246,0.6761591,0.01616551
19070,0.6922488,0.6760528,0.016196001
19071,0.69246393,0.6759518,0.016512182
19072,0.69228774,0.67593706,0.016350651
19073,0.69200087,0.6758042,0.016196677
19074,0.69186616,0.6757224,0.016143758
19075,0.6919981,0.67569536,0.016302764
19076,0.69191813,0.6755512,0.016366959
19077,0.69163096,0.67551184,0.016119098
19078,0.69151604,0.67543095,0.016085112
19079,0.6915559,0.67533433,0.016221562
19080,0.6914126,0.67526764,0.016145002
19081,0.69129026,0.67518,0.01611027
19082,0.6913922,0.67507243,0.016319755
19083,0.69130564,0.6750362,0.01626941
19084,0.69115216,0.6749139,0.016238308
19085,0.6909557,0.6748605,0.01609518
19086,0.69092244,0.6747839,0.016138565
19087,0.69092375,0.67467856,0.016245212
19088,0.69086164,0.67463624,0.016225435
19089,0.6907692,0.67453843,0.01623077
19090,0.69062537,0.6744805,0.016144842
19091,0.6905486,0.6744026,0.016145984
19092,0.6904361,0.6743062,0.016129887
19093,0.6903515,0.6742554,0.016096136
19094,0.690263,0.67414755,0.016115483
19095,0.6902154,0.6740695,0.016145851
19096,0.6901553,0.6740113,0.016144048
19097,0.69011474,0.673893,0.016221762
19098,0.6900098,0.67385185,0.01615792
19099,0.6898974,0.67374974,0.016147658
19100,0.6897975,0.6737009,0.016096592
19101,0.68978316,0.6736493,0.016133798
19102,0.689875,0.67352563,0.016349334
19103,0.6896659,0.67347074,0.016195143
19104,0.68949676,0.67336535,0.016131392
19105,0.6894295,0.6733019,0.016127672
19106,0.6895525,0.6732699,0.016282562
19107,0.689822,0.6731361,0.016685937
19108,0.6901087,0.6731794,0.016929297
19109,0.6905024,0.6729966,0.017505845
19110,0.6904892,0.6730599,0.017429313
19111,0.6901594,0.6728161,0.017343285
19112,0.6896472,0.6728426,0.016804574
19113,0.6892344,0.67265254,0.016581813
19114,0.6890461,0.67265946,0.016386649
19115,0.689015,0.67248833,0.016526606
19116,0.6890776,0.67251104,0.016566528
19117,0.6892627,0.6723315,0.01693115
19118,0.6893981,0.6723946,0.017003534
19119,0.6892449,0.6721871,0.017057844
19120,0.6885756,0.67218226,0.01639334
19121,0.68799746,0.6720302,0.015967218
19122,0.6881034,0.6719601,0.016143266
19123,0.68814206,0.671959,0.016183075
19124,0.6878553,0.67179286,0.016062487
19125,0.68771654,0.6717436,0.015972963
19126,0.6878522,0.6717246,0.016127635
19127,0.68781,0.67158014,0.016229816
19128,0.68759686,0.671536,0.016060848
19129,0.6873916,0.6714215,0.015970089
19130,0.68739176,0.67134076,0.016050976
19131,0.6873707,0.6713125,0.0160582
19132,0.68722427,0.6711883,0.016035989
19133,0.6870714,0.6711154,0.015955996
19134,0.6870042,0.67106813,0.015936065
19135,0.68695587,0.6709653,0.015990552
19136,0.6868918,0.6709028,0.01598896
19137,0.6868087,0.6708038,0.016004914
19138,0.68666667,0.67072964,0.015937036
19139,0.686635,0.67066926,0.015965737
19140,0.6866733,0.67055017,0.016123159
19141,0.68656665,0.6705149,0.016051738
19142,0.68643016,0.67041767,0.016012505
19143,0.6863587,0.67033917,0.016019514
19144,0.686337,0.67030996,0.016026989
19145,0.68626857,0.67020917,0.01605944
19146,0.6861855,0.67015356,0.016031917
19147,0.6860761,0.6700608,0.01601528
19148,0.6859591,0.6699916,0.015967445
19149,0.6859104,0.66991776,0.015992606
19150,0.68583345,0.6698327,0.016000759
19151,0.6857547,0.6697851,0.015969638
19152,0.68567556,0.6696845,0.015990999
19153,0.68559206,0.6696162,0.015975803
19154,0.68550867,0.6695509,0.015957806
19155,0.68543786,0.6694504,0.015987465
19156,0.685343,0.6693774,0.015965683
19157,0.6852589,0.66930497,0.015953965
19158,0.6851446,0.6692136,0.015931005
19159,0.68507034,0.6691321,0.015938232
19160,0.6849596,0.66906655,0.015893033
19161,0.6848763,0.66898763,0.015888685
19162,0.6848471,0.6689049,0.015942195
19163,0.68478507,0.6688523,0.01593276
19164,0.68478835,0.66874886,0.0160395
19165,0.6847853,0.66871214,0.016073141
19166,0.68474245,0.6685798,0.016162647
19167,0.6845707,0.6685285,0.016042206
19168,0.68444246,0.66844994,0.015992504
19169,0.68424916,0.6683531,0.015896058
19170,0.68416107,0.6682692,0.015891816
19171,0.6841263,0.66818583,0.015940523
19172,0.6840788,0.668147,0.015931811
19173,0.6839712,0.6680533,0.015917892
19174,0.683834,0.6679551,0.015878946
19175,0.683765,0.6678771,0.015887905
19176,0.6837392,0.6677989,0.015940275
19177,0.683586,0.66771877,0.015867263
19178,0.68353343,0.66762733,0.015906105
19179,0.68347335,0.66756254,0.015910827
19180,0.6834568,0.6674913,0.015965452
19181,0.6834808,0.6673924,0.01608846
19182,0.6833737,0.6673446,0.016029086
19183,0.6832918,0.66722697,0.01606485
19184,0.683211,0.6672124,0.01599863
19185,0.6830141,0.66707885,0.015935263
19186,0.68288493,0.6670125,0.015872387
19187,0.682848,0.666943,0.01590495
19188,0.68289125,0.6668432,0.01604807
19189,0.68289846,0.6668585,0.016040012
19190,0.68274844,0.6667013,0.016047087
19191,0.6825352,0.6666438,0.01589137
19192,0.68240756,0.6665683,0.015839279
19193,0.6823527,0.6664778,0.015874933
19194,0.6822951,0.6664589,0.015836159
19195,0.6821729,0.6663629,0.015810011
19196,0.68215746,0.6662563,0.01590112
19197,0.68210524,0.66621435,0.015890889
19198,0.6820378,0.66611093,0.015926842
19199,0.68187964,0.6660578,0.015821835
19200,0.6817951,0.6659672,0.015827876
19201,0.6817281,0.665906,0.015822092
19202,0.68171805,0.66585547,0.015862608
19203,0.68161273,0.6657657,0.015847016
19204,0.6815453,0.6656938,0.015851459
19205,0.6814283,0.6655959,0.015832422
19206,0.6814112,0.6655171,0.01589407
19207,0.6813445,0.6654549,0.015889617
19208,0.6812265,0.6653487,0.015877787
19209,0.6811462,0.66531044,0.015835786
19210,0.68105817,0.66521806,0.015840076
19211,0.6809676,0.6651202,0.015847439
19212,0.6809369,0.6650687,0.015868196
19213,0.6808441,0.6649724,0.015871737
19214,0.680682,0.6648895,0.015792528
19215,0.68061864,0.6647936,0.015825018
19216,0.68055445,0.6647162,0.015838267
19217,0.6804485,0.66465896,0.01578949
19218,0.6803834,0.6645842,0.015799168
19219,0.6803227,0.6645107,0.015811991
19220,0.68022835,0.6644251,0.015803326
19221,0.6801679,0.66435504,0.015812853
19222,0.6800822,0.6642819,0.015800286
19223,0.6799521,0.6641743,0.01577777
19224,0.67988884,0.66410404,0.01578479
19225,0.6797969,0.66401666,0.01578016
19226,0.6797543,0.6639484,0.015805852
19227,0.679644,0.6638663,0.015777724
19228,0.6796157,0.66377544,0.015840225
19229,0.6795356,0.6637533,0.015782388
19230,0.67942715,0.6636507,0.015776461
19231,0.67932487,0.66357017,0.015754674
19232,0.6792652,0.6635076,0.015757624
19233,0.6792093,0.66340864,0.015800687
19234,0.6791162,0.66333807,0.01577811
19235,0.6790208,0.6632536,0.015767213
19236,0.6790209,0.6631719,0.015849005
19237,0.67891335,0.66312134,0.015792048
19238,0.67886114,0.6630325,0.015828673
19239,0.67876214,0.6629726,0.01578947
19240,0.6787203,0.6628938,0.015826482
19241,0.67862654,0.6627986,0.015827961
19242,0.6785175,0.66272,0.015797477
19243,0.6784803,0.6626333,0.015847037
19244,0.67854613,0.6626005,0.015945641
19245,0.6787657,0.6624568,0.016308885
19246,0.67952293,0.6625126,0.017010367
19247,0.6803055,0.6623836,0.017921891
19248,0.67979527,0.66244024,0.017355068
19249,0.67864716,0.6621628,0.01648435
19250,0.6781186,0.6621079,0.016010705
19251,0.6778729,0.662036,0.015836865
19252,0.677868,0.6619651,0.015902923
19253,0.67799854,0.6618942,0.016104331
19254,0.678132,0.6617827,0.016349297
19255,0.6781345,0.66178143,0.016353061
19256,0.67800605,0.66163033,0.016375717
19257,0.6776462,0.6615892,0.016057009
19258,0.67720574,0.661431,0.015774723
19259,0.6771224,0.66137284,0.015749605
19260,0.67719615,0.661356,0.015840206
19261,0.67692447,0.66120696,0.015717505
19262,0.6768233,0.661129,0.015694324
19263,0.6769105,0.6611107,0.015799869
19264,0.67700946,0.6610094,0.016000122
19265,0.6770222,0.66093194,0.0160903
19266,0.6768695,0.6608325,0.016036995
19267,0.6766687,0.6608185,0.015850239
19268,0.6764526,0.6606973,0.015755273
19269,0.6762664,0.660597,0.015669357
19270,0.6762812,0.6605616,0.015719578
19271,0.6762533,0.6604194,0.015833918
19272,0.67639184,0.6604745,0.015917353
19273,0.6764198,0.6602922,0.016127627
19274,0.6763568,0.66027564,0.016081134
19275,0.6762505,0.6601425,0.01610807
19276,0.6759011,0.6600999,0.015801195
19277,0.67566824,0.66000503,0.015663262
19278,0.6758263,0.6599024,0.01592392
19279,0.6762203,0.6599286,0.016291667
19280,0.67634404,0.6597596,0.016584445
19281,0.6759264,0.65974545,0.016180933
19282,0.6753335,0.6595711,0.015762392
19283,0.67517745,0.65951043,0.015667006
19284,0.67525905,0.6594661,0.015792957
19285,0.6753251,0.6593563,0.015968813
19286,0.675121,0.6593156,0.01580539
19287,0.6748382,0.65919834,0.015639832
19288,0.67474735,0.6591293,0.015618078
19289,0.6747877,0.65906996,0.015717708
19290,0.6747387,0.6589645,0.015774174
19291,0.67460525,0.65893143,0.01567384
19292,0.674451,0.6588313,0.0156196905
19293,0.6744402,0.65876746,0.015672754
19294,0.67436147,0.6586975,0.015664004
19295,0.67430294,0.65860355,0.01569939
19296,0.67415816,0.6585235,0.01563463
19297,0.67405343,0.6584347,0.015618743
19298,0.6739994,0.6583703,0.015629118
19299,0.6739511,0.6583048,0.015646253
19300,0.6738574,0.65820634,0.015651036
19301,0.67376995,0.65812755,0.01564238
19302,0.67367196,0.658056,0.015615953
19303,0.67357546,0.65796596,0.0156095
19304,0.67347866,0.6579029,0.015575806
19305,0.6734819,0.657837,0.015644902
19306,0.67355627,0.6577655,0.01579078
19307,0.6739258,0.65765405,0.016271757
19308,0.6744826,0.6577199,0.016762638
19309,0.6746339,0.65752864,0.017105257
19310,0.6743951,0.65753657,0.016858552
19311,0.6740785,0.65735847,0.016720025
19312,0.6736841,0.65734744,0.016336698
19313,0.67305833,0.65718013,0.015878202
19314,0.6727341,0.6571035,0.015630571
19315,0.6728351,0.657061,0.01577411
19316,0.67300856,0.65694827,0.016060326
19317,0.67275786,0.6569213,0.015836496
19318,0.672446,0.656799,0.015646994
19319,0.6724838,0.6567544,0.015729386
19320,0.67265815,0.65671784,0.015940309
19321,0.67269826,0.6565625,0.016135767
19322,0.6724512,0.656586,0.01586521
19323,0.6720843,0.65644836,0.015635902
19324,0.6720123,0.65636957,0.01564274
19325,0.6721995,0.65635437,0.015845135
19326,0.6721563,0.6561996,0.015956696
19327,0.6718174,0.656168,0.015649445
19328,0.67166513,0.6560707,0.015594413
19329,0.6717791,0.6559712,0.015807841
19330,0.67224264,0.6559838,0.016258791
19331,0.6726463,0.65584725,0.01679906
19332,0.67266977,0.655913,0.016756782
19333,0.6724002,0.65569645,0.016703764
19334,0.6717312,0.65566546,0.01606569
19335,0.6711394,0.65551895,0.015620458
19336,0.67114913,0.6554458,0.015703289
19337,0.67164713,0.6554858,0.016161356
19338,0.6719566,0.6553067,0.01664987
19339,0.6718206,0.65533864,0.016481932
19340,0.6713603,0.6551468,0.016213536
19341,0.6708574,0.65511185,0.015745573
19342,0.67053694,0.65497905,0.01555793
19343,0.67045385,0.6549205,0.015533331
19344,0.670447,0.6548692,0.015577799
19345,0.6703754,0.65476376,0.015611666
19346,0.6703125,0.6547331,0.01557942
19347,0.6702203,0.6546285,0.01559179
19348,0.67017263,0.65457886,0.01559378
19349,0.6700892,0.65448576,0.015603398
19350,0.6699919,0.6544309,0.015560982
19351,0.66992515,0.6543593,0.015565887
19352,0.66987056,0.65427613,0.015594408
19353,0.6697744,0.65420413,0.015570293
19354,0.6696669,0.65413237,0.015534478
19355,0.6695951,0.65405923,0.015535871
19356,0.66954833,0.6539675,0.015580821
19357,0.6694643,0.6538857,0.0155785205
19358,0.6693698,0.65380675,0.015563032
19359,0.66928744,0.65373284,0.015554614
19360,0.6692192,0.6536734,0.01554578
19361,0.66913253,0.6535767,0.015555853
19362,0.66907275,0.6535263,0.0155464215
19363,0.6689976,0.653445,0.015552593
19364,0.6689025,0.6533673,0.015535238
19365,0.6687931,0.6532842,0.015508895
19366,0.66869956,0.6531977,0.0155018745
19367,0.6686022,0.6531222,0.015480044
19368,0.66852754,0.6530542,0.015473353
19369,0.6684729,0.65298146,0.015491433
19370,0.6683921,0.65291446,0.015477625
19371,0.6683539,0.65283316,0.015520747
19372,0.66830075,0.6527855,0.015515278
19373,0.66820496,0.65268475,0.015520247
19374,0.6681431,0.65262955,0.015513562
19375,0.66807336,0.6525355,0.015537845
19376,0.66799647,0.652504,0.0154924365
19377,0.6679468,0.65239245,0.015554374
19378,0.6678876,0.6523759,0.015511723
19379,0.6677152,0.65225613,0.015459034
19380,0.6676084,0.652186,0.015422377
19381,0.66759354,0.6521045,0.015489052
19382,0.6675641,0.6520377,0.015526417
19383,0.6674916,0.65197843,0.015513232
19384,0.66748357,0.6518847,0.0155989155
19385,0.6674084,0.65185535,0.015553062
19386,0.667229,0.65173984,0.015489179
19387,0.6671201,0.6516683,0.015451811
19388,0.66709226,0.651617,0.01547532
19389,0.6670748,0.6515088,0.015566016
19390,0.66690534,0.65146565,0.015439682
19391,0.6668333,0.6513872,0.01544607
19392,0.6667501,0.65127295,0.015477149
19393,0.6667558,0.6512308,0.015524993
19394,0.666647,0.65113956,0.015507467
19395,0.6665005,0.65106964,0.015430857
19396,0.66643137,0.6509901,0.015441273
19397,0.6663126,0.6508976,0.015414951
19398,0.66625994,0.6508296,0.015430364
19399,0.66617805,0.65077204,0.015406052
19400,0.6660846,0.6506773,0.015407272
19401,0.6660245,0.6505982,0.015426291
19402,0.66596806,0.6505381,0.015430002
19403,0.66583776,0.65045613,0.015381617
19404,0.665791,0.6503877,0.015403246
19405,0.6657009,0.65028965,0.015411262
19406,0.6656324,0.6502187,0.015413719
19407,0.66552603,0.65013945,0.015386589
19408,0.6654663,0.6500563,0.015410001
19409,0.66542494,0.6499998,0.0154251605
19410,0.66540027,0.6498949,0.0155054135
19411,0.66578037,0.6498614,0.015918935
19412,0.66776705,0.6498484,0.017918656
19413,0.6723573,0.6501863,0.022171015
19414,0.6770977,0.6500954,0.027002255
19415,0.676799,0.65035987,0.026439149
19416,0.6704923,0.64963955,0.020852724
19417,0.665311,0.64945436,0.015856573
19418,0.66595453,0.6494429,0.01651166
19419,0.6698588,0.6494313,0.020427553
19420,0.6724123,0.6496867,0.022725573
19421,0.67146474,0.6493886,0.022076136
19422,0.66762096,0.64923507,0.018385887
19423,0.66464317,0.6489918,0.01565138
19424,0.66512656,0.64893705,0.016189544
19425,0.66804034,0.6491018,0.018938573
19426,0.66956055,0.64899313,0.020567419
19427,0.6670025,0.6489134,0.01808912
19428,0.66407263,0.64861995,0.015452641
19429,0.6657848,0.64858377,0.017200977
19430,0.6679273,0.6488004,0.019126937
19431,0.66588545,0.6484649,0.017420497
19432,0.6637828,0.6483476,0.015435184
19433,0.66473657,0.6483798,0.01635678
19434,0.66494465,0.648218,0.016726702
19435,0.66367716,0.6481333,0.015543869
19436,0.6638988,0.64814675,0.015752133
19437,0.66451967,0.6480279,0.016491812
19438,0.6637405,0.6480033,0.015737232
19439,0.66328526,0.6478779,0.015407369
19440,0.6637917,0.64778554,0.01600619
19441,0.663715,0.64783424,0.015880812
19442,0.6631314,0.6476694,0.015462021
19443,0.6631064,0.64757884,0.015527527
19444,0.6637133,0.6475726,0.016140753
19445,0.66369116,0.6474423,0.016248932
19446,0.6629514,0.64743835,0.015513049
19447,0.66299105,0.6473169,0.015674163
19448,0.66350955,0.6472392,0.016270366
19449,0.66309744,0.6471889,0.015908545
19450,0.6626153,0.6471041,0.015511215
19451,0.66236144,0.6470188,0.015342665
19452,0.66236275,0.6469552,0.015407528
19453,0.662171,0.6468464,0.015324575
19454,0.66216505,0.64683473,0.0153303575
19455,0.6620593,0.646752,0.0153073
19456,0.66199887,0.6466393,0.015359594
19457,0.662005,0.6466289,0.015376097
19458,0.6618162,0.6465487,0.015267499
19459,0.66176987,0.646506,0.015263857
19460,0.66166216,0.6464231,0.015239057
19461,0.6616325,0.64629835,0.015334132
19462,0.66152376,0.6462634,0.015260297
19463,0.66148055,0.646231,0.015249578
19464,0.6613756,0.6461327,0.015242924
19465,0.6612887,0.64604545,0.015243287
19466,0.66127014,0.64597964,0.015290534
19467,0.6611466,0.6459091,0.015237543
19468,0.6610472,0.6458634,0.0151837645
19469,0.66099274,0.64579093,0.015201819
19470,0.66092783,0.6456977,0.015230085
19471,0.66086245,0.64563966,0.015222775
19472,0.6608043,0.6455848,0.015219423
19473,0.66080207,0.64551026,0.015291825
19474,0.66071916,0.6454576,0.015261588
19475,0.6605946,0.6453749,0.015219718
19476,0.66053283,0.6453011,0.015231694
19477,0.6605975,0.6452801,0.015317346
19478,0.66043884,0.64515865,0.015280177
19479,0.66027176,0.645087,0.015184757
19480,0.66041213,0.6450394,0.015372786
19481,0.6604142,0.64493084,0.015483327
19482,0.6601943,0.6449176,0.015276703
19483,0.66015774,0.6448579,0.015299889
19484,0.66019726,0.644735,0.015462279
19485,0.6599331,0.6446776,0.015255513
19486,0.65988374,0.6446348,0.015248989
19487,0.65989476,0.64453506,0.015359725
19488,0.6597543,0.64449126,0.015262993
19489,0.65969586,0.64442986,0.015265967
19490,0.6597624,0.64432555,0.015436849
19491,0.65963966,0.6442909,0.015348753
19492,0.6594184,0.64420265,0.0152157545
19493,0.6593676,0.6441069,0.015260711
19494,0.6593207,0.6440627,0.015258014
19495,0.6592403,0.64400923,0.015231056
19496,0.6592381,0.6439521,0.0152860265
19497,0.65928847,0.6439178,0.0153706875
19498,0.65913403,0.64378124,0.015352743
19499,0.65890574,0.64371383,0.015191898
19500,0.6589127,0.6436821,0.015230626
19501,0.6589485,0.6435748,0.015373737
19502,0.659041,0.6435416,0.015499413
19503,0.65892315,0.6434276,0.015495588
19504,0.6586539,0.6433958,0.01525815
19505,0.65849274,0.64331454,0.015178169
19506,0.65847147,0.64323384,0.015237644
19507,0.6584913,0.6431777,0.015313627
19508,0.6583264,0.6430847,0.015241684
19509,0.65822774,0.6430478,0.015179941
19510,0.6581699,0.6429804,0.015189497
19511,0.65816534,0.6428893,0.015276022
19512,0.65811616,0.6428146,0.015301566
19513,0.65808177,0.64279056,0.015291177
19514,0.6579259,0.6426843,0.015241621
19515,0.6578547,0.6426103,0.015244377
19516,0.65790534,0.6425809,0.015324446
19517,0.6578563,0.6424946,0.015361669
19518,0.6576378,0.642436,0.015201747
19519,0.6575719,0.6423822,0.015189713
19520,0.65763634,0.64227986,0.015356502
19521,0.6577522,0.6422961,0.015456145
19522,0.65772706,0.6421454,0.015581627
19523,0.65741765,0.64213383,0.015283796
19524,0.6572434,0.6420391,0.015204276
19525,0.6573345,0.6419483,0.015386243
19526,0.65732026,0.6419282,0.01539204
19527,0.6570703,0.6418149,0.015255381
19528,0.6569352,0.6417503,0.015184956
19529,0.6570405,0.64171815,0.015322367
19530,0.65695786,0.6416106,0.015347233
19531,0.65673745,0.6415803,0.015157118
19532,0.65666634,0.64150774,0.015158609
19533,0.65675324,0.64141953,0.015333742
19534,0.6569341,0.64136904,0.01556506
19535,0.6567773,0.6412948,0.015482536
19536,0.65642977,0.64123785,0.015191901
19537,0.6563206,0.64115536,0.015165198
19538,0.65643466,0.6410832,0.015351474
19539,0.65666354,0.64106023,0.015603314
19540,0.656639,0.6409649,0.015674088
19541,0.65617484,0.6409119,0.015262949
19542,0.6560496,0.6408215,0.015228135
19543,0.65618646,0.6407232,0.0154632
19544,0.65607035,0.64071053,0.015359829
19545,0.65580726,0.64061016,0.015197108
19546,0.65576404,0.64051414,0.015249925
19547,0.6558842,0.6404742,0.015409997
19548,0.65563047,0.64037025,0.015260205
19549,0.6555014,0.64031607,0.015185329
19550,0.65555793,0.64024466,0.015313275
19551,0.6556008,0.6401724,0.015428309
19552,0.6552923,0.6400891,0.015203154
19553,0.6552622,0.6400592,0.015202949
19554,0.6552121,0.6399612,0.015250929
19555,0.6552133,0.63990384,0.015309418
19556,0.6550813,0.6398125,0.015268704
19557,0.6549666,0.63974994,0.015216684
19558,0.6550031,0.6397342,0.01526882
19559,0.6549346,0.6395943,0.015340274
19560,0.65483236,0.63957447,0.015257898
19561,0.6546899,0.6394965,0.015193373
19562,0.6547532,0.6394233,0.0153299365
19563,0.65474546,0.6394082,0.015337256
19564,0.6545816,0.63927704,0.015304536
19565,0.6544181,0.6392109,0.015207188
19566,0.6544225,0.6391816,0.015240915
19567,0.6546752,0.6390637,0.015611482
19568,0.6547425,0.639063,0.015679523
19569,0.65437484,0.6389362,0.015438629
19570,0.6540508,0.63889146,0.015159371
19571,0.6540621,0.63884026,0.015221847
19572,0.6542327,0.6387176,0.015515065
19573,0.65423816,0.63871145,0.015526736
19574,0.6538593,0.63858503,0.0152742965
19575,0.65368325,0.63853484,0.015148371
19576,0.6537444,0.63848054,0.015263881
19577,0.6537391,0.63836306,0.015376073
19578,0.6534792,0.63833266,0.015146558
19579,0.6534364,0.6382644,0.0151719805
19580,0.65347004,0.6381692,0.015300843
19581,0.6532825,0.6381254,0.015157064
19582,0.65315104,0.6380341,0.01511692
19583,0.6531579,0.6379616,0.015196279
19584,0.6530144,0.63791126,0.015103161
19585,0.65290695,0.6378138,0.015093115
19586,0.65294427,0.63774496,0.015199293
19587,0.65282595,0.63769704,0.015128916
19588,0.65266436,0.63760835,0.015056002
19589,0.6526527,0.6375517,0.015100986
19590,0.6525767,0.6374855,0.015091185
19591,0.652518,0.6374258,0.015092169
19592,0.6524347,0.6373418,0.015092921
19593,0.65244615,0.6373362,0.015109981
19594,0.6524107,0.637219,0.015191649
19595,0.6522065,0.63715667,0.01504983
19596,0.6521408,0.6370877,0.015053084
19597,0.65217274,0.6370164,0.015156314
19598,0.652023,0.6369579,0.015065089
19599,0.6519418,0.6368927,0.0150491465
19600,0.65191066,0.6368296,0.015081023
19601,0.65182513,0.6367711,0.015054008
19602,0.6517085,0.63668555,0.015022932
19603,0.65170217,0.6366307,0.015071446
19604,0.6516417,0.63656884,0.015072858
19605,0.6515292,0.6364939,0.015035264
19606,0.6514522,0.6364131,0.015039084
19607,0.65143335,0.6363583,0.015075022
19608,0.65142775,0.6362584,0.0151693355
19609,0.6515863,0.63623285,0.015353411
19610,0.65191567,0.63614446,0.01577123
19611,0.6518408,0.6361207,0.015720159
19612,0.65130013,0.6359837,0.015316434
19613,0.6509478,0.635952,0.014995808
19614,0.6509821,0.63589233,0.015089741
19615,0.6510046,0.6357776,0.015227033
19616,0.65083843,0.6357357,0.015102726
19617,0.6507132,0.6356851,0.015028124
19618,0.65073717,0.6355712,0.015166013
19619,0.6507355,0.63555217,0.015183374
19620,0.6505254,0.6354548,0.015070632
19621,0.65038204,0.63534206,0.015039943
19622,0.65042937,0.63532853,0.015100837
19623,0.6503535,0.6352304,0.015123079
19624,0.65019727,0.63517624,0.015021053
19625,0.65018505,0.6351119,0.015073165
19626,0.650137,0.63503283,0.015104194
19627,0.6500549,0.635,0.015054837
19628,0.64992833,0.63488936,0.0150389355
19629,0.64986247,0.6348112,0.015051248
19630,0.6498227,0.6347724,0.015050307
19631,0.64968324,0.6347003,0.014982943
19632,0.64961904,0.6346331,0.014985931
19633,0.64959985,0.6345773,0.015022548
19634,0.649569,0.63450074,0.015068216
19635,0.64944965,0.63444686,0.015002817
19636,0.64942306,0.6343807,0.015042362
19637,0.64932877,0.6342881,0.015040708
19638,0.64932925,0.63424724,0.015081989
19639,0.64918226,0.634148,0.015034246
19640,0.64908683,0.6340708,0.015016022
19641,0.64906925,0.63403416,0.0150351105
19642,0.6489715,0.63394237,0.01502916
19643,0.64889884,0.63386905,0.015029753
19644,0.6488397,0.63381106,0.015028633
19645,0.648763,0.63373524,0.01502776
19646,0.64867723,0.63366014,0.015017038
19647,0.6486204,0.6336032,0.015017161
19648,0.6485624,0.63353205,0.01503032
19649,0.64847016,0.633473,0.0149972085
19650,0.6484011,0.6333992,0.015001858
19651,0.64832,0.6333211,0.014998928
19652,0.64825547,0.63326025,0.014995257
19653,0.64817256,0.6331838,0.0149887875
19654,0.6481232,0.63312054,0.015002658
19655,0.64809066,0.6330528,0.015037797
19656,0.6480726,0.6330358,0.015036804
19657,0.6479542,0.6329316,0.015022626
19658,0.64786583,0.6328747,0.0149911
19659,0.64779574,0.63279396,0.015001794
19660,0.64778167,0.63268584,0.01509586
19661,0.64775175,0.63268864,0.015063135
19662,0.64756626,0.63257927,0.014986974
19663,0.64747876,0.63250726,0.014971499
19664,0.647459,0.63246024,0.014998699
19665,0.6473866,0.6323678,0.015018811
19666,0.6472833,0.63230824,0.0149750635
19667,0.647177,0.63223445,0.0149425445
19668,0.6471758,0.6321701,0.015005708
19669,0.6471023,0.6321315,0.014970742
19670,0.6469852,0.63204473,0.014940476
19671,0.64691556,0.6319564,0.0149591835
19672,0.6469058,0.63192123,0.014984524
19673,0.64683473,0.6318131,0.015021597
19674,0.6467206,0.631773,0.014947589
19675,0.64665693,0.63170105,0.014955846
19676,0.6465938,0.6316428,0.01495103
19677,0.6465503,0.63157755,0.014972766
19678,0.64648545,0.6315089,0.014976601
19679,0.6464256,0.6314324,0.01499321
19680,0.64635706,0.6313674,0.0149896685
19681,0.6462783,0.63129413,0.0149842175
19682,0.6462714,0.63122964,0.015041778
19683,0.64625835,0.631215,0.015043376
19684,0.64622706,0.63109624,0.015130805
19685,0.6460545,0.63104707,0.015007427
19686,0.6459355,0.6309551,0.014980356
19687,0.6458542,0.63091093,0.014943281
19688,0.64584094,0.63083655,0.015004406
19689,0.6458603,0.63075644,0.015103911
19690,0.6458448,0.6307336,0.015111183
19691,0.64572436,0.6306428,0.015081575
19692,0.6455175,0.6305773,0.014940227
19693,0.6455426,0.63052607,0.015016509
19694,0.64560133,0.6304304,0.015170929
19695,0.64555824,0.63041914,0.0151391
19696,0.6453387,0.6302897,0.015049021
19697,0.64515275,0.63021785,0.01493487
19698,0.6451043,0.6301808,0.014923531
19699,0.645096,0.63008976,0.015006222
19700,0.6449402,0.6300348,0.0149053885
19701,0.6449017,0.6299556,0.014946127
19702,0.6448682,0.6298857,0.014982549
19703,0.6448008,0.6298505,0.01495031
19704,0.6446258,0.6297481,0.014877711
19705,0.6445944,0.629691,0.01490334
19706,0.64453703,0.62963015,0.014906885
19707,0.6445864,0.6295546,0.01503177
19708,0.6446054,0.6295206,0.015084818
19709,0.6445923,0.6294354,0.015156886
19710,0.6442793,0.62938553,0.014893738
19711,0.6441853,0.6292884,0.014896929
19712,0.64425755,0.6292082,0.015049321
19713,0.64413977,0.62917405,0.014965706
19714,0.64395165,0.62907076,0.014880851
19715,0.64386153,0.6289841,0.0148773985
19716,0.6438851,0.62895334,0.014931741
19717,0.6437794,0.62884104,0.014938369
19718,0.64367825,0.6287932,0.014885059
19719,0.6436355,0.6287152,0.014920285
19720,0.64354646,0.6286103,0.0149361165
19721,0.64352787,0.6285994,0.014928414
19722,0.64336276,0.62850636,0.014856416
19723,0.6432759,0.6284464,0.014829509
19724,0.6432414,0.6283659,0.014875546
19725,0.64319366,0.6282887,0.014904956
19726,0.64315075,0.62824076,0.014909947
19727,0.6430696,0.62816435,0.014905274
19728,0.6429954,0.6280841,0.014911251
19729,0.64294374,0.6280229,0.014920833
19730,0.6428662,0.6279298,0.014936378
19731,0.6428255,0.6278716,0.014953926
19732,0.6427718,0.62782264,0.014949178
19733,0.6427748,0.6277324,0.015042419
19734,0.6428015,0.62772846,0.015073046
19735,0.64261615,0.627631,0.014985186
19736,0.6424345,0.6275539,0.0148806
19737,0.64237976,0.6274845,0.014895262
19738,0.6423146,0.6273905,0.014924091
19739,0.6422252,0.6273559,0.014869308
19740,0.64206064,0.62723786,0.014822779
19741,0.6420222,0.62716126,0.014860933
19742,0.6420928,0.6271358,0.014957053
19743,0.64206666,0.6270289,0.015037778
19744,0.6419639,0.62698305,0.01498084
19745,0.64175415,0.62687993,0.01487418
19746,0.64160293,0.6268151,0.01478785
19747,0.64160466,0.6267621,0.014842562
19748,0.6416016,0.62668616,0.014915505
19749,0.641487,0.6266358,0.0148511855
19750,0.6413489,0.6265384,0.014810452
19751,0.64125866,0.6264743,0.014784289
19752,0.64123577,0.6264149,0.014820864
19753,0.6412203,0.62634486,0.014875421
19754,0.6412568,0.6263082,0.014948586
19755,0.64121497,0.6262074,0.015007539
19756,0.6411201,0.6261823,0.014937723
19757,0.64089227,0.6260763,0.014816018
19758,0.6407928,0.62601185,0.014780918
19759,0.64080817,0.62595534,0.014852825
19760,0.6408826,0.6258633,0.015019307
19761,0.640677,0.6258344,0.0148426
19762,0.640467,0.6257087,0.014758269
19763,0.64051723,0.6256428,0.014874464
19764,0.6404831,0.6256258,0.014857295
19765,0.64034325,0.6255279,0.014815306
19766,0.6402231,0.6254558,0.014767292
19767,0.6401773,0.62541425,0.014763047
19768,0.6401125,0.625307,0.0148055
19769,0.6400179,0.6252717,0.014746239
19770,0.6399976,0.6252147,0.0147828935
19771,0.6399444,0.62511486,0.014829546
19772,0.63984406,0.6250502,0.01479387
19773,0.6397624,0.6249925,0.014769942
19774,0.63973475,0.6249171,0.014817605
19775,0.6396734,0.62485546,0.0148179475
19776,0.6395749,0.624766,0.014808891
19777,0.63950473,0.62472314,0.0147816
19778,0.6393864,0.6246431,0.014743336
19779,0.63937145,0.62457126,0.014800173
19780,0.63935906,0.6245193,0.014839771
19781,0.6392573,0.62449014,0.014767205
19782,0.63911474,0.6243985,0.014716263
19783,0.63908726,0.6243063,0.0147809535
19784,0.63908625,0.62427366,0.014812593
19785,0.63900435,0.624176,0.014828351
19786,0.638892,0.6241668,0.014725193
19787,0.6388087,0.6240557,0.014753076
19788,0.63878876,0.6239855,0.014803208
19789,0.6386167,0.6239016,0.014715098
19790,0.6386115,0.6238462,0.014765355
19791,0.6386182,0.6238024,0.014815745
19792,0.6388518,0.62371325,0.015138577
19793,0.638892,0.62369555,0.01519644
19794,0.63860816,0.6235762,0.015031917
19795,0.6382027,0.62351286,0.014689824
19796,0.6383428,0.6234419,0.014900905
19797,0.6384976,0.6233635,0.015134116
19798,0.638408,0.6233861,0.015021917
19799,0.6379646,0.6232424,0.014722231
19800,0.63789284,0.6231689,0.01472397
19801,0.63810325,0.6231187,0.014984524
19802,0.6380809,0.6230203,0.015060602
19803,0.6378323,0.6230145,0.014817795
19804,0.6375267,0.622897,0.014629634
19805,0.6377083,0.6228329,0.014875445
19806,0.63790876,0.6228232,0.015085605
19807,0.63798857,0.62269354,0.015295039
19808,0.6380251,0.622691,0.015334116
19809,0.6380868,0.6225674,0.015519383
19810,0.637611,0.6225527,0.015058297
19811,0.63716996,0.62246555,0.014704458
19812,0.6371121,0.62233406,0.014778045
19813,0.63741505,0.6223599,0.015055172
19814,0.63742167,0.6222287,0.015192998
19815,0.63700646,0.6222196,0.014786817
19816,0.6367237,0.62211263,0.014611107
19817,0.63674676,0.62200683,0.014739936
19818,0.636791,0.6219957,0.014795298
19819,0.63649976,0.62186027,0.014639458
19820,0.63654107,0.62182724,0.0147138
19821,0.6368678,0.62178785,0.015079966
19822,0.6369277,0.62168324,0.015244481
19823,0.63650566,0.6216318,0.014873885
19824,0.6363011,0.62154263,0.01475847
19825,0.63627994,0.6215254,0.014754516
19826,0.63617945,0.62140065,0.014778778
19827,0.6360099,0.6213606,0.014649257
19828,0.63592815,0.62128335,0.014644794
19829,0.6358148,0.62119913,0.014615642
19830,0.6358775,0.62117934,0.01469818
19831,0.6357502,0.62106884,0.014681379
19832,0.63563037,0.6210391,0.014591281
19833,0.63562536,0.6209628,0.014662569
19834,0.6356573,0.62086177,0.014795545
19835,0.63579434,0.6208716,0.014922716
19836,0.63592166,0.62075895,0.015162716
19837,0.63591367,0.6207366,0.015177071
19838,0.6355726,0.62061554,0.014957054
19839,0.6352465,0.62058336,0.014663192
19840,0.63509935,0.62052125,0.01457808
19841,0.6350585,0.6204126,0.014645967
19842,0.6349432,0.6203495,0.014593658
19843,0.6349484,0.6202912,0.0146572385
19844,0.63476384,0.6202159,0.014547976
19845,0.63473535,0.62012964,0.01460571
19846,0.6346294,0.6200738,0.014555654
19847,0.6345798,0.6200042,0.014575617
19848,0.6344884,0.6199608,0.014527604
19849,0.63441914,0.6198684,0.01455077
19850,0.634346,0.61979175,0.01455424
19851,0.63434345,0.61975586,0.014587598
19852,0.6342687,0.619717,0.014551711
19853,0.6341603,0.61959344,0.014566889
19854,0.6341006,0.6195278,0.014572811
19855,0.6340466,0.61949664,0.014549928
19856,0.6340604,0.61939925,0.014661106
19857,0.6340266,0.61937827,0.014648353
19858,0.6340128,0.61925274,0.014760104
19859,0.6338075,0.61920905,0.0145984385
19860,0.6336715,0.6191426,0.014528954
19861,0.63375187,0.6190318,0.014720114
19862,0.6341259,0.61904305,0.01508286
19863,0.6340361,0.61892533,0.0151108075
19864,0.6336605,0.618894,0.014766527
19865,0.63333106,0.61877185,0.014559215
19866,0.63330984,0.61868644,0.014623371
19867,0.6334406,0.6186861,0.014754487
19868,0.63327366,0.61855274,0.014720866
19869,0.633055,0.61849946,0.014555502
19870,0.6330006,0.6184502,0.014550427
19871,0.6330874,0.6183645,0.014722888
19872,0.63302016,0.61834794,0.014672227
19873,0.6328937,0.61825854,0.014635156
19874,0.632749,0.6181851,0.014563898
19875,0.63274187,0.6181306,0.01461125
19876,0.63274354,0.61804295,0.014700627
19877,0.63273644,0.6180051,0.0147313755
19878,0.6326161,0.61791015,0.014705926
19879,0.63240564,0.6178481,0.014557551
19880,0.6323527,0.6177743,0.01457842
19881,0.632376,0.61769265,0.014683348
19882,0.6323268,0.61769825,0.014628517
19883,0.6321656,0.6175817,0.0145838605
19884,0.6320337,0.61751115,0.0145225795
19885,0.6320476,0.61747825,0.014569347
19886,0.63197345,0.6173737,0.014599748
19887,0.6318322,0.6173163,0.014515884
19888,0.63173765,0.6172367,0.014500995
19889,0.63175297,0.6171534,0.014599541
19890,0.6319477,0.6171443,0.01480343
19891,0.6329225,0.6170384,0.015884012
19892,0.63457954,0.6172672,0.017312339
19893,0.6359324,0.6170356,0.018896729
19894,0.6355003,0.6171649,0.018335406
19895,0.63357276,0.6168324,0.01674036
19896,0.6316049,0.61678976,0.014815149
19897,0.6315127,0.6167395,0.014773177
19898,0.6331427,0.6166211,0.016521636
19899,0.6337416,0.61678165,0.01695999
19900,0.6321853,0.6164774,0.01570792
19901,0.63097775,0.6164353,0.014542468
19902,0.6315878,0.6164622,0.015125659
19903,0.63227123,0.61629486,0.015976388
19904,0.6318069,0.6163348,0.015472123
19905,0.6309017,0.6161538,0.01474795
19906,0.63071364,0.6161149,0.014598723
19907,0.6310929,0.61607814,0.01501474
19908,0.6313447,0.61597514,0.015369518
19909,0.63081014,0.6159446,0.014865555
19910,0.63036203,0.61583555,0.014526449
19911,0.63030046,0.6157425,0.014557958
19912,0.6304756,0.61575055,0.014724995
19913,0.63050395,0.61561525,0.014888679
19914,0.6301602,0.6156148,0.014545426
19915,0.63002634,0.6155471,0.014479275
19916,0.63020116,0.61544484,0.014756312
19917,0.6303423,0.61545783,0.01488449
19918,0.62999415,0.6153331,0.014661071
19919,0.62974983,0.6152843,0.014465506
19920,0.6298068,0.61524403,0.014562826
19921,0.62977505,0.61511844,0.014656598
19922,0.6295603,0.61508095,0.014479391
19923,0.6296126,0.6150383,0.014574374
19924,0.6296919,0.61493134,0.014760582
19925,0.62938327,0.61488163,0.014501582
19926,0.62933105,0.61481476,0.014516296
19927,0.6293567,0.6147193,0.014637427
19928,0.62918305,0.6146934,0.014489599
19929,0.62906617,0.6145974,0.014468807
19930,0.62916344,0.61451256,0.014650932
19931,0.62909657,0.6145115,0.014585066
19932,0.62891454,0.61440414,0.014510411
19933,0.6287647,0.6143454,0.014419314
19934,0.6287407,0.6142894,0.014451319
19935,0.6287418,0.61420435,0.014537456
19936,0.628663,0.6141645,0.014498532
19937,0.62863153,0.6140898,0.014541763
19938,0.6284781,0.61403644,0.0144416895
19939,0.6284299,0.6139638,0.014466053
19940,0.6283466,0.6138843,0.014462287
19941,0.6282802,0.61384463,0.014435595
19942,0.6282029,0.613757,0.01444588
19943,0.628127,0.6136858,0.0144412145
19944,0.6280811,0.61362416,0.014456982
19945,0.6280024,0.6135707,0.01443173
19946,0.62793994,0.61351806,0.01442186
19947,0.62788,0.6134434,0.01443661
19948,0.6278058,0.61335105,0.0144548025
19949,0.6277351,0.61329925,0.014435853
19950,0.6277039,0.613219,0.014484875
19951,0.627668,0.61320055,0.014467473
19952,0.627578,0.61309063,0.014487408
19953,0.62745214,0.61304367,0.014408487
19954,0.62741494,0.6129883,0.014426646
19955,0.6274117,0.61292225,0.014489474
19956,0.62730265,0.61286515,0.014437477
19957,0.6272475,0.6127926,0.014454891
19958,0.62718546,0.61270934,0.014476133
19959,0.6270773,0.61265516,0.014422106
19960,0.6270089,0.6125884,0.014420519
19961,0.62694955,0.612541,0.014408514
19962,0.6268881,0.612457,0.014431089
19963,0.62685525,0.61239743,0.014457783
19964,0.62677747,0.6123514,0.014426038
19965,0.62670934,0.6122854,0.014423969
19966,0.6266464,0.6121977,0.014448738
19967,0.62658983,0.61214566,0.014444204
19968,0.62651384,0.6120793,0.014434518
19969,0.6264256,0.61202216,0.014403473
19970,0.62646866,0.6119818,0.014486836
19971,0.626532,0.61189264,0.0146394055
19972,0.6263995,0.61186147,0.01453807
19973,0.6262502,0.61177015,0.014480056
19974,0.62611467,0.61173373,0.014380975
19975,0.6260529,0.6116649,0.01438802
19976,0.6260404,0.6115747,0.014465677
19977,0.6259749,0.6115548,0.014420105
19978,0.6258979,0.6114618,0.014436076
19979,0.6257782,0.61143166,0.014346505
19980,0.6257007,0.61135817,0.014342507
19981,0.6256829,0.61126894,0.014413972
19982,0.6256256,0.61121583,0.014409739
19983,0.62555283,0.61113864,0.014414186
19984,0.6254622,0.6110777,0.014384428
19985,0.6254627,0.6110295,0.014433171
19986,0.62549305,0.6109546,0.014538464
19987,0.62551284,0.6109308,0.0145820435
19988,0.62548286,0.6108411,0.014641796
19989,0.62531143,0.6107794,0.014532024
19990,0.6251776,0.61069965,0.014477973
19991,0.62503517,0.61063373,0.014401441
19992,0.6249659,0.6105496,0.014416253
19993,0.6248197,0.61049175,0.014327924
19994,0.624752,0.6104316,0.0143203465
19995,0.6246736,0.61034524,0.0143284025
19996,0.62464064,0.6102943,0.014346333
19997,0.62455446,0.6102082,0.014346249
19998,0.62452346,0.6101557,0.014367757
19999,0.62441045,0.6100873,0.014323178
