,loss,residual_loss,bound_loss
0,49.734745,33.362816,16.371933
1,48.901722,33.302055,15.59967
2,48.07368,33.23838,14.8352995
3,47.247902,33.173046,14.074852
4,46.425255,33.106926,13.318332
5,45.608643,33.04115,12.567492
6,44.803387,32.97718,11.826212
7,44.01676,32.916546,11.100218
8,43.256847,32.860558,10.396292
9,42.531258,32.809986,9.72127
10,41.846092,32.76502,9.081074
11,41.20536,32.725304,8.480055
12,40.610836,32.690163,7.920678
13,40.06243,32.65881,7.4036226
14,39.558666,32.630527,6.928141
15,39.09728,32.60476,6.4925222
16,38.67561,32.581097,6.0945168
17,38.290886,32.559242,5.7316475
18,37.94033,32.538944,5.401389
19,37.621223,32.51995,5.101274
20,37.330917,32.50199,4.828929
21,37.066856,32.48476,4.5820966
22,36.826588,32.46795,4.3586397
23,36.607777,32.451233,4.1565447
24,36.40822,32.434303,3.973917
25,36.225864,32.416878,3.8089898
26,36.05882,32.3987,3.6601176
27,35.90534,32.37956,3.525781
28,35.763847,32.359272,3.4045765
29,35.63291,32.337692,3.2952201
30,35.51124,32.314705,3.196537
31,35.397682,32.29023,3.1074555
32,35.291206,32.264202,3.0270035
33,35.190884,32.236584,2.9542985
34,35.095894,32.20736,2.8885396
35,35.005516,32.176514,2.8290036
36,34.9191,32.144066,2.775036
37,34.836075,32.110035,2.7260454
38,34.755955,32.074455,2.6814964
39,34.678288,32.03738,2.640906
40,34.602703,31.998867,2.603837
41,34.528893,31.958994,2.5698943
42,34.45657,31.91785,2.5387206
43,34.38551,31.875523,2.5099945
44,34.315544,31.832119,2.4834237
45,34.24651,31.78776,2.458747
46,34.17829,31.742565,2.43573
47,34.110817,31.696655,2.4141624
48,34.044014,31.650152,2.3938584
49,33.97783,31.603176,2.3746533
50,33.912243,31.555841,2.3564045
51,33.847233,31.50825,2.3389878
52,33.782776,31.46048,2.3222988
53,33.71887,31.412622,2.306248
54,33.6555,31.364737,2.2907624
55,33.59265,31.316874,2.275782
56,33.530323,31.269062,2.2612596
57,33.468494,31.221333,2.2471576
58,33.407154,31.173702,2.233447
59,33.34629,31.126184,2.220106
60,33.28589,31.078772,2.207118
61,33.22594,31.031464,2.1944711
62,33.166428,30.984264,2.182157
63,33.107346,30.937176,2.1701694
64,33.048683,30.890179,2.1585033
65,32.99044,30.843288,2.1471562
66,32.93262,30.796494,2.1361241
67,32.87521,30.749805,2.125405
68,32.818222,30.703222,2.1149983
69,32.76166,30.65676,2.104902
70,32.70553,30.610416,2.0951142
71,32.64984,30.564209,2.0856342
72,32.59461,30.518147,2.0764608
73,32.539833,30.47224,2.067593
74,32.485527,30.426502,2.0590298
75,32.43171,30.38094,2.0507698
76,32.378384,30.335571,2.0428119
77,32.325554,30.2904,2.035155
78,32.27324,30.245443,2.0277972
79,32.221443,30.200699,2.0207376
80,32.170162,30.156189,2.0139744
81,32.119408,30.111904,2.0075054
82,32.069183,30.067856,2.0013287
83,32.01949,30.024044,1.9954412
84,31.970318,29.980478,1.9898412
85,31.92168,29.937155,1.9845251
86,31.873562,29.89407,1.9794899
87,31.825964,29.851233,1.9747314
88,31.778881,29.808636,1.9702461
89,31.73231,29.766281,1.9660295
90,31.686243,29.724163,1.9620769
91,31.64067,29.682287,1.9583836
92,31.595592,29.640652,1.9549433
93,31.551004,29.599253,1.9517515
94,31.506897,29.558094,1.9488022
95,31.463263,29.517172,1.9460888
96,31.420101,29.476492,1.9436061
97,31.377401,29.436054,1.9413469
98,31.33516,29.395859,1.9393047
99,31.293377,29.355902,1.9374739
100,31.25204,29.316193,1.9358466
101,31.211147,29.27673,1.9344168
102,31.170696,29.237522,1.9331777
103,31.130676,29.198553,1.9321225
104,31.091085,29.159845,1.9312441
105,31.051926,29.12139,1.9305363
106,31.013184,29.083187,1.9299917
107,30.97485,29.045246,1.9296045
108,30.936926,29.007557,1.9293668
109,30.899405,28.970133,1.9292736
110,30.862278,28.932962,1.9293168
111,30.82554,28.896051,1.9294904
112,30.789188,28.859396,1.929788
113,30.753214,28.823008,1.9302032
114,30.717602,28.786875,1.9307302
115,30.682358,28.750998,1.9313625
116,30.647467,28.715374,1.9320936
117,30.612925,28.680004,1.9329178
118,30.57872,28.644892,1.933829
119,30.544851,28.610031,1.9348221
120,30.511312,28.57542,1.9358909
121,30.478092,28.541061,1.9370301
122,30.44518,28.506947,1.9382341
123,30.412579,28.473078,1.9394977
124,30.38027,28.439457,1.9408165
125,30.348257,28.406073,1.942185
126,30.316528,28.37293,1.9435985
127,30.285084,28.34003,1.9450531
128,30.25391,28.307364,1.9465431
129,30.222998,28.274933,1.9480658
130,30.192343,28.242731,1.9496161
131,30.161951,28.21076,1.951191
132,30.131802,28.179016,1.9527858
133,30.101894,28.147497,1.9543984
134,30.072226,28.116201,1.9560242
135,30.042786,28.085123,1.9576609
136,30.013569,28.05426,1.9593054
137,29.984564,28.023611,1.9609549
138,29.955776,27.993168,1.9626068
139,29.92719,27.96293,1.9642588
140,29.898804,27.932892,1.9659084
141,29.870605,27.903051,1.9675539
142,29.842596,27.873402,1.9691925
143,29.814764,27.843939,1.9708235
144,29.787104,27.814657,1.9724445
145,29.75961,27.785553,1.9740541
146,29.732273,27.756618,1.9756508
147,29.705088,27.727854,1.9772333
148,29.67805,27.699245,1.9788005
149,29.651148,27.670797,1.9803517
150,29.624378,27.642492,1.9818852
151,29.597733,27.614338,1.9834001
152,29.571209,27.586313,1.9848964
153,29.544796,27.558422,1.986373
154,29.518488,27.530659,1.987829
155,29.49228,27.503016,1.9892645
156,29.466162,27.475483,1.9906784
157,29.440134,27.448063,1.9920704
158,29.414185,27.420742,1.9934403
159,29.388311,27.39352,1.9947882
160,29.3625,27.366388,1.9961134
161,29.336756,27.33934,1.9974159
162,29.31107,27.312372,1.9986957
163,29.285427,27.285477,1.9999529
164,29.259832,27.258646,2.001187
165,29.234278,27.231878,2.002399
166,29.208752,27.205164,2.0035882
167,29.183262,27.178503,2.0047553
168,29.157785,27.151886,2.005899
169,29.13233,27.125305,2.0070214
170,29.106882,27.09876,2.0081215
171,29.081446,27.072245,2.0092
172,29.05601,27.04575,2.010257
173,29.030567,27.019272,2.011293
174,29.005117,26.992804,2.0123076
175,28.979649,26.966345,2.013302
176,28.954163,26.93989,2.014276
177,28.928656,26.913427,2.0152302
178,28.903118,26.886957,2.016164
179,28.877552,26.86047,2.0170789
180,28.851938,26.833965,2.0179746
181,28.82629,26.807438,2.0188518
182,28.800589,26.78088,2.01971
183,28.774837,26.754292,2.0205505
184,28.749033,26.727661,2.021373
185,28.723166,26.700989,2.0221782
186,28.697235,26.674267,2.0229664
187,28.67123,26.647495,2.0237374
188,28.645157,26.620663,2.0244918
189,28.619,26.593771,2.0252302
190,28.592762,26.566813,2.025952
191,28.566442,26.539783,2.0266595
192,28.54003,26.512676,2.0273502
193,28.51352,26.485493,2.0280259
194,28.486912,26.458221,2.028687
195,28.460201,26.430866,2.0293329
196,28.43338,26.403416,2.029965
197,28.406454,26.375874,2.030582
198,28.379414,26.348227,2.0311854
199,28.35225,26.320475,2.0317748
200,28.324966,26.292614,2.03235
201,28.297556,26.264643,2.0329123
202,28.270016,26.236553,2.033461
203,28.24234,26.20834,2.0339966
204,28.214529,26.180012,2.0345185
205,28.186573,26.151546,2.035028
206,28.158478,26.122952,2.0355241
207,28.13023,26.094223,2.036008
208,28.101831,26.06535,2.036479
209,28.073277,26.03634,2.036937
210,28.044561,26.007177,2.037383
211,28.01569,25.977869,2.0378168
212,27.986643,25.948404,2.0382378
213,27.957432,25.918783,2.038647
214,27.928045,25.889002,2.0390432
215,27.898483,25.859055,2.039428
216,27.868744,25.828943,2.0398002
217,27.838818,25.798655,2.0401604
218,27.808704,25.768192,2.0405087
219,27.7784,25.737555,2.040845
220,27.747906,25.706738,2.0411696
221,27.717213,25.675732,2.0414822
222,27.686325,25.64454,2.0417829
223,27.655231,25.61316,2.0420718
224,27.623932,25.581581,2.0423489
225,27.592422,25.54981,2.0426137
226,27.560703,25.517836,2.0428677
227,27.528769,25.485659,2.04311
228,27.496616,25.453274,2.0433407
229,27.464243,25.420685,2.04356
230,27.431646,25.387878,2.0437677
231,27.398825,25.354858,2.0439646
232,27.365772,25.32162,2.04415
233,27.332489,25.288168,2.0443246
234,27.298975,25.254482,2.0444882
235,27.265217,25.220577,2.0446408
236,27.231222,25.186441,2.044783
237,27.196987,25.152073,2.0449152
238,27.162506,25.117472,2.0450368
239,27.12778,25.082636,2.0451484
240,27.092808,25.047558,2.0452495
241,27.057583,25.012241,2.0453417
242,27.0221,24.976679,2.045424
243,26.98637,24.940872,2.0454974
244,26.950378,24.904816,2.0455613
245,26.91413,24.86851,2.0456176
246,26.877619,24.831957,2.0456645
247,26.840847,24.795143,2.0457036
248,26.803812,24.758078,2.045735
249,26.766514,24.720753,2.0457587
250,26.728947,24.68317,2.0457752
251,26.691107,24.645323,2.0457845
252,26.653004,24.607214,2.045788
253,26.61463,24.56884,2.0457847
254,26.57598,24.530205,2.045776
255,26.53706,24.491299,2.0457616
256,26.497868,24.452126,2.045742
257,26.458399,24.412683,2.0457177
258,26.418655,24.372967,2.0456889
259,26.378637,24.332981,2.0456557
260,26.338339,24.292723,2.0456195
261,26.297766,24.252188,2.0455794
262,26.256918,24.211384,2.0455363
263,26.21579,24.170298,2.0454903
264,26.174381,24.12894,2.045442
265,26.132694,24.087305,2.0453923
266,26.090729,24.045391,2.04534
267,26.048489,24.0032,2.045287
268,26.005966,23.960733,2.0452325
269,25.963165,23.917988,2.045177
270,25.920086,23.874966,2.0451214
271,25.87673,23.831665,2.0450654
272,25.833094,23.788084,2.0450091
273,25.789179,23.744226,2.0449533
274,25.74499,23.700094,2.0448978
275,25.700521,23.655676,2.044843
276,25.65578,23.610989,2.044789
277,25.61076,23.566025,2.044736
278,25.565466,23.520784,2.0446844
279,25.5199,23.475266,2.0446339
280,25.474056,23.429474,2.0445848
281,25.427944,23.383411,2.044537
282,25.381563,23.337072,2.0444915
283,25.334911,23.290464,2.0444474
284,25.28799,23.243586,2.0444055
285,25.240803,23.196438,2.0443656
286,25.193348,23.149021,2.0443273
287,25.14563,23.101337,2.0442915
288,25.097649,23.053392,2.0442574
289,25.049404,23.00518,2.0442252
290,25.000904,22.956707,2.044196
291,24.95214,22.907974,2.0441682
292,24.903126,22.858982,2.044143
293,24.853857,22.809736,2.0441194
294,24.804333,22.760235,2.0440984
295,24.754562,22.710484,2.0440793
296,24.70454,22.66048,2.0440621
297,24.654276,22.61023,2.0440469
298,24.603767,22.559734,2.0440338
299,24.553019,22.508995,2.0440226
300,24.502031,22.458017,2.0440133
301,24.45081,22.406803,2.0440056
302,24.399353,22.35535,2.0439994
303,24.347664,22.30367,2.0439954
304,24.295753,22.251759,2.043993
305,24.243612,22.19962,2.0439916
306,24.191252,22.147263,2.0439923
307,24.138676,22.09468,2.0439937
308,24.08588,22.041883,2.0439966
309,24.032875,21.988873,2.0440009
310,23.97966,21.935654,2.044006
311,23.92624,21.882227,2.0440128
312,23.872618,21.828598,2.0440202
313,23.818796,21.774767,2.0440288
314,23.764782,21.720745,2.0440376
315,23.710575,21.666527,2.0440474
316,23.656181,21.612125,2.0440576
317,23.601604,21.557537,2.0440688
318,23.546848,21.502766,2.0440795
319,23.491915,21.447823,2.0440917
320,23.436811,21.392708,2.0441036
321,23.38154,21.337423,2.044115
322,23.326105,21.281979,2.044128
323,23.270512,21.226372,2.0441394
324,23.214764,21.170612,2.0441518
325,23.158863,21.1147,2.0441632
326,23.10282,21.058643,2.044174
327,23.04663,21.002449,2.0441852
328,22.990307,20.946112,2.044195
329,22.93385,20.889645,2.0442042
330,22.877268,20.833052,2.0442128
331,22.820559,20.77634,2.0442204
332,22.763731,20.719507,2.0442266
333,22.70679,20.66256,2.044232
334,22.64974,20.605503,2.0442357
335,22.592587,20.548346,2.0442376
336,22.53533,20.491093,2.0442388
337,22.477978,20.433743,2.0442376
338,22.420536,20.376303,2.0442345
339,22.36301,20.31878,2.0442295
340,22.3054,20.26118,2.0442219
341,22.247719,20.203506,2.0442128
342,22.189964,20.145761,2.0442004
343,22.132141,20.087955,2.0441856
344,22.074257,20.03009,2.0441682
345,22.016315,19.972166,2.044148
346,21.958323,19.914196,2.0441234
347,21.90028,19.856182,2.0440962
348,21.842196,19.798126,2.0440657
349,21.78407,19.74004,2.044031
350,21.725912,19.68192,2.0439923
351,21.667723,19.623775,2.0439491
352,21.60951,19.565609,2.0439022
353,21.551275,19.507425,2.0438504
354,21.493027,19.449232,2.0437942
355,21.434765,19.391033,2.043732
356,21.376493,19.332829,2.0436647
357,21.318218,19.274624,2.043592
358,21.259945,19.21643,2.043513
359,21.201672,19.158245,2.0434277
360,21.143412,19.100075,2.0433357
361,21.085157,19.041922,2.0432374
362,21.02692,18.98379,2.0431314
363,20.968706,18.925688,2.0430188
364,20.910511,18.867613,2.0428975
365,20.852343,18.809576,2.0427685
366,20.794203,18.751574,2.0426304
367,20.736097,18.693613,2.0424845
368,20.678026,18.635696,2.0423286
369,20.619991,18.577827,2.0421634
370,20.562,18.520012,2.041988
371,20.504051,18.462246,2.0418026
372,20.446152,18.404545,2.0416067
373,20.388302,18.3469,2.0413995
374,20.330503,18.289324,2.041181
375,20.272758,18.231812,2.0409503
376,20.215076,18.174368,2.0407085
377,20.157454,18.117,2.040454
378,20.099894,18.059708,2.0401871
379,20.042402,18.002493,2.0399077
380,19.98498,17.945362,2.0396147
381,19.92763,17.888319,2.0393088
382,19.870354,17.831364,2.0389898
383,19.813158,17.774502,2.038657
384,19.756046,17.717735,2.038311
385,19.699018,17.661068,2.0379517
386,19.642082,17.604502,2.0375788
387,19.58524,17.548048,2.0371926
388,19.528496,17.491705,2.0367923
389,19.471859,17.435478,2.036379
390,19.415327,17.379375,2.0359538
391,19.358912,17.323397,2.035515
392,19.30261,17.267548,2.035064
393,19.246439,17.211836,2.0346003
394,19.190393,17.15627,2.0341249
395,19.134485,17.100847,2.0336385
396,19.07872,17.045582,2.0331402
397,19.023106,16.990475,2.0326307
398,18.96764,16.93553,2.0321112
399,18.912342,16.880758,2.0315807
400,18.857208,16.826168,2.0310407
401,18.802248,16.771759,2.03049
402,18.747467,16.717535,2.029929
403,18.69287,16.663511,2.0293593
404,18.638462,16.609684,2.0287797
405,18.584255,16.556065,2.0281897
406,18.530245,16.502655,2.02759
407,18.47644,16.449457,2.0269809
408,18.422844,16.396484,2.026361
409,18.369461,16.34373,2.0257316
410,18.316296,16.291206,2.0250905
411,18.26335,16.23891,2.0244393
412,18.210625,16.18685,2.023776
413,18.158127,16.135027,2.0231013
414,18.105854,16.083439,2.0224137
415,18.053808,16.032093,2.0217137
416,18.001993,15.980993,2.0210006
417,17.950407,15.930135,2.0202732
418,17.899052,15.879519,2.019532
419,17.847927,15.829152,2.0187764
420,17.797033,15.77903,2.0180042
421,17.74637,15.729154,2.0172162
422,17.695938,15.679524,2.0164123
423,17.645733,15.63014,2.0155919
424,17.595755,15.581001,2.0147529
425,17.546001,15.532107,2.0138965
426,17.496479,15.483458,2.013021
427,17.447176,15.435048,2.0121274
428,17.398098,15.386884,2.0112147
429,17.34924,15.338957,2.0102816
430,17.300594,15.291267,2.0093284
431,17.25217,15.243814,2.0083556
432,17.20396,15.196597,2.0073612
433,17.155962,15.149612,2.0063462
434,17.10817,15.102858,2.00531
435,17.060587,15.056333,2.0042524
436,17.013208,15.010035,2.0031724
437,16.96603,14.963957,2.002071
438,16.919048,14.918103,2.0009475
439,16.872267,14.872465,1.9998016
440,16.825678,14.8270445,1.9986331
441,16.77928,14.781836,1.9974426
442,16.733068,14.736839,1.9962304
443,16.687046,14.69205,1.9949948
444,16.641201,14.647464,1.993737
445,16.59554,14.603083,1.9924562
446,16.550053,14.558897,1.9911541
447,16.50474,14.514911,1.9898298
448,16.459599,14.471115,1.9884831
449,16.414623,14.427511,1.9871136
450,16.369816,14.384094,1.9857237
451,16.32517,14.34086,1.9843105
452,16.280684,14.297806,1.982877
453,16.236355,14.254933,1.9814218
454,16.19218,14.2122345,1.9799452
455,16.148153,14.169706,1.9784482
456,16.104279,14.12735,1.9769303
457,16.06055,14.085157,1.9753917
458,16.016962,14.043131,1.9738333
459,15.97352,14.001264,1.9722553
460,15.930212,13.959552,1.9706577
461,15.887037,13.917997,1.9690405
462,15.843999,13.876593,1.9674053
463,15.801092,13.83534,1.9657513
464,15.758313,13.794233,1.9640787
465,15.715658,13.75327,1.9623883
466,15.673128,13.712448,1.9606806
467,15.630719,13.671763,1.9589555
468,15.58843,13.631218,1.9572138
469,15.546259,13.590803,1.9554551
470,15.504204,13.550522,1.953681
471,15.46226,13.51037,1.951891
472,15.420428,13.470342,1.9500854
473,15.378706,13.430441,1.9482651
474,15.337092,13.390661,1.9464302
475,15.295584,13.351003,1.9445813
476,15.254179,13.311462,1.9427179
477,15.212878,13.272038,1.9408413
478,15.1716795,13.232729,1.9389513
479,15.13058,13.19353,1.9370489
480,15.089579,13.154445,1.9351337
481,15.048673,13.115468,1.9332062
482,15.007866,13.076597,1.9312675
483,14.96715,13.037834,1.9293165
484,14.926531,12.999178,1.9273546
485,14.886004,12.96062,1.9253824
486,14.845568,12.922168,1.9233999
487,14.805222,12.883814,1.9214061
488,14.764966,12.845561,1.9194034
489,14.724797,12.807406,1.9173908
490,14.684718,12.769347,1.9153687
491,14.644725,12.731386,1.9133371
492,14.604817,12.69352,1.9112982
493,14.564998,12.655747,1.9092499
494,14.525263,12.618071,1.9071934
495,14.485613,12.5804825,1.9051292
496,14.446047,12.542989,1.9030569
497,14.406563,12.505586,1.9009774
498,14.367165,12.468273,1.8988909
499,14.327848,12.431051,1.8967965
500,14.288614,12.393919,1.894696
501,14.249463,12.356875,1.8925889
502,14.210398,12.3199215,1.8904756
503,14.17141,12.283054,1.8883556
504,14.132504,12.246276,1.8862301
505,14.093683,12.209584,1.8840984
506,14.054942,12.17298,1.8819615
507,14.016283,12.136462,1.8798195
508,13.977704,12.100031,1.8776712
509,13.939207,12.063686,1.8755194
510,13.900792,12.02743,1.8733622
511,13.862457,11.991258,1.8712002
512,13.824206,11.955172,1.869034
513,13.786034,11.919171,1.8668629
514,13.747945,11.883257,1.8646883
515,13.709936,11.847428,1.8625097
516,13.672009,11.811683,1.860327
517,13.634166,11.776026,1.8581413
518,13.596402,11.740451,1.8559519
519,13.558723,11.704965,1.8537592
520,13.521126,11.669562,1.8515637
521,13.483607,11.634244,1.8493643
522,13.446173,11.599009,1.8471638
523,13.408821,11.563862,1.8449605
524,13.3715515,11.528798,1.8427541
525,13.334363,11.493818,1.8405459
526,13.297259,11.458924,1.838335
527,13.260237,11.424112,1.8361238
528,13.223297,11.389388,1.8339096
529,13.186441,11.354746,1.8316942
530,13.149668,11.3201885,1.8294779
531,13.112974,11.285714,1.8272603
532,13.0763645,11.251323,1.8250415
533,13.039839,11.217015,1.8228226
534,13.003395,11.182793,1.8206017
535,12.967033,11.148652,1.818381
536,12.930756,11.114595,1.8161604
537,12.89456,11.080621,1.8139389
538,12.858444,11.046728,1.8117176
539,12.822415,11.012918,1.8094963
540,12.786467,10.979189,1.807276
541,12.750601,10.945544,1.8050554
542,12.714813,10.91198,1.8028351
543,12.679112,10.878496,1.8006165
544,12.643492,10.845095,1.7983971
545,12.607954,10.811773,1.7961795
546,12.572496,10.778534,1.7939632
547,12.537122,10.745374,1.7917475
548,12.501828,10.712296,1.789533
549,12.466618,10.6792965,1.7873201
550,12.431488,10.6463785,1.7851089
551,12.3964405,10.613543,1.7828989
552,12.361475,10.580783,1.7806915
553,12.326591,10.548106,1.7784843
554,12.291791,10.51551,1.7762802
555,12.257072,10.482995,1.7740772
556,12.222437,10.45056,1.7718773
557,12.187885,10.418205,1.76968
558,12.153419,10.385934,1.7674847
559,12.119035,10.353743,1.7652915
560,12.084737,10.321635,1.7631019
561,12.050524,10.28961,1.7609141
562,12.016397,10.257669,1.7587293
563,11.982361,10.225812,1.7565495
564,11.94841,10.194039,1.7543714
565,11.914549,10.162353,1.7521976
566,11.880781,10.1307535,1.7500271
567,11.847103,10.099241,1.7478611
568,11.813518,10.06782,1.7456992
569,11.780027,10.036489,1.7435414
570,11.746635,10.005247,1.741388
571,11.713337,9.974096,1.7392403
572,11.68014,9.943043,1.7370968
573,11.647043,9.912086,1.7349583
574,11.614049,9.881223,1.732826
575,11.58116,9.85046,1.7306993
576,11.548375,9.819797,1.7285788
577,11.515698,9.789234,1.726464
578,11.483133,9.758776,1.7243564
579,11.450677,9.728421,1.7222553
580,11.418335,9.6981735,1.7201614
581,11.386107,9.668033,1.7180742
582,11.353996,9.638003,1.7159939
583,11.322004,9.608083,1.7139219
584,11.2901325,9.578275,1.7118585
585,11.258383,9.54858,1.7098023
586,11.226755,9.519,1.7077539
587,11.195251,9.489537,1.7057142
588,11.163875,9.460192,1.7036831
589,11.132624,9.4309635,1.7016604
590,11.101502,9.401855,1.6996467
591,11.070509,9.372868,1.697642
592,11.039647,9.344001,1.6956453
593,11.008915,9.315256,1.6936586
594,10.978315,9.286634,1.6916807
595,10.947846,9.258136,1.6897116
596,10.917513,9.229759,1.6877524
597,10.88731,9.2015085,1.6858015
598,10.857242,9.173381,1.6838601
599,10.827306,9.145378,1.681928
600,10.7975025,9.117498,1.6800047
601,10.767835,9.089745,1.6780901
602,10.738298,9.062113,1.6761854
603,10.708895,9.034606,1.6742893
604,10.6796255,9.007223,1.672402
605,10.650488,8.979964,1.6705233
606,10.621482,8.952827,1.6686542
607,10.5926075,8.925815,1.6667932
608,10.563862,8.898921,1.6649402
609,10.535246,8.872149,1.6630967
610,10.506761,8.8455,1.661261
611,10.478403,8.81897,1.659433
612,10.450172,8.792558,1.6576138
613,10.422068,8.766267,1.6558024
614,10.394091,8.740091,1.653999
615,10.36624,8.714035,1.6522032
616,10.338509,8.688093,1.6504145
617,10.310904,8.662268,1.6486343
618,10.283417,8.636557,1.6468605
619,10.256054,8.610959,1.6450951
620,10.228809,8.585474,1.6433359
621,10.201685,8.5601015,1.6415842
622,10.174677,8.534839,1.6398382
623,10.147787,8.509686,1.6381004
624,10.121012,8.484643,1.6363697
625,10.094352,8.459707,1.6346445
626,10.067805,8.43488,1.6329256
627,10.041372,8.410159,1.6312139
628,10.015051,8.385542,1.6295086
629,9.988839,8.361029,1.6278092
630,9.962737,8.336622,1.6261152
631,9.936745,8.312317,1.6244284
632,9.91086,8.288114,1.6227465
633,9.885083,8.26401,1.6210712
634,9.85941,8.240008,1.6194017
635,9.833842,8.2161045,1.6177375
636,9.808378,8.1923,1.6160791
637,9.783018,8.168592,1.6144266
638,9.757761,8.1449795,1.6127802
639,9.732605,8.121466,1.6111381
640,9.707547,8.098046,1.6095011
641,9.682591,8.07472,1.6078708
642,9.657732,8.051487,1.6062454
643,9.632973,8.028348,1.6046251
644,9.608309,8.0053,1.6030104
645,9.583742,7.982342,1.6013998
646,9.559271,7.959475,1.5997956
647,9.534894,7.936698,1.5981956
648,9.510611,7.91401,1.5966014
649,9.486422,7.8914084,1.5950124
650,9.462325,7.8688965,1.593428
651,9.438319,7.84647,1.5918491
652,9.414404,7.82413,1.5902743
653,9.39058,7.801875,1.588705
654,9.366846,7.779704,1.5871418
655,9.343201,7.7576194,1.5855821
656,9.319645,7.735616,1.584028
657,9.296175,7.7136965,1.5824788
658,9.272793,7.691859,1.5809345
659,9.249496,7.670101,1.579395
660,9.226287,7.648426,1.5778604
661,9.203163,7.626831,1.5763315
662,9.180124,7.605317,1.574806
663,9.157168,7.58388,1.573287
664,9.134295,7.562523,1.5717723
665,9.111506,7.5412445,1.5702627
666,9.0888,7.5200424,1.5687581
667,9.066175,7.4989166,1.567259
668,9.043633,7.4778695,1.5657642
669,9.021173,7.4568977,1.5642741
670,8.998792,7.436002,1.5627896
671,8.976489,7.41518,1.5613091
672,8.9542675,7.3944335,1.5598352
673,8.932126,7.37376,1.5583652
674,8.910062,7.353162,1.5569012
675,8.888078,7.332635,1.5554416
676,8.866169,7.312182,1.5539868
677,8.844339,7.2918015,1.5525377
678,8.822586,7.2714934,1.5510933
679,8.80091,7.251255,1.5496546
680,8.779311,7.2310905,1.5482202
681,8.757787,7.2109957,1.5467912
682,8.736338,7.19097,1.5453677
683,8.714965,7.1710157,1.543949
684,8.693666,7.1511316,1.542536
685,8.6724415,7.1313148,1.5411279
686,8.651293,7.1115685,1.5397246
687,8.630217,7.091891,1.5383271
688,8.609217,7.072282,1.5369347
689,8.588288,7.052741,1.5355474
690,8.567432,7.033267,1.5341651
691,8.546649,7.013861,1.5327885
692,8.525941,6.994523,1.531418
693,8.505302,6.9752502,1.5300518
694,8.484737,6.9560456,1.5286914
695,8.464241,6.9369063,1.5273349
696,8.443819,6.9178343,1.5259854
697,8.423468,6.8988276,1.5246406
698,8.403189,6.8798866,1.5233015
699,8.382978,6.8610115,1.5219673
700,8.362841,6.842201,1.5206391
701,8.342772,6.8234572,1.5193156
702,8.322774,6.8047767,1.5179974
703,8.302847,6.786161,1.5166855
704,8.282989,6.767611,1.515378
705,8.263202,6.749125,1.5140766
706,8.243483,6.730703,1.5127804
707,8.223833,6.712344,1.5114892
708,8.204254,6.694051,1.5102035
709,8.184744,6.6758204,1.5089235
710,8.165303,6.657654,1.5076494
711,8.145929,6.63955,1.50638
712,8.126627,6.621512,1.5051161
713,8.107392,6.603536,1.5038571
714,8.088226,6.5856223,1.5026038
715,8.069128,6.567772,1.5013559
716,8.050098,6.5499854,1.5001135
717,8.031138,6.532262,1.4988768
718,8.012244,6.5146003,1.4976444
719,7.9934206,6.4970026,1.4964186
720,7.974664,6.4794664,1.4951973
721,7.9559755,6.461993,1.4939818
722,7.937354,6.444583,1.4927713
723,7.9188013,6.4272356,1.491566
724,7.9003167,6.4099503,1.4903666
725,7.8818994,6.392728,1.4891713
726,7.863549,6.375567,1.4879826
727,7.8452682,6.3584695,1.4867982
728,7.827054,6.3414345,1.4856195
729,7.8089066,6.3244605,1.4844457
730,7.7908278,6.307551,1.4832771
731,7.7728148,6.290702,1.4821136
732,7.7548723,6.2739162,1.4809558
733,7.7369957,6.257193,1.4798033
734,7.7191873,6.240532,1.4786552
735,7.701445,6.2239323,1.4775127
736,7.6837707,6.2073965,1.476375
737,7.6661634,6.190922,1.475242
738,7.6486244,6.1745095,1.474115
739,7.631153,6.15816,1.4729924
740,7.6137476,6.1418734,1.471874
741,7.596411,6.125648,1.4707621
742,7.579141,6.1094856,1.4696546
743,7.561938,6.0933857,1.4685516
744,7.544801,6.0773487,1.4674537
745,7.527734,6.0613737,1.4663603
746,7.510733,6.0454607,1.4652727
747,7.4937997,6.029611,1.4641888
748,7.4769335,6.013823,1.4631106
749,7.460135,5.9980984,1.4620364
750,7.4434023,5.9824347,1.4609671
751,7.426738,5.966835,1.4599029
752,7.410141,5.9512978,1.4588428
753,7.3936105,5.935823,1.4577885
754,7.3771486,5.9204106,1.4567372
755,7.360751,5.9050603,1.4556911
756,7.344423,5.8897734,1.4546498
757,7.3281617,5.8745484,1.4536133
758,7.3119683,5.8593864,1.4525807
759,7.29584,5.8442874,1.4515531
760,7.2797804,5.829251,1.4505293
761,7.2637873,5.814276,1.4495102
762,7.24786,5.799364,1.4484956
763,7.232001,5.7845144,1.4474856
764,7.2162094,5.7697287,1.4464799
765,7.200483,5.7550054,1.4454777
766,7.1848235,5.740344,1.4444802
767,7.1692314,5.725745,1.4434868
768,7.1537066,5.7112093,1.4424975
769,7.1382475,5.696735,1.4415128
770,7.122857,5.682324,1.4405323
771,7.10753,5.667975,1.4395549
772,7.0922723,5.6536894,1.4385827
773,7.0770783,5.6394653,1.437614
774,7.061953,5.625303,1.4366498
775,7.0468926,5.611203,1.4356892
776,7.0318995,5.5971665,1.4347328
777,7.0169706,5.583191,1.43378
778,7.0021095,5.569278,1.4328315
779,6.9873133,5.555426,1.4318868
780,6.972583,5.5416374,1.4309458
781,6.9579177,5.5279098,1.4300082
782,6.943319,5.514244,1.429075
783,6.928786,5.5006404,1.4281455
784,6.914317,5.487098,1.4272194
785,6.899914,5.473617,1.426297
786,6.8855767,5.4601984,1.4253786
787,6.8713036,5.44684,1.4244635
788,6.8570952,5.433543,1.4235518
789,6.842952,5.420308,1.4226444
790,6.8288717,5.407132,1.4217399
791,6.8148575,5.3940187,1.4208391
792,6.800908,5.380965,1.4199427
793,6.7870216,5.3679724,1.419049
794,6.7731996,5.3550406,1.4181584
795,6.7594404,5.3421683,1.4172719
796,6.7457457,5.329357,1.4163885
797,6.732114,5.316605,1.4155085
798,6.718545,5.3039136,1.4146316
799,6.70504,5.2912817,1.4137585
800,6.691597,5.2787094,1.4128882
801,6.6782174,5.2661953,1.4120215
802,6.6648993,5.2537413,1.411158
803,6.651644,5.2413464,1.4102972
804,6.6384516,5.2290106,1.4094405
805,6.6253195,5.216733,1.4085865
806,6.6122503,5.2045145,1.4077361
807,6.5992417,5.1923537,1.4068877
808,6.5862947,5.180251,1.4060436
809,6.5734076,5.1682067,1.4052017
810,6.5605826,5.15622,1.4043628
811,6.547818,5.14429,1.4035282
812,6.5351133,5.1324177,1.4026954
813,6.5224686,5.1206026,1.401866
814,6.509885,5.1088448,1.4010392
815,6.497359,5.0971437,1.4002151
816,6.4848924,5.085498,1.3993944
817,6.4724855,5.073909,1.3985765
818,6.4601374,5.0623755,1.3977613
819,6.447848,5.0508986,1.3969492
820,6.4356155,5.0394764,1.3961391
821,6.423443,5.0281096,1.395333
822,6.4113274,5.0167975,1.394529
823,6.3992696,5.0055413,1.3937277
824,6.3872676,4.994338,1.3929297
825,6.375324,4.98319,1.3921337
826,6.3634367,4.972096,1.3913405
827,6.3516054,4.961055,1.3905504
828,6.3398304,4.950068,1.3897624
829,6.328111,4.9391336,1.3889774
830,6.3164473,4.928252,1.3881948
831,6.3048387,4.917424,1.3874143
832,6.2932844,4.9066477,1.3866369
833,6.281785,4.895923,1.3858621
834,6.270341,4.8852515,1.3850892
835,6.2589493,4.874631,1.384319
836,6.247612,4.8640614,1.3835516
837,6.236329,4.8535433,1.3827865
838,6.225098,4.843075,1.3820232
839,6.213921,4.832658,1.3812634
840,6.2027955,4.822291,1.3805052
841,6.1917205,4.811972,1.3797487
842,6.180699,4.8017044,1.378995
843,6.16973,4.791485,1.378245
844,6.1588106,4.781315,1.3774952
845,6.147941,4.7711935,1.3767484
846,6.137125,4.7611203,1.3760045
847,6.1263566,4.7510953,1.375262
848,6.115639,4.7411165,1.3745222
849,6.104972,4.7311873,1.3737847
850,6.094352,4.721303,1.3730485
851,6.0837817,4.7114673,1.3723147
852,6.073261,4.701677,1.3715837
853,6.062787,4.691933,1.3708541
854,6.0523615,4.6822352,1.3701267
855,6.041983,4.6725826,1.3694012
856,6.031653,4.662975,1.3686779
857,6.021369,4.6534123,1.3679571
858,6.011132,4.6438947,1.3672371
859,6.000941,4.634421,1.36652
860,5.990794,4.624991,1.3658038
861,5.9806952,4.6156044,1.3650908
862,5.97064,4.6062613,1.3643783
863,5.9606304,4.5969615,1.3636694
864,5.950665,4.587704,1.3629612
865,5.940745,4.57849,1.3622551
866,5.930867,4.569316,1.3615508
867,5.921034,4.5601854,1.3608483
868,5.9112425,4.551095,1.3601476
869,5.9014945,4.5420465,1.3594482
870,5.8917894,4.533038,1.358751
871,5.882127,4.524071,1.3580556
872,5.8725047,4.5151434,1.3573616
873,5.8629255,4.5062556,1.3566692
874,5.8533864,4.4974074,1.3559787
875,5.8438897,4.488599,1.3552904
876,5.834431,4.479829,1.354603
877,5.8250146,4.4710975,1.3539171
878,5.815637,4.4624047,1.3532327
879,5.8063,4.453749,1.3525509
880,5.797002,4.445131,1.3518705
881,5.787742,4.436551,1.3511906
882,5.77852,4.428008,1.3505123
883,5.7693377,4.4195013,1.3498362
884,5.760193,4.4110312,1.3491614
885,5.7510853,4.4025974,1.3484881
886,5.7420163,4.3941994,1.3478163
887,5.732982,4.3858376,1.3471458
888,5.7239866,4.3775096,1.3464769
889,5.715026,4.369217,1.3458083
890,5.7061024,4.3609605,1.3451421
891,5.697214,4.3527374,1.3444773
892,5.688361,4.344548,1.3438135
893,5.6795454,4.336393,1.3431518
894,5.670762,4.3282714,1.3424907
895,5.6620145,4.320183,1.3418317
896,5.6533,4.312127,1.3411729
897,5.64462,4.304105,1.3405153
898,5.635974,4.296114,1.3398602
899,5.6273613,4.288156,1.3392055
900,5.6187825,4.28023,1.3385524
901,5.6102357,4.2723355,1.3379006
902,5.6017222,4.2644715,1.3372505
903,5.593239,4.25664,1.3365997
904,5.584789,4.2488375,1.3359512
905,5.576371,4.2410674,1.3353043
906,5.5679846,4.233327,1.3346579
907,5.559629,4.2256155,1.3340129
908,5.551305,4.2179356,1.333369
909,5.5430107,4.210284,1.3327262
910,5.534747,4.2026634,1.3320844
911,5.526514,4.1950707,1.3314441
912,5.5183105,4.187506,1.3308045
913,5.510137,4.1799707,1.3301661
914,5.501992,4.1724634,1.3295287
915,5.4938765,4.164985,1.3288918
916,5.485791,4.1575346,1.3282573
917,5.477733,4.15011,1.3276225
918,5.4697037,4.142714,1.3269897
919,5.461703,4.135345,1.3263571
920,5.45373,4.1280036,1.3257262
921,5.4457836,4.1206884,1.325095
922,5.437866,4.1134005,1.3244663
923,5.429975,4.1061373,1.3238381
924,5.422111,4.098901,1.3232104
925,5.4142747,4.0916905,1.3225836
926,5.4064636,4.0845056,1.3219582
927,5.398679,4.0773454,1.3213332
928,5.39092,4.070211,1.3207089
929,5.3831887,4.063102,1.3200866
930,5.3754816,4.056017,1.3194647
931,5.3678,4.0489564,1.3188436
932,5.360143,4.0419207,1.3182229
933,5.352513,4.0349092,1.3176037
934,5.344906,4.0279217,1.316984
935,5.337324,4.020958,1.3163666
936,5.3297668,4.0140176,1.3157493
937,5.322234,4.0071006,1.3151331
938,5.3147244,4.0002074,1.3145174
939,5.3072386,3.9933362,1.3139023
940,5.299777,3.9864883,1.3132887
941,5.2923384,3.9796627,1.3126752
942,5.284923,3.9728599,1.3120632
943,5.277531,3.9660797,1.3114517
944,5.2701607,3.9593208,1.3108402
945,5.262814,3.952584,1.31023
946,5.2554893,3.9458683,1.3096211
947,5.2481866,3.9391747,1.3090118
948,5.2409067,3.9325027,1.3084037
949,5.233649,3.9258523,1.3077965
950,5.226411,3.9192219,1.307189
951,5.2191963,3.9126122,1.3065838
952,5.2120023,3.9060242,1.3059781
953,5.204829,3.899456,1.3053733
954,5.1976776,3.892908,1.3047689
955,5.1905456,3.8863807,1.3041656
956,5.1834354,3.8798726,1.3035626
957,5.1763453,3.8733852,1.3029605
958,5.169276,3.8669171,1.3023593
959,5.1622267,3.8604684,1.3017578
960,5.155196,3.854039,1.3011576
961,5.1481867,3.8476284,1.3005577
962,5.1411967,3.841238,1.2999588
963,5.134226,3.834866,1.2993598
964,5.1272736,3.8285122,1.2987611
965,5.1203413,3.8221772,1.2981637
966,5.1134276,3.8158607,1.2975669
967,5.106534,3.8095627,1.2969708
968,5.0996566,3.803283,1.2963742
969,5.0927997,3.7970207,1.2957795
970,5.0859613,3.7907765,1.2951845
971,5.0791397,3.7845492,1.29459
972,5.072337,3.7783408,1.2939961
973,5.0655527,3.7721493,1.2934029
974,5.0587835,3.7659745,1.2928094
975,5.0520334,3.7598171,1.2922171
976,5.045303,3.753677,1.2916255
977,5.038587,3.7475533,1.2910336
978,5.0318894,3.7414467,1.2904427
979,5.0252094,3.7353566,1.2898527
980,5.0185456,3.729283,1.2892624
981,5.011898,3.7232258,1.2886727
982,5.0052676,3.7171845,1.2880834
983,4.998653,3.7111588,1.2874944
984,4.9920554,3.7051492,1.286906
985,4.985474,3.6991558,1.2863181
986,4.978909,3.6931777,1.2857304
987,4.9723587,3.6872158,1.2851436
988,4.965825,3.6812682,1.2845566
989,4.9593062,3.6753364,1.2839696
990,4.9528046,3.6694198,1.2833844
991,4.9463167,3.6635184,1.2827983
992,4.939846,3.6576316,1.2822138
993,4.9333887,3.6517596,1.2816284
994,4.9269457,3.6459022,1.2810439
995,4.9205194,3.6400597,1.2804601
996,4.9141073,3.634231,1.2798755
997,4.90771,3.6284175,1.2792923
998,4.901326,3.6226165,1.2787093
999,4.8949575,3.6168313,1.2781265
1000,4.8886037,3.6110592,1.2775441
1001,4.882262,3.6053016,1.2769611
1002,4.875936,3.5995574,1.2763793
1003,4.8696237,3.5938268,1.2757975
1004,4.863325,3.5881093,1.275216
1005,4.8570414,3.5824056,1.2746354
1006,4.8507695,3.5767148,1.2740548
1007,4.844511,3.5710373,1.2734735
1008,4.838267,3.565373,1.272894
1009,4.8320355,3.5597217,1.2723141
1010,4.825817,3.5540829,1.2717348
1011,4.819612,3.548457,1.2711554
1012,4.81342,3.542844,1.2705758
1013,4.8072405,3.5372436,1.2699974
1014,4.801072,3.5316544,1.269418
1015,4.794918,3.526078,1.2688401
1016,4.788777,3.5205147,1.2682624
1017,4.782647,3.5149632,1.2676836
1018,4.7765293,3.5094237,1.2671058
1019,4.770425,3.503896,1.2665287
1020,4.764332,3.4983802,1.2659514
1021,4.7582507,3.4928765,1.2653744
1022,4.7521806,3.487384,1.2647965
1023,4.7461243,3.4819026,1.2642205
1024,4.740078,3.4764335,1.2636442
1025,4.7340436,3.4709759,1.2630676
1026,4.7280207,3.4655292,1.2624915
1027,4.72201,3.4600945,1.2619159
1028,4.7160096,3.45467,1.2613399
1029,4.710021,3.449257,1.2607645
1030,4.704044,3.4438546,1.2601897
1031,4.6980777,3.4384637,1.2596139
1032,4.6921225,3.433083,1.259039
1033,4.6861773,3.4277139,1.2584639
1034,4.6802444,3.422355,1.2578894
1035,4.6743217,3.4170067,1.2573154
1036,4.6684093,3.4116693,1.2567406
1037,4.662509,3.406342,1.2561667
1038,4.6566176,3.4010253,1.2555927
1039,4.6507373,3.395719,1.2550187
1040,4.6448684,3.3904228,1.2544453
1041,4.639009,3.385137,1.253872
1042,4.6331606,3.3798618,1.2532985
1043,4.6273217,3.3745964,1.2527248
1044,4.621494,3.3693414,1.2521527
1045,4.615676,3.3640962,1.2515796
1046,4.609868,3.3588612,1.2510068
1047,4.60407,3.3536363,1.2504343
1048,4.598283,3.3484204,1.2498622
1049,4.5925055,3.3432155,1.24929
1050,4.586737,3.3380196,1.2487175
1051,4.5809793,3.3328338,1.2481453
1052,4.5752325,3.3276584,1.2475737
1053,4.5694947,3.3224921,1.2470024
1054,4.563766,3.3173356,1.2464306
1055,4.5580487,3.3121886,1.2458595
1056,4.55234,3.3070521,1.2452883
1057,4.5466413,3.3019245,1.2447165
1058,4.540953,3.2968068,1.244146
1059,4.5352736,3.2916985,1.2435753
1060,4.5296054,3.2865996,1.2430052
1061,4.523946,3.2815108,1.2424347
1062,4.5182953,3.2764313,1.241864
1063,4.512655,3.271361,1.2412938
1064,4.5070257,3.266301,1.2407246
1065,4.5014052,3.2612507,1.2401549
1066,4.495794,3.2562091,1.2395847
1067,4.4901934,3.2511773,1.2390163
1068,4.484601,3.2461548,1.238446
1069,4.4790187,3.2411423,1.2378764
1070,4.473447,3.2361386,1.2373081
1071,4.467884,3.2311451,1.2367392
1072,4.4623313,3.2261608,1.2361705
1073,4.456788,3.2211862,1.2356021
1074,4.4512553,3.2162213,1.2350341
1075,4.4457307,3.2112656,1.2344654
1076,4.4402175,3.2063193,1.2338979
1077,4.4347124,3.2013829,1.2333301
1078,4.429218,3.1964557,1.2327626
1079,4.4237337,3.1915383,1.2321949
1080,4.418258,3.1866302,1.2316278
1081,4.4127927,3.181732,1.2310606
1082,4.407338,3.1768434,1.2304943
1083,4.4018908,3.1719642,1.2299271
1084,4.3964553,3.1670952,1.2293607
1085,4.39103,3.1622348,1.2287946
1086,4.3856125,3.1573844,1.2282281
1087,4.3802056,3.1525438,1.2276615
1088,4.374809,3.147713,1.2270962
1089,4.3694215,3.1428914,1.2265304
1090,4.364045,3.1380794,1.2259654
1091,4.358678,3.1332774,1.2254
1092,4.35332,3.1284847,1.2248352
1093,4.347973,3.1237025,1.2242709
1094,4.342635,3.118929,1.2237064
1095,4.337307,3.114165,1.223142
1096,4.331989,3.1094112,1.2225778
1097,4.32668,3.1046672,1.2220129
1098,4.321382,3.0999327,1.2214496
1099,4.3160934,3.0952077,1.2208859
1100,4.310815,3.0904927,1.2203224
1101,4.3055468,3.0857868,1.2197598
1102,4.300288,3.0810914,1.2191964
1103,4.295039,3.0764048,1.2186347
1104,4.2897997,3.0717285,1.2180718
1105,4.28457,3.0670612,1.2175087
1106,4.279351,3.0624042,1.2169473
1107,4.2741413,3.0577562,1.2163848
1108,4.268941,3.0531182,1.2158223
1109,4.263752,3.0484898,1.2152619
1110,4.258571,3.0438712,1.2147001
1111,4.253401,3.0392616,1.214139
1112,4.24824,3.0346618,1.2135779
1113,4.2430887,3.0300717,1.2130172
1114,4.2379475,3.0254915,1.2124561
1115,4.232816,3.0209203,1.2118961
1116,4.227695,3.0163589,1.2113363
1117,4.2225814,3.011806,1.2107751
1118,4.2174797,3.0072637,1.2102163
1119,4.2123866,3.0027304,1.2096565
1120,4.2073035,2.9982066,1.2090971
1121,4.20223,2.9936924,1.208538
1122,4.1971655,2.9891877,1.2079779
1123,4.1921105,2.9846916,1.2074192
1124,4.187066,2.980205,1.2068605
1125,4.1820297,2.975728,1.2063019
1126,4.177004,2.9712605,1.2057433
1127,4.1719866,2.9668021,1.2051846
1128,4.1669793,2.9623528,1.2046261
1129,4.161981,2.9579127,1.2040684
1130,4.156992,2.9534814,1.2035109
1131,4.1520133,2.94906,1.2029538
1132,4.147043,2.9446473,1.202396
1133,4.1420817,2.9402442,1.201838
1134,4.13713,2.9358497,1.2012808
1135,4.132188,2.9314642,1.2007242
1136,4.1272554,2.9270878,1.2001673
1137,4.12233,2.9227202,1.1996099
1138,4.117415,2.9183617,1.1990527
1139,4.112509,2.914012,1.1984968
1140,4.1076126,2.9096715,1.1979406
1141,4.102724,2.9053397,1.1973841
1142,4.097844,2.9010167,1.1968277
1143,4.092975,2.8967028,1.1962724
1144,4.088113,2.892397,1.1957152
1145,4.0832605,2.8881004,1.1951602
1146,4.0784163,2.8838124,1.1946043
1147,4.0735817,2.8795333,1.1940485
1148,4.0687556,2.8752625,1.1934935
1149,4.0639386,2.8710008,1.1929379
1150,4.0591307,2.8667474,1.192383
1151,4.054331,2.8625023,1.191829
1152,4.049539,2.8582659,1.191273
1153,4.044756,2.854038,1.1907176
1154,4.039981,2.8498187,1.1901627
1155,4.0352163,2.845608,1.1896088
1156,4.0304594,2.841405,1.1890543
1157,4.02571,2.8372111,1.1884997
1158,4.0209703,2.8330245,1.1879451
1159,4.016239,2.8288476,1.1873914
1160,4.0115156,2.824678,1.1868376
1161,4.0068007,2.8205168,1.1862833
1162,4.002094,2.8163645,1.1857294
1163,3.9973946,2.8122199,1.1851746
1164,3.9927049,2.8080833,1.1846216
1165,3.9880233,2.8039553,1.1840677
1166,3.9833496,2.7998347,1.1835144
1167,3.9786835,2.7957227,1.1829606
1168,3.974027,2.7916188,1.1824079
1169,3.9693775,2.7875228,1.1818547
1170,3.9647362,2.7834349,1.1813016
1171,3.9601033,2.7793546,1.1807482
1172,3.9554791,2.7752826,1.180196
1173,3.9508615,2.7712188,1.1796429
1174,3.9462528,2.7671623,1.1790901
1175,3.941651,2.7631142,1.1785372
1176,3.9370587,2.759074,1.1779845
1177,3.932473,2.7550411,1.1774318
1178,3.9278965,2.7510161,1.1768801
1179,3.9233265,2.7469993,1.1763272
1180,3.9187653,2.74299,1.175775
1181,3.9142113,2.7389884,1.1752228
1182,3.909666,2.7349946,1.1746712
1183,3.9051278,2.7310085,1.1741192
1184,3.9005973,2.72703,1.1735678
1185,3.8960755,2.723059,1.1730161
1186,3.8915608,2.719096,1.1724646
1187,3.8870533,2.7151403,1.1719131
1188,3.8825543,2.7111921,1.1713619
1189,3.8780627,2.707252,1.1708107
1190,3.8735783,2.703319,1.1702595
1191,3.869102,2.6993937,1.1697085
1192,3.864633,2.6954758,1.1691574
1193,3.8601723,2.6915653,1.1686068
1194,3.8557181,2.6876621,1.1680558
1195,3.8512714,2.683767,1.1675047
1196,3.8468328,2.6798787,1.1669539
1197,3.842402,2.6759982,1.1664035
1198,3.8379788,2.672125,1.1658536
1199,3.8335621,2.6682591,1.1653033
1200,3.8291543,2.6644008,1.1647536
1201,3.8247528,2.6605496,1.1642034
1202,3.8203588,2.6567054,1.1636536
1203,3.8159738,2.6528692,1.1631043
1204,3.811594,2.64904,1.1625537
1205,3.8072228,2.6452177,1.162005
1206,3.8028584,2.6414032,1.1614549
1207,3.7985015,2.6375957,1.1609058
1208,3.7941525,2.6337955,1.1603568
1209,3.7898107,2.6300027,1.1598082
1210,3.785476,2.626217,1.159259
1211,3.7811484,2.6224384,1.1587101
1212,3.7768283,2.6186664,1.1581618
1213,3.772515,2.614902,1.157613
1214,3.76821,2.611145,1.1570648
1215,3.7639117,2.6073952,1.156517
1216,3.7596211,2.6036522,1.1559689
1217,3.7553363,2.5999165,1.1554201
1218,3.7510605,2.5961876,1.1548727
1219,3.7467911,2.5924659,1.1543248
1220,3.7425284,2.5887513,1.1537775
1221,3.7382736,2.5850434,1.1532303
1222,3.7340252,2.5813432,1.1526818
1223,3.7297854,2.5776498,1.1521355
1224,3.7255516,2.5739634,1.1515886
1225,3.721326,2.5702841,1.151042
1226,3.7171066,2.5666113,1.1504952
1227,3.7128944,2.562946,1.1499485
1228,3.7086895,2.5592878,1.1494019
1229,3.704492,2.5556362,1.1488559
1230,3.7003021,2.551992,1.1483101
1231,3.696118,2.5483544,1.1477638
1232,3.6919422,2.544724,1.1472183
1233,3.6877723,2.5411,1.1466724
1234,3.6836104,2.5374835,1.1461269
1235,3.6794562,2.533873,1.1455827
1236,3.6753075,2.530271,1.1450369
1237,3.6711662,2.5266747,1.1444912
1238,3.6670334,2.523086,1.143947
1239,3.662906,2.5195034,1.1434022
1240,3.658786,2.5159285,1.1428576
1241,3.654673,2.51236,1.1423132
1242,3.6505694,2.508799,1.1417706
1243,3.6464696,2.505244,1.1412256
1244,3.6423786,2.5016963,1.1406821
1245,3.6382942,2.4981558,1.1401389
1246,3.6342168,2.494621,1.1395955
1247,3.6301455,2.491094,1.1390518
1248,3.6260827,2.487574,1.1385088
1249,3.6220253,2.48406,1.1379658
1250,3.6179767,2.4805534,1.1374235
1251,3.613934,2.4770532,1.1368806
1252,3.609899,2.47356,1.136339
1253,3.6058698,2.4700737,1.1357958
1254,3.6018493,2.4665942,1.1352551
1255,3.5978343,2.463122,1.1347127
1256,3.5938275,2.459656,1.1341715
1257,3.589826,2.456197,1.1336296
1258,3.585833,2.4527445,1.1330884
1259,3.5818467,2.4492989,1.1325477
1260,3.577867,2.4458604,1.1320066
1261,3.5738945,2.442428,1.1314662
1262,3.5699286,2.439003,1.1309253
1263,3.565971,2.4355848,1.1303862
1264,3.5620189,2.4321733,1.1298459
1265,3.5580738,2.4287682,1.1293052
1266,3.5541368,2.4253707,1.1287663
1267,3.5502048,2.421979,1.1282259
1268,3.5462813,2.4185944,1.1276871
1269,3.5423653,2.4152164,1.1271489
1270,3.5384552,2.4118452,1.12661
1271,3.534552,2.4084811,1.1260709
1272,3.5306568,2.4051237,1.1255332
1273,3.526767,2.4017725,1.1249944
1274,3.5228844,2.3984284,1.1244558
1275,3.5190094,2.3950913,1.1239183
1276,3.515142,2.391761,1.1233809
1277,3.5112805,2.3884368,1.1228435
1278,3.5074265,2.3851197,1.1223063
1279,3.503579,2.3818095,1.1217695
1280,3.4997392,2.3785062,1.121233
1281,3.4959056,2.3752093,1.1206963
1282,3.4920776,2.371919,1.120159
1283,3.4882598,2.3686354,1.1196246
1284,3.484446,2.3653588,1.119087
1285,3.48064,2.3620887,1.1185511
1286,3.4768422,2.358826,1.1180164
1287,3.4730506,2.3555694,1.1174812
1288,3.4692657,2.3523192,1.1169466
1289,3.4654877,2.349076,1.1164112
1290,3.4617164,2.34584,1.1158766
1291,3.4579532,2.3426106,1.1153425
1292,3.4541957,2.339388,1.1148078
1293,3.4504452,2.3361719,1.1142737
1294,3.4467022,2.3329623,1.1137398
1295,3.4429672,2.3297598,1.1132071
1296,3.4392369,2.3265638,1.112673
1297,3.4355156,2.3233743,1.1121409
1298,3.4317982,2.3201919,1.111606
1299,3.4280899,2.3170164,1.1110737
1300,3.4243894,2.313847,1.110542
1301,3.4206948,2.3106847,1.1100097
1302,3.4170063,2.3075292,1.1094774
1303,3.4133267,2.3043804,1.1089461
1304,3.4096522,2.3012385,1.1084143
1305,3.4059849,2.2981024,1.1078827
1306,3.4023252,2.2949739,1.1073511
1307,3.3986733,2.2918522,1.1068211
1308,3.3950272,2.2887366,1.1062906
1309,3.3913884,2.285628,1.1057603
1310,3.3877563,2.2825263,1.1052303
1311,3.3841317,2.2794313,1.1047001
1312,3.3805122,2.2763426,1.1041697
1313,3.3769016,2.273261,1.1036403
1314,3.3732975,2.2701862,1.103111
1315,3.3697002,2.267118,1.1025827
1316,3.3661098,2.2640564,1.1020534
1317,3.3625271,2.2610018,1.1015255
1318,3.3589504,2.2579541,1.1009963
1319,3.3553803,2.2549121,1.100468
1320,3.3518188,2.251878,1.0999407
1321,3.3482623,2.24885,1.0994127
1322,3.3447137,2.245829,1.0988849
1323,3.3411717,2.2428143,1.0983574
1324,3.3376374,2.2398067,1.0978307
1325,3.3341095,2.2368057,1.0973041
1326,3.3305888,2.2338111,1.0967777
1327,3.3270752,2.230824,1.0962511
1328,3.3235683,2.2278433,1.0957254
1329,3.320069,2.2248688,1.0952005
1330,3.3165748,2.2219014,1.0946736
1331,3.3130894,2.2189405,1.094149
1332,3.309611,2.2159863,1.0936244
1333,3.3061378,2.213039,1.0930985
1334,3.3026729,2.2100987,1.0925744
1335,3.2992134,2.2071645,1.0920491
1336,3.2957642,2.2042377,1.091526
1337,3.2923195,2.2013173,1.0910022
1338,3.2888825,2.1984036,1.0904788
1339,3.2854512,2.1954968,1.0899545
1340,3.2820282,2.192596,1.089432
1341,3.2786117,2.1897025,1.088909
1342,3.2752023,2.1868157,1.0883867
1343,3.2717996,2.1839354,1.0878642
1344,3.2684035,2.181062,1.0873417
1345,3.2650151,2.178195,1.0868198
1346,3.261634,2.175335,1.0862987
1347,3.258258,2.1724815,1.0857767
1348,3.2548904,2.1696348,1.0852554
1349,3.2515297,2.1667948,1.084735
1350,3.248176,2.1639614,1.0842146
1351,3.2448287,2.1611352,1.0836937
1352,3.2414887,2.158315,1.083174
1353,3.2381558,2.1555018,1.082654
1354,3.2348294,2.1526954,1.0821341
1355,3.2315102,2.1498952,1.081615
1356,3.2281978,2.147102,1.0810956
1357,3.2248924,2.1443152,1.080577
1358,3.2215946,2.1415358,1.0800588
1359,3.2183037,2.1387627,1.079541
1360,3.2150187,2.135996,1.0790226
1361,3.211741,2.1332364,1.0785043
1362,3.2084699,2.1304832,1.0779867
1363,3.2052066,2.1277366,1.0774701
1364,3.2019496,2.1249967,1.0769529
1365,3.1986997,2.1222634,1.0764363
1366,3.1954572,2.1195374,1.0759197
1367,3.1922214,2.116817,1.0754042
1368,3.1889908,2.114104,1.074887
1369,3.1857693,2.1113973,1.0743717
1370,3.1825542,2.1086974,1.0738571
1371,3.1793456,2.1060042,1.0733414
1372,3.176144,2.1033173,1.0728265
1373,3.1729493,2.1006372,1.0723124
1374,3.1697617,2.0979638,1.0717981
1375,3.166581,2.0952973,1.0712836
1376,3.1634068,2.092637,1.0707697
1377,3.1602397,2.0899832,1.0702565
1378,3.157079,2.087336,1.0697428
1379,3.1539254,2.0846956,1.0692301
1380,3.1507792,2.0820618,1.0687175
1381,3.1476383,2.0794344,1.0682039
1382,3.144507,2.076814,1.0676929
1383,3.1413808,2.0742,1.067181
1384,3.1382618,2.0715923,1.0666697
1385,3.1351495,2.0689912,1.0661583
1386,3.1320443,2.0663965,1.065648
1387,3.128946,2.063809,1.0651371
1388,3.1258538,2.0612276,1.064626
1389,3.1227684,2.0586524,1.0641159
1390,3.1196904,2.0560842,1.0636061
1391,3.1166189,2.053523,1.0630963
1392,3.1135554,2.0509672,1.0625881
1393,3.1104977,2.0484185,1.0620788
1394,3.1074479,2.0458763,1.0615714
1395,3.1044033,2.0433407,1.0610625
1396,3.1013658,2.0408118,1.0605543
1397,3.0983348,2.0382888,1.0600462
1398,3.095311,2.0357723,1.0595386
1399,3.0922945,2.0332632,1.0590315
1400,3.0892851,2.0307598,1.0585248
1401,3.0862813,2.0282629,1.0580182
1402,3.083284,2.0257726,1.0575113
1403,3.0802944,2.0232887,1.0570058
1404,3.0773113,2.0208113,1.0565001
1405,3.0743349,2.0183399,1.0559949
1406,3.0713654,2.0158753,1.0554898
1407,3.0684028,2.0134175,1.0549853
1408,3.0654464,2.0109653,1.0544808
1409,3.0624964,2.0085201,1.0539763
1410,3.0595539,2.006081,1.0534726
1411,3.0566173,2.0036483,1.052969
1412,3.0536885,2.0012224,1.0524662
1413,3.0507653,1.9988024,1.0519629
1414,3.047849,1.9963887,1.05146
1415,3.0449395,1.9939816,1.0509583
1416,3.0420365,1.9915804,1.0504558
1417,3.0391402,1.9891863,1.049954
1418,3.0362508,1.9867983,1.0494524
1419,3.0333686,1.9844162,1.0489521
1420,3.0304914,1.9820408,1.048451
1421,3.0276222,1.9796712,1.047951
1422,3.024759,1.9773085,1.0474508
1423,3.0219026,1.9749515,1.0469507
1424,3.0190525,1.9726013,1.0464513
1425,3.0162091,1.970257,1.045952
1426,3.0133727,1.9679188,1.0454537
1427,3.010542,1.9655876,1.0449545
1428,3.0077183,1.963262,1.0444562
1429,3.0049021,1.9609426,1.0439593
1430,3.002091,1.9586298,1.0434611
1431,2.9992867,1.9563227,1.0429639
1432,2.9964886,1.9540222,1.0424664
1433,2.9936981,1.9517273,1.0419705
1434,2.9909132,1.949439,1.0414742
1435,2.9881353,1.9471571,1.0409782
1436,2.9853635,1.9448811,1.0404824
1437,2.9825985,1.9426111,1.0399873
1438,2.9798403,1.9403477,1.0394926
1439,2.9770877,1.93809,1.0389979
1440,2.9743428,1.9358387,1.0385042
1441,2.9716032,1.933593,1.0380101
1442,2.96887,1.9313536,1.0375161
1443,2.9661443,1.9291203,1.0370238
1444,2.9634242,1.9268932,1.0365307
1445,2.96071,1.9246724,1.0360376
1446,2.9580026,1.922457,1.035546
1447,2.955302,1.920248,1.0350538
1448,2.952607,1.918045,1.0345619
1449,2.9499192,1.915848,1.0340712
1450,2.9472368,1.9136568,1.0335796
1451,2.9445617,1.911472,1.0330896
1452,2.9418921,1.9092928,1.0325992
1453,2.9392295,1.9071195,1.0321095
1454,2.9365718,1.9049526,1.0316193
1455,2.9339223,1.9027914,1.0311309
1456,2.9312778,1.900636,1.0306419
1457,2.9286397,1.8984864,1.0301529
1458,2.9260077,1.8963429,1.0296648
1459,2.9233835,1.8942055,1.029178
1460,2.9207635,1.8920736,1.0286903
1461,2.9181511,1.8899477,1.0282032
1462,2.9155447,1.8878279,1.0277168
1463,2.9129443,1.8857138,1.0272306
1464,2.9103496,1.8836056,1.0267441
1465,2.9077613,1.8815027,1.0262583
1466,2.9051795,1.8794062,1.0257733
1467,2.9026036,1.8773155,1.0252883
1468,2.900034,1.8752304,1.0248036
1469,2.8974714,1.8731511,1.0243204
1470,2.8949132,1.871077,1.0238361
1471,2.892362,1.8690094,1.0233529
1472,2.8898175,1.8669474,1.0228702
1473,2.8872776,1.864891,1.0223866
1474,2.8847442,1.86284,1.0219038
1475,2.882217,1.8607953,1.0214216
1476,2.8796966,1.8587561,1.0209405
1477,2.8771813,1.8567225,1.020459
1478,2.8746724,1.8546941,1.019978
1479,2.8721695,1.852672,1.0194974
1480,2.8696723,1.850655,1.0190173
1481,2.8671815,1.848644,1.0185375
1482,2.864697,1.8466389,1.0180581
1483,2.862218,1.8446391,1.0175788
1484,2.8597445,1.8426445,1.0171002
1485,2.8572783,1.8406563,1.0166223
1486,2.8548167,1.838673,1.0161439
1487,2.8523612,1.8366951,1.0156661
1488,2.8499117,1.8347232,1.0151885
1489,2.8474686,1.8327564,1.0147121
1490,2.8450308,1.8307955,1.0142353
1491,2.8425994,1.82884,1.0137596
1492,2.8401732,1.82689,1.0132835
1493,2.8377528,1.8249454,1.0128076
1494,2.8353393,1.8230063,1.0123334
1495,2.8329303,1.8210726,1.0118579
1496,2.8305287,1.819144,1.0113842
1497,2.8281317,1.8172214,1.0109103
1498,2.8257403,1.8153038,1.0104363
1499,2.8233552,1.8133917,1.0099633
1500,2.8209758,1.811485,1.0094905
1501,2.8186026,1.8095839,1.0090187
1502,2.8162355,1.807688,1.0085475
1503,2.813872,1.8057973,1.0080749
1504,2.811516,1.8039119,1.0076039
1505,2.8091655,1.8020322,1.0071331
1506,2.8068197,1.8001573,1.0066624
1507,2.8044806,1.798288,1.0061923
1508,2.8021457,1.7964239,1.0057219
1509,2.7998185,1.794565,1.0052537
1510,2.7974954,1.7927113,1.0047837
1511,2.795179,1.790863,1.004316
1512,2.7928674,1.7890198,1.0038476
1513,2.7905617,1.7871821,1.0033796
1514,2.788262,1.7853492,1.0029128
1515,2.7859678,1.7835217,1.0024462
1516,2.783678,1.7816994,1.0019786
1517,2.781395,1.7798821,1.0015128
1518,2.779117,1.7780701,1.0010471
1519,2.7768443,1.7762632,1.0005809
1520,2.7745779,1.7744614,1.0001165
1521,2.772317,1.7726644,0.9996525
1522,2.7700598,1.7708731,0.9991868
1523,2.767811,1.7690865,0.9987241
1524,2.7655652,1.767305,0.99826
1525,2.7633262,1.7655287,0.99779737
1526,2.7610912,1.7637573,0.997334
1527,2.7588627,1.7619909,0.9968718
1528,2.7566395,1.7602295,0.9964102
1529,2.7544224,1.7584732,0.99594915
1530,2.75221,1.7567219,0.995488
1531,2.750003,1.7549756,0.9950272
1532,2.7478008,1.7532341,0.99456674
1533,2.7456045,1.7514975,0.99410677
1534,2.7434134,1.7497658,0.9936474
1535,2.7412274,1.7480392,0.99318826
1536,2.739047,1.7463176,0.9927295
1537,2.7368722,1.7446007,0.9922714
1538,2.7347016,1.7428887,0.9918127
1539,2.7325368,1.7411817,0.99135494
1540,2.7303777,1.7394794,0.99089813
1541,2.7282243,1.7377825,0.9904421
1542,2.7260756,1.7360897,0.9899858
1543,2.7239308,1.7344021,0.98952913
1544,2.7217932,1.7327188,0.9890741
1545,2.7196603,1.731041,0.98861945
1546,2.717532,1.7293675,0.98816454
1547,2.7154086,1.7276987,0.9877097
1548,2.7132905,1.7260349,0.9872554
1549,2.7111785,1.724376,0.9868029
1550,2.7090707,1.7227215,0.9863489
1551,2.7069678,1.7210718,0.985896
1552,2.704872,1.7194268,0.98544514
1553,2.7027793,1.7177864,0.9849927
1554,2.700693,1.7161509,0.9845417
1555,2.6986108,1.7145199,0.9840907
1556,2.696534,1.7128937,0.98364
1557,2.6944604,1.7112719,0.9831885
1558,2.6923947,1.7096548,0.9827401
1559,2.6903317,1.7080425,0.9822892
1560,2.688276,1.7064348,0.9818411
1561,2.6862242,1.7048315,0.98139274
1562,2.684177,1.7032328,0.98094434
1563,2.682135,1.7016388,0.9804963
1564,2.680099,1.7000488,0.98004997
1565,2.6780658,1.6984638,0.97960216
1566,2.6760392,1.6968834,0.9791557
1567,2.6740177,1.6953071,0.97871035
1568,2.6719995,1.6937358,0.9782637
1569,2.6699874,1.6921686,0.9778191
1570,2.6679797,1.6906064,0.9773738
1571,2.665977,1.6890482,0.9769286
1572,2.6639795,1.6874945,0.9764854
1573,2.6619868,1.6859449,0.9760417
1574,2.6599987,1.6844002,0.9755985
1575,2.6580148,1.6828594,0.97515523
1576,2.6560378,1.681324,0.974714
1577,2.6540632,1.6797922,0.9742711
1578,2.6520936,1.6782646,0.973829
1579,2.6501303,1.6767418,0.9733884
1580,2.6481705,1.6752234,0.9729471
1581,2.646216,1.6737089,0.9725072
1582,2.6442661,1.6721987,0.97206765
1583,2.6423209,1.6706932,0.9716277
1584,2.6403806,1.6691917,0.97118914
1585,2.6384437,1.6676947,0.9707492
1586,2.6365135,1.6662018,0.97031176
1587,2.6345863,1.6647133,0.96987313
1588,2.6326652,1.6632288,0.9694365
1589,2.6307483,1.6617486,0.96899956
1590,2.6288357,1.6602726,0.96856296
1591,2.6269274,1.6588007,0.9681268
1592,2.6250238,1.657333,0.96769094
1593,2.6231256,1.6558697,0.9672556
1594,2.6212313,1.6544106,0.9668206
1595,2.6193414,1.6529554,0.9663862
1596,2.6174567,1.6515043,0.9659523
1597,2.6155763,1.6500578,0.9655185
1598,2.6137004,1.6486151,0.9650856
1599,2.611828,1.6471764,0.96465194
1600,2.609962,1.6457417,0.9642205
1601,2.6081002,1.6443113,0.9637884
1602,2.6062417,1.6428852,0.9633566
1603,2.6043873,1.6414626,0.96292466
1604,2.6025393,1.6400442,0.96249485
1605,2.6006944,1.6386302,0.96206415
1606,2.5988545,1.63722,0.96163464
1607,2.5970182,1.6358137,0.96120465
1608,2.5951874,1.6344112,0.96077603
1609,2.5933604,1.633013,0.96034735
1610,2.591539,1.6316189,0.95992005
1611,2.5897193,1.6302284,0.9594914
1612,2.5879061,1.6288418,0.9590642
1613,2.5860972,1.6274593,0.9586379
1614,2.584292,1.6260805,0.9582116
1615,2.5824904,1.624706,0.9577845
1616,2.580695,1.6233352,0.9573596
1617,2.5789022,1.621968,0.95693415
1618,2.5771146,1.6206051,0.9565096
1619,2.5753317,1.6192459,0.9560855
1620,2.5735512,1.6178904,0.9556607
1621,2.5717764,1.616539,0.95523727
1622,2.570006,1.6151911,0.9548146
1623,2.568238,1.6138474,0.9543908
1624,2.5664768,1.6125072,0.95396966
1625,2.5647185,1.611171,0.9535476
1626,2.5629647,1.6098382,0.95312613
1627,2.561214,1.6085093,0.95270455
1628,2.5594692,1.6071842,0.9522848
1629,2.5577273,1.6058629,0.9518644
1630,2.5559897,1.6045454,0.9514446
1631,2.5542572,1.6032314,0.95102596
1632,2.5525277,1.6019208,0.9506065
1633,2.5508022,1.6006145,0.9501878
1634,2.5490816,1.5993116,0.9497701
1635,2.5473654,1.5980124,0.94935274
1636,2.545652,1.5967169,0.94893515
1637,2.5439434,1.5954249,0.9485186
1638,2.5422387,1.5941367,0.9481018
1639,2.5405383,1.5928519,0.9476862
1640,2.5388417,1.591571,0.9472707
1641,2.537148,1.5902933,0.94685495
1642,2.535461,1.5890194,0.94644165
1643,2.5337763,1.5877491,0.9460274
1644,2.5320961,1.5864824,0.9456137
1645,2.5304189,1.5852189,0.94519985
1646,2.5287461,1.5839593,0.9447869
1647,2.5270774,1.582703,0.9443744
1648,2.525413,1.5814502,0.94396245
1649,2.5237525,1.5802011,0.94355124
1650,2.5220945,1.5789554,0.94313926
1651,2.5204415,1.5777133,0.9427285
1652,2.5187922,1.5764744,0.94231796
1653,2.5171466,1.575239,0.9419077
1654,2.5155063,1.5740073,0.94149905
1655,2.5138688,1.5727786,0.9410899
1656,2.5122337,1.5715536,0.94068015
1657,2.5106044,1.5703318,0.9402725
1658,2.5089788,1.5691137,0.93986493
1659,2.5073564,1.567899,0.9394574
1660,2.5057392,1.5666873,0.9390516
1661,2.5041227,1.5654793,0.93864334
1662,2.5025125,1.5642747,0.93823767
1663,2.5009053,1.563073,0.93783236
1664,2.4993014,1.5618749,0.9374264
1665,2.4977012,1.5606802,0.93702066
1666,2.4961057,1.5594888,0.9366168
1667,2.4945135,1.5583003,0.9362133
1668,2.492925,1.5571153,0.9358096
1669,2.4913406,1.555934,0.93540657
1670,2.489759,1.5547553,0.93500364
1671,2.4881806,1.55358,0.93460083
1672,2.4866073,1.552408,0.93419945
1673,2.4850373,1.5512394,0.93379766
1674,2.4834695,1.5500737,0.933396
1675,2.4819074,1.5489116,0.9329957
1676,2.480348,1.5477526,0.93259573
1677,2.4787924,1.5465963,0.932196
1678,2.4772403,1.5454438,0.93179685
1679,2.4756916,1.5442941,0.9313976
1680,2.474147,1.5431477,0.93099946
1681,2.4726052,1.5420043,0.930601
1682,2.471068,1.5408641,0.93020374
1683,2.4695327,1.539727,0.9298056
1684,2.4680028,1.5385929,0.9294095
1685,2.4664745,1.537462,0.9290125
1686,2.4649506,1.536334,0.92861664
1687,2.46343,1.5352092,0.92822057
1688,2.4619129,1.5340878,0.9278253
1689,2.4604,1.5329691,0.9274311
1690,2.4588902,1.5318533,0.92703694
1691,2.4573832,1.5307409,0.9266421
1692,2.4558804,1.5296314,0.9262489
1693,2.4543803,1.5285248,0.92585546
1694,2.4528832,1.5274212,0.92546225
1695,2.4513917,1.5263207,0.92507106
1696,2.4499025,1.525223,0.92467946
1697,2.4484158,1.5241283,0.9242873
1698,2.4469337,1.5230367,0.92389697
1699,2.4454544,1.5219481,0.92350626
1700,2.4439783,1.5208623,0.9231159
1701,2.4425056,1.5197794,0.9227263
1702,2.4410362,1.5186993,0.92233694
1703,2.4395702,1.5176226,0.9219478
1704,2.438108,1.5165484,0.92155945
1705,2.4366481,1.515477,0.92117137
1706,2.4351916,1.5144087,0.9207829
1707,2.4337392,1.5133432,0.92039603
1708,2.4322898,1.5122805,0.92000926
1709,2.4308438,1.5112206,0.9196231
1710,2.4293993,1.5101635,0.9192358
1711,2.4279604,1.5091097,0.918851
1712,2.4265246,1.5080582,0.91846627
1713,2.4250906,1.5070095,0.91808116
1714,2.42366,1.505964,0.9176962
1715,2.422233,1.5049208,0.91731226
1716,2.42081,1.5038807,0.91692907
1717,2.4193895,1.5028433,0.91654617
1718,2.417972,1.5018084,0.91616356
1719,2.4165568,1.5007766,0.9157802
1720,2.4151459,1.4997475,0.9153983
1721,2.4137378,1.4987208,0.9150171
1722,2.4123333,1.4976971,0.914636
1723,2.4109313,1.4966758,0.9142553
1724,2.4095318,1.4956577,0.91387445
1725,2.4081368,1.4946419,0.91349536
1726,2.4067445,1.4936289,0.9131157
1727,2.4053547,1.4926186,0.91273654
1728,2.4039688,1.4916108,0.9123579
1729,2.402585,1.4906057,0.9119793
1730,2.4012055,1.4896033,0.9116024
1731,2.3998277,1.4886034,0.91122437
1732,2.3984532,1.4876063,0.9108469
1733,2.3970828,1.4866116,0.91047114
1734,2.3957136,1.4856194,0.9100939
1735,2.3943486,1.4846303,0.9097182
1736,2.3929868,1.4836437,0.90934277
1737,2.3916278,1.4826593,0.90896827
1738,2.3902707,1.4816778,0.908593
1739,2.3889177,1.4806985,0.90821934
1740,2.387567,1.479722,0.907845
1741,2.386219,1.4787481,0.90747106
1742,2.3848743,1.4777765,0.90709794
1743,2.383533,1.4768074,0.9067256
1744,2.3821945,1.4758412,0.90635365
1745,2.380859,1.474877,0.905982
1746,2.3795257,1.4739155,0.9056102
1747,2.3781953,1.4729562,0.9052391
1748,2.3768685,1.4719998,0.9048687
1749,2.375544,1.4710457,0.9044983
1750,2.3742223,1.470094,0.9041281
1751,2.3729033,1.4691448,0.9037587
1752,2.3715882,1.4681982,0.90339005
1753,2.3702755,1.467254,0.90302145
1754,2.3689644,1.4663119,0.9026524
1755,2.3676581,1.4653724,0.90228546
1756,2.366353,1.4644353,0.9019176
1757,2.3650513,1.4635006,0.9015509
1758,2.3637516,1.462568,0.9011835
1759,2.362455,1.4616382,0.90081674
1760,2.3611624,1.4607109,0.90045166
1761,2.3598714,1.4597851,0.90008605
1762,2.3585825,1.4588623,0.8997203
1763,2.3572984,1.4579419,0.89935625
1764,2.356015,1.4570234,0.8989916
1765,2.3547351,1.4561077,0.89862746
1766,2.3534582,1.4551938,0.8982643
1767,2.3521838,1.4542829,0.8979012
1768,2.3509116,1.4533737,0.8975382
1769,2.3496423,1.4524667,0.8971752
1770,2.3483763,1.4515623,0.89681375
1771,2.3471131,1.4506603,0.8964526
1772,2.3458505,1.4497606,0.89609003
1773,2.3445926,1.4488628,0.89573
1774,2.3433363,1.4479673,0.89536893
1775,2.342083,1.447074,0.89500904
1776,2.3408325,1.4461832,0.8946493
1777,2.3395844,1.4452943,0.89429015
1778,2.338339,1.4444078,0.89393127
1779,2.337096,1.4435234,0.8935727
1780,2.3358555,1.4426414,0.89321387
1781,2.3346171,1.4417614,0.8928558
1782,2.333383,1.4408836,0.89249915
1783,2.33215,1.4400082,0.8921417
1784,2.3309195,1.4391342,0.891785
1785,2.3296926,1.4382632,0.8914294
1786,2.328467,1.4373944,0.8910726
1787,2.3272448,1.4365274,0.8907175
1788,2.3260245,1.4356623,0.89036196
1789,2.3248076,1.4347997,0.8900077
1790,2.3235922,1.4339391,0.889653
1791,2.3223789,1.4330806,0.8892983
1792,2.321169,1.4322243,0.88894475
1793,2.319961,1.43137,0.8885912
1794,2.3187566,1.4305179,0.8882387
1795,2.3175538,1.4296678,0.8878859
1796,2.3163528,1.4288195,0.8875332
1797,2.3151546,1.4279735,0.8871813
1798,2.3139598,1.4271297,0.88683033
1799,2.3127666,1.4262878,0.886479
1800,2.3115764,1.4254481,0.8861281
1801,2.3103871,1.4246101,0.8857771
1802,2.3092027,1.4237745,0.88542825
1803,2.308019,1.4229406,0.8850783
1804,2.3068373,1.4221089,0.88472855
1805,2.305659,1.4212791,0.88438004
1806,2.304482,1.4204513,0.88403034
1807,2.3033087,1.4196255,0.8836831
1808,2.3021371,1.4188017,0.8833355
1809,2.3009686,1.41798,0.88298833
1810,2.2998002,1.4171602,0.88263977
1811,2.298636,1.4163424,0.8822937
1812,2.2974737,1.4155265,0.88194734
1813,2.2963145,1.4147125,0.8816018
1814,2.2951567,1.4139004,0.8812562
1815,2.2940004,1.4130902,0.8809104
1816,2.2928474,1.412282,0.8805655
1817,2.291697,1.4114759,0.8802212
1818,2.2905478,1.4106715,0.8798765
1819,2.2894022,1.4098693,0.8795332
1820,2.2882576,1.4090685,0.8791892
1821,2.2871163,1.4082699,0.8788463
1822,2.2859762,1.4074733,0.878503
1823,2.2848392,1.4066782,0.87816125
1824,2.2837043,1.4058852,0.8778192
1825,2.2825716,1.405094,0.87747747
1826,2.2814405,1.4043047,0.87713575
1827,2.280311,1.4035174,0.876794
1828,2.279185,1.4027318,0.8764533
1829,2.2780616,1.401948,0.8761136
1830,2.2769394,1.401166,0.8757733
1831,2.2758195,1.4003861,0.87543356
1832,2.274702,1.3996078,0.8750944
1833,2.2735858,1.3988309,0.8747551
1834,2.2724729,1.3980561,0.8744165
1835,2.2713618,1.3972834,0.8740783
1836,2.2702527,1.3965124,0.8737405
1837,2.269146,1.395743,0.8734028
1838,2.2680416,1.3949753,0.8730663
1839,2.2669377,1.3942096,0.8727282
1840,2.2658372,1.3934455,0.8723915
1841,2.264739,1.3926834,0.87205565
1842,2.263643,1.3919227,0.87172014
1843,2.2625487,1.3911641,0.8713846
1844,2.2614567,1.3904071,0.8710495
1845,2.2603664,1.3896518,0.87071466
1846,2.2592783,1.3888981,0.87038004
1847,2.2581925,1.3881466,0.87004596
1848,2.257108,1.3873962,0.8697115
1849,2.256027,1.386648,0.8693789
1850,2.2549455,1.3859013,0.8690441
1851,2.2538676,1.3851564,0.8687115
1852,2.252792,1.3844131,0.86837876
1853,2.2517178,1.3836714,0.8680464
1854,2.2506466,1.3829315,0.8677152
1855,2.249576,1.3821932,0.8673828
1856,2.2485094,1.3814565,0.86705256
1857,2.2474427,1.3807214,0.8667213
1858,2.246379,1.3799883,0.8663905
1859,2.2453177,1.3792566,0.86606103
1860,2.244257,1.3785267,0.86573046
1861,2.2431998,1.3777983,0.86540145
1862,2.242144,1.3770716,0.8650724
1863,2.2410896,1.3763463,0.86474323
1864,2.2400372,1.3756231,0.8644141
1865,2.2389867,1.374901,0.8640858
1866,2.2379396,1.3741808,0.86375874
1867,2.2368922,1.3734621,0.8634302
1868,2.235848,1.372745,0.86310273
1869,2.2348056,1.3720297,0.8627759
1870,2.233765,1.371316,0.8624489
1871,2.2327266,1.3706034,0.8621229
1872,2.2316892,1.3698928,0.8617967
1873,2.2306545,1.3691838,0.8614708
1874,2.2296216,1.368476,0.8611456
1875,2.2285903,1.3677703,0.86081994
1876,2.2275608,1.3670657,0.8604954
1877,2.226534,1.3663628,0.86017114
1878,2.2255082,1.3656614,0.85984707
1879,2.2244844,1.3649615,0.8595228
1880,2.2234623,1.3642632,0.85919917
1881,2.2224414,1.3635663,0.8588751
1882,2.2214248,1.3628712,0.858554
1883,2.2204072,1.3621774,0.85823
1884,2.2193928,1.3614854,0.8579076
1885,2.2183805,1.3607943,0.8575859
1886,2.21737,1.3601054,0.85726464
1887,2.21636,1.3594177,0.8569425
1888,2.2153525,1.3587313,0.85662115
1889,2.214348,1.3580468,0.8563014
1890,2.2133434,1.3573633,0.8559801
1891,2.21234,1.3566816,0.8556584
1892,2.2113414,1.3560015,0.8553398
1893,2.2103436,1.355323,0.8550207
1894,2.2093456,1.3546453,0.85470045
1895,2.2083516,1.3539697,0.8543822
1896,2.2073588,1.3532948,0.85406363
1897,2.206367,1.352622,0.853745
1898,2.2053764,1.3519502,0.85342634
1899,2.2043889,1.3512802,0.8531087
1900,2.2034025,1.3506114,0.85279113
1901,2.2024179,1.3499442,0.85247386
1902,2.2014358,1.3492783,0.8521574
1903,2.2004542,1.348614,0.8518403
1904,2.1994748,1.3479509,0.8515237
1905,2.1984975,1.3472894,0.8512079
1906,2.1975212,1.3466291,0.85089207
1907,2.1965475,1.3459704,0.85057735
1908,2.1955743,1.3453128,0.8502615
1909,2.1946037,1.3446567,0.849947
1910,2.193634,1.3440021,0.84963197
1911,2.1926663,1.343349,0.84931725
1912,2.1917,1.3426969,0.849003
1913,2.1907358,1.3420465,0.8486894
1914,2.1897736,1.3413974,0.848376
1915,2.1888123,1.3407494,0.8480628
1916,2.1878529,1.340103,0.84775007
1917,2.1868951,1.339458,0.84743726
1918,2.1859398,1.3388144,0.84712553
1919,2.1849847,1.3381718,0.846813
1920,2.184032,1.3375307,0.8465012
1921,2.1830807,1.336891,0.8461895
1922,2.182131,1.3362526,0.8458784
1923,2.1811836,1.3356158,0.845568
1924,2.180237,1.3349799,0.8452571
1925,2.1792922,1.3343455,0.8449467
1926,2.178349,1.3337123,0.8446368
1927,2.1774075,1.3330805,0.84432685
1928,2.1764672,1.3324499,0.8440173
1929,2.175529,1.331821,0.8437079
1930,2.1745925,1.331193,0.84339935
1931,2.1736567,1.3305665,0.84309006
1932,2.172723,1.329941,0.8427819
1933,2.1717906,1.3293171,0.8424736
1934,2.1708598,1.3286941,0.84216565
1935,2.169931,1.3280728,0.8418581
1936,2.1690035,1.3274527,0.8415508
1937,2.168077,1.3268337,0.8412434
1938,2.1671524,1.326216,0.8409363
1939,2.1662292,1.3255994,0.84062976
1940,2.1653082,1.3249843,0.8403236
1941,2.1643877,1.3243704,0.8400173
1942,2.16347,1.3237579,0.8397123
1943,2.162553,1.3231466,0.8394064
1944,2.1616366,1.3225362,0.83910024
1945,2.160723,1.3219273,0.83879566
1946,2.15981,1.3213196,0.8384905
1947,2.1588988,1.3207133,0.8381855
1948,2.1579905,1.3201082,0.8378824
1949,2.1570823,1.319504,0.8375786
1950,2.1561751,1.3189012,0.8372742
1951,2.155271,1.3182997,0.83697146
1952,2.154367,1.3176992,0.83666784
1953,2.1534648,1.3171,0.8363646
1954,2.1525636,1.316502,0.83606166
1955,2.1516647,1.3159052,0.8357595
1956,2.1507668,1.3153098,0.83545697
1957,2.1498704,1.3147151,0.8351553
1958,2.1489768,1.314122,0.8348547
1959,2.1480823,1.3135302,0.834552
1960,2.1471906,1.3129393,0.8342514
1961,2.1462996,1.3123496,0.83394986
1962,2.1454108,1.3117611,0.83364964
1963,2.144523,1.3111737,0.8333491
1964,2.1436365,1.3105876,0.8330488
1965,2.1427522,1.3100026,0.83274966
1966,2.1418672,1.3094189,0.8324483
1967,2.140986,1.3088361,0.8321497
1968,2.1401052,1.3082547,0.8318504
1969,2.1392264,1.3076744,0.831552
1970,2.138348,1.3070952,0.83125275
1971,2.1374717,1.3065174,0.83095455
1972,2.136596,1.3059403,0.8306557
1973,2.135722,1.3053646,0.83035743
1974,2.134851,1.30479,0.83006084
1975,2.133979,1.3042166,0.82976264
1976,2.1331086,1.303644,0.82946473
1977,2.1322408,1.3030726,0.8291677
1978,2.1313736,1.3025024,0.82887137
1979,2.1305082,1.3019335,0.82857454
1980,2.1296442,1.3013657,0.82827854
1981,2.1287808,1.3007988,0.8279821
1982,2.1279194,1.3002331,0.8276865
1983,2.1270585,1.2996684,0.8273904
1984,2.1262002,1.2991049,0.8270952
1985,2.1253426,1.2985427,0.82680017
1986,2.124487,1.2979811,0.8265058
1987,2.1236315,1.297421,0.8262105
1988,2.1227775,1.2968619,0.8259155
1989,2.1219258,1.2963039,0.8256221
1990,2.1210732,1.2957467,0.8253268
1991,2.1202245,1.2951908,0.82503366
1992,2.1193762,1.2946361,0.82473993
1993,2.1185288,1.2940824,0.8244462
1994,2.1176834,1.2935297,0.82415354
1995,2.1168377,1.2929779,0.8238598
1996,2.1159954,1.2924274,0.8235677
1997,2.1151533,1.291878,0.82327527
1998,2.1143124,1.2913296,0.8229828
1999,2.1134727,1.290782,0.82269067
2000,2.1126351,1.2902359,0.8223995
2001,2.1117983,1.2896904,0.8221077
2002,2.1109624,1.2891462,0.82181627
2003,2.1101277,1.2886032,0.82152444
2004,2.109295,1.2880609,0.82123375
2005,2.1084626,1.2875197,0.8209429
2006,2.1076326,1.2869797,0.82065296
2007,2.1068034,1.2864406,0.82036275
2008,2.1059756,1.2859027,0.82007265
2009,2.1051488,1.2853658,0.81978303
2010,2.104322,1.2848297,0.81949246
2011,2.1034987,1.284295,0.8192037
2012,2.102676,1.2837608,0.8189148
2013,2.101853,1.2832277,0.818625
2014,2.101033,1.2826958,0.8183371
2015,2.1002133,1.2821652,0.8180483
2016,2.099395,1.281635,0.8177597
2017,2.098578,1.2811062,0.8174717
2018,2.097763,1.2805784,0.81718475
2019,2.0969474,1.2800515,0.81689596
2020,2.096134,1.2795255,0.8166087
2021,2.0953221,1.2790006,0.8163214
2022,2.094511,1.2784767,0.81603414
2023,2.093701,1.2779539,0.81574726
2024,2.0928924,1.2774318,0.8154604
2025,2.0920854,1.2769109,0.8151742
2026,2.091278,1.276391,0.8148872
2027,2.0904727,1.275872,0.8146008
2028,2.0896695,1.275354,0.8143155
2029,2.0888662,1.2748368,0.8140296
2030,2.0880659,1.2743208,0.8137449
2031,2.0872648,1.2738056,0.8134591
2032,2.0864654,1.2732916,0.8131739
2033,2.085668,1.2727783,0.8128896
2034,2.08487,1.272266,0.81260425
2035,2.084075,1.2717546,0.81232035
2036,2.0832791,1.2712444,0.81203496
2037,2.0824864,1.2707349,0.81175137
2038,2.0816941,1.2702266,0.81146735
2039,2.0809023,1.2697192,0.81118333
2040,2.0801132,1.2692126,0.81090057
2041,2.0793238,1.268707,0.8106166
2042,2.0785363,1.2682023,0.8103337
2043,2.077751,1.2676989,0.81005204
2044,2.076964,1.2671959,0.80976784
2045,2.0761797,1.2666943,0.8094856
2046,2.075396,1.2661932,0.809203
2047,2.074614,1.2656934,0.8089207
2048,2.0738335,1.2651944,0.80863917
2049,2.073054,1.264696,0.8083577
2050,2.0722742,1.264199,0.80807525
2051,2.0714965,1.2637029,0.8077939
2052,2.0707211,1.2632076,0.8075137
2053,2.0699453,1.2627131,0.8072324
2054,2.0691702,1.2622193,0.80695087
2055,2.068397,1.2617269,0.8066702
2056,2.0676258,1.261235,0.80639076
2057,2.066854,1.2607442,0.8061098
2058,2.0660844,1.2602541,0.8058301
2059,2.0653155,1.2597654,0.8055501
2060,2.0645475,1.2592771,0.80527055
2061,2.063781,1.2587898,0.80499107
2062,2.0630147,1.2583035,0.80471134
2063,2.06225,1.2578182,0.80443174
2064,2.0614858,1.2573336,0.8041519
2065,2.0607238,1.2568498,0.8038734
2066,2.0599623,1.2563673,0.8035952
2067,2.059202,1.2558854,0.8033166
2068,2.0584428,1.2554044,0.8030383
2069,2.0576844,1.2549244,0.8027601
2070,2.0569274,1.254445,0.8024823
2071,2.056172,1.2539667,0.80220497
2072,2.055416,1.2534891,0.801927
2073,2.0546622,1.2530124,0.80165005
2074,2.0539093,1.2525369,0.8013725
2075,2.0531573,1.2520621,0.801095
2076,2.0524065,1.251588,0.8008183
2077,2.0516565,1.2511146,0.8005419
2078,2.0509074,1.2506425,0.80026495
2079,2.0501602,1.250171,0.79998916
2080,2.049413,1.2497003,0.7997125
2081,2.0486674,1.2492306,0.7994367
2082,2.0479236,1.248762,0.7991613
2083,2.047179,1.248294,0.7988852
2084,2.046437,1.2478269,0.79860985
2085,2.0456958,1.2473605,0.7983349
2086,2.0449538,1.246895,0.79805887
2087,2.0442135,1.2464303,0.79778326
2088,2.0434766,1.2459667,0.79751
2089,2.0427382,1.2455037,0.7972344
2090,2.0420015,1.2450415,0.79695994
2091,2.0412652,1.2445804,0.7966849
2092,2.040531,1.24412,0.79641104
2093,2.039797,1.2436602,0.79613703
2094,2.0390658,1.2432015,0.79586416
2095,2.0383332,1.2427435,0.7955893
2096,2.0376034,1.2422866,0.7953169
2097,2.036874,1.2418305,0.79504347
2098,2.036145,1.2413746,0.79477054
2099,2.0354168,1.24092,0.7944968
2100,2.0346897,1.2404664,0.7942234
2101,2.0339658,1.2400134,0.7939526
2102,2.03324,1.2395611,0.7936792
2103,2.0325158,1.2391095,0.7934062
2104,2.0317926,1.2386591,0.7931334
2105,2.031072,1.2382092,0.7928623
2106,2.0303502,1.2377602,0.79258984
2107,2.0296302,1.2373123,0.79231817
2108,2.0289116,1.2368648,0.7920469
2109,2.028193,1.2364184,0.79177505
2110,2.0274768,1.2359726,0.79150444
2111,2.026761,1.2355278,0.79123336
2112,2.026045,1.2350835,0.7909615
2113,2.025331,1.2346401,0.790691
2114,2.0246186,1.2341979,0.7904209
2115,2.023907,1.233756,0.790151
2116,2.0231953,1.2333151,0.78988
2117,2.0224848,1.2328748,0.7896099
2118,2.0217748,1.2324353,0.7893392
2119,2.0210662,1.2319968,0.7890696
2120,2.020359,1.231559,0.78879994
2121,2.0196521,1.2311219,0.78853023
2122,2.0189464,1.2306858,0.7882606
2123,2.0182424,1.2302502,0.7879921
2124,2.0175378,1.2298157,0.78772223
2125,2.0168347,1.2293818,0.78745306
2126,2.016134,1.2289485,0.7871855
2127,2.015433,1.2285163,0.7869168
2128,2.0147316,1.2280847,0.7866472
2129,2.014034,1.2276539,0.78637993
2130,2.013335,1.2272238,0.78611124
2131,2.012639,1.2267945,0.7858445
2132,2.0119412,1.2263659,0.7855753
2133,2.0112457,1.2259382,0.78530765
2134,2.010551,1.2255112,0.78503954
2135,2.009858,1.225085,0.7847732
2136,2.009165,1.2246596,0.7845052
2137,2.008473,1.2242345,0.7842382
2138,2.0077817,1.2238109,0.78397095
2139,2.0070922,1.2233875,0.7837046
2140,2.0064032,1.2229651,0.7834381
2141,2.0057151,1.2225434,0.7831718
2142,2.0050273,1.2221223,0.7829052
2143,2.0043411,1.2217022,0.78263897
2144,2.0036547,1.2212827,0.7823721
2145,2.002971,1.220864,0.78210676
2146,2.002287,1.220446,0.7818408
2147,2.0016036,1.2200286,0.7815749
2148,2.0009217,1.2196124,0.7813095
2149,2.0002398,1.2191966,0.7810434
2150,1.9995604,1.2187817,0.78077865
2151,1.9988807,1.2183672,0.7805136
2152,1.9982026,1.2179538,0.7802489
2153,1.9975245,1.217541,0.7799834
2154,1.9968472,1.2171286,0.7797187
2155,1.9961717,1.2167175,0.7794543
2156,1.9954965,1.2163068,0.77919006
2157,1.9948229,1.2158968,0.77892613
2158,1.9941494,1.2154877,0.7786617
2159,1.9934769,1.2150793,0.77839774
2160,1.9928051,1.2146716,0.7781335
2161,1.9921337,1.2142645,0.77786916
2162,1.9914646,1.2138584,0.77760625
2163,1.9907949,1.2134526,0.77734244
2164,1.990127,1.2130477,0.7770794
2165,1.98946,1.2126434,0.7768165
2166,1.9887937,1.2122402,0.77655345
2167,1.9881277,1.2118372,0.7762904
2168,1.9874623,1.2114356,0.7760271
2169,1.986798,1.211034,0.7757643
2170,1.9861357,1.2106335,0.77550244
2171,1.985473,1.2102334,0.77523965
2172,1.9848115,1.2098343,0.7749773
2173,1.9841518,1.2094358,0.7747159
2174,1.9834913,1.2090381,0.7744531
2175,1.9828336,1.208641,0.7741927
2176,1.9821746,1.2082444,0.77393
2177,1.9815185,1.2078488,0.77366954
2178,1.9808607,1.207454,0.77340686
2179,1.9802055,1.2070596,0.77314585
2180,1.9795513,1.206666,0.77288544
2181,1.9788975,1.2062731,0.7726245
2182,1.9782448,1.2058809,0.7723638
2183,1.9775913,1.2054894,0.77210194
2184,1.9769402,1.2050984,0.77184165
2185,1.97629,1.2047083,0.77158153
2186,1.975639,1.2043188,0.7713201
2187,1.9749912,1.2039299,0.7710614
2188,1.9743427,1.2035418,0.77080077
2189,1.9736958,1.2031543,0.7705413
2190,1.9730488,1.2027675,0.77028126
2191,1.9724029,1.2023817,0.77002144
2192,1.9717577,1.2019961,0.7697614
2193,1.9711138,1.2016113,0.76950234
2194,1.9704704,1.2012272,0.76924324
2195,1.9698288,1.200844,0.7689848
2196,1.9691864,1.2004613,0.7687253
2197,1.9685452,1.2000794,0.7684659
2198,1.9679047,1.1996979,0.76820695
2199,1.9672651,1.1993172,0.76794785
2200,1.9666277,1.1989372,0.7676905
2201,1.9659898,1.1985577,0.7674323
2202,1.9653524,1.198179,0.7671734
2203,1.9647167,1.1978011,0.76691556
2204,1.9640815,1.1974237,0.76665795
2205,1.9634469,1.197047,0.76639974
2206,1.9628136,1.196671,0.7661424
2207,1.9621794,1.1962954,0.7658839
2208,1.9615473,1.1959207,0.7656268
2209,1.9609162,1.1955469,0.7653694
2210,1.9602859,1.1951733,0.7651126
2211,1.9596555,1.1948005,0.7648552
2212,1.9590263,1.1944284,0.76459795
2213,1.9583985,1.1940569,0.7643415
2214,1.9577711,1.1936862,0.76408494
2215,1.9571435,1.1933159,0.76382774
2216,1.9565182,1.1929462,0.76357186
2217,1.9558933,1.1925774,0.7633158
2218,1.9552689,1.1922091,0.76305944
2219,1.9546452,1.1918416,0.7628037
2220,1.9540217,1.1914746,0.7625472
2221,1.9533997,1.1911082,0.76229143
2222,1.9527773,1.1907423,0.762035
2223,1.9521568,1.1903772,0.7617795
2224,1.9515377,1.190013,0.7615248
2225,1.9509186,1.1896491,0.7612692
2226,1.9502999,1.189286,0.7610138
2227,1.9496822,1.1889232,0.76075906
2228,1.949065,1.1885616,0.76050353
2229,1.9484497,1.1882002,0.76024944
2230,1.9478343,1.1878394,0.75999486
2231,1.9472198,1.1874795,0.7597405
2232,1.946606,1.1871202,0.75948566
2233,1.9459927,1.1867613,0.7592314
2234,1.9453804,1.1864032,0.75897723
2235,1.9447689,1.1860456,0.75872326
2236,1.944158,1.1856887,0.758469
2237,1.9435482,1.1853325,0.7582156
2238,1.9429382,1.184977,0.7579614
2239,1.9423298,1.184622,0.7577078
2240,1.9417223,1.1842674,0.75745475
2241,1.9411148,1.1839136,0.7572012
2242,1.9405079,1.1835603,0.7569477
2243,1.939903,1.1832078,0.7566954
2244,1.9392974,1.1828557,0.756442
2245,1.9386944,1.1825044,0.75618994
2246,1.9380906,1.1821535,0.75593674
2247,1.937488,1.1818035,0.75568444
2248,1.9368861,1.181454,0.75543225
2249,1.9362843,1.1811049,0.7551794
2250,1.9356835,1.1807564,0.75492674
2251,1.935084,1.1804088,0.75467527
2252,1.9344854,1.1800617,0.75442356
2253,1.9338869,1.1797152,0.7541717
2254,1.9332892,1.1793692,0.75391996
2255,1.9326922,1.1790237,0.7536686
2256,1.9320965,1.1786791,0.7534176
2257,1.9315004,1.1783348,0.7531657
2258,1.9309056,1.1779913,0.7529142
2259,1.9303119,1.1776483,0.7526636
2260,1.9297177,1.177306,0.7524115
2261,1.9291251,1.1769644,0.7521609
2262,1.9285339,1.1766231,0.7519108
2263,1.9279419,1.1762825,0.7516594
2264,1.9273512,1.1759424,0.75140893
2265,1.9267616,1.175603,0.75115854
2266,1.926172,1.1752641,0.750908
2267,1.9255848,1.174926,0.7506587
2268,1.9249967,1.1745881,0.7504085
2269,1.9244093,1.1742511,0.7501585
2270,1.9238236,1.1739146,0.7499092
2271,1.923239,1.1735785,0.7496604
2272,1.9226526,1.1732433,0.7494095
2273,1.9220695,1.1729082,0.7491612
2274,1.9214853,1.1725743,0.7489114
2275,1.9209023,1.1722405,0.748662
2276,1.9203207,1.1719073,0.74841326
2277,1.9197385,1.1715748,0.7481637
2278,1.919158,1.171243,0.7479151
2279,1.9185779,1.1709116,0.7476664
2280,1.9179987,1.1705806,0.74741805
2281,1.9174198,1.1702503,0.7471695
2282,1.916843,1.1699208,0.7469223
2283,1.9162649,1.1695917,0.74667346
2284,1.9156888,1.1692632,0.74642557
2285,1.9151119,1.1689351,0.74617684
2286,1.9145381,1.1686077,0.7459303
2287,1.913963,1.1682808,0.745682
2288,1.9133886,1.1679546,0.74543417
2289,1.9128157,1.1676289,0.7451867
2290,1.9122432,1.1673034,0.7449399
2291,1.9116713,1.1669787,0.7446924
2292,1.9111,1.1666547,0.7444452
2293,1.9105297,1.166331,0.7441987
2294,1.9099598,1.1660082,0.7439516
2295,1.9093908,1.1656859,0.7437051
2296,1.9088217,1.1653638,0.743458
2297,1.908254,1.1650423,0.74321175
2298,1.9076866,1.1647217,0.7429651
2299,1.9071203,1.1644014,0.7427191
2300,1.9065554,1.1640819,0.7424737
2301,1.9059902,1.1637626,0.7422275
2302,1.9054253,1.1634439,0.7419814
2303,1.9048599,1.1631259,0.7417341
2304,1.904299,1.1628084,0.74149024
2305,1.9037359,1.1624913,0.7412446
2306,1.9031744,1.1621749,0.7409995
2307,1.9026142,1.1618589,0.7407553
2308,1.9020523,1.1615436,0.7405089
2309,1.9014928,1.1612285,0.74026424
2310,1.9009333,1.1609142,0.740019
2311,1.9003751,1.1606004,0.7397748
2312,1.8998178,1.1602871,0.7395305
2313,1.8992605,1.1599743,0.73928607
2314,1.8987032,1.1596621,0.739041
2315,1.8981464,1.1593503,0.73879623
2316,1.8975918,1.1590391,0.7385525
2317,1.8970369,1.1587284,0.7383083
2318,1.8964831,1.1584184,0.73806494
2319,1.8959291,1.1581087,0.7378205
2320,1.8953764,1.1577996,0.737577
2321,1.8948244,1.157491,0.7373336
2322,1.8942732,1.157183,0.7370901
2323,1.8937225,1.1568755,0.7368473
2324,1.8931729,1.1565685,0.73660433
2325,1.8926227,1.156262,0.73636085
2326,1.8920739,1.1559559,0.7361177
2327,1.891526,1.1556505,0.7358755
2328,1.8909779,1.1553453,0.7356324
2329,1.8904307,1.155041,0.7353897
2330,1.8898844,1.1547372,0.73514736
2331,1.8893391,1.1544336,0.7349056
2332,1.8887943,1.1541307,0.7346636
2333,1.88825,1.1538283,0.7344218
2334,1.887706,1.1535265,0.7341796
2335,1.8871628,1.1532247,0.73393786
2336,1.8866199,1.1529242,0.733696
2337,1.8860775,1.1526235,0.73345405
2338,1.8855366,1.1523238,0.7332127
2339,1.8849957,1.1520243,0.7329713
2340,1.8844554,1.1517253,0.7327301
2341,1.8839163,1.1514269,0.7324893
2342,1.8833777,1.1511291,0.7322484
2343,1.8828396,1.1508315,0.73200804
2344,1.882302,1.1505346,0.73176736
2345,1.881764,1.1502382,0.731526
2346,1.8812277,1.1499422,0.7312855
2347,1.8806925,1.1496468,0.7310457
2348,1.8801572,1.1493518,0.7308055
2349,1.8796232,1.1490574,0.7305659
2350,1.8790891,1.1487633,0.7303258
2351,1.8785557,1.1484697,0.7300859
2352,1.8780226,1.1481767,0.7298457
2353,1.877491,1.147884,0.72960675
2354,1.8769588,1.147592,0.72936684
2355,1.8764279,1.1473005,0.7291274
2356,1.8758981,1.1470095,0.72888887
2357,1.8753685,1.1467186,0.7286498
2358,1.8748385,1.1464288,0.7284098
2359,1.8743103,1.1461389,0.7281714
2360,1.8737831,1.1458497,0.7279333
2361,1.8732554,1.145561,0.7276944
2362,1.8727291,1.145273,0.7274558
2363,1.8722032,1.1449851,0.7272181
2364,1.8716772,1.1446979,0.7269795
2365,1.8711522,1.1444111,0.7267411
2366,1.8706286,1.1441247,0.72650373
2367,1.8701046,1.1438389,0.7262656
2368,1.8695812,1.1435534,0.72602785
2369,1.8690586,1.1432686,0.72579014
2370,1.8685367,1.142984,0.72555286
2371,1.8680159,1.1426998,0.7253159
2372,1.8674948,1.1424162,0.7250786
2373,1.8669752,1.1421334,0.72484195
2374,1.8664547,1.1418507,0.7246041
2375,1.865937,1.1415685,0.7243684
2376,1.8654168,1.1412868,0.72413003
2377,1.8649,1.1410056,0.72389466
2378,1.8643825,1.1407248,0.72365785
2379,1.8638661,1.1404444,0.7234217
2380,1.8633492,1.1401644,0.7231847
2381,1.862834,1.139885,0.722949
2382,1.8623192,1.139606,0.7227131
2383,1.8618047,1.1393275,0.7224774
2384,1.8612916,1.1390495,0.722242
2385,1.8607773,1.1387718,0.7220055
2386,1.860266,1.1384947,0.7217711
2387,1.8597529,1.1382179,0.721535
2388,1.8592415,1.1379416,0.7212997
2389,1.8587307,1.1376657,0.72106475
2390,1.8582199,1.1373904,0.7208293
2391,1.8577111,1.1371155,0.7205954
2392,1.8572016,1.1368409,0.7203608
2393,1.856693,1.1365668,0.7201262
2394,1.8561857,1.1362932,0.7198926
2395,1.8556776,1.13602,0.7196575
2396,1.8551706,1.1357472,0.7194234
2397,1.8546646,1.135475,0.71918964
2398,1.8541588,1.1352031,0.71895576
2399,1.8536536,1.1349316,0.7187221
2400,1.853149,1.1346607,0.7184884
2401,1.8526446,1.13439,0.71825445
2402,1.8521411,1.1341196,0.7180215
2403,1.8516369,1.1338499,0.71778685
2404,1.8511355,1.1335807,0.71755475
2405,1.8506339,1.1333116,0.7173222
2406,1.8501323,1.1330433,0.71708906
2407,1.849632,1.1327753,0.71685666
2408,1.8491313,1.1325077,0.71662354
2409,1.8486316,1.1322405,0.71639097
2410,1.8481325,1.1319737,0.71615875
2411,1.8476336,1.1317071,0.7159263
2412,1.8471358,1.1314415,0.71569407
2413,1.8466375,1.1311758,0.7154618
2414,1.8461411,1.1309109,0.7152302
2415,1.845645,1.130646,0.714999
2416,1.84515,1.1303818,0.7147682
2417,1.8446538,1.1301179,0.714536
2418,1.8441589,1.1298544,0.7143045
2419,1.8436649,1.1295917,0.71407306
2420,1.8431715,1.129329,0.7138426
2421,1.8426774,1.1290668,0.71361053
2422,1.8421853,1.1288049,0.7133804
2423,1.8416935,1.1285435,0.7131501
2424,1.8412021,1.1282824,0.7129197
2425,1.8407106,1.128022,0.71268874
2426,1.8402207,1.1277616,0.7124589
2427,1.8397309,1.1275021,0.71222866
2428,1.8392413,1.1272426,0.7119987
2429,1.8387518,1.1269838,0.71176803
2430,1.8382633,1.126725,0.71153826
2431,1.8377765,1.1264669,0.7113098
2432,1.8372891,1.126209,0.7110799
2433,1.8368027,1.1259516,0.71085083
2434,1.8363159,1.1256949,0.710621
2435,1.8358297,1.1254381,0.7103914
2436,1.835345,1.125182,0.7101631
2437,1.834861,1.1249262,0.70993483
2438,1.8343766,1.1246707,0.70970577
2439,1.8338926,1.1244158,0.7094769
2440,1.83341,1.1241611,0.709249
2441,1.832927,1.1239069,0.70902014
2442,1.8324459,1.123653,0.7087929
2443,1.831963,1.1233996,0.70856315
2444,1.8314831,1.1231467,0.70833635
2445,1.8310025,1.122894,0.7081083
2446,1.8305225,1.1226416,0.70788085
2447,1.8300425,1.1223897,0.7076527
2448,1.8295639,1.1221381,0.70742565
2449,1.8290848,1.121887,0.70719796
2450,1.8286078,1.1216364,0.70697135
2451,1.8281307,1.1213859,0.7067447
2452,1.8276527,1.121136,0.70651704
2453,1.8271765,1.1208862,0.70629036
2454,1.8267009,1.1206369,0.706064
2455,1.8262255,1.120388,0.70583737
2456,1.8257519,1.1201398,0.705612
2457,1.8252761,1.1198915,0.7053848
2458,1.8248034,1.1196438,0.7051594
2459,1.8243291,1.1193964,0.70493275
2460,1.8238564,1.1191494,0.70470685
2461,1.8233837,1.1189029,0.7044808
2462,1.8229125,1.1186566,0.70425576
2463,1.8224409,1.1184106,0.7040304
2464,1.8219697,1.1181653,0.70380485
2465,1.8215002,1.1179197,0.70358026
2466,1.821031,1.1176753,0.7033559
2467,1.8205612,1.1174307,0.70313054
2468,1.820092,1.1171867,0.7029053
2469,1.8196243,1.116943,0.7026813
2470,1.819155,1.1166996,0.7024554
2471,1.8186882,1.1164565,0.7022316
2472,1.818222,1.116214,0.7020083
2473,1.8177547,1.1159717,0.7017832
2474,1.8172901,1.1157297,0.70156044
2475,1.816824,1.115488,0.70133585
2476,1.8163589,1.1152468,0.70111215
2477,1.8158948,1.1150062,0.70088875
2478,1.8154306,1.1147654,0.7006651
2479,1.8149669,1.1145254,0.70044136
2480,1.8145039,1.1142857,0.70021814
2481,1.8140421,1.1140463,0.699996
2482,1.8135805,1.1138071,0.6997734
2483,1.813118,1.1135684,0.69954956
2484,1.8126585,1.1133301,0.6993281
2485,1.8121967,1.1130918,0.6991048
2486,1.8117368,1.1128541,0.69888276
2487,1.811278,1.1126169,0.69866115
2488,1.8108187,1.1123798,0.69843876
2489,1.8103597,1.1121433,0.69821656
2490,1.809902,1.1119068,0.69799536
2491,1.8094437,1.1116709,0.6977727
2492,1.8089867,1.111435,0.69755167
2493,1.8085296,1.1111996,0.69733
2494,1.8080733,1.1109648,0.6971084
2495,1.8076174,1.11073,0.69688725
2496,1.8071629,1.1104959,0.69666684
2497,1.8067074,1.1102617,0.69644576
2498,1.8062528,1.110028,0.6962248
2499,1.8057989,1.1097946,0.6960043
2500,1.8053465,1.1095618,0.69578457
2501,1.8048929,1.1093291,0.6955639
2502,1.8044405,1.1090968,0.69534385
2503,1.8039881,1.1088648,0.6951233
2504,1.8035368,1.1086333,0.6949036
2505,1.8030856,1.1084018,0.6946838
2506,1.8026359,1.1081707,0.6944651
2507,1.8021847,1.1079403,0.6942445
2508,1.8017349,1.1077096,0.6940254
2509,1.8012855,1.1074797,0.69380575
2510,1.8008366,1.1072499,0.6935867
2511,1.8003881,1.1070205,0.6933678
2512,1.7999401,1.1067911,0.6931489
2513,1.7994936,1.1065626,0.69293106
2514,1.7990459,1.1063342,0.69271165
2515,1.7985996,1.1061062,0.6924935
2516,1.7981532,1.1058781,0.6922749
2517,1.7977076,1.1056508,0.69205666
2518,1.7972625,1.1054236,0.69183916
2519,1.7968174,1.1051967,0.6916209
2520,1.7963743,1.1049703,0.6914041
2521,1.7959301,1.1047438,0.69118625
2522,1.7954872,1.1045182,0.690969
2523,1.7950433,1.1042924,0.6907512
2524,1.7946008,1.1040671,0.6905338
2525,1.7941586,1.103842,0.69031674
2526,1.7937176,1.1036174,0.6901003
2527,1.793277,1.1033931,0.6898839
2528,1.7928356,1.1031691,0.68966675
2529,1.792395,1.1029452,0.6894498
2530,1.7919548,1.1027218,0.68923306
2531,1.7915165,1.1024987,0.68901783
2532,1.7910776,1.1022757,0.6888019
2533,1.7906389,1.1020534,0.6885857
2534,1.7902008,1.1018312,0.68836987
2535,1.7897635,1.1016092,0.6881542
2536,1.789325,1.1013876,0.68793744
2537,1.7888889,1.1011661,0.68772274
2538,1.7884519,1.1009451,0.68750685
2539,1.7880166,1.1007245,0.6872921
2540,1.7875817,1.1005038,0.68707764
2541,1.7871463,1.1002839,0.6868625
2542,1.786712,1.1000638,0.6866481
2543,1.7862778,1.0998446,0.6864332
2544,1.7858444,1.0996251,0.6862194
2545,1.7854099,1.0994061,0.6860038
2546,1.7849777,1.0991875,0.68579036
2547,1.7845457,1.0989691,0.6855767
2548,1.7841129,1.0987511,0.68536174
2549,1.7836819,1.0985333,0.6851486
2550,1.7832502,1.0983155,0.68493474
2551,1.7828195,1.0980983,0.6847212
2552,1.7823889,1.0978814,0.6845074
2553,1.7819592,1.0976646,0.68429464
2554,1.7815306,1.0974483,0.6840823
2555,1.781102,1.0972322,0.6838697
2556,1.7806727,1.0970162,0.68365633
2557,1.7802446,1.0968008,0.6834439
2558,1.7798163,1.0965855,0.68323076
2559,1.7793896,1.0963706,0.6830188
2560,1.7789618,1.096156,0.68280566
2561,1.7785358,1.0959413,0.6825944
2562,1.7781098,1.0957274,0.6823823
2563,1.7776846,1.0955133,0.68217146
2564,1.7772585,1.0952996,0.681959
2565,1.7768329,1.0950863,0.6817468
2566,1.7764091,1.0948732,0.68153584
2567,1.7759854,1.0946605,0.6813246
2568,1.7755623,1.0944481,0.68111414
2569,1.7751385,1.094236,0.68090236
2570,1.7747147,1.0940238,0.68069106
2571,1.7742935,1.093812,0.6804813
2572,1.7738708,1.0936005,0.6802702
2573,1.773449,1.0933896,0.68005943
2574,1.773028,1.0931785,0.67984957
2575,1.7726066,1.0929677,0.67963904
2576,1.772187,1.0927577,0.67942935
2577,1.7717667,1.0925475,0.67921937
2578,1.7713473,1.0923376,0.67900956
2579,1.7709274,1.0921282,0.6787995
2580,1.7705095,1.0919188,0.67859066
2581,1.7700908,1.0917097,0.67838126
2582,1.7696736,1.0915011,0.67817235
2583,1.7692553,1.0912925,0.6779628
2584,1.7688385,1.0910842,0.67775404
2585,1.7684208,1.0908762,0.6775445
2586,1.7680056,1.0906687,0.677337
2587,1.767589,1.090461,0.67712796
2588,1.767173,1.0902538,0.6769191
2589,1.7667589,1.0900469,0.67671204
2590,1.7663431,1.0898402,0.676503
2591,1.7659299,1.089634,0.6762962
2592,1.7655146,1.0894277,0.67608696
2593,1.7651008,1.0892217,0.6758791
2594,1.7646873,1.089016,0.6756716
2595,1.7642756,1.0888104,0.67546505
2596,1.763863,1.0886053,0.6752576
2597,1.7634512,1.0884006,0.67505074
2598,1.7630396,1.0881956,0.6748437
2599,1.7626282,1.0879914,0.6746367
2600,1.7622172,1.0877872,0.6744297
2601,1.7618061,1.0875832,0.67422307
2602,1.7613968,1.0873795,0.67401725
2603,1.7609867,1.0871761,0.67381066
2604,1.7605774,1.0869728,0.67360467
2605,1.7601683,1.0867699,0.67339826
2606,1.7597593,1.0865673,0.67319214
2607,1.759352,1.0863649,0.6729871
2608,1.7589436,1.0861626,0.672781
2609,1.7585356,1.0859605,0.6725752
2610,1.7581288,1.0857588,0.6723701
2611,1.7577226,1.0855573,0.6721653
2612,1.7573164,1.0853561,0.6719603
2613,1.7569103,1.085155,0.6717552
2614,1.7565044,1.0849545,0.67155
2615,1.7560991,1.0847538,0.6713456
2616,1.7556938,1.0845535,0.6711404
2617,1.7552903,1.0843532,0.670937
2618,1.7548872,1.0841539,0.6707334
2619,1.754482,1.083954,0.6705283
2620,1.7540796,1.0837545,0.6703251
2621,1.7536758,1.0835556,0.6701203
2622,1.7532728,1.0833565,0.6699164
2623,1.7528715,1.0831579,0.66971344
2624,1.7524691,1.0829594,0.66950953
2625,1.7520685,1.082761,0.66930735
2626,1.7516674,1.0825632,0.6691043
2627,1.7512655,1.0823655,0.6689001
2628,1.7508652,1.0821679,0.66869724
2629,1.750466,1.0819708,0.6684954
2630,1.7500658,1.0817735,0.6682925
2631,1.7496665,1.0815767,0.66808975
2632,1.7492676,1.08138,0.6678875
2633,1.748869,1.0811837,0.6676854
2634,1.748471,1.0809876,0.66748357
2635,1.748073,1.0807914,0.6672815
2636,1.7476757,1.0805957,0.6670797
2637,1.747278,1.0804002,0.66687775
2638,1.7468822,1.080205,0.6666772
2639,1.7464857,1.0800099,0.66647565
2640,1.7460884,1.0798151,0.6662734
2641,1.7456939,1.0796206,0.6660733
2642,1.7452974,1.0794262,0.66587126
2643,1.7449045,1.0792319,0.6656725
2644,1.744509,1.0790379,0.6654711
2645,1.7441139,1.0788441,0.6652698
2646,1.743721,1.0786506,0.6650704
2647,1.7433269,1.0784572,0.66486967
2648,1.7429339,1.0782645,0.6646694
2649,1.742541,1.0780714,0.6644696
2650,1.7421497,1.0778787,0.664271
2651,1.7417568,1.0776861,0.6640705
2652,1.7413648,1.077494,0.66387075
2653,1.7409731,1.077302,0.6636711
2654,1.7405825,1.0771102,0.66347206
2655,1.7401918,1.0769186,0.6632732
2656,1.7398018,1.0767272,0.66307485
2657,1.7394104,1.076536,0.66287434
2658,1.7390219,1.0763451,0.6626769
2659,1.7386318,1.0761544,0.6624778
2660,1.7382435,1.0759636,0.6622799
2661,1.7378552,1.0757735,0.66208166
2662,1.7374661,1.0755832,0.66188276
2663,1.7370784,1.0753933,0.66168517
2664,1.7366905,1.0752035,0.66148704
2665,1.7363031,1.0750139,0.6612892
2666,1.7359161,1.0748246,0.66109145
2667,1.7355293,1.0746356,0.6608939
2668,1.735144,1.0744468,0.66069734
2669,1.7347568,1.074258,0.660499
2670,1.7343721,1.0740693,0.66030276
2671,1.7339865,1.0738811,0.66010517
2672,1.7336019,1.073693,0.65990907
2673,1.733217,1.0735052,0.659712
2674,1.7328331,1.0733173,0.65951574
2675,1.7324483,1.0731298,0.65931875
2676,1.7320659,1.0729425,0.65912354
2677,1.7316822,1.0727555,0.65892684
2678,1.7312996,1.0725685,0.658731
2679,1.730917,1.0723819,0.6585352
2680,1.7305346,1.0721953,0.6583394
2681,1.7301531,1.0720088,0.6581442
2682,1.7297716,1.0718229,0.65794885
2683,1.7293892,1.0716368,0.6577524
2684,1.7290099,1.0714511,0.65755874
2685,1.7286285,1.0712656,0.65736306
2686,1.728249,1.0710801,0.65716875
2687,1.7278678,1.070895,0.65697294
2688,1.7274885,1.07071,0.6567785
2689,1.7271101,1.0705252,0.6565849
2690,1.7267307,1.0703405,0.6563902
2691,1.726352,1.0701561,0.6561959
2692,1.7259738,1.0699718,0.6560019
2693,1.7255961,1.0697879,0.6558081
2694,1.7252184,1.0696039,0.6556145
2695,1.7248404,1.0694205,0.6554199
2696,1.7244631,1.0692368,0.65522635
2697,1.7240875,1.0690535,0.6550338
2698,1.7237108,1.0688707,0.6548401
2699,1.7233346,1.0686877,0.6546469
2700,1.7229592,1.068505,0.6544541
2701,1.7225834,1.0683224,0.6542609
2702,1.722209,1.0681403,0.6540687
2703,1.7218345,1.067958,0.6538766
2704,1.7214594,1.0677761,0.6536833
2705,1.721085,1.0675943,0.6534908
2706,1.7207117,1.0674125,0.6532992
2707,1.7203381,1.067231,0.6531068
2708,1.7199652,1.06705,0.6529152
2709,1.7195917,1.0668689,0.65272295
2710,1.7192194,1.066688,0.6525315
2711,1.7188466,1.0665072,0.65233946
2712,1.7184757,1.0663266,0.6521491
2713,1.7181041,1.0661464,0.6519577
2714,1.7177327,1.0659661,0.6517665
2715,1.7173612,1.065786,0.6515752
2716,1.7169907,1.0656064,0.6513843
2717,1.716621,1.0654266,0.65119445
2718,1.7162501,1.0652472,0.65100306
2719,1.7158811,1.0650678,0.6508133
2720,1.7155117,1.0648886,0.6506232
2721,1.715142,1.0647095,0.6504323
2722,1.7147735,1.0645308,0.6502428
2723,1.7144057,1.0643523,0.6500534
2724,1.714037,1.0641739,0.6498629
2725,1.7136698,1.0639956,0.6496743
2726,1.7133014,1.0638176,0.649484
2727,1.7129343,1.0636394,0.6492948
2728,1.7125676,1.0634618,0.64910567
2729,1.7122008,1.0632842,0.6489165
2730,1.7118349,1.0631068,0.64872795
2731,1.7114685,1.0629295,0.64853895
2732,1.7111021,1.0627525,0.6483496
2733,1.710737,1.0625756,0.64816153
2734,1.7103717,1.0623989,0.64797306
2735,1.7100065,1.0622222,0.6477843
2736,1.7096424,1.0620459,0.64759666
2737,1.7092783,1.0618697,0.6474088
2738,1.7089148,1.0616935,0.6472211
2739,1.7085514,1.0615175,0.6470338
2740,1.7081875,1.0613419,0.6468455
2741,1.707824,1.0611664,0.64665776
2742,1.7074625,1.060991,0.64647144
2743,1.7070987,1.0608157,0.64628303
2744,1.7067373,1.0606406,0.64609677
2745,1.7063754,1.0604657,0.64590937
2746,1.7060139,1.060291,0.6457226
2747,1.7056534,1.0601163,0.645537
2748,1.705292,1.059942,0.6453501
2749,1.7049309,1.0597677,0.6451632
2750,1.7045704,1.0595936,0.6449768
2751,1.7042099,1.0594196,0.6447903
2752,1.7038507,1.0592458,0.64460474
2753,1.7034909,1.0590721,0.6444186
2754,1.7031323,1.0588987,0.6442334
2755,1.7027724,1.0587255,0.64404714
2756,1.7024152,1.0585524,0.6438627
2757,1.7020569,1.0583794,0.6436775
2758,1.7016983,1.0582064,0.6434919
2759,1.7013403,1.0580337,0.6433066
2760,1.700983,1.0578612,0.64312184
2761,1.7006258,1.0576888,0.6429368
2762,1.7002687,1.0575166,0.6427522
2763,1.6999117,1.0573446,0.64256716
2764,1.6995564,1.0571727,0.6423835
2765,1.6991997,1.0570009,0.64219886
2766,1.6988446,1.0568293,0.6420152
2767,1.6984886,1.0566579,0.6418308
2768,1.6981344,1.0564866,0.6416477
2769,1.6977783,1.0563155,0.64146274
2770,1.6974245,1.0561446,0.6412798
2771,1.6970701,1.0559738,0.6410964
2772,1.6967165,1.0558031,0.6409134
2773,1.6963623,1.0556325,0.64072984
2774,1.6960081,1.0554621,0.6405461
2775,1.6956561,1.0552919,0.64036417
2776,1.6953024,1.0551218,0.64018047
2777,1.6949503,1.0549519,0.63999856
2778,1.694598,1.0547822,0.6398161
2779,1.6942451,1.0546124,0.63963276
2780,1.6938946,1.0544429,0.6394516
2781,1.6935427,1.0542734,0.6392691
2782,1.6931909,1.0541044,0.63908654
2783,1.69284,1.0539353,0.63890487
2784,1.6924899,1.0537663,0.6387236
2785,1.6921384,1.0535975,0.6385409
2786,1.6917899,1.0534289,0.6383607
2787,1.6914393,1.0532607,0.63817847
2788,1.6910896,1.0530922,0.6379976
2789,1.6907402,1.0529242,0.6378161
2790,1.6903912,1.052756,0.6376353
2791,1.6900427,1.0525881,0.63745457
2792,1.689694,1.0524204,0.63727367
2793,1.689346,1.0522528,0.63709307
2794,1.6889985,1.0520854,0.63691294
2795,1.6886504,1.0519181,0.6367322
2796,1.688303,1.051751,0.6365522
2797,1.6879565,1.0515839,0.6363727
2798,1.687609,1.0514171,0.63619184
2799,1.6872633,1.0512502,0.63601303
2800,1.6869164,1.0510838,0.6358324
2801,1.6865704,1.050917,0.6356534
2802,1.6862246,1.0507509,0.6354737
2803,1.685879,1.0505846,0.6352941
2804,1.6855341,1.0504186,0.6351155
2805,1.6851892,1.0502527,0.6349366
2806,1.6848444,1.050087,0.63475764
2807,1.6845,1.0499213,0.6345786
2808,1.6841558,1.0497558,0.6344001
2809,1.6838119,1.0495905,0.63422143
2810,1.6834686,1.0494254,0.6340432
2811,1.6831248,1.0492604,0.6338643
2812,1.6827825,1.0490954,0.6336872
2813,1.6824389,1.0489305,0.6335083
2814,1.6820968,1.0487659,0.633331
2815,1.6817541,1.0486014,0.63315284
2816,1.6814123,1.0484371,0.6329751
2817,1.681071,1.0482728,0.63279825
2818,1.6807292,1.0481087,0.63262063
2819,1.6803877,1.0479448,0.6324431
2820,1.6800464,1.0477809,0.6322657
2821,1.6797066,1.0476171,0.6320895
2822,1.6793659,1.0474535,0.6319123
2823,1.6790257,1.0472901,0.6317357
2824,1.6786859,1.0471269,0.63155925
2825,1.6783459,1.0469635,0.63138247
2826,1.6780074,1.0468006,0.63120675
2827,1.6776679,1.0466374,0.6310302
2828,1.6773288,1.0464747,0.63085395
2829,1.6769902,1.0463122,0.630678
2830,1.6766522,1.0461497,0.6305024
2831,1.6763134,1.0459871,0.63032633
2832,1.6759765,1.0458248,0.6301516
2833,1.6756382,1.0456628,0.62997544
2834,1.6753012,1.0455008,0.62980044
2835,1.6749645,1.0453389,0.6296256
2836,1.6746266,1.0451771,0.6294495
2837,1.6742913,1.0450155,0.6292757
2838,1.6739542,1.0448539,0.6291001
2839,1.673618,1.0446926,0.62892544
2840,1.6732823,1.0445311,0.62875116
2841,1.6729469,1.0443703,0.62857664
2842,1.6726116,1.0442091,0.6284024
2843,1.6722758,1.0440483,0.62822735
2844,1.6719414,1.0438879,0.6280536
2845,1.6716076,1.043727,0.6278805
2846,1.671273,1.0435665,0.62770635
2847,1.6709387,1.0434062,0.6275325
2848,1.6706053,1.043246,0.6273592
2849,1.6702715,1.0430858,0.6271856
2850,1.6699387,1.042926,0.6270128
2851,1.6696045,1.042766,0.6268386
2852,1.6692728,1.0426061,0.6266666
2853,1.6689405,1.0424467,0.62649375
2854,1.6686075,1.0422872,0.6263202
2855,1.6682762,1.0421278,0.62614834
2856,1.667944,1.0419687,0.62597525
2857,1.6676121,1.0418093,0.6258028
2858,1.6672812,1.0416505,0.62563044
2859,1.6669499,1.0414917,0.6254581
2860,1.6666195,1.0413328,0.6252866
2861,1.6662891,1.0411742,0.6251149
2862,1.6659584,1.0410159,0.6249426
2863,1.6656284,1.0408573,0.6247712
2864,1.6652987,1.0406991,0.6245995
2865,1.6649691,1.0405409,0.62442815
2866,1.6646397,1.040383,0.6242567
2867,1.6643105,1.0402249,0.62408537
2868,1.6639814,1.0400674,0.6239141
2869,1.6636531,1.0399096,0.62374365
2870,1.6633244,1.0397522,0.6235721
2871,1.6629963,1.0395948,0.62340176
2872,1.6626692,1.0394374,0.6232317
2873,1.6623404,1.03928,0.6230602
2874,1.662014,1.0391232,0.6228908
2875,1.6616871,1.0389663,0.62272084
2876,1.6613592,1.0388092,0.62255
2877,1.6610327,1.0386527,0.6223801
2878,1.6607065,1.0384959,0.6222106
2879,1.6603804,1.0383394,0.622041
2880,1.6600542,1.0381831,0.62187123
2881,1.6597296,1.0380269,0.62170255
2882,1.6594026,1.0378706,0.6215321
2883,1.6590782,1.0377148,0.6213634
2884,1.6587528,1.0375587,0.621194
2885,1.6584282,1.0374031,0.62102497
2886,1.6581036,1.0372474,0.62085646
2887,1.6577797,1.0370919,0.62068784
2888,1.6574554,1.0369363,0.62051916
2889,1.6571316,1.0367812,0.62035036
2890,1.6568081,1.036626,0.6201823
2891,1.6564842,1.0364708,0.6200135
2892,1.6561611,1.0363157,0.61984545
2893,1.6558386,1.0361608,0.6196775
2894,1.6555154,1.0360061,0.6195096
2895,1.655194,1.0358514,0.6193426
2896,1.654872,1.0356969,0.619175
2897,1.65455,1.0355425,0.6190074
2898,1.6542282,1.035388,0.6188401
2899,1.6539066,1.035234,0.6186728
2900,1.6535848,1.0350797,0.6185049
2901,1.6532638,1.0349257,0.6183381
2902,1.6529438,1.0347719,0.61817175
2903,1.6526234,1.0346186,0.618005
2904,1.6523027,1.0344645,0.6178382
2905,1.6519827,1.0343108,0.61767167
2906,1.6516631,1.0341575,0.61750543
2907,1.651343,1.0340042,0.6173388
2908,1.6510235,1.033851,0.61717236
2909,1.650704,1.033698,0.6170062
2910,1.6503855,1.0335449,0.6168405
2911,1.6500673,1.0333922,0.6166752
2912,1.6497482,1.0332394,0.616509
2913,1.6494303,1.0330865,0.6163436
2914,1.6491123,1.0329342,0.61617833
2915,1.6487955,1.0327818,0.61601365
2916,1.6484772,1.0326294,0.61584777
2917,1.6481603,1.0324771,0.61568314
2918,1.6478426,1.032325,0.6155175
2919,1.6475255,1.032173,0.6153527
2920,1.6472085,1.032021,0.6151874
2921,1.6468922,1.0318692,0.61502296
2922,1.6465765,1.0317177,0.614859
2923,1.6462605,1.0315661,0.61469424
2924,1.6459442,1.0314145,0.6145296
2925,1.6456292,1.0312634,0.6143657
2926,1.6453142,1.031112,0.6142022
2927,1.6449995,1.0309607,0.6140386
2928,1.6446844,1.0308096,0.61387473
2929,1.6443695,1.0306588,0.61371076
2930,1.644056,1.0305079,0.61354786
2931,1.6437413,1.0303571,0.6133841
2932,1.6434281,1.0302064,0.6132216
2933,1.6431134,1.0300559,0.6130573
2934,1.6427996,1.0299054,0.61289406
2935,1.6424862,1.0297552,0.612731
2936,1.6421732,1.0296048,0.61256826
2937,1.641861,1.029455,0.6124059
2938,1.6415479,1.0293049,0.61224306
2939,1.6412357,1.0291549,0.61208093
2940,1.6409237,1.0290052,0.6119186
2941,1.6406114,1.0288556,0.61175597
2942,1.6402996,1.0287058,0.6115938
2943,1.6399889,1.0285563,0.6114326
2944,1.6396768,1.0284071,0.61126983
2945,1.6393661,1.0282575,0.6111086
2946,1.6390555,1.0281084,0.6109471
2947,1.638745,1.0279593,0.61078537
2948,1.6384344,1.0278105,0.61062413
2949,1.6381238,1.0276614,0.6104625
2950,1.6378138,1.0275127,0.61030114
2951,1.6375048,1.0273639,0.6101407
2952,1.637195,1.0272154,0.6099795
2953,1.636885,1.0270668,0.60981834
2954,1.6365767,1.0269185,0.6096581
2955,1.6362677,1.0267701,0.6094974
2956,1.635959,1.026622,0.6093369
2957,1.63565,1.0264738,0.6091763
2958,1.6353422,1.026326,0.6090163
2959,1.6350334,1.0261781,0.60885537
2960,1.6347258,1.0260302,0.6086955
2961,1.6344182,1.0258824,0.6085359
2962,1.6341105,1.025735,0.60837567
2963,1.6338034,1.0255873,0.60821605
2964,1.6334969,1.0254401,0.6080567
2965,1.6331902,1.0252926,0.60789764
2966,1.6328833,1.0251456,0.6077377
2967,1.6325775,1.0249984,0.60757893
2968,1.632271,1.0248513,0.6074197
2969,1.6319653,1.0247046,0.6072609
2970,1.6316595,1.0245577,0.6071018
2971,1.631354,1.024411,0.60694295
2972,1.6310484,1.0242642,0.6067841
2973,1.6307436,1.0241181,0.60662556
2974,1.630439,1.0239713,0.6064676
2975,1.6301334,1.0238249,0.60630834
2976,1.6298304,1.0236789,0.6061515
2977,1.6295254,1.0235326,0.605993
2978,1.6292219,1.0233867,0.6058354
2979,1.6289179,1.0232407,0.60567725
2980,1.6286144,1.0230948,0.6055196
2981,1.62831,1.022949,0.60536104
2982,1.6280072,1.0228033,0.6052035
2983,1.6277046,1.0226576,0.60504675
2984,1.6274014,1.0225123,0.6048891
2985,1.6270996,1.022367,0.6047325
2986,1.626797,1.0222217,0.6045753
2987,1.6264946,1.0220766,0.60441816
2988,1.626193,1.0219313,0.6042617
2989,1.6258924,1.0217865,0.6041059
2990,1.6255896,1.0216414,0.60394824
2991,1.6252878,1.0214968,0.60379124
2992,1.624987,1.021352,0.6036351
2993,1.6246853,1.0212071,0.6034781
2994,1.6243862,1.021063,0.6033236
2995,1.6240842,1.0209183,0.60316604
2996,1.6237847,1.0207738,0.6030106
2997,1.623485,1.0206296,0.6028553
2998,1.6231842,1.0204856,0.6026987
2999,1.6228845,1.0203416,0.6025431
3000,1.622585,1.0201976,0.6023878
3001,1.6222866,1.0200536,0.60223293
3002,1.6219879,1.01991,0.6020781
3003,1.6216881,1.0197661,0.60192204
3004,1.6213894,1.0196224,0.601767
3005,1.6210915,1.0194789,0.6016124
3006,1.620793,1.0193356,0.60145736
3007,1.6204948,1.0191923,0.60130256
3008,1.6201973,1.019049,0.6011482
3009,1.6198995,1.0189058,0.6009937
3010,1.619602,1.018763,0.600839
3011,1.6193056,1.0186198,0.6006858
3012,1.6190088,1.0184771,0.60053176
3013,1.6187112,1.0183342,0.6003772
3014,1.6184142,1.0181915,0.60022277
3015,1.6181176,1.0180488,0.6000689
3016,1.6178217,1.0179064,0.59991544
3017,1.6175255,1.0177639,0.5997615
3018,1.6172302,1.0176214,0.59960866
3019,1.6169342,1.0174793,0.5994549
3020,1.6166389,1.0173372,0.59930176
3021,1.6163433,1.017195,0.5991482
3022,1.6160492,1.0170531,0.5989962
3023,1.6157548,1.016911,0.5988437
3024,1.6154594,1.0167692,0.59869033
3025,1.615165,1.0166276,0.59853756
3026,1.6148703,1.016486,0.5983842
3027,1.6145769,1.0163443,0.59823245
3028,1.6142819,1.0162027,0.59807897
3029,1.6139879,1.0160615,0.5979265
3030,1.6136955,1.0159203,0.59777534
3031,1.6134017,1.015779,0.59762263
3032,1.6131089,1.015638,0.5974709
3033,1.6128165,1.0154969,0.5973197
3034,1.6125231,1.0153558,0.59716725
3035,1.6122316,1.0152152,0.5970165
3036,1.6119391,1.0150744,0.5968648
3037,1.6116467,1.0149338,0.59671295
3038,1.6113548,1.0147929,0.5965618
3039,1.611063,1.0146525,0.59641063
3040,1.6107715,1.0145121,0.5962595
3041,1.6104801,1.0143716,0.5961085
3042,1.6101887,1.0142314,0.59595734
3043,1.6098983,1.0140913,0.595807
3044,1.609607,1.0139512,0.5956558
3045,1.6093174,1.0138113,0.5955061
3046,1.609026,1.0136714,0.5953547
3047,1.6087364,1.0135314,0.595205
3048,1.6084461,1.0133917,0.5950545
3049,1.608156,1.013252,0.59490395
3050,1.6078666,1.0131125,0.59475404
3051,1.6075776,1.0129732,0.5946041
3052,1.607288,1.0128337,0.59445435
3053,1.6069996,1.0126944,0.59430504
3054,1.6067107,1.0125554,0.5941554
3055,1.6064211,1.0124161,0.594005
3056,1.606134,1.0122772,0.5938567
3057,1.6058452,1.012138,0.5937072
3058,1.6055577,1.0119991,0.59355867
3059,1.6052687,1.0118603,0.5934084
3060,1.6049818,1.0117216,0.5932603
3061,1.6046937,1.011583,0.59311074
3062,1.604407,1.0114444,0.5929624
3063,1.6041195,1.0113059,0.5928136
3064,1.6038325,1.0111676,0.5926648
3065,1.6035459,1.0110294,0.59251654
3066,1.6032597,1.0108912,0.5923684
3067,1.602973,1.0107528,0.5922202
3068,1.6026872,1.0106149,0.5920726
3069,1.6024014,1.0104768,0.5919244
3070,1.6021149,1.0103389,0.591776
3071,1.6018292,1.0102012,0.59162796
3072,1.6015447,1.0100636,0.59148115
3073,1.601259,1.0099258,0.59133327
3074,1.6009743,1.0097883,0.59118617
3075,1.6006896,1.009651,0.59103864
3076,1.6004041,1.0095134,0.59089077
3077,1.6001198,1.0093762,0.5907438
3078,1.5998353,1.009239,0.5905964
3079,1.5995519,1.0091017,0.59045017
3080,1.5992681,1.0089647,0.5903033
3081,1.5989844,1.0088278,0.59015656
3082,1.5987002,1.0086911,0.5900092
3083,1.5984175,1.0085542,0.58986324
3084,1.5981336,1.0084174,0.5897163
3085,1.5978508,1.0082806,0.5895702
3086,1.5975684,1.008144,0.58942455
3087,1.597285,1.0080075,0.5892774
3088,1.5970036,1.0078714,0.5891324
3089,1.5967205,1.0077349,0.58898556
3090,1.5964382,1.0075984,0.5888399
3091,1.5961564,1.0074623,0.5886941
3092,1.5958755,1.0073264,0.58854926
3093,1.5955933,1.0071901,0.58840305
3094,1.5953119,1.0070542,0.5882575
3095,1.595031,1.0069182,0.5881127
3096,1.5947492,1.0067824,0.58796686
3097,1.5944693,1.006647,0.58782214
3098,1.5941885,1.0065113,0.58767724
3099,1.5939088,1.0063757,0.5875331
3100,1.5936276,1.0062401,0.58738744
3101,1.593348,1.0061048,0.58724314
3102,1.5930673,1.0059693,0.5870978
3103,1.5927887,1.0058341,0.5869545
3104,1.5925081,1.0056992,0.586809
3105,1.5922291,1.005564,0.5866653
3106,1.5919508,1.0054289,0.5865218
3107,1.5916705,1.0052941,0.58637637
3108,1.5913922,1.0051591,0.586233
3109,1.5911134,1.0050247,0.58608896
3110,1.5908358,1.0048898,0.5859458
3111,1.5905577,1.004755,0.58580244
3112,1.5902803,1.0046207,0.5856595
3113,1.5900005,1.0044861,0.5855144
3114,1.5897236,1.0043519,0.5853717
3115,1.5894456,1.0042174,0.5852281
3116,1.5891688,1.0040834,0.5850853
3117,1.5888913,1.0039492,0.58494204
3118,1.5886147,1.003815,0.58479965
3119,1.5883378,1.0036812,0.58465654
3120,1.5880616,1.0035473,0.5845143
3121,1.5877842,1.0034134,0.58437073
3122,1.5875077,1.0032798,0.58422786
3123,1.5872307,1.0031458,0.58408487
3124,1.5869553,1.0030125,0.5839428
3125,1.5866803,1.0028789,0.58380157
3126,1.5864041,1.0027454,0.58365864
3127,1.5861293,1.002612,0.5835172
3128,1.5858543,1.0024786,0.58337563
3129,1.5855787,1.0023457,0.5832331
3130,1.5853039,1.0022123,0.58309144
3131,1.5850298,1.0020795,0.5829505
3132,1.5847542,1.0019467,0.5828077
3133,1.5844799,1.0018132,0.5826665
3134,1.5842063,1.0016807,0.5825254
3135,1.583931,1.0015479,0.58238304
3136,1.5836575,1.0014153,0.58224237
3137,1.5833842,1.0012827,0.5821015
3138,1.5831101,1.0011501,0.58196
3139,1.5828375,1.0010176,0.58181995
3140,1.5825648,1.0008855,0.5816794
3141,1.5822909,1.0007528,0.58153814
3142,1.5820178,1.0006207,0.5813969
3143,1.5817459,1.0004884,0.58125734
3144,1.5814734,1.0003564,0.58111703
3145,1.5812013,1.0002245,0.58097684
3146,1.5809288,1.0000924,0.58083653
3147,1.5806575,0.9999608,0.58069664
3148,1.5803854,0.9998287,0.58055663
3149,1.5801138,0.9996972,0.5804164
3150,1.5798417,0.9995655,0.58027613
3151,1.579571,0.9994341,0.58013695
3152,1.5793002,0.99930257,0.5799974
3153,1.5790287,0.99917126,0.57985765
3154,1.5787576,0.9990398,0.57971776
3155,1.5784879,0.99890864,0.5795793
3156,1.5782182,0.9987773,0.5794409
3157,1.5779465,0.99864614,0.57930034
3158,1.577677,0.998515,0.57916194
3159,1.5774072,0.9983842,0.5790232
3160,1.5771377,0.9982532,0.57888436
3161,1.5768678,0.9981224,0.5787455
3162,1.5765983,0.9979919,0.5786063
3163,1.5763288,0.9978611,0.57846785
3164,1.57606,0.99773043,0.57832956
3165,1.5757916,0.9975999,0.57819164
3166,1.5755221,0.99746954,0.57805264
3167,1.5752541,0.99733907,0.577915
3168,1.5749848,0.9972086,0.5777762
3169,1.5747178,0.9970784,0.5776393
3170,1.57445,0.99694836,0.57750165
3171,1.5741814,0.99681807,0.5773634
3172,1.5739143,0.9966882,0.5772262
3173,1.5736463,0.99655807,0.5770882
3174,1.5733796,0.9964283,0.5769513
3175,1.5731113,0.99629843,0.5768131
3176,1.5728446,0.9961686,0.576676
3177,1.5725777,0.99603873,0.576539
3178,1.5723115,0.9959094,0.576402
3179,1.5720451,0.9957799,0.5762652
3180,1.5717794,0.9956505,0.57612884
3181,1.5715134,0.9955212,0.5759922
3182,1.5712466,0.9953917,0.5758547
3183,1.5709798,0.99526244,0.57571733
3184,1.570714,0.9951332,0.5755807
3185,1.5704494,0.9950042,0.57544506
3186,1.5701841,0.99487525,0.5753089
3187,1.5699184,0.9947462,0.5751721
3188,1.569654,0.9946173,0.5750367
3189,1.5693886,0.99448854,0.57490003
3190,1.5691241,0.9943598,0.5747643
3191,1.5688597,0.9942311,0.57462835
3192,1.5685947,0.9941025,0.5744923
3193,1.5683314,0.99397403,0.5743572
3194,1.568066,0.9938456,0.5742205
3195,1.5678034,0.9937171,0.5740862
3196,1.5675391,0.9935888,0.5739503
3197,1.567276,0.99346054,0.5738154
3198,1.5670127,0.99333227,0.5736802
3199,1.566749,0.9932043,0.57354474
3200,1.566486,0.9930762,0.5734099
3201,1.5662234,0.99294835,0.573275
3202,1.565961,0.9928204,0.5731405
3203,1.5656978,0.99269265,0.5730052
3204,1.5654361,0.99256486,0.5728712
3205,1.5651749,0.99243724,0.5727375
3206,1.5649115,0.9923096,0.5726019
3207,1.5646499,0.9921821,0.5724679
3208,1.564389,0.99205464,0.57233447
3209,1.5641268,0.991927,0.5721997
3210,1.563865,0.99179983,0.57206506
3211,1.5636051,0.9916727,0.5719322
3212,1.5633423,0.99154556,0.57179695
3213,1.5630825,0.99141824,0.5716641
3214,1.5628208,0.9912915,0.57152945
3215,1.5625603,0.9911644,0.57139593
3216,1.5623002,0.99103755,0.5712627
3217,1.5620401,0.99091065,0.5711296
3218,1.5617805,0.9907838,0.57099664
3219,1.5615199,0.9906572,0.57086277
3220,1.5612595,0.9905306,0.57072896
3221,1.5609996,0.99040395,0.5705957
3222,1.5607412,0.9902774,0.5704638
3223,1.5604814,0.9901511,0.57033026
3224,1.5602223,0.99002445,0.5701978
3225,1.5599638,0.9898984,0.5700654
3226,1.5597048,0.9897722,0.5699326
3227,1.5594468,0.98964614,0.5698007
3228,1.5591875,0.9895199,0.56966776
3229,1.5589294,0.98939407,0.56953526
3230,1.5586711,0.98926795,0.56940305
3231,1.5584127,0.9891421,0.5692706
3232,1.5581551,0.98901623,0.569139
3233,1.5578978,0.98889047,0.5690073
3234,1.5576397,0.98876476,0.56887484
3235,1.5573826,0.98863924,0.56874317
3236,1.5571258,0.98851377,0.56861204
3237,1.5568689,0.98838836,0.5684806
3238,1.5566114,0.98826295,0.5683485
3239,1.5563551,0.9881376,0.5682175
3240,1.5560981,0.98801214,0.56808597
3241,1.5558417,0.98788726,0.5679544
3242,1.5555847,0.987762,0.56782264
3243,1.5553285,0.98763674,0.5676917
3244,1.5550735,0.987512,0.5675615
3245,1.5548176,0.9873872,0.5674305
3246,1.5545616,0.98726225,0.5672995
3247,1.5543063,0.9871373,0.567169
3248,1.5540504,0.9870127,0.56703776
3249,1.5537958,0.9868878,0.5669079
3250,1.5535405,0.9867633,0.5667771
3251,1.5532866,0.9866389,0.56664765
3252,1.5530319,0.9865143,0.5665177
3253,1.552776,0.98638976,0.56638634
3254,1.5525221,0.9862658,0.5662564
3255,1.5522678,0.9861414,0.56612635
3256,1.5520133,0.9860171,0.5659963
3257,1.5517598,0.9858931,0.56586665
3258,1.5515058,0.985769,0.5657369
3259,1.5512521,0.98564494,0.5656072
3260,1.5509984,0.98552114,0.5654775
3261,1.550745,0.985397,0.565348
3262,1.550493,0.9852735,0.5652194
3263,1.5502396,0.98514956,0.56509006
3264,1.5499865,0.9850262,0.5649603
3265,1.5497344,0.9849025,0.5648317
3266,1.5494816,0.98477876,0.56470263
3267,1.549229,0.98465526,0.56457365
3268,1.5489767,0.9845322,0.56444454
3269,1.5487249,0.98440886,0.5643161
3270,1.5484723,0.9842855,0.56418675
3271,1.5482206,0.98416233,0.5640584
3272,1.5479697,0.9840392,0.56393063
3273,1.547718,0.98391616,0.5638019
3274,1.5474657,0.98379326,0.5636724
3275,1.5472147,0.98367035,0.56354445
3276,1.5469639,0.9835474,0.56341666
3277,1.5467136,0.98342454,0.56328887
3278,1.5464622,0.9833018,0.56316024
3279,1.5462122,0.9831793,0.5630331
3280,1.5459614,0.98305655,0.5629047
3281,1.5457114,0.9829342,0.5627772
3282,1.5454614,0.9828118,0.5626497
3283,1.5452113,0.98268926,0.56252223
3284,1.5449618,0.98256695,0.5623949
3285,1.5447112,0.9824446,0.56226665
3286,1.544462,0.9823224,0.5621396
3287,1.5442132,0.9822003,0.5620128
3288,1.5439634,0.98207796,0.5618855
3289,1.5437149,0.9819562,0.56175864
3290,1.5434657,0.9818343,0.5616315
3291,1.5432175,0.9817125,0.561505
3292,1.542968,0.98159045,0.5613775
3293,1.5427208,0.9814688,0.5612519
3294,1.5424721,0.98134726,0.56112504
3295,1.5422239,0.9812255,0.5609984
3296,1.5419761,0.9811041,0.5608718
3297,1.5417278,0.9809825,0.5607456
3298,1.5414798,0.98086107,0.56061876
3299,1.5412322,0.9807395,0.56049263
3300,1.5409853,0.9806182,0.5603671
3301,1.5407377,0.9804969,0.5602407
3302,1.5404913,0.98037624,0.56011516
3303,1.5402443,0.98025495,0.5599893
3304,1.5399978,0.98013353,0.5598644
3305,1.5397507,0.9800128,0.55973786
3306,1.5395048,0.9798918,0.5596129
3307,1.5392585,0.97977126,0.5594872
3308,1.5390103,0.9796502,0.55936015
3309,1.5387653,0.9795297,0.5592357
3310,1.53852,0.97940904,0.55911106
3311,1.5382744,0.9792887,0.5589857
3312,1.5380287,0.9791678,0.5588608
3313,1.5377828,0.9790475,0.5587352
3314,1.537539,0.9789273,0.55861163
3315,1.5372931,0.9788066,0.55848634
3316,1.5370479,0.97868645,0.5583614
3317,1.536802,0.97856635,0.55823565
3318,1.5365572,0.9784461,0.5581111
3319,1.536314,0.9783262,0.5579878
3320,1.5360692,0.97820604,0.5578631
3321,1.5358248,0.9780861,0.5577386
3322,1.5355808,0.9779662,0.55761445
3323,1.5353367,0.97784626,0.55749047
3324,1.5350922,0.97772664,0.5573658
3325,1.5348489,0.97760713,0.5572419
3326,1.5346062,0.97748727,0.55711883
3327,1.5343621,0.9773675,0.55699444
3328,1.5341189,0.9772484,0.55687046
3329,1.5338751,0.97712886,0.5567463
3330,1.533633,0.9770094,0.5566236
3331,1.5333903,0.9768901,0.55650026
3332,1.5331478,0.97677076,0.55637705
3333,1.5329049,0.97665155,0.5562533
3334,1.5326631,0.9765326,0.5561305
3335,1.5324204,0.97641337,0.556007
3336,1.532178,0.9762942,0.55588394
3337,1.5319358,0.9761752,0.55576044
3338,1.5316947,0.9760567,0.5556381
3339,1.5314529,0.97593784,0.5555154
3340,1.5312121,0.9758191,0.5553931
3341,1.5309702,0.9757002,0.5552698
3342,1.5307286,0.9755815,0.555147
3343,1.5304873,0.9754629,0.5550242
3344,1.5302465,0.97534466,0.55490196
3345,1.530006,0.9752262,0.5547798
3346,1.5297651,0.97510785,0.55465734
3347,1.5295244,0.9749891,0.55453503
3348,1.5292848,0.97487104,0.5544137
3349,1.5290439,0.9747531,0.554291
3350,1.5288033,0.9746348,0.5541686
3351,1.5285639,0.97451687,0.554047
3352,1.5283245,0.9743988,0.55392575
3353,1.5280848,0.97428083,0.55380386
3354,1.5278459,0.97416306,0.5536829
3355,1.5276057,0.9740451,0.55356055
3356,1.527367,0.9739275,0.55343956
3357,1.5271275,0.9738096,0.55331796
3358,1.526889,0.9736921,0.5531968
3359,1.5266502,0.97357464,0.5530757
3360,1.5264113,0.97345716,0.55295426
3361,1.5261724,0.97333956,0.55283296
3362,1.525934,0.9732221,0.552712
3363,1.5256968,0.97310483,0.552592
3364,1.5254585,0.97298765,0.5524708
3365,1.5252206,0.97287035,0.5523502
3366,1.5249822,0.97275317,0.552229
3367,1.5247439,0.97263604,0.55210817
3368,1.5245079,0.97251904,0.5519887
3369,1.5242704,0.9724021,0.5518684
3370,1.5240327,0.9722854,0.5517474
3371,1.5237954,0.9721683,0.5516271
3372,1.5235589,0.9720516,0.5515071
3373,1.5233223,0.9719347,0.5513874
3374,1.5230856,0.97181827,0.55126727
3375,1.5228487,0.9717016,0.5511471
3376,1.5226119,0.971585,0.5510269
3377,1.522377,0.97146857,0.5509084
3378,1.5221399,0.9713523,0.55078775
3379,1.5219045,0.97123575,0.5506686
3380,1.5216689,0.9711197,0.55054915
3381,1.5214322,0.97100335,0.5504288
3382,1.5211971,0.9708872,0.55030984
3383,1.5209619,0.970771,0.5501909
3384,1.5207268,0.9706551,0.55007166
3385,1.5204914,0.9705392,0.54995227
3386,1.520257,0.9704232,0.5498338
3387,1.5200223,0.9703075,0.5497148
3388,1.5197874,0.9701916,0.5495957
3389,1.5195534,0.9700758,0.5494777
3390,1.5193176,0.9699601,0.5493574
3391,1.5190839,0.9698445,0.54923946
3392,1.518851,0.9697291,0.549122
3393,1.5186164,0.96961343,0.549003
3394,1.5183834,0.96949816,0.54888517
3395,1.5181478,0.96938276,0.54876506
3396,1.5179157,0.96926767,0.5486482
3397,1.5176818,0.9691521,0.5485297
3398,1.517448,0.9690369,0.548411
3399,1.5172157,0.96892196,0.54829377
3400,1.5169824,0.96880674,0.5481757
3401,1.5167495,0.96869165,0.548058
3402,1.5165164,0.9685767,0.54793984
3403,1.5162834,0.9684619,0.54782146
3404,1.5160517,0.9683471,0.5477048
3405,1.5158195,0.96823215,0.5475873
3406,1.5155879,0.9681176,0.5474702
3407,1.5153549,0.9680028,0.5473522
3408,1.5151231,0.9678885,0.54723465
3409,1.5148916,0.9677736,0.54711795
3410,1.5146594,0.96765935,0.54700005
3411,1.5144284,0.96754473,0.5468836
3412,1.5141972,0.9674305,0.5467667
3413,1.5139654,0.96731603,0.5466494
3414,1.5137341,0.9672018,0.5465323
3415,1.5135033,0.96708775,0.5464157
3416,1.5132725,0.9669735,0.54629904
3417,1.5130421,0.96685946,0.5461825
3418,1.5128113,0.96674556,0.5460657
3419,1.5125811,0.96663153,0.5459496
3420,1.5123508,0.96651757,0.54583323
3421,1.5121202,0.96640384,0.5457164
3422,1.5118903,0.9662899,0.54560024
3423,1.5116616,0.9661762,0.5454854
3424,1.5114307,0.96606266,0.5453681
3425,1.5112011,0.9659492,0.5452522
3426,1.5109711,0.96583545,0.5451356
3427,1.5107424,0.9657219,0.54502046
3428,1.510512,0.9656084,0.54490346
3429,1.5102842,0.9654953,0.54478896
3430,1.5100557,0.9653818,0.54467374
3431,1.5098271,0.9652688,0.54455835
3432,1.5095978,0.9651556,0.54444236
3433,1.5093693,0.9650423,0.5443269
3434,1.5091403,0.9649294,0.5442108
3435,1.5089123,0.9648163,0.5440962
3436,1.5086852,0.9647034,0.54398185
3437,1.5084556,0.96459025,0.5438653
3438,1.5082291,0.96447766,0.54375166
3439,1.508001,0.9643648,0.5436361
3440,1.5077727,0.964252,0.54352075
3441,1.5075463,0.9641393,0.543407
3442,1.5073183,0.9640268,0.5432915
3443,1.507091,0.9639144,0.54317683
3444,1.5068638,0.9638017,0.54306227
3445,1.5066369,0.9636892,0.54294765
3446,1.5064111,0.9635771,0.5428339
3447,1.5061842,0.96346456,0.5427196
3448,1.5059576,0.9633524,0.5426052
3449,1.5057307,0.96324,0.5424908
3450,1.505505,0.9631281,0.5423769
3451,1.5052788,0.9630159,0.5422629
3452,1.505053,0.9629041,0.542149
3453,1.5048264,0.96279174,0.5420345
3454,1.5046008,0.96268,0.5419208
3455,1.5043755,0.9625683,0.5418073
3456,1.5041502,0.96245635,0.54169375
3457,1.5039245,0.96234477,0.54157966
3458,1.503699,0.96223307,0.54146576
3459,1.5034745,0.9621213,0.54135317
3460,1.5032494,0.9620098,0.5412396
3461,1.5030253,0.96189845,0.5411269
3462,1.5027996,0.9617869,0.54101264
3463,1.5025754,0.96167535,0.5409
3464,1.5023503,0.9615642,0.5407863
3465,1.5021275,0.96145284,0.54067457
3466,1.5019023,0.96134186,0.54056036
3467,1.5016791,0.96123046,0.5404485
3468,1.501455,0.96111935,0.54033566
3469,1.5012311,0.96100837,0.5402227
3470,1.5010072,0.9608973,0.5401098
3471,1.5007832,0.9607865,0.53999674
3472,1.5005608,0.9606756,0.53988516
3473,1.5003372,0.9605648,0.5397725
3474,1.5001134,0.9604538,0.5396596
3475,1.4998915,0.96034324,0.53954846
3476,1.499668,0.96023273,0.53943527
3477,1.4994454,0.9601221,0.5393233
3478,1.4992228,0.9600115,0.5392112
3479,1.4990007,0.95990103,0.5390996
3480,1.4987783,0.9597908,0.53898764
3481,1.4985558,0.95968026,0.5388754
3482,1.4983342,0.95957005,0.53876406
3483,1.498112,0.9594598,0.5386522
3484,1.4978908,0.9593495,0.5385413
3485,1.4976695,0.9592395,0.5384299
3486,1.497447,0.95912933,0.5383176
3487,1.4972259,0.95901906,0.5382067
3488,1.4970046,0.9589092,0.53809524
3489,1.4967831,0.9587995,0.5379838
3490,1.4965618,0.9586897,0.53787214
3491,1.4963413,0.95857984,0.5377616
3492,1.4961201,0.95847,0.5376502
3493,1.4958993,0.9583604,0.5375389
3494,1.4956791,0.9582508,0.5374282
3495,1.4954587,0.958141,0.5373176
3496,1.495239,0.95803183,0.5372071
3497,1.4950178,0.9579223,0.53709567
3498,1.4947989,0.9578128,0.536986
3499,1.494579,0.9577036,0.53687537
3500,1.4943595,0.9575943,0.5367652
3501,1.4941397,0.9574849,0.5366548
3502,1.4939187,0.9573757,0.536543
3503,1.493701,0.9572666,0.53643453
3504,1.4934806,0.9571576,0.53632283
3505,1.493262,0.9570486,0.5362134
3506,1.4930421,0.9569396,0.5361025
3507,1.4928238,0.9568307,0.5359932
3508,1.4926054,0.9567219,0.5358837
3509,1.4923865,0.95661306,0.5357734
3510,1.4921677,0.9565042,0.5356635
3511,1.4919498,0.9563955,0.53555423
3512,1.4917322,0.956287,0.5354452
3513,1.491514,0.9561783,0.53533554
3514,1.4912946,0.95606977,0.53522485
3515,1.4910789,0.9559614,0.53511745
3516,1.4908594,0.955853,0.53500646
3517,1.4906423,0.95574456,0.5348978
3518,1.4904242,0.9556363,0.5347878
3519,1.4902073,0.95552814,0.53467906
3520,1.4899893,0.95541984,0.5345695
3521,1.489773,0.95531166,0.5344613
3522,1.4895558,0.9552034,0.5343525
3523,1.4893395,0.95509595,0.53424376
3524,1.4891218,0.9549877,0.5341341
3525,1.4889057,0.95487976,0.53402585
3526,1.4886899,0.954772,0.533918
3527,1.4884729,0.95466393,0.533809
3528,1.4882568,0.9545563,0.53370047
3529,1.4880406,0.9544486,0.53359187
3530,1.487825,0.95434105,0.5334839
3531,1.4876093,0.95423335,0.533376
3532,1.4873927,0.9541259,0.5332669
3533,1.4871776,0.9540183,0.5331591
3534,1.4869618,0.953911,0.53305084
3535,1.4867473,0.95380366,0.53294355
3536,1.4865313,0.95369625,0.5328349
3537,1.4863161,0.95358896,0.5327272
3538,1.4861014,0.9534817,0.5326197
3539,1.485886,0.95337486,0.53251106
3540,1.4856713,0.9532674,0.5324039
3541,1.4854575,0.95316064,0.5322968
3542,1.4852424,0.95305365,0.5321887
3543,1.4850289,0.95294666,0.53208214
3544,1.4848129,0.95283985,0.53197306
3545,1.4846007,0.95273316,0.53186744
3546,1.4843863,0.9526261,0.53176016
3547,1.4841719,0.95251954,0.53165233
3548,1.4839585,0.9524128,0.5315458
3549,1.4837439,0.952306,0.531438
3550,1.4835306,0.9521996,0.531331
3551,1.4833171,0.95209265,0.53122437
3552,1.4831036,0.9519867,0.5311171
3553,1.4828912,0.95188,0.5310112
3554,1.4826782,0.95177364,0.5309044
3555,1.4824659,0.9516676,0.5307982
3556,1.482252,0.95156133,0.5306908
3557,1.4820397,0.95145524,0.53058445
3558,1.481827,0.95134896,0.5304778
3559,1.4816147,0.9512429,0.53037167
3560,1.4814022,0.95113695,0.5302651
3561,1.4811895,0.95103073,0.5301586
3562,1.4809781,0.950925,0.53005326
3563,1.480766,0.950819,0.52994686
3564,1.4805546,0.95071334,0.5298413
3565,1.4803423,0.9506076,0.52973473
3566,1.4801309,0.95050174,0.5296291
3567,1.4799201,0.95039636,0.52952385
3568,1.4797084,0.95029056,0.5294179
3569,1.4794966,0.950185,0.5293117
3570,1.4792848,0.95007956,0.5292052
3571,1.4790748,0.9499742,0.5291007
3572,1.478864,0.9498687,0.5289952
3573,1.4786532,0.9497635,0.5288897
3574,1.4784425,0.9496582,0.52878433
3575,1.4782321,0.9495527,0.52867943
3576,1.4780217,0.94944775,0.528574
3577,1.4778107,0.9493426,0.5284682
3578,1.4776016,0.94923747,0.52836406
3579,1.4773916,0.94913244,0.5282592
3580,1.4771811,0.94902736,0.5281537
3581,1.4769714,0.94892263,0.5280489
3582,1.4767622,0.94881785,0.52794445
3583,1.4765528,0.948713,0.5278398
3584,1.4763434,0.9486084,0.5277349
3585,1.4761344,0.9485036,0.5276308
3586,1.475924,0.94839877,0.52752525
3587,1.4757148,0.94829434,0.5274205
3588,1.4755069,0.94818956,0.5273172
3589,1.4752976,0.9480852,0.5272124
3590,1.4750886,0.9479807,0.527108
3591,1.47488,0.94787633,0.52700347
3592,1.4746721,0.947772,0.5269001
3593,1.4744636,0.9476677,0.5267958
3594,1.4742552,0.94756347,0.5266916
3595,1.4740474,0.9474596,0.5265881
3596,1.4738392,0.9473553,0.5264839
3597,1.4736316,0.94725114,0.5263806
3598,1.4734237,0.9471472,0.5262766
3599,1.4732153,0.94704324,0.5261722
3600,1.4730082,0.9469393,0.52606875
3601,1.4728012,0.9468355,0.5259656
3602,1.472594,0.94673175,0.52586234
3603,1.4723866,0.94662774,0.5257588
3604,1.4721789,0.946524,0.5256548
3605,1.4719727,0.94642067,0.525552
3606,1.4717655,0.946317,0.52544844
3607,1.4715602,0.9462134,0.5253468
3608,1.4713525,0.9461098,0.5252427
3609,1.4711454,0.9460063,0.5251391
3610,1.4709393,0.945903,0.52503633
3611,1.4707334,0.94579935,0.5249342
3612,1.4705269,0.94569635,0.5248308
3613,1.4703212,0.94559306,0.52472806
3614,1.4701151,0.9454897,0.5246253
3615,1.4699093,0.9453866,0.52452266
3616,1.4697037,0.9452833,0.5244202
3617,1.469498,0.9451803,0.5243178
3618,1.4692926,0.94507754,0.5242151
3619,1.4690878,0.9449746,0.5241132
3620,1.4688826,0.9448717,0.5240108
3621,1.4686764,0.9447686,0.52390784
3622,1.468472,0.9446659,0.523806
3623,1.468268,0.94456327,0.5237047
3624,1.4680622,0.9444605,0.5236018
3625,1.4678586,0.944358,0.52350044
3626,1.4676536,0.94425523,0.5233983
3627,1.4674494,0.9441527,0.5232966
3628,1.4672444,0.9440502,0.52319413
3629,1.4670403,0.9439478,0.52309245
3630,1.4668362,0.9438454,0.52299076
3631,1.4666327,0.9437431,0.52288955
3632,1.4664297,0.94364053,0.5227891
3633,1.4662254,0.9435385,0.5226869
3634,1.4660212,0.94343626,0.5225851
3635,1.4658173,0.9433341,0.5224833
3636,1.4656138,0.94323176,0.5223821
3637,1.4654107,0.9431299,0.5222808
3638,1.4652082,0.9430281,0.52218
3639,1.4650056,0.94292593,0.5220797
3640,1.4648025,0.94282424,0.5219782
3641,1.464599,0.9427223,0.5218767
3642,1.464396,0.9426204,0.5217758
3643,1.4641937,0.94251883,0.52167517
3644,1.4639919,0.942417,0.52157485
3645,1.4637893,0.9423153,0.5214742
3646,1.4635866,0.9422137,0.5213727
3647,1.4633843,0.94211227,0.5212718
3648,1.4631823,0.94201076,0.52117175
3649,1.4629804,0.9419093,0.5210711
3650,1.4627783,0.94180775,0.52097046
3651,1.4625775,0.94170654,0.52087104
3652,1.4623758,0.9416052,0.52077067
3653,1.4621743,0.9415038,0.52067053
3654,1.4619725,0.9414028,0.52056986
3655,1.4617716,0.94130147,0.52047014
3656,1.4615707,0.9412006,0.5203701
3657,1.4613701,0.94109946,0.5202707
3658,1.461168,0.94099826,0.52016973
3659,1.4609681,0.9408976,0.52007055
3660,1.460767,0.94079655,0.5199703
3661,1.4605663,0.94069564,0.51987064
3662,1.460366,0.9405948,0.5197712
3663,1.4601648,0.94049436,0.5196706
3664,1.4599645,0.9403933,0.5195712
3665,1.4597652,0.94029284,0.51947224
3666,1.4595655,0.9401922,0.51937354
3667,1.4593649,0.94009143,0.51927346
3668,1.4591652,0.9399911,0.5191741
3669,1.4589653,0.93989056,0.51907474
3670,1.4587666,0.93979037,0.5189762
3671,1.4585669,0.93968964,0.51887715
3672,1.4583665,0.9395893,0.5187772
3673,1.4581674,0.93948907,0.51867837
3674,1.4579685,0.93938893,0.5185796
3675,1.4577695,0.9392888,0.5184806
3676,1.4575707,0.9391885,0.51838225
3677,1.4573721,0.9390885,0.5182836
3678,1.4571736,0.9389883,0.5181851
3679,1.456975,0.93888843,0.5180863
3680,1.4567764,0.93878853,0.5179879
3681,1.4565777,0.9386886,0.5178892
3682,1.4563787,0.93858874,0.5177901
3683,1.4561812,0.93848914,0.517692
3684,1.4559834,0.9383895,0.517594
3685,1.4557855,0.9382895,0.5174958
3686,1.4555876,0.9381898,0.51739776
3687,1.45539,0.9380905,0.5172995
3688,1.4551922,0.93799084,0.5172013
3689,1.454994,0.93789136,0.5171026
3690,1.4547974,0.9377917,0.51700556
3691,1.4546,0.93769234,0.5169076
3692,1.4544026,0.9375927,0.5168096
3693,1.454206,0.9374938,0.5167121
3694,1.4540087,0.93739444,0.51661426
3695,1.4538116,0.93729514,0.51651657
3696,1.4536154,0.93719596,0.5164194
3697,1.4534177,0.9370969,0.5163207
3698,1.453222,0.9369978,0.51622427
3699,1.4530253,0.9368986,0.51612675
3700,1.4528291,0.9367995,0.51602954
3701,1.4526321,0.93670064,0.5159314
3702,1.4524361,0.93660194,0.5158344
3703,1.4522402,0.93650305,0.5157372
3704,1.4520444,0.9364042,0.51564014
3705,1.4518491,0.9363057,0.51554346
3706,1.4516532,0.9362068,0.51544654
3707,1.4514571,0.93610823,0.51534885
3708,1.451262,0.9360092,0.51525265
3709,1.4510672,0.9359109,0.51515627
3710,1.4508708,0.9358125,0.5150582
3711,1.4506757,0.9357139,0.5149619
3712,1.4504817,0.9356154,0.5148662
3713,1.4502864,0.93551713,0.51476926
3714,1.4500906,0.9354188,0.5146719
3715,1.4498975,0.9353207,0.51457703
3716,1.4497019,0.9352223,0.51447964
3717,1.449507,0.9351239,0.5143831
3718,1.4493132,0.935026,0.5142871
3719,1.4491184,0.9349278,0.5141906
3720,1.4489256,0.9348296,0.5140959
3721,1.4487305,0.9347318,0.51399887
3722,1.4485366,0.93463373,0.5139029
3723,1.4483426,0.9345358,0.5138069
3724,1.4481493,0.93443775,0.5137116
3725,1.447955,0.9343402,0.5136149
3726,1.4477623,0.93424237,0.51351976
3727,1.4475683,0.9341448,0.5134236
3728,1.4473741,0.9340469,0.5133271
3729,1.4471812,0.9339495,0.51323175
3730,1.4469879,0.93385184,0.5131359
3731,1.4467949,0.9337543,0.51304066
3732,1.4466016,0.9336565,0.5129453
3733,1.44641,0.9335591,0.51285076
3734,1.4462159,0.9334618,0.5127541
3735,1.4460243,0.9333643,0.5126599
3736,1.4458315,0.93326676,0.5125648
3737,1.4456388,0.93316984,0.5124688
3738,1.4454463,0.9330727,0.51237357
3739,1.4452544,0.9329753,0.5122791
3740,1.4450619,0.9328782,0.5121836
3741,1.4448693,0.9327811,0.5120882
3742,1.4446775,0.93268394,0.51199347
3743,1.4444869,0.932587,0.5118998
3744,1.4442942,0.93249017,0.5118041
3745,1.4441025,0.9323931,0.5117093
3746,1.4439116,0.93229645,0.51161504
3747,1.4437196,0.9321995,0.5115201
3748,1.4435279,0.9321027,0.5114254
3749,1.4433372,0.9320062,0.51133114
3750,1.4431455,0.9319092,0.5112364
3751,1.4429549,0.9318126,0.51114225
3752,1.4427644,0.93171597,0.5110483
3753,1.4425737,0.93161947,0.51095426
3754,1.4423827,0.93152285,0.51085985
3755,1.4421915,0.9314265,0.51076496
3756,1.4420013,0.93133,0.51067126
3757,1.4418117,0.9312337,0.51057786
3758,1.4416212,0.93113726,0.5104838
3759,1.4414309,0.93104106,0.5103898
3760,1.4412408,0.9309448,0.51029605
3761,1.4410505,0.9308487,0.51020175
3762,1.4408603,0.9307524,0.5101078
3763,1.4406708,0.93065625,0.51001465
3764,1.4404811,0.9305603,0.50992084
3765,1.440291,0.93046427,0.5098268
3766,1.440102,0.9303683,0.5097337
3767,1.4399122,0.9302723,0.50963986
3768,1.4397237,0.93017644,0.50954735
3769,1.4395345,0.9300806,0.5094539
3770,1.4393449,0.9299847,0.5093602
3771,1.4391557,0.9298889,0.5092667
3772,1.4389672,0.92979324,0.5091739
3773,1.4387783,0.92969763,0.5090806
3774,1.4385896,0.92960197,0.5089878
3775,1.4384006,0.9295064,0.5088943
3776,1.4382128,0.92941076,0.5088021
3777,1.4380236,0.9293154,0.50870824
3778,1.4378356,0.9292199,0.5086158
3779,1.4376472,0.9291245,0.5085227
3780,1.4374592,0.9290291,0.5084302
3781,1.4372714,0.9289338,0.5083376
3782,1.4370831,0.92883855,0.5082445
3783,1.436896,0.9287435,0.50815266
3784,1.4367081,0.9286481,0.50805986
3785,1.4365201,0.928553,0.507967
3786,1.4363331,0.92845803,0.5078751
3787,1.4361448,0.9283627,0.50778204
3788,1.4359585,0.92826766,0.50769085
3789,1.4357705,0.9281729,0.50759774
3790,1.4355831,0.9280779,0.50750524
3791,1.4353971,0.927983,0.5074142
3792,1.4352096,0.9278882,0.5073214
3793,1.4350222,0.9277934,0.5072288
3794,1.434837,0.92769873,0.5071383
3795,1.4346497,0.9276041,0.5070456
3796,1.4344628,0.9275092,0.50695366
3797,1.4342768,0.9274148,0.5068621
3798,1.4340911,0.9273202,0.50677085
3799,1.4339039,0.9272257,0.5066783
3800,1.4337175,0.92713106,0.5065864
3801,1.433531,0.92703646,0.50649434
3802,1.4333458,0.92694217,0.50640357
3803,1.43316,0.92684764,0.50631225
3804,1.4329736,0.9267535,0.50622
3805,1.4327888,0.9266594,0.50612956
3806,1.4326026,0.926565,0.5060377
3807,1.4324176,0.9264709,0.50594693
3808,1.432232,0.9263767,0.5058553
3809,1.4320463,0.9262827,0.50576365
3810,1.4318616,0.92618865,0.50567305
3811,1.4316761,0.92609453,0.5055817
3812,1.4314913,0.9260006,0.5054906
3813,1.4313076,0.92590666,0.5054008
3814,1.4311224,0.9258126,0.50530976
3815,1.4309368,0.9257188,0.5052179
3816,1.4307532,0.92562515,0.5051281
3817,1.4305679,0.92553127,0.50503653
3818,1.4303845,0.92543733,0.5049471
3819,1.4301988,0.9253438,0.504855
3820,1.4300148,0.9252502,0.50476474
3821,1.4298313,0.9251565,0.5046746
3822,1.4296482,0.925063,0.50458515
3823,1.4294624,0.9249695,0.5044929
3824,1.4292794,0.92487603,0.5044035
3825,1.4290954,0.92478245,0.50431293
3826,1.4289112,0.9246892,0.5042221
3827,1.4287281,0.92459595,0.50413215
3828,1.4285448,0.9245024,0.5040424
3829,1.4283613,0.92440903,0.50395226
3830,1.428178,0.9243158,0.503862
3831,1.4279951,0.9242228,0.50377244
3832,1.427812,0.9241295,0.5036825
3833,1.4276291,0.9240364,0.50359267
3834,1.4274461,0.92394334,0.50350285
3835,1.4272628,0.92385024,0.5034125
3836,1.4270799,0.92375726,0.5033226
3837,1.4268973,0.92366445,0.50323284
3838,1.426715,0.9235717,0.50314325
3839,1.426533,0.9234787,0.5030541
3840,1.4263496,0.9233862,0.50296366
3841,1.4261682,0.9232931,0.5028752
3842,1.4259857,0.9232004,0.50278515
3843,1.4258038,0.9231076,0.5026961
3844,1.425622,0.923015,0.50260687
3845,1.4254396,0.9229223,0.50251716
3846,1.4252584,0.9228299,0.5024284
3847,1.4250762,0.9227373,0.50233907
3848,1.4248943,0.92264473,0.50224954
3849,1.4247133,0.9225523,0.5021609
3850,1.4245327,0.9224601,0.5020726
3851,1.4243505,0.9223677,0.5019828
3852,1.4241691,0.92227525,0.5018939
3853,1.4239876,0.92218286,0.5018048
3854,1.4238076,0.9220907,0.5017168
3855,1.4236262,0.9219985,0.50162774
3856,1.4234451,0.9219062,0.50153875
3857,1.4232647,0.92181396,0.50145066
3858,1.4230835,0.92172205,0.5013615
3859,1.4229033,0.9216299,0.5012733
3860,1.4227223,0.921538,0.50118446
3861,1.4225419,0.92144597,0.5010957
3862,1.4223613,0.9213542,0.50100714
3863,1.4221814,0.9212624,0.500919
3864,1.4220016,0.92117023,0.50083125
3865,1.421822,0.9210784,0.5007435
3866,1.4216408,0.92098653,0.5006543
3867,1.4214616,0.920895,0.5005666
3868,1.4212822,0.92080325,0.5004789
3869,1.4211019,0.9207117,0.5003902
3870,1.420922,0.92061996,0.5003023
3871,1.4207433,0.9205284,0.50021493
3872,1.4205627,0.920437,0.5001258
3873,1.420384,0.9203456,0.50003856
3874,1.4202043,0.9202539,0.4999504
3875,1.4200256,0.9201627,0.4998629
3876,1.4198463,0.9200711,0.49977517
3877,1.4196674,0.91998005,0.49968737
3878,1.4194887,0.9198887,0.4996001
3879,1.4193094,0.9197976,0.49951196
3880,1.4191326,0.91970617,0.49942636
3881,1.4189528,0.9196149,0.4993379
3882,1.418775,0.919524,0.49925113
3883,1.4185946,0.91943276,0.49916187
3884,1.4184182,0.91934174,0.4990763
3885,1.4182395,0.91925067,0.49898878
3886,1.418061,0.9191596,0.49890155
3887,1.4178836,0.9190688,0.49881497
3888,1.4177058,0.9189779,0.4987278
3889,1.4175272,0.91888696,0.4986403
3890,1.4173496,0.91879624,0.49855334
3891,1.4171708,0.91870534,0.4984654
3892,1.416993,0.9186147,0.49837852
3893,1.4168164,0.91852397,0.49829236
3894,1.4166389,0.91843337,0.4982056
3895,1.4164608,0.9183426,0.49811822
3896,1.4162842,0.9182521,0.49803194
3897,1.416107,0.9181615,0.4979455
3898,1.41593,0.9180711,0.49785882
3899,1.4157531,0.9179805,0.4977725
3900,1.4155757,0.9178901,0.49768576
3901,1.4153987,0.9177998,0.49759895
3902,1.4152217,0.91770935,0.49751243
3903,1.4150455,0.91761893,0.49742645
3904,1.4148687,0.9175289,0.49733981
3905,1.4146917,0.9174387,0.49725312
3906,1.4145156,0.9173482,0.49716753
3907,1.4143395,0.91725814,0.49708143
3908,1.4141636,0.91716796,0.49699575
3909,1.4139869,0.9170779,0.49690905
3910,1.4138118,0.9169879,0.4968238
3911,1.4136355,0.9168978,0.49673778
3912,1.4134601,0.91680783,0.49665242
3913,1.4132832,0.916718,0.49656534
3914,1.4131081,0.9166279,0.49648032
3915,1.4129325,0.9165381,0.49639425
3916,1.4127561,0.91644824,0.4963079
3917,1.4125814,0.9163586,0.49622265
3918,1.4124047,0.9162687,0.496136
3919,1.4122305,0.916179,0.4960514
3920,1.4120554,0.91608936,0.49596602
3921,1.4118803,0.916,0.49588028
3922,1.4117048,0.91591007,0.49579477
3923,1.4115307,0.9158207,0.49571
3924,1.411356,0.91573113,0.49562478
3925,1.4111803,0.9156418,0.4955387
3926,1.4110054,0.91555214,0.49545327
3927,1.4108312,0.915463,0.4953683
3928,1.4106563,0.91537344,0.49528295
3929,1.4104826,0.91528404,0.49519843
3930,1.4103078,0.91519487,0.49511304
3931,1.4101338,0.9151057,0.4950281
3932,1.40996,0.91501635,0.49494356
3933,1.4097856,0.9149272,0.4948585
3934,1.4096115,0.91483784,0.49477354
3935,1.4094378,0.91474897,0.49468875
3936,1.4092628,0.9146598,0.494603
3937,1.4090892,0.9145707,0.49451858
3938,1.4089159,0.914482,0.49443382
3939,1.4087427,0.91439295,0.4943498
3940,1.4085683,0.91430396,0.49426445
3941,1.4083954,0.9142152,0.4941803
3942,1.4082223,0.9141265,0.4940958
3943,1.4080493,0.9140374,0.4940118
3944,1.4078758,0.91394854,0.49392718
3945,1.4077024,0.91385984,0.49384245
3946,1.4075296,0.9137715,0.49375802
3947,1.4073565,0.91368264,0.49367386
3948,1.4071844,0.91359395,0.4935903
3949,1.4070112,0.91350555,0.49350566
3950,1.4068385,0.913417,0.49342147
3951,1.4066654,0.91332847,0.49333698
3952,1.4064939,0.91323996,0.493254
3953,1.4063212,0.91315144,0.4931697
3954,1.4061484,0.9130629,0.49308556
3955,1.405977,0.9129747,0.49300224
3956,1.4058036,0.91288614,0.49291745
3957,1.4056318,0.9127981,0.49283394
3958,1.4054594,0.9127096,0.4927497
3959,1.405288,0.9126215,0.49266633
3960,1.4051164,0.9125334,0.49258304
3961,1.4049448,0.91244507,0.49249977
3962,1.4047734,0.912357,0.49241638
3963,1.4046015,0.912269,0.49233237
3964,1.4044297,0.9121809,0.49224877
3965,1.4042587,0.91209316,0.4921657
3966,1.4040874,0.91200495,0.49208254
3967,1.4039158,0.91191685,0.49199906
3968,1.4037446,0.911829,0.4919156
3969,1.403574,0.91174114,0.49183264
3970,1.4034021,0.9116532,0.49174896
3971,1.4032316,0.9115655,0.49166626
3972,1.4030606,0.9114777,0.49158296
3973,1.4028893,0.91139,0.49149925
3974,1.402719,0.9113024,0.49141663
3975,1.4025486,0.91121465,0.49133387
3976,1.4023781,0.9111272,0.49125084
3977,1.4022086,0.91103965,0.49116898
3978,1.4020374,0.910952,0.49108523
3979,1.4018667,0.9108645,0.49100238
3980,1.4016967,0.9107771,0.4909194
3981,1.4015262,0.9106897,0.49083656
3982,1.4013567,0.910602,0.4907547
3983,1.401186,0.9105147,0.49067122
3984,1.401016,0.91042745,0.49058858
3985,1.4008471,0.91033995,0.49050713
3986,1.4006767,0.91025287,0.49042392
3987,1.4005067,0.9101656,0.49034128
3988,1.4003378,0.9100785,0.49025923
3989,1.4001672,0.90999126,0.49017602
3990,1.3999996,0.9099042,0.49009532
3991,1.3998299,0.9098171,0.49001274
3992,1.3996589,0.90973014,0.4899289
3993,1.3994908,0.909643,0.48984775
3994,1.3993218,0.90955603,0.4897658
3995,1.399153,0.909469,0.48968393
3996,1.3989844,0.9093822,0.48960218
3997,1.3988154,0.90929544,0.48951998
3998,1.3986458,0.9092084,0.48943734
3999,1.3984782,0.90912163,0.48935643
4000,1.3983083,0.9090349,0.4892733
4001,1.3981404,0.9089484,0.48919207
4002,1.397972,0.90886164,0.48911038
4003,1.3978032,0.90877473,0.48902836
4004,1.3976347,0.9086882,0.48894674
4005,1.3974675,0.90860176,0.4888657
4006,1.3972986,0.9085151,0.48878375
4007,1.3971307,0.90842867,0.48870206
4008,1.3969624,0.9083422,0.48862028
4009,1.3967943,0.9082556,0.48853868
4010,1.3966272,0.90816927,0.48845807
4011,1.3964593,0.90808296,0.48837638
4012,1.3962905,0.9079963,0.4882942
4013,1.3961238,0.9079102,0.48821363
4014,1.3959563,0.90782386,0.48813224
4015,1.3957889,0.9077376,0.4880515
4016,1.3956203,0.9076511,0.48796916
4017,1.395454,0.907565,0.4878891
4018,1.3952869,0.907479,0.48780775
4019,1.395119,0.90739286,0.4877262
4020,1.3949524,0.907307,0.48764533
4021,1.3947862,0.90722096,0.48756537
4022,1.3946192,0.90713483,0.48748428
4023,1.3944523,0.90704906,0.48740324
4024,1.3942856,0.90696305,0.4873225
4025,1.3941184,0.90687686,0.48724136
4026,1.3939519,0.90679103,0.48716098
4027,1.3937857,0.9067054,0.48708025
4028,1.393619,0.9066194,0.4869995
4029,1.393452,0.9065337,0.4869185
4030,1.3932865,0.906448,0.48683864
4031,1.3931204,0.90636235,0.48675814
4032,1.3929542,0.9062765,0.48667765
4033,1.3927873,0.9061907,0.48659673
4034,1.3926214,0.90610516,0.48651615
4035,1.3924563,0.9060197,0.48643646
4036,1.3922889,0.9059342,0.48635465
4037,1.3921245,0.9058486,0.48627585
4038,1.3919585,0.90576315,0.48619518
4039,1.391792,0.9056778,0.48611435
4040,1.3916278,0.90559244,0.48603535
4041,1.3914623,0.90550697,0.48595548
4042,1.3912964,0.9054216,0.48587474
4043,1.3911316,0.9053365,0.4857952
4044,1.3909665,0.9052514,0.48571515
4045,1.3908007,0.90516603,0.48563474
4046,1.3906351,0.9050806,0.48555452
4047,1.3904706,0.9049953,0.48547506
4048,1.390306,0.90491027,0.48539558
4049,1.3901408,0.9048252,0.4853155
4050,1.3899759,0.9047402,0.4852357
4051,1.3898124,0.90465516,0.48515716
4052,1.3896466,0.90457,0.48507652
4053,1.3894829,0.9044852,0.4849977
4054,1.3893178,0.9044002,0.4849175
4055,1.3891532,0.9043153,0.48483795
4056,1.3889891,0.9042303,0.4847588
4057,1.3888248,0.9041459,0.48467904
4058,1.388661,0.9040607,0.48460025
4059,1.3884972,0.90397584,0.48452124
4060,1.3883322,0.90389144,0.4844408
4061,1.3881681,0.9038064,0.48436183
4062,1.388005,0.9037219,0.4842832
4063,1.3878409,0.9036373,0.48420364
4064,1.3876774,0.9035527,0.48412484
4065,1.3875139,0.90346813,0.4840458
4066,1.3873488,0.90338314,0.48396564
4067,1.3871869,0.90329885,0.4838881
4068,1.3870229,0.90321434,0.48380846
4069,1.386859,0.90313005,0.48372906
4070,1.3866966,0.90304565,0.48365098
4071,1.3865324,0.90296113,0.48357135
4072,1.3863701,0.90287673,0.48349333
4073,1.3862066,0.90279245,0.4834141
4074,1.3860438,0.90270835,0.4833354
4075,1.385881,0.902624,0.4832569
4076,1.3857179,0.90253973,0.4831782
4077,1.3855547,0.90245545,0.48309922
4078,1.3853917,0.9023714,0.4830203
4079,1.3852302,0.9022873,0.48294282
4080,1.3850671,0.9022029,0.48286423
4081,1.3849043,0.90211916,0.48278514
4082,1.3847412,0.90203506,0.48270607
4083,1.38458,0.901951,0.48262912
4084,1.3844173,0.90186703,0.48255014
4085,1.3842552,0.901783,0.48247224
4086,1.3840926,0.90169907,0.4823938
4087,1.3839304,0.90161514,0.48231524
4088,1.3837686,0.9015315,0.48223704
4089,1.3836066,0.9014476,0.482159
4090,1.3834463,0.90136397,0.48208237
4091,1.3832833,0.9012802,0.48200306
4092,1.3831218,0.9011965,0.4819255
4093,1.3829597,0.9011127,0.481847
4094,1.3827986,0.9010291,0.48176956
4095,1.3826364,0.90094554,0.48169097
4096,1.3824757,0.90086174,0.48161387
4097,1.3823138,0.9007782,0.48153573
4098,1.3821529,0.90069467,0.4814582
4099,1.3819917,0.9006112,0.48138046
4100,1.3818302,0.90052766,0.4813025
4101,1.381669,0.9004444,0.4812246
4102,1.3815087,0.90036094,0.48114768
4103,1.3813481,0.9002776,0.48107046
4104,1.3811867,0.90019405,0.4809925
4105,1.3810263,0.9001109,0.48091522
4106,1.3808653,0.90002763,0.48083776
4107,1.3807056,0.8999445,0.480761
4108,1.380545,0.89986116,0.4806838
4109,1.3803844,0.89977825,0.48060617
4110,1.3802234,0.8996949,0.48052865
4111,1.3800633,0.8996118,0.4804515
4112,1.3799026,0.8995288,0.4803737
4113,1.3797429,0.8994457,0.48029718
4114,1.3795811,0.8993627,0.48021835
4115,1.3794215,0.8992798,0.48014182
4116,1.3792614,0.8991968,0.4800647
4117,1.3791025,0.8991138,0.47998863
4118,1.3789415,0.89903086,0.47991067
4119,1.3787816,0.8989479,0.4798339
4120,1.3786232,0.8988652,0.47975788
4121,1.3784637,0.89878243,0.4796813
4122,1.3783035,0.8986996,0.47960386
4123,1.378145,0.89861697,0.479528
4124,1.3779852,0.8985342,0.47945088
4125,1.3778249,0.89845145,0.4793734
4126,1.3776644,0.89836866,0.4792958
4127,1.3775066,0.8982862,0.4792204
4128,1.3773478,0.8982034,0.4791445
4129,1.3771889,0.898121,0.47906795
4130,1.3770301,0.89803857,0.4789915
4131,1.3768697,0.8979559,0.47891387
4132,1.3767111,0.8978736,0.4788375
4133,1.3765528,0.897791,0.47876176
4134,1.3763939,0.89770854,0.4786853
4135,1.3762349,0.89762604,0.47860885
4136,1.3760761,0.8975437,0.47853237
4137,1.3759176,0.8974616,0.47845602
4138,1.3757595,0.8973792,0.47838035
4139,1.3756003,0.897297,0.47830337
4140,1.3754435,0.8972149,0.47822872
4141,1.3752843,0.89713275,0.47815156
4142,1.3751268,0.8970507,0.47807628
4143,1.3749675,0.89696825,0.4779992
4144,1.3748096,0.89688647,0.4779233
4145,1.3746517,0.8968042,0.47784743
4146,1.3744953,0.89672244,0.4777728
4147,1.374337,0.8966404,0.47769666
4148,1.3741789,0.89655817,0.47762075
4149,1.3740214,0.8964764,0.47754508
4150,1.3738635,0.8963946,0.47746888
4151,1.3737056,0.89631236,0.4773934
4152,1.3735484,0.8962308,0.47731766
4153,1.3733909,0.89614886,0.4772419
4154,1.3732331,0.89606684,0.47716612
4155,1.3730762,0.8959853,0.47709078
4156,1.3729192,0.8959036,0.47701564
4157,1.3727615,0.89582175,0.47693977
4158,1.3726041,0.8957399,0.47686425
4159,1.3724476,0.8956585,0.47678918
4160,1.3722908,0.89557666,0.47671396
4161,1.372134,0.8954953,0.47663885
4162,1.3719776,0.8954136,0.476564
4163,1.3718199,0.89533216,0.4764877
4164,1.371663,0.8952505,0.47641245
4165,1.371506,0.8951691,0.47633672
4166,1.3713496,0.8950877,0.4762618
4167,1.3711934,0.8950062,0.4761873
4168,1.3710372,0.8949248,0.4761123
4169,1.3708808,0.8948436,0.47603709
4170,1.3707244,0.8947622,0.47596216
4171,1.3705683,0.8946808,0.47588736
4172,1.3704116,0.89459974,0.47581202
4173,1.3702561,0.8945184,0.47573775
4174,1.3700997,0.8944373,0.47566223
4175,1.3699439,0.8943561,0.47558776
4176,1.3697875,0.894275,0.47551242
4177,1.3696324,0.89419395,0.47543845
4178,1.3694761,0.89411277,0.47536325
4179,1.3693204,0.8940319,0.47528854
4180,1.3691647,0.8939506,0.47521406
4181,1.3690103,0.89386976,0.47514048
4182,1.3688536,0.8937888,0.4750649
4183,1.3686984,0.89370793,0.47499046
4184,1.3685428,0.893627,0.47491568
4185,1.3683875,0.8935459,0.4748415
4186,1.3682326,0.8934652,0.4747674
4187,1.368078,0.89338446,0.47469345
4188,1.3679225,0.8933037,0.4746189
4189,1.3677672,0.8932229,0.47454435
4190,1.3676128,0.8931422,0.4744707
4191,1.367457,0.89306134,0.47439557
4192,1.3673022,0.89298075,0.47432145
4193,1.3671479,0.8929003,0.47424775
4194,1.3669933,0.8928194,0.47417378
4195,1.3668377,0.89273894,0.47409883
4196,1.3666837,0.8926581,0.47402555
4197,1.3665283,0.89257765,0.47395068
4198,1.3663743,0.8924974,0.4738769
4199,1.3662206,0.8924168,0.47380385
4200,1.3660662,0.89233667,0.47372952
4201,1.3659122,0.8922561,0.4736561
4202,1.3657587,0.8921757,0.47358292
4203,1.365603,0.89209557,0.4735074
4204,1.3654493,0.89201486,0.47343427
4205,1.3652958,0.891935,0.47336072
4206,1.3651412,0.8918546,0.47328657
4207,1.3649869,0.89177436,0.47321254
4208,1.3648338,0.8916942,0.47313958
4209,1.3646805,0.89161396,0.47306642
4210,1.3645258,0.89153385,0.47299203
4211,1.3643723,0.89145386,0.47291836
4212,1.3642194,0.8913735,0.47284585
4213,1.3640659,0.89129364,0.47277227
4214,1.3639119,0.8912136,0.4726982
4215,1.3637588,0.8911334,0.4726254
4216,1.363606,0.8910535,0.47255245
4217,1.3634526,0.89097345,0.47247896
4218,1.3632996,0.89089364,0.4724059
4219,1.3631461,0.8908135,0.47233254
4220,1.3629931,0.8907339,0.47225899
4221,1.3628399,0.8906539,0.47218594
4222,1.3626876,0.8905743,0.47211337
4223,1.3625343,0.8904942,0.47204
4224,1.362382,0.8904146,0.47196728
4225,1.3622288,0.89033496,0.4718938
4226,1.3620759,0.8902556,0.4718205
4227,1.3619235,0.8901757,0.4717478
4228,1.3617718,0.8900963,0.47167563
4229,1.3616182,0.89001644,0.47160172
4230,1.3614662,0.8899369,0.47152957
4231,1.3613131,0.8898573,0.47145596
4232,1.3611617,0.88977766,0.47138414
4233,1.3610095,0.8896982,0.47131124
4234,1.3608572,0.88961875,0.47123852
4235,1.360705,0.88953936,0.47116566
4236,1.3605528,0.8894597,0.47109303
4237,1.3604017,0.88938075,0.4710211
4238,1.3602493,0.8893012,0.4709483
4239,1.3600967,0.88922185,0.47087488
4240,1.359946,0.8891425,0.4708036
4241,1.3597947,0.88906336,0.4707314
4242,1.3596423,0.888984,0.47065836
4243,1.3594915,0.88890487,0.4705867
4244,1.3593396,0.8888256,0.470514
4245,1.3591883,0.88874644,0.47044197
4246,1.3590361,0.8886672,0.47036877
4247,1.3588848,0.88858813,0.47029668
4248,1.3587337,0.8885093,0.47022447
4249,1.358583,0.88843,0.470153
4250,1.3584309,0.88835114,0.47007966
4251,1.3582804,0.888272,0.47000843
4252,1.3581295,0.88819325,0.46993628
4253,1.357978,0.88811415,0.4698638
4254,1.3578265,0.8880352,0.46979135
4255,1.3576765,0.8879563,0.46972007
4256,1.3575261,0.88787746,0.46964854
4257,1.3573747,0.8877986,0.46957618
4258,1.3572242,0.8877198,0.46950454
4259,1.3570732,0.8876411,0.46943218
4260,1.3569236,0.8875624,0.46936122
4261,1.3567717,0.8874837,0.46928802
4262,1.3566217,0.88740504,0.46921676
4263,1.3564723,0.8873264,0.46914577
4264,1.3563222,0.88724774,0.46907455
4265,1.3561714,0.887169,0.4690023
4266,1.3560214,0.8870905,0.46893096
4267,1.3558707,0.8870117,0.46885902
4268,1.3557212,0.8869333,0.468788
4269,1.3555704,0.88685495,0.4687155
4270,1.3554212,0.8867766,0.46864462
4271,1.3552717,0.88669807,0.46857372
4272,1.3551211,0.88661957,0.4685015
4273,1.3549713,0.8865412,0.4684301
4274,1.3548219,0.88646287,0.46835908
4275,1.3546718,0.8863845,0.4682874
4276,1.3545223,0.8863063,0.4682161
4277,1.3543735,0.88622797,0.46814546
4278,1.3542241,0.8861497,0.4680744
4279,1.354075,0.8860717,0.46800333
4280,1.353925,0.8859933,0.46793175
4281,1.353776,0.88591516,0.4678608
4282,1.3536265,0.8858372,0.4677894
4283,1.3534787,0.8857589,0.46771988
4284,1.3533285,0.8856808,0.46764785
4285,1.3531796,0.88560283,0.4675768
4286,1.3530313,0.88552475,0.4675064
4287,1.3528819,0.8854469,0.46743488
4288,1.3527325,0.8853687,0.4673637
4289,1.3525841,0.8852909,0.46729332
4290,1.3524349,0.885213,0.46722183
4291,1.352288,0.88513505,0.46715298
4292,1.3521376,0.8850573,0.4670803
4293,1.3519897,0.8849794,0.46701035
4294,1.3518412,0.8849015,0.46693963
4295,1.3516928,0.8848238,0.46686906
4296,1.3515446,0.8847457,0.46679884
4297,1.351397,0.88466835,0.46672878
4298,1.3512487,0.8845906,0.46665817
4299,1.3510997,0.8845127,0.46658692
4300,1.3509523,0.8844355,0.4665169
4301,1.3508036,0.8843576,0.46644607
4302,1.3506556,0.8842802,0.46637544
4303,1.350508,0.88420236,0.46630558
4304,1.3503605,0.88412505,0.4662353
4305,1.3502121,0.8840474,0.46616477
4306,1.3500646,0.8839701,0.46609464
4307,1.3499167,0.88389266,0.466024
4308,1.3497695,0.88381517,0.46595436
4309,1.3496218,0.88373774,0.46588403
4310,1.3494743,0.8836605,0.4658138
4311,1.3493264,0.88358307,0.46574336
4312,1.3491795,0.883506,0.4656734
4313,1.3490326,0.8834287,0.465604
4314,1.3488849,0.8833512,0.46553373
4315,1.3487382,0.8832738,0.4654644
4316,1.3485911,0.88319683,0.46539432
4317,1.3484432,0.8831196,0.46532345
4318,1.3482964,0.8830425,0.46525377
4319,1.3481488,0.8829652,0.46518365
4320,1.3480031,0.8828883,0.4651149
4321,1.3478558,0.88281125,0.46504465
4322,1.3477092,0.8827343,0.46497494
4323,1.347562,0.88265723,0.4649047
4324,1.3474153,0.8825801,0.4648351
4325,1.3472686,0.88250315,0.4647655
4326,1.3471226,0.8824264,0.46469623
4327,1.3469757,0.88234967,0.46462607
4328,1.3468289,0.8822726,0.4645563
4329,1.3466837,0.88219583,0.4644877
4330,1.346536,0.882119,0.46441707
4331,1.3463902,0.8820421,0.46434808
4332,1.3462441,0.8819653,0.464279
4333,1.3460981,0.88188875,0.46420926
4334,1.3459525,0.881812,0.46414047
4335,1.345805,0.8817352,0.46406975
4336,1.34566,0.88165855,0.46400142
4337,1.3455145,0.8815821,0.4639325
4338,1.3453677,0.8815055,0.46386218
4339,1.3452228,0.8814287,0.46379414
4340,1.3450768,0.8813521,0.46372476
4341,1.3449311,0.88127553,0.46365553
4342,1.3447858,0.88119924,0.4635865
4343,1.3446401,0.8811226,0.46351758
4344,1.3444945,0.8810464,0.46344805
4345,1.344349,0.88096964,0.46337923
4346,1.3442034,0.88089335,0.46331006
4347,1.3440578,0.8808171,0.46324068
4348,1.3439126,0.88074046,0.46317214
4349,1.3437674,0.88066435,0.46310306
4350,1.3436216,0.8805879,0.46303383
4351,1.3434771,0.88051164,0.46296543
4352,1.3433316,0.88043547,0.46289626
4353,1.3431869,0.8803593,0.46282768
4354,1.343042,0.88028306,0.46275902
4355,1.3428969,0.88020694,0.46269003
4356,1.3427528,0.88013077,0.46262217
4357,1.3426086,0.8800548,0.46255374
4358,1.3424639,0.87997884,0.46248502
4359,1.3423182,0.87990266,0.46241552
4360,1.3421744,0.87982655,0.4623479
4361,1.3420297,0.87975055,0.46227902
4362,1.3418864,0.8796746,0.46221185
4363,1.3417404,0.87959874,0.46214166
4364,1.3415964,0.8795226,0.46207374
4365,1.3414519,0.879447,0.462005
4366,1.3413086,0.87937105,0.46193752
4367,1.341163,0.8792952,0.46186796
4368,1.3410192,0.87921923,0.46179977
4369,1.3408751,0.87914354,0.46173152
4370,1.3407307,0.8790676,0.46166307
4371,1.3405874,0.87899196,0.46159524
4372,1.3404437,0.87891626,0.4615275
4373,1.3403,0.8788406,0.4614594
4374,1.340156,0.8787649,0.46139106
4375,1.3400128,0.8786896,0.46132317
4376,1.3398685,0.87861365,0.4612547
4377,1.3397245,0.87853825,0.46118632
4378,1.3395807,0.8784625,0.46111807
4379,1.3394374,0.878387,0.46105045
4380,1.3392942,0.87831163,0.4609827
4381,1.3391511,0.8782361,0.460915
4382,1.3390082,0.87816066,0.46084768
4383,1.3388638,0.87808514,0.46077877
4384,1.3387208,0.8780098,0.4607111
4385,1.3385783,0.87793446,0.46064386
4386,1.3384343,0.8778591,0.46057528
4387,1.3382909,0.8777836,0.4605073
4388,1.3381487,0.8777083,0.46044025
4389,1.3380059,0.8776332,0.46037287
4390,1.3378623,0.87755775,0.46030444
4391,1.3377205,0.8774827,0.46023768
4392,1.3375762,0.87740743,0.4601687
4393,1.3374343,0.8773323,0.46010193
4394,1.3372915,0.87725717,0.46003446
4395,1.3371488,0.8771819,0.4599668
4396,1.3370063,0.87710696,0.45989925
4397,1.3368642,0.877032,0.45983225
4398,1.336721,0.8769568,0.45976406
4399,1.3365787,0.8768818,0.459697
4400,1.3364365,0.87680703,0.45962963
4401,1.3362942,0.87673175,0.45956236
4402,1.3361529,0.8766569,0.45949602
4403,1.3360095,0.87658197,0.4594276
4404,1.3358676,0.8765071,0.4593605
4405,1.3357267,0.87643224,0.45929456
4406,1.3355836,0.8763574,0.4592262
4407,1.3354411,0.8762827,0.4591585
4408,1.3352993,0.8762077,0.45909142
4409,1.335157,0.8761331,0.4590239
4410,1.3350165,0.8760583,0.45895824
4411,1.3348743,0.87598383,0.45889053
4412,1.3347323,0.875909,0.45882335
4413,1.3345912,0.87583435,0.45875677
4414,1.3344495,0.8757596,0.4586901
4415,1.3343083,0.8756852,0.45862308
4416,1.3341675,0.87561065,0.45855674
4417,1.3340254,0.87553596,0.45848942
4418,1.3338845,0.8754616,0.4584229
4419,1.3337429,0.875387,0.45835572
4420,1.3336008,0.87531245,0.45828834
4421,1.3334606,0.8752381,0.45822233
4422,1.333319,0.87516373,0.45815533
4423,1.3331783,0.87508905,0.4580892
4424,1.333037,0.87501496,0.45802203
4425,1.332896,0.8749405,0.45795554
4426,1.3327558,0.87486637,0.45788938
4427,1.3326144,0.8747919,0.4578227
4428,1.3324738,0.87471753,0.4577561
4429,1.3323324,0.87464345,0.45768887
4430,1.3321931,0.8745693,0.45762378
4431,1.3320519,0.8744952,0.45755664
4432,1.3319113,0.8744208,0.4574906
4433,1.3317708,0.8743466,0.45742416
4434,1.3316299,0.87427247,0.45735732
4435,1.3314904,0.87419844,0.45729208
4436,1.3313491,0.87412435,0.45722476
4437,1.3312097,0.8740505,0.45715904
4438,1.3310685,0.8739764,0.4570921
4439,1.3309289,0.8739023,0.45702642
4440,1.3307887,0.87382853,0.4569603
4441,1.3306482,0.8737545,0.45689362
4442,1.3305082,0.8736807,0.4568277
4443,1.3303683,0.8736068,0.45676154
4444,1.3302286,0.8735329,0.45669574
4445,1.3300889,0.87345916,0.45662966
4446,1.3299487,0.8733853,0.4565633
4447,1.3298091,0.8733114,0.45649773
4448,1.3296692,0.8732376,0.45643157
4449,1.3295294,0.87316406,0.45636526
4450,1.3293904,0.87309057,0.45629996
4451,1.3292501,0.87301666,0.45623356
4452,1.329111,0.87294304,0.45616788
4453,1.3289721,0.8728694,0.45610267
4454,1.3288319,0.8727959,0.456036
4455,1.3286923,0.872722,0.45597038
4456,1.3285536,0.87264884,0.45590463
4457,1.3284136,0.87257516,0.45583835
4458,1.3282756,0.87250173,0.45577383
4459,1.328136,0.8724281,0.45570785
4460,1.3279965,0.8723545,0.45564204
4461,1.3278581,0.8722814,0.4555768
4462,1.327719,0.87220764,0.4555114
4463,1.3275802,0.87213457,0.45544562
4464,1.3274412,0.8720614,0.45537996
4465,1.327302,0.8719878,0.45531407
4466,1.3271637,0.8719145,0.45524922
4467,1.3270247,0.8718413,0.45518333
4468,1.3268855,0.8717681,0.45511752
4469,1.3267486,0.8716949,0.45505372
4470,1.3266087,0.8716215,0.45498714
4471,1.3264706,0.8715485,0.45492214
4472,1.3263326,0.8714752,0.4548572
4473,1.3261931,0.8714021,0.45479107
4474,1.3260549,0.871329,0.45472598
4475,1.3259175,0.871256,0.45466146
4476,1.325779,0.8711828,0.45459613
4477,1.3256408,0.87110984,0.45453086
4478,1.3255028,0.8710369,0.45446587
4479,1.3253644,0.87096393,0.45440024
4480,1.3252267,0.870891,0.4543357
4481,1.3250887,0.870818,0.45427066
4482,1.324951,0.8707453,0.4542058
4483,1.3248131,0.8706724,0.45414075
4484,1.3246746,0.87059945,0.45407525
4485,1.3245368,0.8705266,0.4540103
4486,1.3243996,0.87045395,0.45394573
4487,1.3242623,0.870381,0.45388126
4488,1.3241237,0.8703083,0.4538154
4489,1.3239872,0.87023574,0.45375165
4490,1.3238491,0.8701628,0.45368618
4491,1.3237116,0.8700903,0.45362124
4492,1.3235748,0.8700177,0.45355693
4493,1.3234366,0.86994517,0.45349175
4494,1.3233006,0.86987245,0.45342818
4495,1.3231628,0.8697999,0.45336288
4496,1.3230258,0.8697273,0.45329848
4497,1.3228887,0.8696548,0.45323396
4498,1.3227518,0.8695822,0.45316952
4499,1.3226148,0.86951,0.45310488
4500,1.322477,0.8694372,0.4530396
4501,1.3223408,0.86936486,0.452976
4502,1.3222036,0.86929256,0.452911
4503,1.3220671,0.86922014,0.4528471
4504,1.3219305,0.8691479,0.45278254
4505,1.3217938,0.8690755,0.4527182
4506,1.3216571,0.86900294,0.45265397
4507,1.3215206,0.86893094,0.4525895
4508,1.3213831,0.86885864,0.45252457
4509,1.3212471,0.86878645,0.45246077
4510,1.3211107,0.86871433,0.45239645
4511,1.3209746,0.86864233,0.4523322
4512,1.3208386,0.86856997,0.4522686
4513,1.3207027,0.86849797,0.4522048
4514,1.3205657,0.86842555,0.4521401
4515,1.3204291,0.8683535,0.45207566
4516,1.3202922,0.86828166,0.45201054
4517,1.3201563,0.86820954,0.4519469
4518,1.32002,0.86813736,0.45188266
4519,1.3198849,0.86806554,0.45181942
4520,1.3197491,0.86799353,0.45175546
4521,1.3196132,0.86792153,0.45169157
4522,1.3194777,0.86784965,0.4516279
4523,1.3193413,0.86777765,0.45156378
4524,1.3192061,0.8677061,0.45150003
4525,1.3190696,0.8676341,0.45143563
4526,1.3189348,0.8675623,0.45137253
4527,1.3187994,0.8674906,0.45130873
4528,1.3186638,0.86741877,0.45124516
4529,1.3185276,0.86734694,0.45118076
4530,1.3183925,0.86727536,0.45111695
4531,1.3182572,0.8672034,0.45105368
4532,1.3181216,0.8671318,0.45098957
4533,1.3179868,0.86706007,0.45092672
4534,1.3178513,0.86698866,0.4508627
4535,1.3177165,0.86691713,0.4507993
4536,1.3175818,0.8668455,0.4507362
4537,1.3174456,0.8667739,0.45067167
4538,1.3173105,0.8667024,0.45060796
4539,1.3171757,0.8666309,0.45054483
4540,1.3170413,0.8665593,0.45048195
4541,1.3169067,0.866488,0.45041856
4542,1.3167715,0.86641675,0.45035473
4543,1.3166369,0.8663453,0.45029163
4544,1.3165019,0.8662736,0.4502283
4545,1.3163669,0.8662025,0.45016462
4546,1.3162333,0.866131,0.45010203
4547,1.3160985,0.86605996,0.45003852
4548,1.3159635,0.86598843,0.44997492
4549,1.3158289,0.8659174,0.4499115
4550,1.3156946,0.86584604,0.44984856
4551,1.3155607,0.8657749,0.4497858
4552,1.3154259,0.8657037,0.44972214
4553,1.315291,0.86563253,0.44965857
4554,1.3151579,0.86556137,0.4495965
4555,1.3150232,0.86548996,0.449533
4556,1.3148892,0.86541927,0.44946975
4557,1.3147547,0.86534804,0.44940668
4558,1.3146213,0.865277,0.4493443
4559,1.3144871,0.86520594,0.44928113
4560,1.3143536,0.8651351,0.4492185
4561,1.3142191,0.86506414,0.4491549
4562,1.3140852,0.8649931,0.44909206
4563,1.3139517,0.86492234,0.44902927
4564,1.3138177,0.8648512,0.44896644
4565,1.3136837,0.8647804,0.44890338
4566,1.3135506,0.86470956,0.44884104
4567,1.3134167,0.8646386,0.44877815
4568,1.3132843,0.8645681,0.44871634
4569,1.3131496,0.8644972,0.44865236
4570,1.3130165,0.8644263,0.44859022
4571,1.3128831,0.8643557,0.4485275
4572,1.3127499,0.8642849,0.44846496
4573,1.3126168,0.86421424,0.4484024
4574,1.3124834,0.8641437,0.44833976
4575,1.312351,0.8640731,0.44827786
4576,1.312218,0.8640025,0.44821543
4577,1.3120848,0.863932,0.44815278
4578,1.3119513,0.86386126,0.44809
4579,1.3118184,0.86379087,0.4480273
4580,1.3116854,0.86372054,0.4479649
4581,1.3115522,0.8636497,0.44790238
4582,1.3114194,0.86357945,0.44783992
4583,1.3112869,0.8635089,0.44777805
4584,1.3111547,0.8634385,0.44771624
4585,1.3110211,0.86336815,0.4476529
4586,1.310888,0.86329764,0.4475905
4587,1.3107561,0.86322737,0.44752884
4588,1.3106233,0.86315715,0.44746622
4589,1.3104911,0.8630867,0.44740433
4590,1.3103585,0.8630164,0.447342
4591,1.3102261,0.8629462,0.44727984
4592,1.3100935,0.86287606,0.44721738
4593,1.3099619,0.86280584,0.44715595
4594,1.3098295,0.86273587,0.44709358
4595,1.3096969,0.86266553,0.4470315
4596,1.3095644,0.8625954,0.44696903
4597,1.3094327,0.86252517,0.4469076
4598,1.309301,0.86245525,0.44684586
4599,1.3091692,0.86238515,0.44678396
4600,1.3090364,0.8623148,0.44672146
4601,1.308905,0.86224496,0.44666004
4602,1.3087735,0.86217535,0.4465982
4603,1.3086417,0.8621051,0.4465364
4604,1.3085105,0.86203516,0.44647527
4605,1.3083782,0.8619653,0.44641304
4606,1.3082467,0.8618952,0.44635162
4607,1.3081143,0.8618253,0.446289
4608,1.3079839,0.86175567,0.4462282
4609,1.3078512,0.86168575,0.44616556
4610,1.3077198,0.86161596,0.44610396
4611,1.3075883,0.86154604,0.44604215
4612,1.3074576,0.8614764,0.44598112
4613,1.3073258,0.8614068,0.44591898
4614,1.3071945,0.8613369,0.4458576
4615,1.3070635,0.8612671,0.44579655
4616,1.306932,0.8611976,0.44573432
4617,1.3068007,0.86112785,0.44567293
4618,1.3066704,0.8610584,0.445612
4619,1.3065388,0.86098874,0.44555014
4620,1.3064083,0.8609191,0.44548902
4621,1.3062769,0.86084974,0.4454271
4622,1.3061464,0.8607801,0.44536623
4623,1.3060164,0.86071074,0.44530576
4624,1.305884,0.8606412,0.4452428
4625,1.3057535,0.86057186,0.44518155
4626,1.3056229,0.86050224,0.4451208
4627,1.3054922,0.860433,0.4450592
4628,1.305362,0.8603636,0.44499835
4629,1.3052315,0.86029404,0.4449374
4630,1.3051012,0.8602247,0.44487625
4631,1.304971,0.86015546,0.4448154
4632,1.3048396,0.86008626,0.44475356
4633,1.3047092,0.86001694,0.4446922
4634,1.3045791,0.85994756,0.4446315
4635,1.3044479,0.85987866,0.4445693
4636,1.3043187,0.8598094,0.44450933
4637,1.3041883,0.85973996,0.44444832
4638,1.3040581,0.8596708,0.4443872
4639,1.3039281,0.8596017,0.4443264
4640,1.3037987,0.8595327,0.44426602
4641,1.303668,0.8594636,0.44420448
4642,1.3035384,0.85939467,0.44414395
4643,1.3034089,0.8593254,0.44408354
4644,1.3032786,0.8592564,0.4440221
4645,1.3031493,0.8591874,0.44396177
4646,1.3030192,0.85911834,0.44390067
4647,1.3028896,0.8590497,0.44383985
4648,1.3027599,0.85898066,0.44377932
4649,1.3026297,0.8589118,0.44371787
4650,1.3025004,0.85884285,0.44365746
4651,1.3023704,0.858774,0.44359645
4652,1.3022413,0.8587049,0.44353637
4653,1.3021115,0.8586364,0.443475
4654,1.3019826,0.85856754,0.44341516
4655,1.3018532,0.85849875,0.4433543
4656,1.3017236,0.8584301,0.44329348
4657,1.3015941,0.85836124,0.44323292
4658,1.3014653,0.8582927,0.4431726
4659,1.301336,0.85822403,0.4431119
4660,1.301207,0.8581554,0.44305173
4661,1.3010782,0.85808676,0.44299135
4662,1.3009485,0.8580182,0.44293028
4663,1.3008202,0.8579494,0.4428708
4664,1.3006904,0.85788107,0.44280928
4665,1.300562,0.8578125,0.44274956
4666,1.3004332,0.8577442,0.4426891
4667,1.3003047,0.85767573,0.44262895
4668,1.3001753,0.8576072,0.4425679
4669,1.3000472,0.8575388,0.4425084
4670,1.2999191,0.8574702,0.4424489
4671,1.2997897,0.85740185,0.4423879
4672,1.2996608,0.85733336,0.44232726
4673,1.2995325,0.8572653,0.44226736
4674,1.2994041,0.8571968,0.44220725
4675,1.299276,0.8571286,0.4421473
4676,1.2991475,0.85706025,0.44208735
4677,1.2990195,0.85699195,0.44202748
4678,1.2988913,0.85692376,0.44196764
4679,1.2987627,0.8568556,0.44190708
4680,1.2986343,0.85678756,0.44184676
4681,1.2985064,0.8567192,0.44178724
4682,1.298378,0.8566511,0.44172692
4683,1.2982502,0.8565828,0.44166717
4684,1.2981222,0.85651493,0.4416074
4685,1.2979941,0.85644704,0.44154716
4686,1.297866,0.85637873,0.4414873
4687,1.2977388,0.85631067,0.44142812
4688,1.2976105,0.8562428,0.44136778
4689,1.2974821,0.85617477,0.4413075
4690,1.2973545,0.8561069,0.44124755
4691,1.2972277,0.85603887,0.4411889
4692,1.2970994,0.855971,0.44112843
4693,1.2969724,0.855903,0.44106945
4694,1.2968457,0.85583526,0.44101033
4695,1.2967176,0.85576737,0.44095033
4696,1.2965895,0.85569936,0.4408899
4697,1.2964623,0.85563165,0.44083065
4698,1.2963355,0.85556394,0.44077164
4699,1.2962079,0.8554962,0.44071168
4700,1.2960805,0.85542834,0.44065213
4701,1.295953,0.8553604,0.44059247
4702,1.2958256,0.8552928,0.44053283
4703,1.2956978,0.8552251,0.4404727
4704,1.2955716,0.8551577,0.44041395
4705,1.295444,0.85509,0.44035402
4706,1.2953176,0.8550223,0.4402954
4707,1.295191,0.8549546,0.44023618
4708,1.2950641,0.854887,0.4401769
4709,1.294937,0.85481966,0.44011745
4710,1.2948105,0.85475194,0.44005847
4711,1.294683,0.85468465,0.43999854
4712,1.2945566,0.854617,0.43993956
4713,1.2944294,0.8545496,0.4398798
4714,1.2943033,0.85448205,0.4398213
4715,1.2941763,0.85441464,0.43976164
4716,1.2940497,0.85434735,0.43970245
4717,1.293924,0.8542798,0.439644
4718,1.2937968,0.85421246,0.43958434
4719,1.2936696,0.8541452,0.4395244
4720,1.2935436,0.85407794,0.43946558
4721,1.2934183,0.85401076,0.4394076
4722,1.2932919,0.85394335,0.43934864
4723,1.2931645,0.853876,0.43928844
4724,1.293039,0.85380876,0.43923026
4725,1.2929126,0.85374147,0.439171
4726,1.2927862,0.85367453,0.4391117
4727,1.2926598,0.85360736,0.43905252
4728,1.2925333,0.85353994,0.4389933
4729,1.2924079,0.8534728,0.43893498
4730,1.2922828,0.8534058,0.43887696
4731,1.2921562,0.8533387,0.4388175
4732,1.2920306,0.8532718,0.4387587
4733,1.291905,0.8532047,0.43870026
4734,1.2917792,0.85313785,0.43864125
4735,1.2916539,0.85307086,0.43858305
4736,1.2915281,0.8530037,0.43852448
4737,1.2914021,0.85293686,0.43846527
4738,1.2912767,0.8528701,0.43840656
4739,1.2911513,0.85280305,0.43834823
4740,1.291026,0.852736,0.43829006
4741,1.2909006,0.85266954,0.43823117
4742,1.2907745,0.85260236,0.4381721
4743,1.2906495,0.8525356,0.43811387
4744,1.2905242,0.85246885,0.43805537
4745,1.2903996,0.8524021,0.4379975
4746,1.2902737,0.8523351,0.4379386
4747,1.2901489,0.8522685,0.43788028
4748,1.2900229,0.85220176,0.4378212
4749,1.2898977,0.85213506,0.43776268
4750,1.2897736,0.8520686,0.43770486
4751,1.2896476,0.85200197,0.43764567
4752,1.2895229,0.85193527,0.4375876
4753,1.2893975,0.85186875,0.4375286
4754,1.289273,0.85180223,0.43747085
4755,1.2891488,0.8517356,0.43741322
4756,1.2890228,0.85166895,0.437354
4757,1.2888982,0.8516024,0.43729582
4758,1.2887743,0.8515361,0.43723822
4759,1.2886494,0.85146964,0.43717995
4760,1.2885246,0.85140306,0.43712157
4761,1.2883999,0.8513366,0.4370634
4762,1.2882763,0.8512703,0.43700606
4763,1.2881511,0.8512039,0.4369472
4764,1.2880268,0.8511375,0.4368894
4765,1.2879026,0.85107136,0.43683124
4766,1.2877778,0.8510048,0.4367729
4767,1.2876542,0.8509386,0.43671566
4768,1.2875295,0.8508722,0.43665713
4769,1.2874054,0.85080594,0.43659943
4770,1.2872819,0.8507398,0.43654203
4771,1.2871567,0.8506735,0.4364831
4772,1.2870325,0.8506073,0.43642503
4773,1.2869078,0.8505413,0.4363664
4774,1.2867846,0.85047513,0.43630952
4775,1.2866608,0.85040903,0.4362517
4776,1.2865374,0.85034287,0.43619448
4777,1.2864118,0.85027677,0.43613505
4778,1.2862885,0.8502108,0.4360776
4779,1.2861654,0.85014486,0.43602046
4780,1.2860408,0.8500787,0.4359621
4781,1.285918,0.8500129,0.43590513
4782,1.285794,0.8499466,0.43584728
4783,1.2856702,0.8498809,0.4357892
4784,1.2855476,0.8498149,0.4357325
4785,1.2854227,0.8497491,0.43567365
4786,1.2852994,0.8496829,0.4356164
4787,1.285176,0.8496173,0.43555886
4788,1.285053,0.84955156,0.43550134
4789,1.2849286,0.8494855,0.43544307
4790,1.284806,0.84941995,0.4353861
4791,1.2846828,0.8493541,0.43532866
4792,1.2845592,0.8492883,0.43527097
4793,1.2844365,0.84922254,0.4352139
4794,1.2843127,0.8491567,0.43515605
4795,1.2841905,0.84909105,0.43509954
4796,1.2840661,0.8490254,0.4350407
4797,1.2839441,0.8489598,0.4349842
4798,1.2838213,0.848894,0.4349273
4799,1.2836974,0.8488283,0.4348692
4800,1.283575,0.84876287,0.43481213
4801,1.2834518,0.84869707,0.43475467
4802,1.2833294,0.8486317,0.43469772
4803,1.2832065,0.84856635,0.43464023
4804,1.2830832,0.84850043,0.43458286
4805,1.2829602,0.8484349,0.4345252
4806,1.2828376,0.8483694,0.43446812
4807,1.282715,0.848304,0.43441096
4808,1.282593,0.8482388,0.43435413
4809,1.2824702,0.84817344,0.4342968
4810,1.2823473,0.84810793,0.4342394
4811,1.282225,0.8480423,0.43418264
4812,1.2821022,0.84797704,0.43412504
4813,1.2819808,0.84791195,0.43406883
4814,1.2818578,0.8478465,0.4340113
4815,1.2817353,0.8477812,0.43395406
4816,1.2816136,0.84771615,0.4338975
4817,1.2814915,0.8476507,0.43384084
4818,1.2813692,0.8475854,0.4337837
4819,1.2812464,0.84752023,0.4337263
4820,1.2811246,0.847455,0.43366966
4821,1.281003,0.8473899,0.4336129
4822,1.2808812,0.84732467,0.43355647
4823,1.2807587,0.8472594,0.43349916
4824,1.2806368,0.8471945,0.4334423
4825,1.2805151,0.8471292,0.43338594
4826,1.2803932,0.8470642,0.43332896
4827,1.280271,0.84699917,0.43327183
4828,1.2801496,0.84693414,0.43321544
4829,1.2800281,0.8468692,0.43315893
4830,1.2799056,0.846804,0.43310156
4831,1.2797847,0.8467392,0.4330457
4832,1.2796624,0.84667414,0.43298826
4833,1.2795407,0.8466094,0.43293124
4834,1.2794199,0.84654456,0.4328754
4835,1.2792975,0.84647954,0.43281788
4836,1.2791759,0.8464144,0.43276143
4837,1.2790551,0.8463496,0.4327055
4838,1.278934,0.84628487,0.43264908
4839,1.2788118,0.8462199,0.43259192
4840,1.278691,0.84615535,0.4325359
4841,1.2785703,0.8460903,0.43248
4842,1.2784493,0.84602565,0.43242383
4843,1.2783275,0.84596074,0.43236685
4844,1.2782066,0.84589607,0.43231058
4845,1.2780854,0.8458314,0.4322539
4846,1.2779644,0.84576684,0.43219748
4847,1.2778429,0.84570205,0.4321409
4848,1.2777218,0.84563744,0.43208447
4849,1.2776016,0.84557307,0.4320286
4850,1.2774807,0.8455083,0.43197232
4851,1.2773597,0.8454437,0.4319161
4852,1.277239,0.84537905,0.4318598
4853,1.2771175,0.8453143,0.43180323
4854,1.2769973,0.84524995,0.43174744
4855,1.2768761,0.84518546,0.43169063
4856,1.2767556,0.845121,0.43163458
4857,1.2766353,0.8450564,0.43157893
4858,1.2765149,0.84499204,0.43152285
4859,1.2763941,0.84492767,0.43146664
4860,1.276274,0.8448631,0.4314107
4861,1.2761528,0.8447989,0.43135387
4862,1.2760336,0.8447344,0.43129915
4863,1.275912,0.8446701,0.4312419
4864,1.2757924,0.84460604,0.43118626
4865,1.2756722,0.8445417,0.4311305
4866,1.275552,0.84447736,0.4310747
4867,1.2754314,0.844413,0.4310184
4868,1.2753112,0.8443488,0.43096226
4869,1.2751913,0.84428453,0.43090668
4870,1.2750714,0.8442205,0.43085092
4871,1.2749507,0.84415615,0.43079463
4872,1.2748312,0.844092,0.4307391
4873,1.2747115,0.8440281,0.43068343
4874,1.274591,0.84396374,0.4306273
4875,1.274472,0.84389985,0.4305722
4876,1.2743512,0.84383535,0.43051583
4877,1.2742314,0.84377134,0.43046007
4878,1.2741123,0.84370726,0.430405
4879,1.2739923,0.84364337,0.4303488
4880,1.2738719,0.8435793,0.43029255
4881,1.2737523,0.8435154,0.43023682
4882,1.2736332,0.8434514,0.43018174
4883,1.2735139,0.8433875,0.43012643
4884,1.2733941,0.84332335,0.4300707
4885,1.2732747,0.8432595,0.4300151
4886,1.2731558,0.84319556,0.42996034
4887,1.2730358,0.84313166,0.42990398
4888,1.2729164,0.84306794,0.4298485
4889,1.2727976,0.84300405,0.4297935
4890,1.272678,0.84294033,0.42973766
4891,1.2725585,0.8428763,0.4296822
4892,1.2724392,0.84281266,0.42962652
4893,1.2723199,0.8427488,0.42957106
4894,1.2722015,0.8426851,0.42951623
4895,1.2720816,0.84262145,0.42946014
4896,1.2719619,0.8425576,0.4294045
4897,1.2718439,0.842494,0.42934996
4898,1.2717245,0.8424301,0.4292944
4899,1.2716057,0.8423666,0.4292391
4900,1.271487,0.842303,0.42918405
4901,1.2713679,0.8422395,0.42912847
4902,1.2712495,0.84217584,0.42907363
4903,1.2711304,0.84211224,0.42901826
4904,1.2710112,0.8420485,0.4289627
4905,1.270893,0.8419852,0.42890787
4906,1.2707756,0.8419216,0.42885384
4907,1.2706549,0.841858,0.4287967
4908,1.2705375,0.84179467,0.42874274
4909,1.2704183,0.84173125,0.428687
4910,1.2702994,0.84166753,0.42863196
4911,1.2701817,0.84160435,0.42857718
4912,1.2700627,0.84154093,0.42852187
4913,1.2699449,0.8414777,0.42846727
4914,1.269827,0.84141415,0.4284129
4915,1.2697083,0.84135073,0.42835766
4916,1.26959,0.8412875,0.4283026
4917,1.2694718,0.8412242,0.4282475
4918,1.2693524,0.8411609,0.42819157
4919,1.2692349,0.84109753,0.42813736
4920,1.269117,0.84103453,0.42808256
4921,1.2689984,0.8409711,0.42802724
4922,1.2688802,0.8409076,0.42797285
4923,1.2687626,0.84084445,0.4279183
4924,1.2686447,0.8407815,0.4278632
4925,1.2685261,0.8407181,0.42780805
4926,1.2684082,0.8406552,0.42775306
4927,1.2682905,0.840592,0.42769852
4928,1.2681727,0.8405286,0.42764425
4929,1.2680551,0.8404657,0.42758942
4930,1.2679375,0.8404027,0.42753476
4931,1.26782,0.84033954,0.42748055
4932,1.2677028,0.8402764,0.4274264
4933,1.2675841,0.8402135,0.4273706
4934,1.2674673,0.84015065,0.42731658
4935,1.2673496,0.8400876,0.42726198
4936,1.267231,0.8400245,0.42720643
4937,1.2671134,0.83996165,0.42715177
4938,1.2669966,0.83989847,0.4270981
4939,1.2668784,0.83983576,0.42704254
4940,1.266762,0.8397729,0.42698902
4941,1.2666441,0.8397101,0.4269341
4942,1.2665268,0.8396472,0.42687964
4943,1.2664096,0.8395842,0.42682534
4944,1.2662923,0.8395215,0.42677093
4945,1.266175,0.8394586,0.42671657
4946,1.2660577,0.8393958,0.4266619
4947,1.2659408,0.8393329,0.42660785
4948,1.2658246,0.8392703,0.42655426
4949,1.2657068,0.83920753,0.4264993
4950,1.2655898,0.8391448,0.42644495
4951,1.2654731,0.83908224,0.42639104
4952,1.2653563,0.8390195,0.4263369
4953,1.265239,0.83895713,0.42628187
4954,1.2651225,0.8388942,0.42622828
4955,1.2650055,0.83883154,0.42617393
4956,1.2648883,0.83876914,0.42611918
4957,1.2647717,0.8387063,0.4260652
4958,1.2646549,0.8386437,0.42601094
4959,1.2645377,0.83858126,0.4259564
4960,1.2644218,0.83851874,0.42590323
4961,1.2643044,0.838456,0.4258484
4962,1.264188,0.83839357,0.42579427
4963,1.2640717,0.8383311,0.42574063
4964,1.2639554,0.83826876,0.42568645
4965,1.2638383,0.8382063,0.42563194
4966,1.2637218,0.8381438,0.42557797
4967,1.2636064,0.83808124,0.42552525
4968,1.2634895,0.838019,0.4254705
4969,1.2633731,0.8379566,0.42541665
4970,1.2632585,0.83789444,0.4253641
4971,1.2631413,0.8378323,0.42530903
4972,1.2630243,0.8377696,0.42525482
4973,1.2629088,0.83770734,0.42520142
4974,1.2627922,0.83764493,0.42514724
4975,1.262676,0.8375829,0.42509317
4976,1.2625602,0.8375203,0.42504
4977,1.2624445,0.83745825,0.42498636
4978,1.2623276,0.837396,0.42493153
4979,1.2622118,0.83733386,0.42487797
4980,1.2620962,0.8372717,0.42482442
4981,1.2619809,0.8372095,0.42477146
4982,1.2618649,0.83714736,0.42471752
4983,1.261749,0.8370851,0.42466387
4984,1.2616327,0.83702296,0.42460966
4985,1.2615176,0.836961,0.42455664
4986,1.2614019,0.836899,0.4245029
4987,1.2612864,0.83683664,0.42444962
4988,1.2611694,0.83677465,0.42439476
4989,1.2610545,0.83671266,0.42434186
4990,1.2609383,0.83665055,0.42428765
4991,1.2608236,0.83658874,0.42423496
4992,1.2607071,0.8365267,0.42418042
4993,1.2605911,0.8364646,0.42412663
4994,1.2604774,0.8364027,0.42407474
4995,1.260361,0.8363407,0.4240202
4996,1.2602465,0.83627874,0.42396766
4997,1.2601308,0.83621675,0.42391387
4998,1.2600148,0.8361548,0.42385992
4999,1.2599007,0.8360931,0.42380756
