,loss,residual_loss,bound_loss
0,0.34772897,0.34597495,0.0017540281
1,0.576809,0.36494753,0.21186145
2,0.3609003,0.34805605,0.012844275
3,0.41027886,0.3522628,0.05801607
4,0.49207157,0.35729676,0.1347748
5,0.44201583,0.3533738,0.08864204
6,0.36896855,0.34853104,0.020437498
7,0.35427797,0.3485628,0.00571517
8,0.3897905,0.3517397,0.0380508
9,0.41408142,0.35284683,0.061234605
10,0.40088144,0.35067713,0.050204296
11,0.36880803,0.347593,0.021215016
12,0.3495022,0.34648228,0.0030199424
13,0.358024,0.34789667,0.010127323
14,0.37741512,0.34982452,0.027590608
15,0.3841947,0.35022366,0.03397103
16,0.37237132,0.34875888,0.023612428
17,0.35450757,0.34692922,0.007578364
18,0.34840074,0.34623253,0.0021682107
19,0.35542852,0.34687838,0.008550152
20,0.36626428,0.34788746,0.018376842
21,0.36746946,0.34811723,0.019352239
22,0.35901415,0.3474589,0.011555251
23,0.35010406,0.34674343,0.0033606298
24,0.34919345,0.3465104,0.0026830367
25,0.35390165,0.34677163,0.007130002
26,0.35788727,0.34698835,0.010898929
27,0.35651222,0.34688783,0.009624387
28,0.35172403,0.346627,0.0050970092
29,0.34864265,0.3464388,0.0022038515
30,0.34949648,0.34656224,0.0029342468
31,0.35308197,0.3466934,0.0063885734
32,0.35411805,0.3466032,0.007514815
33,0.351686,0.34632692,0.005359097
34,0.3485936,0.34618357,0.002409997
35,0.34826535,0.34622616,0.0020391892
36,0.34999174,0.34644395,0.0035477877
37,0.35150495,0.34647858,0.005026385
38,0.35064414,0.3462901,0.0043540318
39,0.3489953,0.3460722,0.0029231082
40,0.34791425,0.34600824,0.0019059855
41,0.348905,0.34612498,0.0027800072
42,0.35015196,0.34622297,0.0039290036
43,0.34971026,0.34617323,0.0035370407
44,0.34837237,0.34605792,0.0023144323
45,0.34780303,0.34599346,0.0018095603
46,0.34824577,0.3460441,0.0022016899
47,0.348814,0.34605405,0.0027599493
48,0.34874508,0.3460292,0.0027158908
49,0.348158,0.34597555,0.002182444
50,0.34780243,0.34597155,0.0018308635
51,0.34803042,0.34602103,0.0020093862
52,0.34858885,0.3460533,0.0025355513
53,0.34834662,0.34602258,0.00232405
54,0.3480331,0.345974,0.0020590953
55,0.34779283,0.3459571,0.0018357349
56,0.34810737,0.34600034,0.0021070228
57,0.34833297,0.34602892,0.0023040334
58,0.34808737,0.34599206,0.0020953245
59,0.34774932,0.34594384,0.0018054966
60,0.34782794,0.3459609,0.0018670814
61,0.34811974,0.34600422,0.0021155255
62,0.348117,0.34601247,0.0021045252
63,0.34783912,0.34597585,0.0018632446
64,0.3477519,0.34595442,0.0017974616
65,0.34790128,0.3459554,0.0019458847
66,0.34796712,0.34596574,0.0020013605
67,0.3478321,0.3459624,0.0018697161
68,0.3477376,0.34594992,0.0017877085
69,0.3477747,0.34594855,0.0018261556
70,0.3478126,0.34593928,0.0018732889
71,0.3477854,0.34594592,0.0018394943
72,0.3477449,0.34594354,0.0018013784
73,0.34776542,0.3459473,0.0018181093
74,0.34783867,0.34594783,0.0018908244
75,0.34779146,0.34594983,0.0018416547
76,0.34771344,0.34594396,0.001769487
77,0.34774402,0.34594464,0.0017993904
78,0.34779602,0.34594828,0.0018477484
79,0.34775615,0.34595382,0.0018023212
80,0.34770525,0.34594148,0.00176374
81,0.34776983,0.34594798,0.0018218618
82,0.347777,0.34594354,0.001833473
83,0.3476988,0.34593347,0.0017653361
84,0.34770727,0.3459324,0.0017748624
85,0.34772733,0.34593305,0.0017942743
86,0.34770945,0.3459238,0.0017856328
87,0.34768522,0.3459245,0.0017607121
88,0.34771016,0.34592316,0.0017869972
89,0.3477187,0.3459326,0.0017860805
90,0.34768727,0.3459251,0.001762167
91,0.34769183,0.34592742,0.0017644282
92,0.34771115,0.34592777,0.0017833723
93,0.3476934,0.3459203,0.0017730941
94,0.3476849,0.34592468,0.0017602142
95,0.34768835,0.34591982,0.0017685385
96,0.34768823,0.34592137,0.0017668618
97,0.3476748,0.34591722,0.0017575495
98,0.34767985,0.34592187,0.0017579738
99,0.34769326,0.34591734,0.0017759234
100,0.3476824,0.3459206,0.001761814
101,0.3476845,0.3459183,0.0017661862
102,0.34767133,0.34591216,0.0017591547
103,0.3476742,0.34591106,0.0017631408
104,0.34767145,0.34590954,0.0017619245
105,0.34767422,0.3459185,0.0017557105
106,0.34768668,0.34591913,0.0017675639
107,0.34767938,0.34591454,0.0017648349
108,0.34767273,0.34591585,0.0017568879
109,0.34766793,0.3459098,0.0017581225
110,0.3476728,0.34591398,0.0017588306
111,0.34767064,0.34591338,0.0017572595
112,0.34767175,0.3459115,0.00176024
113,0.34766924,0.34590963,0.0017595999
114,0.34766686,0.34590504,0.0017618283
115,0.34767282,0.34591323,0.0017595661
116,0.34766608,0.3459072,0.0017588965
117,0.34766188,0.34590283,0.0017590756
118,0.34768626,0.34590825,0.0017780277
119,0.34765837,0.3458997,0.0017586589
120,0.3476638,0.34590524,0.0017585572
121,0.34766468,0.34590495,0.0017597286
122,0.34766486,0.34590563,0.0017592252
123,0.34766227,0.34590477,0.0017574942
124,0.34768194,0.34590837,0.0017735821
125,0.34766185,0.34590206,0.0017597943
126,0.34765995,0.34589988,0.0017600441
127,0.34764796,0.34588835,0.0017596416
128,0.347649,0.34588888,0.001760141
129,0.3476459,0.34588522,0.0017607048
130,0.3476715,0.34589213,0.0017793842
131,0.34764877,0.3458906,0.0017581664
132,0.34766454,0.34589574,0.0017687755
133,0.34764975,0.34588626,0.00176349
134,0.34766552,0.34588668,0.0017788429
135,0.3476662,0.34588757,0.0017786132
136,0.34765202,0.34588444,0.0017675618
137,0.3476531,0.34589154,0.0017615585
138,0.34765637,0.3458911,0.001765271
139,0.3476497,0.34588066,0.001769054
140,0.34764794,0.34588248,0.0017654642
141,0.34764147,0.34588388,0.0017576099
142,0.34765333,0.34588397,0.0017693548
143,0.34765634,0.3458856,0.0017707467
144,0.34764168,0.3458813,0.0017603475
145,0.3476358,0.34587553,0.0017602943
146,0.34763736,0.3458744,0.0017629538
147,0.34765476,0.34588128,0.0017734632
148,0.34763262,0.3458736,0.0017590255
149,0.347627,0.3458712,0.0017557949
150,0.34762645,0.3458686,0.0017578552
151,0.347635,0.34587198,0.0017630148
152,0.34763017,0.34586853,0.0017616383
153,0.34763753,0.34586158,0.0017759666
154,0.34761894,0.34586403,0.0017549203
155,0.34761566,0.34586015,0.0017555114
156,0.34761235,0.3458544,0.001757941
157,0.34761938,0.34586036,0.0017590271
158,0.34762344,0.34586382,0.0017596412
159,0.3476155,0.34585762,0.0017578934
160,0.34764135,0.3458606,0.0017807459
161,0.34762526,0.34585956,0.0017656907
162,0.3476163,0.34585288,0.0017634223
163,0.34761027,0.3458521,0.0017581645
164,0.3476486,0.34586105,0.0017875436
165,0.34764022,0.3458625,0.0017777097
166,0.34765866,0.3458688,0.0017898649
167,0.3476149,0.3458577,0.001757199
168,0.34761316,0.3458506,0.0017625823
169,0.34760597,0.34584433,0.0017616469
170,0.34765506,0.3458494,0.0018056582
171,0.34761438,0.34585795,0.0017564457
172,0.34763223,0.3458585,0.001773721
173,0.3476378,0.34586474,0.0017730556
174,0.34761986,0.34585023,0.0017696423
175,0.34761775,0.34584862,0.0017691053
176,0.34765586,0.34586194,0.0017939184
177,0.34761465,0.34585354,0.0017611157
178,0.34761986,0.34586278,0.0017570838
179,0.34759954,0.34584343,0.0017561031
180,0.3475923,0.34583533,0.0017569854
181,0.34759158,0.3458371,0.001754499
182,0.3475912,0.34583798,0.0017531831
183,0.34758654,0.34583035,0.0017561779
184,0.3475954,0.34583917,0.0017562447
185,0.3475978,0.34583953,0.0017582767
186,0.34759107,0.34584057,0.0017504871
187,0.34757805,0.34582418,0.0017538614
188,0.3475872,0.34583429,0.0017529087
189,0.34757686,0.34582564,0.0017512131
190,0.34757972,0.34583095,0.0017487515
191,0.3475859,0.34582365,0.00176222
192,0.3475841,0.34582263,0.0017614799
193,0.34756678,0.34581584,0.0017509477
194,0.34756255,0.34581187,0.0017506856
195,0.3475669,0.34581378,0.0017531257
196,0.3475694,0.34581476,0.0017546468
197,0.34756947,0.3458163,0.0017531498
198,0.34757626,0.3458171,0.0017591806
199,0.34756923,0.34581387,0.001755343
200,0.34757102,0.34580672,0.0017643009
201,0.34757406,0.34581426,0.0017597966
202,0.3476053,0.34581888,0.0017864213
203,0.34757343,0.34581667,0.0017567438
204,0.34757403,0.34581643,0.0017575854
205,0.34756196,0.3458071,0.0017548561
206,0.3475596,0.34580564,0.0017539797
207,0.34754857,0.34579533,0.0017532274
208,0.3475616,0.34580573,0.0017558694
209,0.34756568,0.3458079,0.001757777
210,0.347553,0.34579584,0.0017571967
211,0.34754908,0.34579542,0.0017536584
212,0.347546,0.34579247,0.0017535593
213,0.34756136,0.34579784,0.001763522
214,0.34756562,0.34581044,0.0017551861
215,0.3475581,0.34580132,0.001756773
216,0.34755343,0.34579778,0.0017556492
217,0.34754637,0.34578863,0.0017577372
218,0.3475414,0.34578928,0.0017521061
219,0.34753296,0.34578007,0.0017528739
220,0.34753343,0.34577668,0.0017567541
221,0.34754118,0.3457835,0.0017576956
222,0.3475338,0.3457755,0.0017582778
223,0.34753612,0.3457743,0.001761819
224,0.34753042,0.34577313,0.0017573172
225,0.3475265,0.34576967,0.0017568432
226,0.34752652,0.3457691,0.0017574023
227,0.34752724,0.345772,0.0017552354
228,0.3475295,0.34576765,0.0017618596
229,0.34752533,0.3457694,0.001755915
230,0.34752813,0.34577137,0.0017567485
231,0.3475277,0.34576952,0.0017581856
232,0.3475254,0.3457637,0.0017616649
233,0.34751722,0.3457585,0.0017587265
234,0.34754625,0.34575665,0.0017896096
235,0.34752083,0.34574926,0.0017715618
236,0.34752694,0.3457533,0.0017736505
237,0.34751877,0.34576067,0.001758098
238,0.3475567,0.3457583,0.0017984156
239,0.34751478,0.34575564,0.0017591175
240,0.3475345,0.34575522,0.001779266
241,0.34752306,0.34575543,0.0017676248
242,0.3475147,0.34575298,0.0017616882
243,0.34757513,0.34575713,0.0018180223
244,0.34751138,0.345754,0.0017573914
245,0.34752262,0.345741,0.0017816185
246,0.34752148,0.3457486,0.0017728744
247,0.34750697,0.3457453,0.001761695
248,0.34756055,0.34574386,0.001816668
249,0.34749788,0.34573877,0.0017591227
250,0.3475126,0.3457368,0.0017758127
251,0.34751338,0.34573784,0.0017755345
252,0.3474956,0.34573585,0.0017597403
253,0.3475413,0.34573358,0.0018077303
254,0.34749797,0.345738,0.0017599855
255,0.34751138,0.34573525,0.0017761238
256,0.34748572,0.34572625,0.0017594561
257,0.34748566,0.3457271,0.0017585879
258,0.3475259,0.3457307,0.0017952081
259,0.34749,0.3457312,0.001758815
260,0.34751683,0.3457302,0.001786636
261,0.34749046,0.34573072,0.0017597179
262,0.34752366,0.34572893,0.0017947309
263,0.34747788,0.34571993,0.0017579396
264,0.34749603,0.34572092,0.0017751002
265,0.34747386,0.34571692,0.0017569335
266,0.34750265,0.3457139,0.0017887276
267,0.3474763,0.3457167,0.0017595862
268,0.3474907,0.3457101,0.0017806066
269,0.3474693,0.3457102,0.0017591051
270,0.34750658,0.34571317,0.0017934147
271,0.34746277,0.34570467,0.0017581017
272,0.3474942,0.34571347,0.0017807598
273,0.3474682,0.34571022,0.0017579816
274,0.3474945,0.34570682,0.0017876925
275,0.34747532,0.34570196,0.0017733593
276,0.34752467,0.34571597,0.0018087227
277,0.3474947,0.34570426,0.001790454
278,0.34748927,0.34569973,0.0017895425
279,0.3474994,0.34570405,0.0017953512
280,0.34746632,0.34570554,0.0017607765
281,0.34750834,0.3457086,0.0017997365
282,0.34746373,0.34569767,0.0017660391
283,0.34746417,0.34569308,0.0017711029
284,0.34746844,0.3456907,0.0017777246
285,0.34744167,0.34568733,0.0017543625
286,0.34746006,0.3456955,0.0017645715
287,0.34745604,0.34569567,0.0017603667
288,0.34748533,0.34569156,0.0017937673
289,0.3474497,0.3456923,0.0017573923
290,0.3474408,0.3456892,0.0017516117
291,0.34745246,0.34568533,0.0017671387
292,0.34744254,0.34568518,0.0017573386
293,0.34744588,0.34568995,0.0017559162
294,0.3474497,0.34568915,0.0017605523
295,0.34744567,0.3456899,0.0017557669
296,0.3474718,0.3456832,0.0017886283
297,0.34744182,0.34568653,0.0017552862
298,0.34742507,0.34567857,0.0017465164
299,0.3474395,0.34568274,0.0017567712
300,0.34742996,0.34567848,0.0017514875
301,0.34742603,0.34567502,0.0017510246
302,0.3474318,0.34567398,0.0017578484
303,0.3474325,0.34567624,0.0017562384
304,0.34743235,0.34567112,0.0017612267
305,0.3474272,0.345672,0.001755182
306,0.3474273,0.3456683,0.0017590473
307,0.34742096,0.345666,0.0017549474
308,0.34742385,0.34566194,0.0017618879
309,0.34741616,0.3456605,0.0017556576
310,0.3474196,0.34566393,0.0017556527
311,0.34742063,0.345668,0.0017526677
312,0.34740672,0.34565768,0.001749039
313,0.34740698,0.34565508,0.0017519018
314,0.34740666,0.3456627,0.0017439437
315,0.34740707,0.34566322,0.001743857
316,0.34741062,0.3456647,0.0017459089
317,0.34740955,0.34566233,0.0017472238
318,0.34740803,0.34565803,0.0017499964
319,0.34740177,0.34565523,0.001746513
320,0.3474014,0.3456487,0.0017527081
321,0.3474011,0.3456547,0.0017464164
322,0.3473972,0.34564444,0.0017527577
323,0.34739414,0.34564754,0.001746589
324,0.3473846,0.34564504,0.0017395442
325,0.34746048,0.34564164,0.0018188292
326,0.347375,0.3456359,0.0017391362
327,0.34738314,0.34563565,0.0017474858
328,0.3473808,0.34563655,0.0017442399
329,0.34739432,0.34563324,0.0017610627
330,0.3473627,0.3456272,0.001735519
331,0.34737155,0.34563163,0.0017399138
332,0.3473708,0.34563196,0.0017388413
333,0.34738863,0.34563223,0.0017563803
334,0.34737003,0.34563002,0.001740003
335,0.34736636,0.34562686,0.0017395234
336,0.34735948,0.3456232,0.0017362736
337,0.34738672,0.34562454,0.001762207
338,0.34735912,0.34562197,0.001737142
339,0.34736237,0.34561682,0.0017455488
340,0.3473637,0.3456187,0.0017450328
341,0.34735706,0.34561938,0.0017376989
342,0.34734938,0.34561247,0.0017369069
343,0.34736285,0.34560663,0.0017562009
344,0.34735575,0.3456144,0.0017413283
345,0.34734705,0.34560683,0.0017402293
346,0.34735876,0.3456092,0.0017495867
347,0.34734496,0.34560895,0.0017360164
348,0.34733754,0.34560347,0.0017340839
349,0.34733817,0.34560394,0.0017342201
350,0.34733993,0.3456065,0.001733436
351,0.34733373,0.34560052,0.0017332111
352,0.34734905,0.34561005,0.0017389994
353,0.3473362,0.34560347,0.0017327499
354,0.34735677,0.34559637,0.001760394
355,0.34733623,0.3456054,0.0017308317
356,0.34732637,0.3455916,0.0017347645
357,0.3473385,0.3456038,0.001734687
358,0.34733257,0.3455997,0.0017328333
359,0.34733796,0.3455978,0.0017401756
360,0.34732932,0.34559232,0.0017370017
361,0.347325,0.3455916,0.0017333854
362,0.34732747,0.3455933,0.0017341444
363,0.34733376,0.34559855,0.0017352197
364,0.34733498,0.34560037,0.0017346262
365,0.3473124,0.3455849,0.001727486
366,0.34731215,0.34558728,0.0017248892
367,0.3473112,0.34558716,0.0017240383
368,0.3473104,0.34558585,0.0017245645
369,0.34731466,0.34559286,0.0017217894
370,0.34730235,0.34558335,0.0017190257
371,0.34730563,0.34558702,0.001718604
372,0.347295,0.3455742,0.001720773
373,0.34730065,0.34557956,0.0017210834
374,0.3472967,0.34557337,0.0017233314
375,0.3472955,0.34557384,0.0017216292
376,0.34728715,0.3455718,0.0017153561
377,0.34728375,0.34556326,0.0017204933
378,0.34728268,0.34556004,0.0017226475
379,0.34728235,0.34555852,0.0017238086
380,0.34728232,0.34556055,0.0017217885
381,0.3472834,0.3455617,0.001721679
382,0.3472699,0.3455486,0.0017212756
383,0.34727672,0.34555513,0.001721571
384,0.34726745,0.34554967,0.0017177777
385,0.34726164,0.34554335,0.0017182843
386,0.34726468,0.34554848,0.0017161932
387,0.34725732,0.3455414,0.0017159212
388,0.3472606,0.34554416,0.0017164219
389,0.3472582,0.3455395,0.0017187039
390,0.34725475,0.34553534,0.0017194056
391,0.34725907,0.34554237,0.0017167026
392,0.34725267,0.3455365,0.0017161655
393,0.34724638,0.3455303,0.0017160785
394,0.3472476,0.3455337,0.001713916
395,0.3472446,0.3455298,0.0017147849
396,0.3472358,0.3455225,0.0017133122
397,0.3472312,0.34551826,0.0017129204
398,0.34723443,0.3455221,0.0017123346
399,0.34722692,0.34551546,0.0017114539
400,0.34722814,0.34551868,0.001709459
401,0.34722614,0.34551638,0.0017097403
402,0.34722388,0.34551534,0.0017085399
403,0.3472252,0.34551722,0.0017079525
404,0.34722146,0.34551215,0.0017093157
405,0.34722152,0.3455125,0.0017090163
406,0.34721783,0.34550917,0.0017086498
407,0.34721914,0.34550798,0.001711163
408,0.34722126,0.3455101,0.0017111728
409,0.3472197,0.34550706,0.0017126426
410,0.34721836,0.34550458,0.0017137714
411,0.34722024,0.3455071,0.0017131523
412,0.34721166,0.3454992,0.0017124607
413,0.34721678,0.34550354,0.0017132399
414,0.3472101,0.3454962,0.0017139089
415,0.3472077,0.345493,0.001714715
416,0.34721306,0.34549853,0.0017145176
417,0.34721252,0.34549558,0.00171696
418,0.3472141,0.34549665,0.0017174479
419,0.34721398,0.3454966,0.0017174089
420,0.34720993,0.34549245,0.0017174747
421,0.34721094,0.34549376,0.0017171933
422,0.34720865,0.34549117,0.001717456
423,0.34720242,0.34548452,0.0017178986
424,0.34720805,0.34548968,0.0017183727
425,0.3471992,0.34548083,0.001718355
426,0.34719846,0.34548178,0.001716652
427,0.34720173,0.345485,0.0017167225
428,0.3471935,0.34547547,0.001718052
429,0.34718928,0.3454716,0.0017176907
430,0.34719297,0.34547356,0.0017194094
431,0.34719107,0.34547248,0.0017185668
432,0.34718302,0.34546232,0.0017206848
433,0.34718856,0.34546754,0.0017210155
434,0.34718364,0.34546342,0.0017201973
435,0.34718677,0.3454667,0.0017200697
436,0.34718695,0.34546614,0.0017208301
437,0.34719163,0.34547195,0.0017196896
438,0.34718496,0.34546417,0.0017207603
439,0.34718958,0.3454697,0.0017198687
440,0.34718794,0.34546998,0.0017179633
441,0.3471813,0.34546375,0.0017175438
442,0.34718114,0.34546402,0.0017171161
443,0.34718257,0.34546536,0.0017172064
444,0.34717947,0.34546417,0.0017153053
445,0.3471721,0.34545726,0.0017148476
446,0.3471667,0.3454518,0.0017148834
447,0.3471689,0.3454532,0.0017156855
448,0.34716246,0.3454475,0.0017149523
449,0.3471647,0.34545034,0.0017143736
450,0.34716383,0.34544936,0.0017144412
451,0.34716415,0.345448,0.0017161749
452,0.3471594,0.34544355,0.0017158408
453,0.3471565,0.34544048,0.0017160326
454,0.34715956,0.345443,0.0017165586
455,0.3471615,0.34544477,0.0017167308
456,0.34715074,0.345434,0.0017167416
457,0.34715775,0.3454422,0.0017155375
458,0.34715605,0.34544015,0.0017158814
459,0.34714895,0.34543344,0.0017154881
460,0.3471468,0.34542912,0.0017176729
461,0.34715232,0.3454339,0.0017184233
462,0.3471488,0.34542915,0.001719666
463,0.34714267,0.34542072,0.0017219655
464,0.34714437,0.3454208,0.0017235617
465,0.34714112,0.34541678,0.0017243248
466,0.3471378,0.34541368,0.0017241125
467,0.34713253,0.34541026,0.001722271
468,0.34713063,0.3454088,0.0017218202
469,0.34712753,0.34540474,0.0017227795
470,0.3471282,0.3454054,0.0017228242
471,0.3471283,0.34540546,0.0017228447
472,0.34712395,0.34539905,0.0017248895
473,0.34712493,0.34539923,0.001725691
474,0.3471107,0.3453856,0.0017250797
475,0.34711844,0.34539104,0.0017274074
476,0.3471163,0.3453903,0.0017259892
477,0.34711623,0.34539104,0.0017251715
478,0.34711987,0.34539032,0.0017295588
479,0.34711894,0.34538978,0.0017291516
480,0.34711328,0.34538358,0.0017296973
481,0.34710726,0.34537917,0.0017280899
482,0.34710464,0.34537625,0.0017283752
483,0.34711173,0.34538352,0.0017282162
484,0.34710163,0.34537423,0.0017274132
485,0.34710148,0.34537414,0.0017273382
486,0.34710076,0.34537405,0.0017267143
487,0.34709978,0.34537214,0.0017276466
488,0.3470994,0.34537137,0.0017280143
489,0.34709585,0.3453682,0.0017276595
490,0.34709707,0.34536973,0.0017273255
491,0.34709635,0.3453674,0.0017289557
492,0.34709752,0.3453608,0.0017367341
493,0.3470989,0.34536344,0.0017354602
494,0.3471129,0.3453585,0.0017544262
495,0.347091,0.34535775,0.0017332243
496,0.34711158,0.3453645,0.0017470944
497,0.34710005,0.3453564,0.0017436441
498,0.3471046,0.34535554,0.0017490641
499,0.34713003,0.34535265,0.0017773688
500,0.34709153,0.34535307,0.0017384747
501,0.34712332,0.34535545,0.0017678689
502,0.34707898,0.3453547,0.0017242592
503,0.3470918,0.34534955,0.0017422283
504,0.34709403,0.34534696,0.0017470615
505,0.3470783,0.34535643,0.0017218593
506,0.3470893,0.3453463,0.0017429922
507,0.34706864,0.34533975,0.0017288949
508,0.34707797,0.34534058,0.0017373938
509,0.34707284,0.3453354,0.0017374523
510,0.3470767,0.34533766,0.0017390471
511,0.34705526,0.34532705,0.0017281931
512,0.34706903,0.34532738,0.0017416298
513,0.34705332,0.34532034,0.0017329784
514,0.34705713,0.34532034,0.0017368015
515,0.34704804,0.34532273,0.0017253153
516,0.34704775,0.34531617,0.0017315841
517,0.34704015,0.345317,0.001723123
518,0.34704483,0.34531656,0.0017282523
519,0.3470389,0.34531283,0.0017260704
520,0.34703672,0.34531012,0.0017266016
521,0.3470445,0.34531108,0.0017334223
522,0.34703547,0.34531075,0.0017247077
523,0.34704566,0.34531474,0.0017309107
524,0.34703457,0.3453066,0.0017279675
525,0.347033,0.34530666,0.0017263092
526,0.34703538,0.34530598,0.0017294104
527,0.34702477,0.34530252,0.0017222423
528,0.3470326,0.34530503,0.0017275952
529,0.3470274,0.34530446,0.0017229216
530,0.34701404,0.34528995,0.001724091
531,0.3470268,0.3452991,0.0017276967
532,0.347025,0.34529778,0.0017272303
533,0.34702897,0.3453006,0.0017283724
534,0.34702322,0.34529534,0.0017278753
535,0.34701094,0.34528458,0.0017263595
536,0.34701186,0.34528318,0.0017286905
537,0.34701952,0.3452887,0.001730831
538,0.3470261,0.34528717,0.0017389327
539,0.34700444,0.3452805,0.0017239343
540,0.34699818,0.34527227,0.0017259084
541,0.34700003,0.3452738,0.001726229
542,0.34701118,0.3452778,0.0017333751
543,0.34699833,0.34527472,0.0017236324
544,0.3469988,0.34527355,0.0017252548
545,0.34699467,0.34527144,0.0017232243
546,0.34699026,0.34527037,0.0017198898
547,0.34699988,0.3452695,0.0017303663
548,0.34698233,0.34526068,0.001721666
549,0.34698015,0.34525648,0.0017236806
550,0.34698996,0.34526983,0.0017201167
551,0.34699565,0.3452747,0.0017209479
552,0.34699306,0.34526396,0.0017291087
553,0.34698895,0.34526238,0.0017265674
554,0.34697336,0.34525105,0.00172233
555,0.34697625,0.3452538,0.0017224597
556,0.34699076,0.3452546,0.0017361862
557,0.34698358,0.34526286,0.0017207253
558,0.34699237,0.34526205,0.0017303113
559,0.34696797,0.3452489,0.0017190499
560,0.34699875,0.345255,0.0017437733
561,0.34697682,0.345256,0.0017208128
562,0.34697974,0.34525082,0.0017289363
563,0.34697565,0.34525293,0.0017227263
564,0.34698623,0.34524855,0.0017376884
565,0.3469764,0.34525034,0.0017260623
566,0.3469916,0.34525204,0.0017395874
567,0.34697405,0.34524918,0.0017248571
568,0.34698355,0.3452498,0.001733741
569,0.3469673,0.34523767,0.0017296545
570,0.34698045,0.34524697,0.0017334806
571,0.34696573,0.3452366,0.001729141
572,0.34696865,0.34523377,0.00173489
573,0.34695727,0.34522742,0.0017298453
574,0.34696102,0.34522635,0.0017346892
575,0.34695512,0.34522536,0.0017297566
576,0.34695423,0.3452239,0.0017303359
577,0.34695372,0.34522378,0.0017299112
578,0.34694916,0.3452241,0.0017250631
579,0.34697855,0.34522298,0.0017555777
580,0.3469549,0.34522644,0.0017284701
581,0.3469634,0.3452242,0.001739216
582,0.34694514,0.3452161,0.0017290395
583,0.34697393,0.34522077,0.0017531358
584,0.34694037,0.34520912,0.0017312294
585,0.34695178,0.34520805,0.0017437078
586,0.34694546,0.3452153,0.0017301508
587,0.34695715,0.3452168,0.0017403243
588,0.34694642,0.34521577,0.0017306618
589,0.34693918,0.34520358,0.0017355857
590,0.34694082,0.3452081,0.00173269
591,0.34693816,0.34520587,0.0017322737
592,0.34694386,0.34521037,0.0017334798
593,0.34692866,0.34520006,0.0017286034
594,0.34693104,0.34519607,0.0017349941
595,0.346929,0.34519848,0.0017305311
596,0.34693256,0.34519842,0.0017341527
597,0.34692264,0.34519023,0.0017324159
598,0.3469116,0.3451815,0.0017301328
599,0.34691614,0.34518197,0.0017341494
600,0.34691447,0.34518313,0.0017313559
601,0.34691375,0.34517604,0.0017377322
602,0.34691125,0.3451781,0.0017331566
603,0.34691748,0.34518114,0.0017363348
604,0.34691623,0.34517965,0.0017365819
605,0.346911,0.34517458,0.0017364419
606,0.3469144,0.34517634,0.0017380628
607,0.3469009,0.3451669,0.0017340083
608,0.3469011,0.34516555,0.0017355455
609,0.3469004,0.34516543,0.0017349528
610,0.34689385,0.3451594,0.0017344148
611,0.34688914,0.34515604,0.001733109
612,0.34688723,0.3451552,0.0017320153
613,0.3468881,0.3451561,0.0017319743
614,0.34687626,0.34514597,0.0017302886
615,0.34688494,0.34515378,0.0017311557
616,0.3468813,0.3451516,0.0017297128
617,0.346869,0.34513804,0.0017309407
618,0.34686282,0.34513247,0.0017303467
619,0.34686098,0.34512994,0.001731061
620,0.3468675,0.3451374,0.001730118
621,0.34686264,0.34513155,0.0017310899
622,0.34685135,0.34512302,0.0017283226
623,0.3468622,0.3451344,0.0017277754
624,0.34685865,0.3451313,0.0017273634
625,0.34685525,0.34512746,0.0017277915
626,0.3468553,0.3451284,0.0017269083
627,0.34685358,0.34512714,0.0017264526
628,0.34685507,0.34512854,0.0017265559
629,0.34685305,0.34512737,0.0017256796
630,0.34684956,0.34512106,0.0017285073
631,0.34685352,0.34512413,0.0017294039
632,0.34684134,0.3451127,0.0017286148
633,0.3468461,0.34511518,0.001730899
634,0.34684286,0.3451133,0.0017295614
635,0.34683788,0.34510794,0.0017299509
636,0.3468314,0.3451051,0.0017263249
637,0.34682724,0.34510133,0.0017259329
638,0.34683058,0.34510392,0.0017266555
639,0.3468194,0.34509248,0.0017269151
640,0.3468189,0.34509197,0.0017269222
641,0.34682208,0.34509382,0.0017282849
642,0.3468178,0.34508982,0.0017279787
643,0.34681928,0.3450933,0.0017259537
644,0.34681064,0.3450835,0.0017271524
645,0.34681556,0.34508723,0.0017283538
646,0.34680966,0.34508336,0.0017262954
647,0.3467985,0.34507123,0.0017272672
648,0.3467917,0.34506592,0.0017257917
649,0.34680426,0.34507933,0.0017249013
650,0.34679753,0.34507158,0.0017259477
651,0.34679395,0.34506807,0.00172589
652,0.34679335,0.34506494,0.0017284205
653,0.34679654,0.3450689,0.0017276655
654,0.34679067,0.34506413,0.0017265376
655,0.34678906,0.34506148,0.0017275981
656,0.3467831,0.345058,0.0017251207
657,0.34678027,0.34505457,0.0017256953
658,0.34677523,0.3450498,0.0017254532
659,0.34677234,0.34504744,0.0017249141
660,0.3467659,0.3450407,0.0017252065
661,0.34676877,0.34504324,0.0017255141
662,0.34676436,0.3450409,0.001723472
663,0.34675434,0.345031,0.0017233479
664,0.3467598,0.34504068,0.0017191414
665,0.34675184,0.34503305,0.0017187763
666,0.34675327,0.34503457,0.00171869
667,0.34674695,0.34502906,0.001717922
668,0.34675008,0.3450325,0.0017175818
669,0.34674042,0.34502235,0.0017180579
670,0.3467432,0.34502682,0.0017163776
671,0.34674358,0.34502652,0.001717044
672,0.34673432,0.34501767,0.0017166616
673,0.34673482,0.34501883,0.0017159712
674,0.34672564,0.34501022,0.0017154176
675,0.3467292,0.34501263,0.0017165495
676,0.34673354,0.34501457,0.0017189721
677,0.3467288,0.3450099,0.0017189026
678,0.34672493,0.34500533,0.0017195655
679,0.3467158,0.34499767,0.0017181251
680,0.34671825,0.34499893,0.0017193239
681,0.34671324,0.34499648,0.001716749
682,0.34670618,0.34498918,0.001716985
683,0.34670424,0.3449883,0.0017159557
684,0.3467016,0.3449877,0.0017139172
685,0.3467015,0.34498772,0.0017137732
686,0.3466997,0.34498787,0.001711848
687,0.3466954,0.34498546,0.0017099358
688,0.3466858,0.3449809,0.0017049204
689,0.3466854,0.3449822,0.0017032282
690,0.34667876,0.34497565,0.0017031038
691,0.34667915,0.3449736,0.0017055651
692,0.3466814,0.3449758,0.0017055788
693,0.34667698,0.3449716,0.001705401
694,0.34667015,0.34496483,0.0017052967
695,0.346675,0.34496856,0.0017064502
696,0.3466721,0.3449639,0.0017081788
697,0.34668255,0.34496713,0.0017154183
698,0.34667033,0.34496176,0.0017085591
699,0.34666783,0.34495974,0.0017080698
700,0.3466725,0.34496272,0.0017098023
701,0.34667206,0.34496313,0.0017089138
702,0.3466693,0.34495866,0.0017106214
703,0.3466616,0.34495157,0.0017100185
704,0.34665877,0.3449484,0.0017103575
705,0.34666583,0.3449533,0.0017125293
706,0.3466641,0.34495187,0.001712235
707,0.3466655,0.3449521,0.0017134089
708,0.34666172,0.34494862,0.0017130818
709,0.3466505,0.34493673,0.001713785
710,0.34664294,0.34493178,0.0017111767
711,0.3466541,0.3449434,0.0017106928
712,0.3466475,0.34493762,0.0017098816
713,0.34665605,0.34494388,0.0017121555
714,0.34664837,0.34493393,0.0017144533
715,0.34665868,0.34494197,0.0017167073
716,0.3466638,0.34494495,0.0017188551
717,0.34665117,0.34493303,0.0017181353
718,0.34665537,0.34493706,0.0017183155
719,0.34665045,0.34493294,0.0017175066
720,0.34664482,0.34492627,0.0017185485
721,0.3466339,0.3449164,0.0017175159
722,0.34663117,0.34491202,0.0017191612
723,0.3466374,0.34491643,0.0017209705
724,0.34663245,0.34491256,0.0017198818
725,0.3466316,0.34491244,0.001719143
726,0.34663796,0.34491807,0.00171991
727,0.3466303,0.34491172,0.0017185813
728,0.34663266,0.34491435,0.0017183265
729,0.34663376,0.3449151,0.0017186648
730,0.34663022,0.34491205,0.0017181603
731,0.34663373,0.34491503,0.0017187226
732,0.3466265,0.34490842,0.0017180896
733,0.34662363,0.3449047,0.0017189436
734,0.3466168,0.34489724,0.0017195757
735,0.3466275,0.34490615,0.0017213586
736,0.34661427,0.3448936,0.0017206885
737,0.34661305,0.34489417,0.0017188719
738,0.34662038,0.3449013,0.0017190825
739,0.3466178,0.344901,0.0017167858
740,0.3466084,0.3448899,0.001718499
741,0.34661025,0.34489313,0.0017171216
742,0.34661263,0.34489414,0.0017184888
743,0.3466085,0.34488943,0.0017190541
744,0.34660083,0.3448801,0.0017207309
745,0.34660673,0.34488615,0.0017205563
746,0.34660324,0.34488234,0.0017209144
747,0.34660363,0.3448814,0.0017222532
748,0.34660655,0.3448853,0.0017212629
749,0.34660232,0.34488156,0.0017207675
750,0.3466017,0.3448826,0.0017190978
751,0.34659526,0.34487632,0.0017189399
752,0.34658387,0.34486464,0.0017192252
753,0.34657902,0.34486046,0.001718558
754,0.3465807,0.34486297,0.0017177456
755,0.346574,0.34485683,0.0017171822
756,0.34656414,0.34484664,0.0017175081
757,0.34656182,0.34484684,0.0017149933
758,0.34656674,0.34485105,0.001715707
759,0.3465668,0.34484962,0.0017171826
760,0.3465733,0.34485558,0.0017177227
761,0.34656978,0.34485337,0.0017164235
762,0.3465723,0.3448529,0.0017194219
763,0.3465672,0.34484732,0.0017198974
764,0.34656608,0.3448439,0.0017221656
765,0.34656167,0.34484112,0.0017205367
766,0.34656546,0.3448434,0.0017220599
767,0.34656,0.34483832,0.0017216637
768,0.34655315,0.34483495,0.0017181917
769,0.34654883,0.34482956,0.0017192459
770,0.34654698,0.3448278,0.0017191898
771,0.34653983,0.3448196,0.0017202322
772,0.34654596,0.34482387,0.0017221125
773,0.34653923,0.34481692,0.0017223278
774,0.34654784,0.34482583,0.0017220104
775,0.34654516,0.3448176,0.001727563
776,0.34653834,0.34481528,0.001723043
777,0.34654158,0.34481856,0.00172303
778,0.34653935,0.34481087,0.0017284708
779,0.3465478,0.34481734,0.0017304693
780,0.34653813,0.34480962,0.0017285023
781,0.3465328,0.34480652,0.001726285
782,0.3465352,0.34480718,0.0017280132
783,0.34653327,0.34480503,0.0017282125
784,0.34653038,0.3448035,0.0017268651
785,0.3465287,0.34480286,0.0017258513
786,0.34653017,0.34480256,0.0017276129
787,0.3465275,0.34479913,0.0017283742
788,0.3465242,0.34479696,0.001727261
789,0.3465207,0.34479502,0.0017256864
790,0.34651762,0.34479135,0.0017262737
791,0.3465081,0.34478357,0.001724511
792,0.3465018,0.34477958,0.0017222153
793,0.34649968,0.34477773,0.0017219546
794,0.3465065,0.34478262,0.0017238946
795,0.34649867,0.34477612,0.001722537
796,0.34649754,0.3447731,0.0017244432
797,0.34648797,0.3447638,0.0017242003
798,0.34648877,0.34476432,0.0017244525
799,0.3464928,0.34476814,0.001724663
800,0.3464829,0.3447608,0.0017220974
801,0.34648088,0.34475908,0.0017218143
802,0.3464914,0.344769,0.0017223873
803,0.34648728,0.34476328,0.0017240128
804,0.3464815,0.34475693,0.0017245945
805,0.34647945,0.34475455,0.0017248811
806,0.34648025,0.34475678,0.001723453
807,0.3464802,0.34475717,0.0017230331
808,0.34648404,0.34475985,0.0017241903
809,0.34647205,0.34474587,0.0017261762
810,0.34646833,0.34474367,0.0017246746
811,0.34646764,0.34474114,0.0017265079
812,0.34645638,0.3447319,0.001724499
813,0.3464586,0.34473374,0.0017248634
814,0.34645382,0.34472764,0.0017261822
815,0.3464621,0.34473392,0.0017281908
816,0.34645653,0.34472874,0.0017277959
817,0.3464486,0.34472063,0.0017279641
818,0.34645623,0.34472722,0.0017290253
819,0.34645185,0.3447239,0.0017279377
820,0.34644824,0.3447186,0.0017296337
821,0.34644952,0.3447214,0.0017281104
822,0.34643877,0.34471104,0.0017277371
823,0.3464345,0.34470594,0.0017285673
824,0.34642592,0.3446959,0.0017300274
825,0.34643397,0.34470445,0.0017295172
826,0.34643054,0.34470123,0.0017292962
827,0.34642458,0.34469306,0.001731506
828,0.34642303,0.34469426,0.0017287612
829,0.3464337,0.34470248,0.0017312113
830,0.34642208,0.3446909,0.0017311703
831,0.34642893,0.34469682,0.0017321175
832,0.34642494,0.3446932,0.0017317038
833,0.3464191,0.3446857,0.0017334161
834,0.3464166,0.3446813,0.001735293
835,0.3464205,0.34468558,0.0017349038
836,0.3464153,0.34467968,0.0017356372
837,0.34641257,0.34467533,0.0017372184
838,0.34640688,0.3446693,0.0017375716
839,0.34640732,0.34466517,0.0017421577
840,0.34640905,0.34466505,0.0017439984
841,0.34640977,0.34466743,0.0017423413
842,0.34640735,0.3446638,0.001743552
843,0.34640718,0.34466472,0.0017424345
844,0.3463991,0.3446563,0.0017428171
845,0.34640118,0.34465614,0.0017450601
846,0.34639794,0.3446513,0.0017466225
847,0.34639087,0.34464607,0.0017448005
848,0.34640044,0.34465617,0.0017442871
849,0.3463927,0.34464943,0.0017432452
850,0.3463877,0.3446442,0.00174351
851,0.3463819,0.34463814,0.0017437532
852,0.34637985,0.3446348,0.0017450454
853,0.34638327,0.34464037,0.0017429168
854,0.34637967,0.3446367,0.0017429383
855,0.34637672,0.34463483,0.0017419119
856,0.34637192,0.34462836,0.0017435768
857,0.34637824,0.34463263,0.0017456058
858,0.34637177,0.34463075,0.0017410271
859,0.3463601,0.3446163,0.0017438047
860,0.34636384,0.34462106,0.0017427852
861,0.3463611,0.3446201,0.0017410042
862,0.34635907,0.34461993,0.0017391464
863,0.34635323,0.3446127,0.0017405625
864,0.3463493,0.3446105,0.0017387681
865,0.34635264,0.34461415,0.001738495
866,0.34634683,0.34460735,0.0017394867
867,0.34634247,0.34460154,0.001740922
868,0.34634182,0.34460303,0.0017387836
869,0.34633312,0.34459415,0.0017389439
870,0.3463293,0.34459084,0.0017384591
871,0.34632808,0.34458932,0.0017387401
872,0.34632102,0.34458357,0.0017374422
873,0.3463206,0.34458122,0.001739383
874,0.3463259,0.3445834,0.0017425179
875,0.3463207,0.34458065,0.0017400456
876,0.34631887,0.34457844,0.0017404247
877,0.34631136,0.34457287,0.0017384961
878,0.34630784,0.3445679,0.0017399567
879,0.34630674,0.34456995,0.0017368045
880,0.3462962,0.34456226,0.0017339236
881,0.346294,0.34456015,0.0017338408
882,0.34628943,0.3445567,0.0017327629
883,0.34629142,0.34455904,0.0017323863
884,0.34629402,0.34455928,0.0017347343
885,0.34628135,0.34455013,0.0017312232
886,0.3462849,0.34455365,0.0017312581
887,0.34627774,0.3445476,0.001730166
888,0.34627086,0.3445406,0.0017302718
889,0.3462698,0.34453923,0.0017305886
890,0.34626248,0.34453213,0.0017303347
891,0.3462636,0.3445377,0.0017258748
892,0.3462585,0.3445322,0.0017262865
893,0.3462627,0.344538,0.0017246775
894,0.34625345,0.34452987,0.0017235875
895,0.34624338,0.344518,0.0017253744
896,0.34623408,0.34451646,0.0017176208
897,0.3462233,0.34450626,0.0017170239
898,0.34622645,0.34451085,0.0017155975
899,0.34623164,0.3445159,0.0017157508
900,0.34621456,0.34449834,0.0017162412
901,0.34621492,0.34449795,0.0017169851
902,0.3462206,0.34450322,0.0017173873
903,0.34621862,0.34450036,0.0017182603
904,0.3462164,0.34449854,0.0017178602
905,0.34620795,0.3444889,0.0017190485
906,0.3462115,0.3444925,0.0017190082
907,0.34621114,0.3444927,0.0017184413
908,0.34620726,0.34448424,0.001723035
909,0.3462103,0.3444888,0.0017214909
910,0.34620446,0.3444822,0.001722247
911,0.34620082,0.34447762,0.0017232131
912,0.34619695,0.3444733,0.0017236322
913,0.34619507,0.34447095,0.0017241193
914,0.3461925,0.34446934,0.0017231554
915,0.34619197,0.34447333,0.0017186299
916,0.34618157,0.34446302,0.0017185292
917,0.34618273,0.3444658,0.0017169483
918,0.34618276,0.3444661,0.0017166517
919,0.34618333,0.34446526,0.0017180642
920,0.346182,0.344464,0.001717991
921,0.34617525,0.34445795,0.0017172976
922,0.34617233,0.34445557,0.0017167745
923,0.34617195,0.3444565,0.0017154698
924,0.3461648,0.34444693,0.001717841
925,0.34615794,0.34444186,0.0017160528
926,0.34615356,0.3444399,0.0017136618
927,0.34615067,0.34443644,0.0017142473
928,0.34614748,0.34443802,0.00170946
929,0.3461429,0.34443274,0.0017101364
930,0.3461438,0.34443128,0.0017125134
931,0.34613732,0.3444292,0.0017081185
932,0.3461329,0.34442475,0.0017081425
933,0.34613118,0.3444238,0.0017073766
934,0.34612986,0.3444225,0.0017073856
935,0.34612054,0.3444124,0.0017081512
936,0.34612638,0.3444178,0.001708582
937,0.3461253,0.34441808,0.0017072214
938,0.34611672,0.344411,0.0017057279
939,0.34610403,0.34439582,0.0017082203
940,0.34610757,0.34440154,0.0017060239
941,0.3461141,0.3444091,0.0017049797
942,0.34609964,0.34439757,0.0017020743
943,0.3460966,0.34439188,0.0017047024
944,0.34609592,0.3443908,0.0017051134
945,0.34609866,0.34439525,0.0017034207
946,0.34609523,0.34439227,0.0017029373
947,0.34609726,0.34438708,0.0017101677
948,0.34609216,0.34437835,0.0017138381
949,0.3460855,0.34437704,0.0017084731
950,0.3460888,0.34437653,0.0017122723
951,0.3460771,0.34436765,0.001709468
952,0.3460862,0.34437466,0.0017115453
953,0.34608933,0.34437612,0.0017132272
954,0.34608537,0.34437996,0.0017053991
955,0.34609863,0.34438652,0.0017121099
956,0.3460769,0.3443653,0.001711621
957,0.34607318,0.3443676,0.0017055906
958,0.34609205,0.34436658,0.001725471
959,0.34607902,0.34436738,0.001711639
960,0.34606403,0.34435228,0.0017117476
961,0.34607127,0.34435087,0.0017203767
962,0.3460764,0.34436467,0.0017117265
963,0.34607622,0.34436437,0.0017118275
964,0.34605548,0.3443475,0.0017079754
965,0.34607294,0.34435752,0.0017154301
966,0.34606186,0.34434685,0.0017149976
967,0.3460562,0.34433833,0.0017178692
968,0.3460568,0.3443383,0.0017184801
969,0.34606445,0.34434605,0.0017183786
970,0.34605807,0.34434387,0.0017141908
971,0.34604815,0.3443312,0.0017169388
972,0.34604156,0.3443328,0.0017087404
973,0.346041,0.3443282,0.0017127885
974,0.34603146,0.34432137,0.0017100889
975,0.34604043,0.34433007,0.0017103506
976,0.34603357,0.34432495,0.0017086171
977,0.3460257,0.34431714,0.0017085684
978,0.34601146,0.3443065,0.0017049874
979,0.34602118,0.3443134,0.0017077562
980,0.34601545,0.34430775,0.001707707
981,0.34601203,0.34430173,0.001710314
982,0.34601754,0.3443023,0.0017152283
983,0.3460126,0.34429973,0.0017128715
984,0.34601498,0.3443016,0.00171338
985,0.34600317,0.34428963,0.0017135434
986,0.34600914,0.34429476,0.0017143678
987,0.3460038,0.3442876,0.0017161904
988,0.34599033,0.3442801,0.0017102242
989,0.34599543,0.34428135,0.0017141048
990,0.34598923,0.34427828,0.0017109594
991,0.34598896,0.34427768,0.0017112767
992,0.3459857,0.34427384,0.0017118622
993,0.3459807,0.34427336,0.0017073436
994,0.34598544,0.34427536,0.0017100675
995,0.3459802,0.3442667,0.0017134821
996,0.34597483,0.34426475,0.001710069
997,0.34597102,0.3442612,0.0017098214
998,0.34596917,0.34425655,0.0017126072
999,0.34597173,0.34425536,0.0017163747
1000,0.34599045,0.3442629,0.0017275473
1001,0.34597516,0.34426162,0.0017135426
1002,0.345997,0.34425962,0.0017373938
1003,0.34596947,0.3442524,0.0017170773
1004,0.34598976,0.34425372,0.0017360315
1005,0.3460093,0.34425122,0.0017580971
1006,0.3459576,0.344245,0.0017125983
1007,0.34596723,0.34424716,0.0017200839
1008,0.3459617,0.3442458,0.0017158812
1009,0.34594452,0.34422457,0.0017199758
1010,0.34598622,0.3442362,0.0017500311
1011,0.34595528,0.3442285,0.0017267813
1012,0.34597254,0.34423745,0.0017350977
1013,0.34594744,0.3442188,0.0017286533
1014,0.34595072,0.34422138,0.0017293252
1015,0.34594175,0.34421754,0.0017242252
1016,0.34594065,0.3442178,0.0017228324
1017,0.34593722,0.34421253,0.0017247144
1018,0.3459268,0.3442057,0.0017211055
1019,0.34592953,0.34420386,0.0017256628
1020,0.34591937,0.34420574,0.0017136472
1021,0.345922,0.34420264,0.0017193422
1022,0.34591284,0.3442007,0.001712133
1023,0.34591588,0.34419978,0.0017160941
1024,0.34590712,0.34419778,0.0017093237
1025,0.3459113,0.34419447,0.0017168354
1026,0.34590465,0.3441919,0.00171275
1027,0.34590578,0.34419078,0.0017149972
1028,0.34590054,0.34418678,0.0017137587
1029,0.34589085,0.34417894,0.0017118936
1030,0.34589022,0.3441773,0.0017129087
1031,0.34588036,0.3441702,0.0017101461
1032,0.34586954,0.34415624,0.0017133092
1033,0.3458678,0.3441589,0.001708922
1034,0.34587052,0.3441599,0.0017106403
1035,0.34586173,0.34415025,0.0017114843
1036,0.3458646,0.3441532,0.0017113915
1037,0.34586355,0.3441528,0.001710748
1038,0.34585246,0.3441434,0.0017090682
1039,0.3458632,0.34414437,0.0017188226
1040,0.34585425,0.34413856,0.0017157022
1041,0.34585845,0.34414014,0.0017183017
1042,0.34585145,0.34413034,0.0017211039
1043,0.34584963,0.3441337,0.0017159383
1044,0.34585136,0.34413373,0.0017176392
1045,0.34584796,0.3441291,0.0017188623
1046,0.34585115,0.34413397,0.0017171807
1047,0.34584245,0.344126,0.0017164791
1048,0.34584287,0.34412852,0.0017143749
1049,0.34583524,0.34412122,0.0017140044
1050,0.34582523,0.34410957,0.0017156483
1051,0.3458252,0.34410882,0.0017163854
1052,0.3458295,0.344113,0.0017164802
1053,0.34581873,0.34410065,0.0017180676
1054,0.34581047,0.3440977,0.0017127577
1055,0.34580463,0.3440927,0.0017119369
1056,0.34580037,0.34408605,0.0017143348
1057,0.34579808,0.34408462,0.0017134417
1058,0.34579644,0.3440843,0.0017121466
1059,0.34579894,0.34408838,0.0017105486
1060,0.3457873,0.34407884,0.0017084505
1061,0.34578595,0.34407863,0.0017072903
1062,0.34577826,0.34406984,0.0017084156
1063,0.34578228,0.34407198,0.0017103035
1064,0.3457747,0.34406766,0.0017070489
1065,0.34576973,0.34406674,0.001703
1066,0.3457704,0.3440677,0.0017026698
1067,0.34576973,0.3440679,0.0017018331
1068,0.34577015,0.3440674,0.0017027635
1069,0.3457669,0.34406456,0.001702334
1070,0.34575626,0.3440537,0.0017025564
1071,0.3457614,0.34405434,0.0017070333
1072,0.3457746,0.34406754,0.001707029
1073,0.345752,0.34405077,0.0017012296
1074,0.34576127,0.34404877,0.0017125234
1075,0.34576285,0.34405896,0.001703895
1076,0.34577984,0.34406307,0.0017167523
1077,0.3457646,0.3440519,0.0017127048
1078,0.34574872,0.34404817,0.001700554
1079,0.34578076,0.34404743,0.0017333303
1080,0.3457537,0.34404317,0.0017105208
1081,0.3457481,0.3440374,0.0017106909
1082,0.34574753,0.34404144,0.0017061008
1083,0.34573957,0.34403628,0.0017033194
1084,0.3457439,0.34402862,0.0017152706
1085,0.34572175,0.3440236,0.0016981578
1086,0.34574187,0.34402734,0.0017145185
1087,0.34571847,0.34401932,0.0016991624
1088,0.3457278,0.34401762,0.0017101597
1089,0.34571418,0.34401318,0.0017009899
1090,0.3457134,0.34400868,0.0017047025
1091,0.34571117,0.3440051,0.0017060814
1092,0.3457079,0.34401017,0.0016977299
1093,0.3457109,0.3440084,0.0017025085
1094,0.34568968,0.3439935,0.001696151
1095,0.34570053,0.34399843,0.0017020982
1096,0.34569347,0.34399706,0.0016963985
1097,0.34569803,0.34399545,0.001702576
1098,0.34567896,0.34398243,0.0016965242
1099,0.34567952,0.34398335,0.0016961468
1100,0.34568468,0.34398404,0.0017006543
1101,0.34568357,0.3439858,0.0016977728
1102,0.3456762,0.34397382,0.0017023792
1103,0.34567577,0.34397826,0.0016975229
1104,0.34566745,0.34396738,0.001700077
1105,0.34565747,0.34396178,0.0016957136
1106,0.3456659,0.34396344,0.0017024528
1107,0.3456581,0.34395707,0.0017010194
1108,0.34565836,0.3439548,0.0017035712
1109,0.34564504,0.34393945,0.0017055904
1110,0.34563354,0.34393457,0.0016989736
1111,0.34563702,0.34393337,0.0017036523
1112,0.34563866,0.34393832,0.0017003368
1113,0.34563237,0.3439278,0.0017045677
1114,0.34562665,0.34392864,0.0016980206
1115,0.34562337,0.34392625,0.0016971432
1116,0.34561273,0.343919,0.0016937178
1117,0.3456107,0.34392393,0.0016867539
1118,0.34562165,0.3439312,0.0016904421
1119,0.3456051,0.34391442,0.0016907093
1120,0.34561038,0.3439145,0.0016958903
1121,0.3455994,0.3439086,0.0016907972
1122,0.34561336,0.3439163,0.0016970665
1123,0.34560242,0.34390774,0.0016946594
1124,0.34559658,0.3438997,0.0016969068
1125,0.34560558,0.34390342,0.0017021624
1126,0.34559724,0.3438978,0.0016994377
1127,0.34559393,0.34389588,0.0016980423
1128,0.34559703,0.34389904,0.0016979866
1129,0.34558937,0.3438908,0.0016985893
1130,0.34558392,0.34388798,0.0016959074
1131,0.34558427,0.34388912,0.0016951635
1132,0.3455825,0.34388548,0.0016969955
1133,0.345581,0.3438852,0.0016957929
1134,0.34557012,0.34387827,0.0016918576
1135,0.34557453,0.34388047,0.0016940417
1136,0.34556913,0.343874,0.0016951399
1137,0.34556642,0.3438757,0.0016907258
1138,0.3455614,0.34387025,0.0016911424
1139,0.34555796,0.343867,0.0016909667
1140,0.3455634,0.34387156,0.0016918394
1141,0.34555283,0.34385896,0.0016938882
1142,0.34556216,0.34386328,0.001698905
1143,0.3455623,0.34386188,0.0017004367
1144,0.3455444,0.34384814,0.0016962679
1145,0.34554228,0.34384647,0.0016958024
1146,0.34554467,0.34384018,0.001704477
1147,0.34554693,0.3438382,0.0017087266
1148,0.34553856,0.34383094,0.0017076144
1149,0.34552813,0.34383246,0.0016956415
1150,0.34554645,0.34383962,0.0017068367
1151,0.3455417,0.34383756,0.0017041418
1152,0.34553093,0.34383726,0.0016936648
1153,0.3455417,0.34383476,0.0017069287
1154,0.3455234,0.3438261,0.0016973012
1155,0.34551778,0.34381846,0.0016993271
1156,0.34552443,0.34382564,0.0016987913
1157,0.34551805,0.3438262,0.0016918443
1158,0.3455113,0.34381434,0.0016969234
1159,0.34551153,0.34381592,0.001695624
1160,0.34550902,0.34381056,0.0016984632
1161,0.34550238,0.34380597,0.0016964019
1162,0.34549093,0.34379736,0.0016935738
1163,0.34549233,0.34379676,0.001695577
1164,0.34548727,0.34379625,0.0016910173
1165,0.34548044,0.34378588,0.0016945738
1166,0.34548536,0.34379187,0.001693489
1167,0.3454755,0.34378088,0.0016946311
1168,0.3454732,0.34377962,0.0016935875
1169,0.34546897,0.3437761,0.0016928548
1170,0.34546936,0.34377003,0.0016993297
1171,0.34548068,0.34378186,0.0016988271
1172,0.3454749,0.343774,0.0017008949
1173,0.34546542,0.34376523,0.0017001828
1174,0.34546483,0.34376392,0.0017008947
1175,0.3454618,0.3437654,0.0016963778
1176,0.34545094,0.34375587,0.0016950851
1177,0.34544995,0.34375393,0.0016960144
1178,0.3454415,0.34374642,0.0016950812
1179,0.34543204,0.3437382,0.0016938422
1180,0.34543106,0.3437366,0.0016944709
1181,0.34542942,0.3437354,0.0016940351
1182,0.3454242,0.34372902,0.001695168
1183,0.34542257,0.34372896,0.001693603
1184,0.34541628,0.34372252,0.0016937566
1185,0.34541073,0.3437171,0.0016936291
1186,0.34541446,0.343718,0.0016964605
1187,0.34541205,0.3437151,0.0016969305
1188,0.345411,0.34371638,0.0016946219
1189,0.34540308,0.34370694,0.0016961482
1190,0.34540027,0.3437059,0.0016944014
1191,0.34539196,0.34370244,0.0016895331
1192,0.34538928,0.34370008,0.0016892056
1193,0.34538433,0.34369487,0.0016894701
1194,0.34538183,0.34368974,0.0016920887
1195,0.34537357,0.3436805,0.0016930813
1196,0.3453752,0.3436848,0.0016903996
1197,0.34538445,0.3436937,0.0016907535
1198,0.34537205,0.34367833,0.0016937174
1199,0.34537545,0.34368348,0.0016919483
1200,0.34537774,0.34368446,0.0016932834
1201,0.34536624,0.34367263,0.0016936216
1202,0.34536523,0.34366804,0.0016971718
1203,0.34537,0.34367162,0.0016983736
1204,0.34536433,0.34366584,0.0016985139
1205,0.34535447,0.34365538,0.0016990893
1206,0.34534642,0.34364757,0.0016988773
1207,0.345341,0.34364477,0.0016962171
1208,0.34534726,0.34364858,0.0016986486
1209,0.34535056,0.3436543,0.001696266
1210,0.34533277,0.34363905,0.0016937352
1211,0.34533703,0.34364042,0.0016966145
1212,0.34533155,0.34363687,0.0016946864
1213,0.34532693,0.34362718,0.0016997525
1214,0.34533587,0.343637,0.0016988979
1215,0.34533134,0.34363353,0.0016978286
1216,0.34531388,0.34361434,0.0016995448
1217,0.34531587,0.34361815,0.0016977262
1218,0.34531423,0.34361807,0.0016961502
1219,0.34531182,0.3436165,0.0016953315
1220,0.34530866,0.34361452,0.0016941342
1221,0.34530333,0.34361064,0.0016926875
1222,0.34530622,0.3436108,0.0016954252
1223,0.34530047,0.34360608,0.00169439
1224,0.34530395,0.34360793,0.0016960275
1225,0.3452949,0.34359932,0.0016955624
1226,0.3453024,0.34360564,0.0016967716
1227,0.34529465,0.34359926,0.0016953988
1228,0.34530392,0.34360385,0.0017000765
1229,0.34529972,0.34359825,0.0017014679
1230,0.34530538,0.34360334,0.00170203
1231,0.3453042,0.3436009,0.0017032714
1232,0.34529126,0.3435889,0.001702339
1233,0.34528393,0.34358457,0.0016993473
1234,0.34528467,0.34358793,0.0016967293
1235,0.3452844,0.3435838,0.0017006164
1236,0.34527466,0.34357375,0.0017009238
1237,0.3452753,0.34357595,0.0016993638
1238,0.3452735,0.34357494,0.0016985707
1239,0.34526658,0.34356803,0.0016985688
1240,0.3452663,0.3435656,0.0017006773
1241,0.3452584,0.34355718,0.0017012423
1242,0.34526452,0.343563,0.0017015174
1243,0.34525383,0.34355748,0.0016963562
1244,0.3452562,0.34355834,0.0016978795
1245,0.34525308,0.3435545,0.0016985766
1246,0.34524024,0.34354705,0.0016931832
1247,0.34524113,0.34354392,0.0016972158
1248,0.34523568,0.3435416,0.0016940922
1249,0.3452365,0.34354222,0.0016942682
1250,0.34523258,0.34353542,0.0016971439
1251,0.34530467,0.34353504,0.0017696302
1252,0.34534037,0.3435639,0.0017764416
1253,0.3452462,0.34354353,0.0017026527
1254,0.34532535,0.3435441,0.0017812618
1255,0.34529895,0.34354165,0.0017572811
1256,0.3452397,0.34353286,0.0017068184
1257,0.34527665,0.34352183,0.0017548235
1258,0.345253,0.34353045,0.0017225344
1259,0.34522235,0.3435134,0.0017089697
1260,0.3452716,0.3435169,0.0017546958
1261,0.34522128,0.3435174,0.0017038829
1262,0.34522712,0.34351522,0.0017119065
1263,0.3452353,0.34350318,0.0017321135
1264,0.34519303,0.34350058,0.0016924435
1265,0.34521636,0.34350115,0.0017152034
1266,0.34520748,0.34349704,0.001710446
1267,0.34518632,0.3434943,0.0016920405
1268,0.34520698,0.34349737,0.0017096283
1269,0.34518835,0.343488,0.0017003439
1270,0.34518665,0.3434931,0.0016935521
1271,0.34519556,0.34348902,0.0017065589
1272,0.34517542,0.3434818,0.0016935878
1273,0.3451725,0.34347594,0.0016965626
1274,0.34517246,0.3434736,0.0016988252
1275,0.3451647,0.3434707,0.0016940131
1276,0.34517136,0.34346977,0.0017015649
1277,0.34516641,0.34346572,0.0017007015
1278,0.34515572,0.34346452,0.0016911644
1279,0.34516704,0.34346053,0.001706508
1280,0.3451611,0.34346253,0.0016985803
1281,0.3451435,0.3434513,0.001692183
1282,0.34514377,0.34344432,0.001699424
1283,0.34514406,0.34344637,0.0016977027
1284,0.34513718,0.3434439,0.0016932895
1285,0.34513524,0.3434391,0.0016961225
1286,0.3451241,0.343428,0.0016960964
1287,0.34512752,0.34343207,0.0016954535
1288,0.34512508,0.34342837,0.001696699
1289,0.34512597,0.34342968,0.0016962715
1290,0.3451197,0.3434228,0.0016969054
1291,0.3451094,0.34341198,0.0016974077
1292,0.345112,0.34341514,0.0016968386
1293,0.34510255,0.3434068,0.0016957521
1294,0.34510222,0.34340736,0.001694876
1295,0.34509054,0.34339648,0.0016940313
1296,0.34508866,0.34339395,0.0016946826
1297,0.34509665,0.3433981,0.0016985445
1298,0.34509116,0.3433899,0.0017012863
1299,0.34510028,0.34340116,0.001699118
1300,0.34508842,0.34338883,0.0016995888
1301,0.34507918,0.34337446,0.0017047307
1302,0.3450798,0.3433704,0.0017094102
1303,0.34508762,0.34337187,0.0017157492
1304,0.34508756,0.34337753,0.0017100123
1305,0.345071,0.34336397,0.0017070133
1306,0.34508225,0.34336504,0.001717193
1307,0.34508374,0.3433699,0.0017138484
1308,0.34507707,0.3433678,0.0017092545
1309,0.34506515,0.34335732,0.0017078299
1310,0.34507245,0.34336472,0.0017077379
1311,0.34507415,0.34336728,0.0017068569
1312,0.34506044,0.34335992,0.001700524
1313,0.3450717,0.34336022,0.0017114964
1314,0.34505787,0.3433543,0.0017035583
1315,0.34506637,0.3433532,0.0017131713
1316,0.345058,0.3433511,0.0017068877
1317,0.34508765,0.3433594,0.0017282357
1318,0.34505656,0.34334618,0.0017103835
1319,0.34504622,0.34333974,0.0017064579
1320,0.34505126,0.34333965,0.0017115896
1321,0.34504044,0.34333473,0.0017057046
1322,0.3450349,0.34333095,0.0017039372
1323,0.34503242,0.34332418,0.0017082468
1324,0.34503126,0.34332857,0.0017026912
1325,0.3450283,0.34332126,0.0017070554
1326,0.34502643,0.34332097,0.001705453
1327,0.34501004,0.343306,0.0017040223
1328,0.34502468,0.34331867,0.0017060231
1329,0.3450148,0.34330428,0.001710541
1330,0.34500965,0.34330684,0.0017028349
1331,0.34501085,0.34330323,0.0017075948
1332,0.34500238,0.34329864,0.0017037282
1333,0.34500453,0.34329978,0.0017047441
1334,0.34500626,0.34329668,0.001709564
1335,0.34501302,0.34328753,0.0017254982
1336,0.34500414,0.3432797,0.001724457
1337,0.34497747,0.3432695,0.0017079633
1338,0.34501693,0.34328157,0.0017353597
1339,0.3450194,0.3432672,0.0017522067
1340,0.34498456,0.34327567,0.001708911
1341,0.34502485,0.34326434,0.0017605104
1342,0.34512153,0.3432791,0.0018424547
1343,0.3449965,0.34325564,0.0017408753
1344,0.3449845,0.3432535,0.0017310295
1345,0.3450894,0.34326574,0.0018236596
1346,0.34501052,0.3432494,0.0017611205
1347,0.34495744,0.34324458,0.0017128687
1348,0.3450384,0.3432457,0.0017927265
1349,0.3450028,0.34324056,0.001762242
1350,0.3449515,0.34324425,0.0017072487
1351,0.34500483,0.34323952,0.0017653158
1352,0.34497634,0.34324154,0.0017347878
1353,0.34493944,0.3432309,0.0017085379
1354,0.34498155,0.34323433,0.0017472282
1355,0.34496194,0.34322914,0.0017327846
1356,0.3449295,0.34322184,0.0017076561
1357,0.34497064,0.343226,0.0017446829
1358,0.34494787,0.34322545,0.0017224324
1359,0.34491998,0.34321582,0.0017041437
1360,0.34492764,0.3432089,0.0017187059
1361,0.34491703,0.34321132,0.0017057216
1362,0.34490204,0.34320197,0.0017000627
1363,0.3449107,0.34320235,0.0017083643
1364,0.34491113,0.34320745,0.0017036933
1365,0.34490573,0.34319666,0.0017090731
1366,0.34491152,0.3431941,0.0017174268
1367,0.34490874,0.343202,0.0017067639
1368,0.34489807,0.34319288,0.0017052134
1369,0.34489182,0.3431803,0.0017115187
1370,0.3448948,0.3431818,0.0017130126
1371,0.34489152,0.34318167,0.0017098536
1372,0.344887,0.34317362,0.0017133679
1373,0.34487644,0.34316373,0.0017127317
1374,0.34486663,0.34315413,0.0017125107
1375,0.3448769,0.34316137,0.0017155003
1376,0.3448817,0.3431597,0.0017220173
1377,0.3448718,0.3431533,0.0017184807
1378,0.34485915,0.3431466,0.0017125712
1379,0.34487355,0.34315228,0.001721244
1380,0.34486437,0.34313652,0.0017278526
1381,0.34487188,0.34314403,0.0017278634
1382,0.34484035,0.34313077,0.0017095845
1383,0.34482563,0.34312424,0.0017013799
1384,0.34482926,0.34312811,0.0017011377
1385,0.3448125,0.34311393,0.0016986042
1386,0.34480295,0.34310833,0.0016946371
1387,0.34480658,0.34311393,0.0016926602
1388,0.34479937,0.34310657,0.0016928095
1389,0.3448006,0.34310618,0.0016944266
1390,0.3447909,0.34309655,0.0016943596
1391,0.34478685,0.3430932,0.0016936699
1392,0.3447795,0.34308824,0.0016912542
1393,0.34477764,0.34308657,0.0016910568
1394,0.34478125,0.343089,0.001692242
1395,0.3447706,0.3430823,0.00168831
1396,0.3447582,0.34307134,0.0016868832
1397,0.34475696,0.34307203,0.0016849104
1398,0.3447581,0.34307367,0.0016844377
1399,0.34474778,0.3430626,0.0016851535
1400,0.34475347,0.3430694,0.0016840588
1401,0.34475088,0.34306413,0.00168674
1402,0.34474814,0.34306183,0.0016862911
1403,0.34474578,0.34305996,0.0016858231
1404,0.34473458,0.3430489,0.0016856983
1405,0.34472817,0.34304422,0.001683966
1406,0.3447311,0.343048,0.0016831064
1407,0.34472302,0.3430399,0.0016830976
1408,0.34472558,0.34304172,0.0016838762
1409,0.3447237,0.34304014,0.0016835527
1410,0.34472156,0.3430405,0.0016810471
1411,0.344716,0.34303215,0.0016838802
1412,0.34471413,0.34303135,0.001682781
1413,0.3447075,0.34302214,0.001685363
1414,0.34470698,0.34302247,0.0016845275
1415,0.34470233,0.3430184,0.0016839072
1416,0.3446958,0.34301326,0.0016825639
1417,0.34469673,0.34301355,0.0016831828
1418,0.3446928,0.34301344,0.0016793443
1419,0.34468162,0.34300378,0.0016778369
1420,0.3446817,0.34300297,0.0016787298
1421,0.34467953,0.3430006,0.0016789386
1422,0.34467348,0.34299165,0.0016818127
1423,0.34468073,0.3429966,0.0016841199
1424,0.3446764,0.34299177,0.0016846446
1425,0.34467253,0.342985,0.0016875553
1426,0.34467012,0.34298435,0.0016857901
1427,0.3446627,0.34297782,0.0016848877
1428,0.34465492,0.34296912,0.0016857798
1429,0.34465408,0.34296963,0.0016844776
1430,0.34465018,0.3429667,0.0016834816
1431,0.3446467,0.34296438,0.001682324
1432,0.3446393,0.34295914,0.0016801655
1433,0.34463745,0.342958,0.0016794486
1434,0.34462726,0.34294888,0.0016783694
1435,0.34461185,0.34293684,0.0016750066
1436,0.34461543,0.3429383,0.0016771441
1437,0.34459966,0.34292713,0.0016725308
1438,0.34461242,0.34293795,0.0016744856
1439,0.34459963,0.34292457,0.0016750855
1440,0.34459466,0.3429214,0.0016732648
1441,0.3445906,0.3429204,0.0016701985
1442,0.34457755,0.34290698,0.0016705872
1443,0.34457922,0.34290853,0.0016706865
1444,0.3445687,0.34289777,0.0016709339
1445,0.3445782,0.34290594,0.0016722627
1446,0.34456939,0.3428979,0.0016715045
1447,0.34458733,0.34290162,0.001685705
1448,0.34458795,0.34288788,0.0017000893
1449,0.3445451,0.34287882,0.0016662678
1450,0.3445658,0.34288839,0.0016774178
1451,0.34457183,0.34288386,0.0016879775
1452,0.34453997,0.3428761,0.0016638588
1453,0.34455457,0.34288034,0.0016742141
1454,0.34456572,0.34288093,0.0016847666
1455,0.34453088,0.34286937,0.0016614912
1456,0.3445488,0.34287715,0.001671626
1457,0.34455055,0.34287375,0.0016767891
1458,0.3445311,0.34287506,0.0016559999
1459,0.34453171,0.34287012,0.0016615947
1460,0.3445238,0.3428569,0.0016668836
1461,0.3445124,0.34285858,0.0016538255
1462,0.34452176,0.34286577,0.001656007
1463,0.3445385,0.34285444,0.0016840631
1464,0.34457687,0.3428573,0.0017195396
1465,0.34456927,0.34284663,0.0017226118
1466,0.3445315,0.34284583,0.0016856843
1467,0.34450358,0.34285095,0.0016526083
1468,0.3445453,0.34283927,0.0017060207
1469,0.34459728,0.34283885,0.0017584462
1470,0.34454614,0.3428348,0.0017113425
1471,0.34449247,0.342832,0.0016604621
1472,0.34460494,0.34284377,0.0017611564
1473,0.34468022,0.34283826,0.0018419618
1474,0.34458482,0.34282503,0.0017597849
1475,0.34448975,0.34281898,0.0016707738
1476,0.34449422,0.34281546,0.0016787827
1477,0.3445183,0.34282315,0.0016951632
1478,0.3444853,0.34281707,0.001668243
1479,0.34447688,0.34281054,0.0016663426
1480,0.34449378,0.34280586,0.0016879148
1481,0.344466,0.34279847,0.0016675086
1482,0.34444967,0.34279442,0.0016552322
1483,0.34446564,0.34279317,0.0016724737
1484,0.34446338,0.34279126,0.0016721115
1485,0.34444615,0.34278995,0.0016562205
1486,0.34445778,0.3427871,0.0016706862
1487,0.34445024,0.3427797,0.0016705405
1488,0.34442613,0.34276673,0.0016593924
1489,0.3444414,0.34277603,0.0016653665
1490,0.34442627,0.34276405,0.0016622342
1491,0.34442556,0.3427708,0.0016547501
1492,0.344417,0.34275958,0.0016574317
1493,0.34440577,0.34274894,0.0016568445
1494,0.34440622,0.34275222,0.0016539916
1495,0.3443958,0.3427422,0.0016535796
1496,0.34440023,0.34274548,0.0016547416
1497,0.34438676,0.3427351,0.0016516501
1498,0.344394,0.34274155,0.0016524621
1499,0.34439325,0.34273362,0.0016596386
1500,0.3443847,0.34272668,0.0016580416
1501,0.34438136,0.3427255,0.0016558759
1502,0.34437755,0.34271988,0.0016576592
1503,0.34437725,0.3427154,0.0016618368
1504,0.3443817,0.34271634,0.0016653672
1505,0.3443705,0.34271038,0.0016601471
1506,0.34436753,0.34270784,0.0016596789
1507,0.34436536,0.34270585,0.0016595249
1508,0.34435776,0.34269872,0.0016590257
1509,0.34436068,0.3426966,0.0016640642
1510,0.34436142,0.3426987,0.0016627408
1511,0.34435755,0.34269473,0.0016628103
1512,0.34434438,0.34268358,0.0016608018
1513,0.34434682,0.3426862,0.0016606186
1514,0.34435382,0.3426938,0.0016600149
1515,0.34434772,0.34268808,0.0016596488
1516,0.34434226,0.3426865,0.0016557534
1517,0.34433845,0.3426815,0.0016569322
1518,0.3443359,0.34267667,0.0016592322
1519,0.3443228,0.34266773,0.0016550878
1520,0.34433094,0.34267682,0.0016541157
1521,0.34431696,0.34266117,0.0016557944
1522,0.3443151,0.3426593,0.0016558357
1523,0.3443068,0.34265262,0.001654166
1524,0.34430906,0.3426507,0.001658353
1525,0.34430373,0.34264258,0.00166113
1526,0.34430358,0.34264332,0.0016602626
1527,0.34430236,0.34264413,0.0016582214
1528,0.3442953,0.34263673,0.0016585538
1529,0.34428626,0.34262782,0.0016584254
1530,0.34428334,0.34262577,0.0016576009
1531,0.34427252,0.34261623,0.0016562991
1532,0.34427765,0.34262142,0.0016562331
1533,0.34429216,0.34262386,0.0016683083
1534,0.3442834,0.34260413,0.0016792584
1535,0.34429228,0.34261703,0.001675264
1536,0.34426442,0.34259358,0.0016708305
1537,0.3442809,0.34260672,0.0016741741
1538,0.3442613,0.34259686,0.0016644357
1539,0.34427875,0.34260428,0.0016744744
1540,0.34426832,0.3425919,0.0016764147
1541,0.3442772,0.34258962,0.001687599
1542,0.34425226,0.34258682,0.001665441
1543,0.34425372,0.34258464,0.0016690955
1544,0.34426394,0.34258807,0.0016758682
1545,0.3442608,0.3425894,0.0016714053
1546,0.34424472,0.34257677,0.0016679682
1547,0.344236,0.34256676,0.0016692495
1548,0.34424022,0.3425714,0.0016688028
1549,0.34423345,0.34256944,0.0016639918
1550,0.344236,0.34257102,0.0016649712
1551,0.34421667,0.34254977,0.0016669193
1552,0.34422097,0.34255418,0.0016667892
1553,0.34422556,0.34255642,0.0016691234
1554,0.34421742,0.3425497,0.001667701
1555,0.34422642,0.34256005,0.0016663637
1556,0.3442194,0.3425516,0.0016678009
1557,0.34420958,0.34254354,0.0016660437
1558,0.34421217,0.34254315,0.0016689993
1559,0.34421158,0.34254068,0.0016708974
1560,0.34421575,0.34253323,0.0016825252
1561,0.34422293,0.34253275,0.0016901933
1562,0.3442284,0.34253412,0.0016942502
1563,0.34420267,0.3425246,0.0016780775
1564,0.34418175,0.3425147,0.0016670445
1565,0.34420645,0.34252313,0.0016833137
1566,0.34422168,0.34252605,0.0016956317
1567,0.34419447,0.34251443,0.001680041
1568,0.34418496,0.3425196,0.0016653494
1569,0.34418944,0.34251818,0.0016712673
1570,0.34417614,0.3425051,0.0016710663
1571,0.34416512,0.3424969,0.0016682071
1572,0.34417665,0.34250852,0.0016681228
1573,0.34416434,0.34249505,0.0016692808
1574,0.34416115,0.34249306,0.0016680739
1575,0.34415895,0.34249446,0.0016644867
1576,0.344151,0.34248808,0.0016628935
1577,0.34413946,0.34247488,0.0016645759
1578,0.34415573,0.34249088,0.0016648549
1579,0.3441422,0.34247592,0.0016662877
1580,0.34415683,0.34248453,0.0016723077
1581,0.34413877,0.342468,0.0016707728
1582,0.34413216,0.34246486,0.0016672682
1583,0.34414625,0.3424705,0.0016757644
1584,0.34412628,0.34245715,0.0016691532
1585,0.34413266,0.3424669,0.0016657629
1586,0.3441352,0.34246388,0.0016713018
1587,0.34411612,0.3424473,0.0016688096
1588,0.3441245,0.34245598,0.0016685085
1589,0.34411675,0.3424461,0.0016706528
1590,0.3441026,0.3424403,0.001662299
1591,0.3441114,0.3424475,0.001663904
1592,0.34410116,0.3424348,0.001666372
1593,0.34409982,0.34243363,0.0016661782
1594,0.3441013,0.34243274,0.0016685838
1595,0.3440892,0.34242275,0.0016664416
1596,0.34408325,0.34242338,0.001659889
1597,0.34408158,0.3424235,0.0016581021
1598,0.34406912,0.34240988,0.0016592549
1599,0.3440755,0.34241584,0.0016596497
1600,0.34406063,0.34240064,0.0016600002
1601,0.34406322,0.34240314,0.0016600912
1602,0.34406656,0.34240153,0.0016650322
1603,0.34405985,0.3423908,0.0016690518
1604,0.34406218,0.34239078,0.0016713915
1605,0.34405825,0.34238803,0.0016702221
1606,0.3440532,0.3423747,0.0016784804
1607,0.3440593,0.34237283,0.0016864396
1608,0.34405214,0.3423714,0.0016807404
1609,0.3440506,0.34238136,0.0016692225
1610,0.34404984,0.34237775,0.0016720754
1611,0.34404328,0.34236518,0.0016781304
1612,0.34405214,0.3423747,0.001677434
1613,0.3440326,0.34235957,0.0016730167
1614,0.34402403,0.3423541,0.0016699458
1615,0.34403864,0.34235775,0.0016808973
1616,0.34403118,0.34235013,0.0016810574
1617,0.34404117,0.34235483,0.0016863436
1618,0.3440234,0.3423487,0.0016746956
1619,0.34402376,0.34234565,0.0016781077
1620,0.34402665,0.34233576,0.0016908739
1621,0.3440165,0.34233502,0.0016814696
1622,0.3440028,0.34232828,0.0016745261
1623,0.34400532,0.3423235,0.0016818162
1624,0.34402162,0.34232968,0.0016919372
1625,0.34399667,0.34230334,0.0016933199
1626,0.34398746,0.34231147,0.0016760014
1627,0.3439786,0.34230375,0.0016748836
1628,0.34397998,0.34229615,0.0016838198
1629,0.3439779,0.3422995,0.0016784016
1630,0.34395435,0.34228787,0.001666487
1631,0.3439579,0.34229153,0.001666351
1632,0.3439544,0.34228063,0.0016737853
1633,0.34395194,0.34227934,0.0016725932
1634,0.3439441,0.34227845,0.0016656443
1635,0.34393653,0.34227157,0.0016649552
1636,0.34396645,0.3422791,0.0016873386
1637,0.34405398,0.3422774,0.0017765698
1638,0.34418395,0.3422793,0.0019046754
1639,0.34421483,0.34227365,0.0019411728
1640,0.34416068,0.34227797,0.0018826879
1641,0.34405497,0.3422698,0.0017851529
1642,0.34393457,0.3422602,0.0016743599
1643,0.34392726,0.34225214,0.0016751324
1644,0.34401584,0.34225577,0.0017600547
1645,0.3440884,0.34225503,0.0018333854
1646,0.34413788,0.34226906,0.0018688139
1647,0.34409758,0.34224033,0.0018572321
1648,0.3440314,0.34223464,0.001796728
1649,0.34398845,0.34223402,0.0017544298
1650,0.34396523,0.3422328,0.0017324447
1651,0.34394383,0.34222072,0.00172312
1652,0.34395868,0.3422141,0.0017445702
1653,0.3440049,0.3422163,0.0017886
1654,0.34403077,0.34221575,0.001815038
1655,0.34403503,0.3422128,0.0018222496
1656,0.34399873,0.3421994,0.0017993522
1657,0.3439885,0.34220648,0.0017820395
1658,0.34395966,0.34219602,0.0017636499
1659,0.34397632,0.342199,0.0017772987
1660,0.34398806,0.34219232,0.0017957486
1661,0.34401366,0.3421913,0.0018223419
1662,0.34400716,0.34218544,0.0018217057
1663,0.34400016,0.3421846,0.001815547
1664,0.3439573,0.34217545,0.0017818569
1665,0.3439455,0.34217685,0.0017686518
1666,0.34387586,0.34216726,0.001708572
1667,0.34382156,0.34216726,0.001654308
1668,0.34382516,0.34215242,0.0016727593
1669,0.34391555,0.34216276,0.001752786
1670,0.34411395,0.34216183,0.0019520978
1671,0.34440345,0.34219146,0.0022120092
1672,0.34460345,0.3421931,0.002410347
1673,0.34458104,0.3421926,0.0023884336
1674,0.34441587,0.34217525,0.0022406343
1675,0.34419253,0.34215742,0.002035134
1676,0.34401143,0.34214514,0.0018662981
1677,0.34390932,0.34213424,0.001775098
1678,0.3439164,0.34213057,0.0017858032
1679,0.34396273,0.34213737,0.0018253513
1680,0.34406042,0.34212458,0.0019358449
1681,0.3441853,0.34213597,0.0020493348
1682,0.34432113,0.342147,0.0021741395
1683,0.34434593,0.3421335,0.002212441
1684,0.3443246,0.3421414,0.002183174
1685,0.34420708,0.34212396,0.002083128
1686,0.3440985,0.34211326,0.001985251
1687,0.34397528,0.34211105,0.0018642067
1688,0.34387463,0.34210083,0.0017738088
1689,0.34379688,0.34209093,0.0017059468
1690,0.34375715,0.34207106,0.0016860884
1691,0.343756,0.34207338,0.0016825979
1692,0.34377006,0.34206554,0.0017045295
1693,0.34383333,0.34207413,0.0017591774
1694,0.34390926,0.34207273,0.0018365374
1695,0.34397167,0.3420755,0.0018961836
1696,0.34398514,0.34208053,0.0019046176
1697,0.34390742,0.34206697,0.0018404512
1698,0.3438523,0.34205824,0.0017940684
1699,0.34381124,0.34204036,0.0017708652
1700,0.3437975,0.3420449,0.0017526019
1701,0.3437117,0.342031,0.001680684
1702,0.34368882,0.34203494,0.0016538637
1703,0.34371468,0.3420289,0.001685797
1704,0.34374136,0.34202522,0.0017161493
1705,0.34377554,0.34203088,0.0017446518
1706,0.34378517,0.3420212,0.0017639855
1707,0.34380633,0.3420134,0.0017929245
1708,0.34373665,0.3420054,0.0017312646
1709,0.34364238,0.34199867,0.0016437348
1710,0.34371448,0.3420083,0.0017061841
1711,0.3438868,0.3420131,0.0018737059
1712,0.34399432,0.34201667,0.0019776614
1713,0.34393877,0.34201792,0.0019208568
1714,0.34379295,0.34199533,0.0017976312
1715,0.34364808,0.34198657,0.0016615058
1716,0.34364226,0.34197333,0.0016689368
1717,0.34377676,0.3419977,0.0017790549
1718,0.34386507,0.34198883,0.0018762492
1719,0.34387022,0.34199992,0.0018703224
1720,0.34369606,0.34197497,0.0017211062
1721,0.3436004,0.34195313,0.001647291
1722,0.34372348,0.34197348,0.0017500033
1723,0.3438786,0.34196508,0.0019135332
1724,0.34394458,0.34198648,0.0019580915
1725,0.34374252,0.3419644,0.0017781049
1726,0.3435931,0.34194922,0.0016438637
1727,0.34374166,0.34196362,0.0017780373
1728,0.34394613,0.34196457,0.0019815702
1729,0.3439227,0.3419761,0.0019465843
1730,0.34366822,0.3419435,0.0017246936
1731,0.34359065,0.34193316,0.0016574804
1732,0.34371606,0.34192613,0.0017899483
1733,0.34372616,0.3419602,0.00176595
1734,0.34361196,0.34193692,0.0016750324
1735,0.34355956,0.34190923,0.001650344
1736,0.34360147,0.3419158,0.0016856653
1737,0.34362063,0.3419438,0.0016768262
1738,0.34355706,0.34191108,0.001645978
1739,0.34355,0.34191024,0.0016397753
1740,0.34357557,0.34191215,0.0016634197
1741,0.34354058,0.34189403,0.0016465366
1742,0.34352848,0.3418867,0.0016417872
1743,0.34356996,0.34190702,0.0016629178
1744,0.343529,0.34187704,0.0016519378
1745,0.34350497,0.3418702,0.0016347773
1746,0.34353516,0.3418718,0.0016633669
1747,0.3435225,0.34186947,0.0016530011
1748,0.3435166,0.34185797,0.0016586393
1749,0.34352976,0.34187448,0.0016552813
1750,0.34349757,0.34185606,0.0016415097
1751,0.34351566,0.34186327,0.0016523929
1752,0.34350786,0.34184706,0.0016607742
1753,0.34348404,0.34183717,0.0016468704
1754,0.3434928,0.34184596,0.0016468376
1755,0.34350607,0.34185866,0.0016474128
1756,0.34347922,0.34184447,0.001634761
1757,0.3434862,0.34184378,0.0016423952
1758,0.34347308,0.34183273,0.0016403716
1759,0.34346786,0.341833,0.0016348629
1760,0.34347805,0.34183168,0.001646366
1761,0.34347022,0.34182638,0.0016438381
1762,0.34346038,0.34181917,0.0016412247
1763,0.34346455,0.34182158,0.0016429818
1764,0.34343946,0.34180164,0.0016378323
1765,0.34344286,0.34180313,0.001639734
1766,0.34345114,0.34180346,0.0016477015
1767,0.34343052,0.34178755,0.0016429663
1768,0.34343734,0.3417897,0.0016476291
1769,0.34343672,0.3417909,0.0016458167
1770,0.34340966,0.34177014,0.0016395068
1771,0.34341398,0.34177443,0.0016395589
1772,0.34341505,0.34177357,0.0016414899
1773,0.34340057,0.34176198,0.0016386053
1774,0.343391,0.34175232,0.0016386583
1775,0.34339598,0.34175754,0.0016384326
1776,0.34339496,0.3417571,0.0016378699
1777,0.34338298,0.3417453,0.0016376895
1778,0.3433892,0.34175152,0.0016376894
1779,0.3433788,0.34173736,0.0016414383
1780,0.34338108,0.34174013,0.0016409385
1781,0.34338436,0.34174338,0.0016409525
1782,0.34338164,0.3417363,0.0016453465
1783,0.343383,0.34173808,0.0016449306
1784,0.34338498,0.34173793,0.0016470759
1785,0.34337693,0.34172922,0.0016477064
1786,0.34337777,0.34172815,0.0016496374
1787,0.3433799,0.34172422,0.0016556928
1788,0.34338146,0.34172451,0.0016569296
1789,0.34337586,0.34172598,0.0016498935
1790,0.343351,0.34171295,0.0016380567
1791,0.3433575,0.34170908,0.001648419
1792,0.34338674,0.34171692,0.001669808
1793,0.34337702,0.34171048,0.0016665421
1794,0.34333432,0.34168777,0.0016465461
1795,0.3433378,0.34169745,0.0016403428
1796,0.3433483,0.3416948,0.0016534969
1797,0.34342203,0.34169507,0.0017269546
1798,0.34353378,0.34169176,0.0018420268
1799,0.3436164,0.34170717,0.0019092277
1800,0.34360564,0.34171212,0.0018935209
1801,0.34354278,0.3417007,0.0018420722
1802,0.3434352,0.3416901,0.0017450901
1803,0.34334987,0.34165668,0.0016932029
1804,0.34336,0.3416703,0.0016896945
1805,0.3434053,0.3416646,0.0017407028
1806,0.34348625,0.341669,0.001817242
1807,0.34362012,0.34169713,0.0019229896
1808,0.34371734,0.34171864,0.001998694
1809,0.34367394,0.34168038,0.0019935656
1810,0.34357202,0.3416719,0.0019001035
1811,0.34345424,0.34165737,0.0017968807
1812,0.34336868,0.34164035,0.0017283162
1813,0.34334642,0.34163514,0.0017112968
1814,0.34331566,0.34163302,0.0016826389
1815,0.3432839,0.34162214,0.0016617288
1816,0.34326354,0.34161538,0.0016481843
1817,0.34327126,0.3416203,0.001650981
1818,0.3432808,0.34161654,0.0016642496
1819,0.3432963,0.34160808,0.0016881945
1820,0.3432853,0.3416021,0.0016831979
1821,0.3432706,0.34159863,0.0016719751
1822,0.34325352,0.34160006,0.0016534564
1823,0.34323755,0.34159207,0.0016454667
1824,0.34322718,0.34158337,0.0016438123
1825,0.3432304,0.34158665,0.0016437487
1826,0.34323642,0.34158707,0.0016493561
1827,0.3432236,0.34157127,0.0016523304
1828,0.34322992,0.34157446,0.0016554767
1829,0.3432153,0.3415679,0.0016473826
1830,0.3432015,0.34156477,0.0016367016
1831,0.34319437,0.34155384,0.0016405197
1832,0.3432007,0.34155148,0.0016492235
1833,0.34320405,0.34155256,0.001651495
1834,0.34319353,0.34153917,0.0016543455
1835,0.34320983,0.34155497,0.0016548695
1836,0.34318396,0.34153458,0.0016493772
1837,0.3431808,0.34153235,0.0016484599
1838,0.3431699,0.3415279,0.0016419792
1839,0.34316587,0.3415226,0.0016432889
1840,0.3431585,0.3415168,0.0016417315
1841,0.34317225,0.34150913,0.0016631454
1842,0.34327623,0.34152794,0.0017483048
1843,0.3434665,0.3415408,0.0019256733
1844,0.34363133,0.3415408,0.0020905132
1845,0.34370574,0.34156036,0.0021453626
1846,0.34362152,0.34156424,0.0020572818
1847,0.34340522,0.34152922,0.0018759895
1848,0.34323138,0.34150076,0.001730619
1849,0.34315154,0.34147403,0.001677493
1850,0.34312218,0.34148076,0.0016414396
1851,0.34309593,0.34146655,0.0016293868
1852,0.343125,0.34147063,0.0016543636
1853,0.3431358,0.3414814,0.0016544138
1854,0.3431033,0.34146664,0.0016366538
1855,0.3431058,0.34146997,0.0016358308
1856,0.34311843,0.34146184,0.0016565842
1857,0.34313005,0.34145582,0.0016742547
1858,0.34313172,0.34146386,0.001667846
1859,0.34311223,0.3414552,0.0016570495
1860,0.3430844,0.34145203,0.0016323732
1861,0.34308705,0.34145787,0.0016291861
1862,0.3430945,0.3414443,0.0016502086
1863,0.34312668,0.3414562,0.0016704735
1864,0.34313995,0.34143552,0.0017044106
1865,0.34313953,0.3414472,0.0016923283
1866,0.3430844,0.34143522,0.0016491541
1867,0.34306058,0.34142697,0.0016336255
1868,0.34309915,0.34142724,0.0016719073
1869,0.34312317,0.34142566,0.0016975112
1870,0.34307846,0.3414207,0.0016577415
1871,0.343053,0.34142116,0.0016318675
1872,0.34306392,0.3414188,0.0016451326
1873,0.34306493,0.34140703,0.0016579101
1874,0.34306908,0.34140587,0.0016631999
1875,0.3430348,0.3413959,0.0016388895
1876,0.3430266,0.34139746,0.001629157
1877,0.3430203,0.34138516,0.0016351121
1878,0.3430367,0.3413908,0.0016459122
1879,0.34304076,0.34138483,0.0016559275
1880,0.3430262,0.34138113,0.0016450637
1881,0.34300712,0.34137398,0.0016331483
1882,0.34309784,0.341376,0.0017218173
1883,0.34333965,0.34140396,0.0019356807
1884,0.3433541,0.34139615,0.0019579665
1885,0.343084,0.3413724,0.0017116066
1886,0.3430352,0.34136802,0.0016671717
1887,0.34317023,0.34136245,0.0018077735
1888,0.3432703,0.3413877,0.0018826332
1889,0.34322575,0.34138477,0.001840973
1890,0.3430785,0.3413665,0.0017119851
1891,0.34296617,0.3413321,0.001634071
1892,0.3429885,0.34134683,0.0016416662
1893,0.34303176,0.34135062,0.0016811427
1894,0.3430085,0.3413384,0.0016700994
1895,0.34297684,0.34133056,0.0016462812
1896,0.3429582,0.34133005,0.0016281486
1897,0.34295443,0.34130606,0.0016483826
1898,0.34301493,0.34132013,0.0016948065
1899,0.3430394,0.34132698,0.0017124362
1900,0.34298715,0.34130824,0.0016788866
1901,0.3429385,0.34129748,0.0016410241
1902,0.3429437,0.3413073,0.0016363694
1903,0.34294543,0.34130046,0.0016449916
1904,0.34293267,0.34128383,0.0016488625
1905,0.34294692,0.34129652,0.0016503682
1906,0.34293038,0.34128734,0.0016430214
1907,0.34290707,0.34128177,0.0016252991
1908,0.34290513,0.34126976,0.0016353587
1909,0.34292305,0.34127754,0.0016455192
1910,0.34292296,0.34127033,0.0016526295
1911,0.3428977,0.34124747,0.0016502375
1912,0.34289533,0.34125438,0.0016409655
1913,0.3428765,0.3412435,0.0016329816
1914,0.34288076,0.34124324,0.0016375209
1915,0.34288847,0.34124368,0.0016447892
1916,0.342877,0.34123644,0.0016405616
1917,0.3428596,0.34122723,0.0016323717
1918,0.34285733,0.34122342,0.0016338968
1919,0.3428456,0.34121063,0.0016349659
1920,0.34285292,0.3412163,0.0016366143
1921,0.34284234,0.34120587,0.0016364679
1922,0.3428398,0.34120783,0.0016319973
1923,0.34283096,0.34120286,0.0016280802
1924,0.3428387,0.34121266,0.0016260378
1925,0.3428244,0.3411975,0.0016269225
1926,0.34282634,0.34119555,0.0016308061
1927,0.3428221,0.34119293,0.0016291856
1928,0.34281835,0.34119204,0.0016262915
1929,0.34282464,0.341186,0.001638632
1930,0.3428222,0.34117842,0.0016437661
1931,0.3428241,0.34117565,0.0016484354
1932,0.3428141,0.34116945,0.0016446214
1933,0.34280393,0.34116828,0.0016356331
1934,0.3427913,0.34115824,0.0016330347
1935,0.34279937,0.3411545,0.0016448669
1936,0.34284645,0.34115708,0.0016893974
1937,0.3429627,0.3411705,0.0017922282
1938,0.3432163,0.34117147,0.0020448514
1939,0.34360242,0.3412179,0.0023844969
1940,0.34409508,0.341263,0.0028320714
1941,0.3446695,0.3413431,0.0033263913
1942,0.34517092,0.34139976,0.003771168
1943,0.34550163,0.34141758,0.004084058
1944,0.3454337,0.34137788,0.0040558097
1945,0.34489197,0.34133762,0.0035543446
1946,0.34402582,0.3412344,0.0027914343
1947,0.3432617,0.34116387,0.0020978034
1948,0.3428382,0.34110782,0.0017303802
1949,0.3427265,0.341097,0.0016295215
1950,0.34285843,0.3411122,0.0017462403
1951,0.3431189,0.3411458,0.0019730837
1952,0.3433862,0.34116414,0.00222206
1953,0.3436165,0.34117597,0.0024405122
1954,0.3434864,0.3411539,0.0023325265
1955,0.34322923,0.34112006,0.002109162
1956,0.3431034,0.3411167,0.0019867173
1957,0.34312257,0.3410944,0.0020281705
1958,0.343258,0.34110296,0.0021550315
1959,0.34349445,0.34114364,0.0023508016
1960,0.34379077,0.3411544,0.002636388
1961,0.3441934,0.3411879,0.0030055044
1962,0.34454045,0.34121087,0.0033295867
1963,0.3447524,0.3411971,0.0035552874
1964,0.34476495,0.34121948,0.0035454608
1965,0.34446654,0.3411728,0.0032937124
1966,0.34392023,0.34115294,0.0027672925
1967,0.34331706,0.34111837,0.002198692
1968,0.34279874,0.34107062,0.0017281238
1969,0.34271333,0.3410458,0.0016675384
1970,0.3430819,0.34106416,0.0020177434
1971,0.34342706,0.34112373,0.0023033314
1972,0.34325922,0.341129,0.0021302172
1973,0.34278762,0.34103692,0.0017507073
1974,0.34264955,0.34101352,0.0016360113
1975,0.34298864,0.34104812,0.0019405198
1976,0.34330317,0.34108746,0.0022156935
1977,0.34314963,0.3410767,0.0020729173
1978,0.34276053,0.3410107,0.0017498357
1979,0.3426199,0.34099835,0.0016215391
1980,0.34282053,0.34102184,0.001798699
1981,0.34304985,0.34104195,0.002007913
1982,0.34296164,0.34102947,0.0019321857
1983,0.34271327,0.34099647,0.0017168088
1984,0.34260693,0.34098774,0.0016191624
1985,0.34266946,0.34098688,0.0016825923
1986,0.34282774,0.34100425,0.0018234665
1987,0.3429175,0.34101036,0.0019071447
1988,0.34283194,0.34100917,0.0018227479
1989,0.34265986,0.34098014,0.0016797265
1990,0.34258994,0.34096366,0.0016262885
1991,0.34266248,0.34096783,0.0016946312
1992,0.34275508,0.34097233,0.001782744
1993,0.34275302,0.3409731,0.0017799092
1994,0.3426442,0.34094802,0.001696207
1995,0.34256625,0.34093994,0.0016263071
1996,0.3425711,0.34093887,0.001632246
1997,0.34262258,0.34094098,0.0016815845
1998,0.34266126,0.34093767,0.0017235989
1999,0.34265935,0.34093478,0.0017245658
2000,0.34260374,0.3409267,0.0016770182
2001,0.342552,0.34092253,0.0016294699
2002,0.34252098,0.3409012,0.0016197668
2003,0.342562,0.3409112,0.0016507835
2004,0.3425915,0.34090978,0.0016817205
2005,0.34256607,0.3408971,0.0016689578
2006,0.34253198,0.34088814,0.0016438296
2007,0.34250116,0.34088767,0.001613475
2008,0.34251302,0.3408907,0.0016223136
2009,0.34252658,0.34088483,0.0016417612
2010,0.3425221,0.34087795,0.0016441556
2011,0.34251294,0.34087706,0.0016358688
2012,0.34249115,0.34087223,0.0016189124
2013,0.34248522,0.34086826,0.0016169526
2014,0.3424838,0.3408615,0.0016222956
2015,0.34249777,0.34085792,0.0016398244
2016,0.34252802,0.34086347,0.0016645435
2017,0.34255168,0.3408681,0.0016835904
2018,0.34255406,0.3408561,0.0016979749
2019,0.3425746,0.34086072,0.0017138779
2020,0.34255823,0.3408595,0.00169871
2021,0.34251454,0.34085363,0.0016609041
2022,0.34247705,0.3408501,0.0016269407
2023,0.34246618,0.34084737,0.0016188035
2024,0.34246174,0.34083813,0.0016235973
2025,0.342476,0.34082955,0.0016464589
2026,0.34251913,0.34084144,0.0016776889
2027,0.34249792,0.3408218,0.0016760908
2028,0.34248894,0.3408196,0.001669351
2029,0.34246358,0.34081948,0.0016441112
2030,0.34242976,0.3408126,0.0016171777
2031,0.34242392,0.34081343,0.0016104982
2032,0.34243685,0.34081414,0.0016227098
2033,0.34245053,0.34080288,0.0016476645
2034,0.3424532,0.3407985,0.0016547067
2035,0.34243762,0.34079766,0.0016399529
2036,0.34240976,0.34079328,0.0016164659
2037,0.34243083,0.3407928,0.0016380245
2038,0.34251106,0.3408089,0.0017021743
2039,0.34252608,0.34079754,0.001728531
2040,0.3424825,0.34078676,0.0016957665
2041,0.34240425,0.34077886,0.001625384
2042,0.34240523,0.3407723,0.0016329468
2043,0.34252936,0.3407833,0.0017460755
2044,0.34272248,0.34080097,0.001921493
2045,0.34287873,0.34080884,0.002069888
2046,0.34290045,0.34081542,0.0020850336
2047,0.34278366,0.34078404,0.0019996173
2048,0.3426146,0.34076524,0.0018493503
2049,0.342439,0.34075877,0.0016802289
2050,0.34238353,0.3407421,0.00164141
2051,0.3424024,0.34075314,0.0016492766
2052,0.34244516,0.3407406,0.0017045498
2053,0.3424594,0.34074786,0.0017115518
2054,0.3424498,0.34073687,0.0017129406
2055,0.34247908,0.3407226,0.0017564937
2056,0.3428809,0.34075227,0.0021286556
2057,0.34408146,0.34081346,0.0032680098
2058,0.34599012,0.3409652,0.00502491
2059,0.3472314,0.3411271,0.006104274
2060,0.34664428,0.34108418,0.005560094
2061,0.34455335,0.34087187,0.0036814832
2062,0.34273455,0.3407264,0.0020081415
2063,0.34234196,0.34069374,0.0016482348
2064,0.34266666,0.3407219,0.0019447539
2065,0.34343243,0.3407438,0.0026886293
2066,0.34444436,0.34087247,0.0035718984
2067,0.34475467,0.34086505,0.003889627
2068,0.34404647,0.3407853,0.0032611862
2069,0.34296846,0.34076926,0.0021992107
2070,0.3423183,0.3406828,0.0016355019
2071,0.34244686,0.34068415,0.0017627195
2072,0.3429847,0.34073737,0.0022473452
2073,0.34331334,0.3407636,0.0025497358
2074,0.34311938,0.34071922,0.0024001482
2075,0.3426285,0.3406822,0.0019463202
2076,0.34232208,0.34065786,0.0016642108
2077,0.34225497,0.34064186,0.0016131109
2078,0.34232935,0.34065133,0.001678044
2079,0.34251928,0.34066114,0.0018581515
2080,0.34280744,0.3406793,0.0021281503
2081,0.34290096,0.3407028,0.0021981595
2082,0.34269902,0.34066606,0.0020329556
2083,0.34244218,0.3406425,0.0017996635
2084,0.34227937,0.34063992,0.0016394753
2085,0.34224993,0.34063283,0.0016171087
2086,0.34225398,0.34062448,0.0016295018
2087,0.34223947,0.34061596,0.0016235223
2088,0.34225133,0.34063315,0.0016181765
2089,0.34227407,0.34063342,0.0016406461
2090,0.34236208,0.34063506,0.0017270098
2091,0.34256244,0.3406269,0.0019355433
2092,0.34271532,0.3406322,0.0020831232
2093,0.3426651,0.340642,0.0020231002
2094,0.34248412,0.34062597,0.0018581478
2095,0.34227204,0.34059122,0.0016808131
2096,0.34220326,0.34059095,0.00161232
2097,0.34232768,0.34058574,0.0017419423
2098,0.34243295,0.34060442,0.0018285273
2099,0.34252995,0.34061265,0.0019173175
2100,0.3425393,0.34059355,0.0019457486
2101,0.34245458,0.34059617,0.0018584237
2102,0.34229222,0.3405881,0.0017041366
2103,0.34218672,0.34056875,0.0016179582
2104,0.34223297,0.34055778,0.0016751917
2105,0.34248564,0.34056765,0.001917981
2106,0.34285212,0.34063303,0.0022190758
2107,0.34289202,0.34059373,0.0022983197
2108,0.34256992,0.34055975,0.00201017
2109,0.34226376,0.3405408,0.0017229818
2110,0.34214318,0.34053,0.0016131824
2111,0.3421579,0.3405243,0.0016336145
2112,0.34222317,0.3405363,0.0016868904
2113,0.34220022,0.3405227,0.0016775373
2114,0.3421566,0.340522,0.0016345773
2115,0.34212354,0.3405101,0.0016134428
2116,0.34214374,0.34050933,0.0016344333
2117,0.3422104,0.34052032,0.0016900848
2118,0.34229478,0.34051907,0.001775728
2119,0.34237522,0.34051734,0.0018578885
2120,0.34237933,0.3405071,0.0018722664
2121,0.34231275,0.3405109,0.0018018592
2122,0.3422074,0.34049493,0.0017124668
2123,0.34213987,0.34048304,0.0016568378
2124,0.3421216,0.34048206,0.0016395524
2125,0.34212315,0.34046626,0.001656884
2126,0.34219477,0.34048542,0.0017093497
2127,0.34228283,0.34047797,0.0018048541
2128,0.34241393,0.34049737,0.00191656
2129,0.34246966,0.3404856,0.0019840535
2130,0.34243006,0.34048843,0.0019416073
2131,0.3423294,0.34046754,0.0018618635
2132,0.34222513,0.34045106,0.0017740801
2133,0.34214255,0.34044692,0.0016956432
2134,0.34210923,0.34043962,0.0016695999
2135,0.34211853,0.34043396,0.0016845709
2136,0.34219572,0.3404463,0.0017494243
2137,0.34225297,0.34043378,0.0018191732
2138,0.34231466,0.34044144,0.0018732421
2139,0.34232998,0.34044403,0.0018859564
2140,0.34227562,0.34043798,0.0018376283
2141,0.34218478,0.3404261,0.0017586829
2142,0.34211856,0.34041744,0.0017011125
2143,0.3420818,0.34041294,0.001668846
2144,0.34207878,0.34040248,0.001676286
2145,0.34214076,0.34041798,0.0017227863
2146,0.3422121,0.34041366,0.0017984394
2147,0.34228542,0.34041148,0.0018739275
2148,0.34227648,0.34040093,0.001875547
2149,0.34220752,0.34039658,0.0018109444
2150,0.34205183,0.34038466,0.0016671665
2151,0.3420062,0.3403863,0.0016198935
2152,0.3420709,0.34037435,0.0016965575
2153,0.34217513,0.3403782,0.0017969236
2154,0.3422638,0.34039778,0.0018660113
2155,0.34223413,0.34039244,0.0018416882
2156,0.34213182,0.34037465,0.0017571717
2157,0.34198195,0.34035134,0.0016305868
2158,0.34197992,0.3403576,0.0016223021
2159,0.34204462,0.34034473,0.0016998717
2160,0.3421158,0.3403513,0.001764483
2161,0.34216574,0.34036446,0.001801287
2162,0.34214693,0.34036273,0.0017842266
2163,0.34208432,0.34035054,0.0017337812
2164,0.34199047,0.3403496,0.0016408559
2165,0.34197187,0.34034574,0.0016261109
2166,0.34203357,0.34034708,0.0016865085
2167,0.34205183,0.3403442,0.0017076384
2168,0.34200215,0.34033364,0.001668521
2169,0.3419614,0.3403306,0.0016308113
2170,0.34201518,0.3403302,0.0016849717
2171,0.34226635,0.34034115,0.001925198
2172,0.3425517,0.34036496,0.0021867503
2173,0.34261522,0.34035692,0.0022583092
2174,0.34244534,0.3403308,0.0021145488
2175,0.34220433,0.3403209,0.0018834632
2176,0.34197062,0.34030905,0.001661568
2177,0.3419949,0.34030715,0.0016877506
2178,0.34219375,0.3403216,0.0018721642
2179,0.3423102,0.3402977,0.0020124936
2180,0.34237292,0.34030977,0.0020631428
2181,0.34230173,0.34030518,0.0019965586
2182,0.34218746,0.34028697,0.0019004944
2183,0.3420249,0.34028825,0.0017366313
2184,0.3418945,0.3402613,0.0016331825
2185,0.3419859,0.34026203,0.001723866
2186,0.34210017,0.34027043,0.0018297245
2187,0.34201774,0.34026477,0.0017529603
2188,0.34187514,0.34024084,0.0016342957
2189,0.34194085,0.34026256,0.0016782777
2190,0.34202927,0.3402428,0.0017864823
2191,0.34211317,0.34023783,0.0018753366
2192,0.3420861,0.3402441,0.0018419772
2193,0.34198356,0.3402476,0.0017359325
2194,0.34187815,0.3402235,0.0016546454
2195,0.3418706,0.3402367,0.0016339052
2196,0.34185705,0.34021404,0.0016430148
2197,0.34190747,0.34021822,0.0016892571
2198,0.34190935,0.34021622,0.001693113
2199,0.34193832,0.34022018,0.0017181454
2200,0.34192336,0.34019992,0.0017234305
2201,0.34187496,0.34020004,0.0016749303
2202,0.34182885,0.34020585,0.0016229909
2203,0.34182683,0.34020904,0.0016177878
2204,0.3418623,0.3402009,0.0016613954
2205,0.34199548,0.34020674,0.0017887246
2206,0.34227607,0.34020287,0.002073201
2207,0.34247956,0.34023947,0.0022400995
2208,0.34244123,0.34022537,0.0022158455
2209,0.34228796,0.3402173,0.0020706546
2210,0.34216952,0.3401978,0.0019717112
2211,0.34201857,0.34017503,0.0018435412
2212,0.34185812,0.34016827,0.0016898658
2213,0.34178743,0.3401663,0.001621115
2214,0.3418211,0.34016088,0.001660214
2215,0.34188148,0.34016156,0.0017199017
2216,0.34185982,0.3401538,0.0017059951
2217,0.34180152,0.34014535,0.0016561787
2218,0.3417599,0.34014127,0.0016186105
2219,0.3417545,0.34014037,0.0016141168
2220,0.34174994,0.3401328,0.0016171413
2221,0.3417569,0.34012997,0.0016269346
2222,0.34177086,0.34012505,0.001645796
2223,0.34179524,0.34012502,0.0016702146
2224,0.34187534,0.34014523,0.0017301055
2225,0.34194702,0.340142,0.001804997
2226,0.34190193,0.34012845,0.0017734589
2227,0.34183496,0.3401329,0.0017020672
2228,0.34175488,0.34012067,0.001634229
2229,0.341739,0.34011042,0.0016285826
2230,0.34178078,0.34011304,0.0016677373
2231,0.34179807,0.34011346,0.0016846207
2232,0.34175897,0.34010845,0.0016505059
2233,0.34173152,0.3401071,0.0016244052
2234,0.34176344,0.34009618,0.0016672611
2235,0.3419786,0.34013394,0.0018446718
2236,0.34213006,0.34011093,0.0020191246
2237,0.34211963,0.34011906,0.0020005708
2238,0.34198585,0.34010586,0.0018799981
2239,0.34181508,0.34008795,0.0017271198
2240,0.34173638,0.34007353,0.0016628426
2241,0.34168756,0.34006974,0.0016178142
2242,0.34172025,0.34007007,0.0016501776
2243,0.34171915,0.3400686,0.00165056
2244,0.34167695,0.340062,0.0016149462
2245,0.34168315,0.34005854,0.0016246099
2246,0.3417726,0.34005538,0.0017172045
2247,0.34201747,0.34009892,0.0019185573
2248,0.34214115,0.3400839,0.0020572394
2249,0.34219515,0.3400719,0.0021232564
2250,0.34220064,0.3400948,0.0021058235
2251,0.34205082,0.34007457,0.001976253
2252,0.3418991,0.340058,0.001841094
2253,0.34179515,0.34004143,0.00175373
2254,0.34176537,0.340038,0.0017273882
2255,0.34176388,0.34004742,0.0017164617
2256,0.34176,0.3400318,0.0017281963
2257,0.3418092,0.3400239,0.0017853068
2258,0.34216034,0.34002912,0.0021312144
2259,0.34319675,0.34014732,0.0030494493
2260,0.3442029,0.34018555,0.004017354
2261,0.34429222,0.34016895,0.004123276
2262,0.3434224,0.34013543,0.0032869764
2263,0.34213027,0.34005186,0.0020784112
2264,0.34165847,0.34000123,0.0016572453
2265,0.34236428,0.34005693,0.0023073643
2266,0.34337693,0.34012824,0.0032486909
2267,0.34316117,0.34014136,0.0030198083
2268,0.3420714,0.34002846,0.002042955
2269,0.34161964,0.34000114,0.0016184933
2270,0.34208342,0.340032,0.002051418
2271,0.34276846,0.34005806,0.0027104001
2272,0.34283426,0.34005606,0.0027781948
2273,0.34217584,0.34003997,0.0021358707
2274,0.34160653,0.34000036,0.001606144
2275,0.34188175,0.3399879,0.0018938504
2276,0.3424679,0.3400455,0.002422403
2277,0.34240004,0.3399988,0.0024012385
2278,0.34191424,0.3400082,0.0019060262
2279,0.34163868,0.3399915,0.0016471867
2280,0.34216237,0.34001106,0.00215131
2281,0.3427863,0.3400907,0.0026956315
2282,0.3424692,0.33998036,0.0024888054
2283,0.3419179,0.34001386,0.0019040585
2284,0.3416023,0.3399535,0.0016487874
2285,0.34204516,0.34001628,0.0020288955
2286,0.3422543,0.3400109,0.0022433996
2287,0.34182978,0.3399512,0.0018785866
2288,0.34161258,0.3399816,0.0016309812
2289,0.3417487,0.3399212,0.0018275141
2290,0.34199336,0.33999804,0.0019953244
2291,0.3417676,0.3399228,0.0018448078
2292,0.3416046,0.33995026,0.0016543304
2293,0.34155202,0.3399195,0.0016325077
2294,0.3417302,0.33990192,0.0018282818
2295,0.3418666,0.3399775,0.0018891062
2296,0.34162226,0.33990413,0.0017181371
2297,0.34155583,0.3399274,0.0016284367
2298,0.34153983,0.33986655,0.0016732734
2299,0.34161353,0.33989537,0.0017181681
2300,0.3415064,0.33986416,0.0016422544
2301,0.34150562,0.33987552,0.0016300923
2302,0.34148836,0.3398602,0.0016281601
2303,0.34148824,0.33985522,0.0016330257
2304,0.3414577,0.33985302,0.0016046986
2305,0.34154916,0.33985302,0.0016961411
2306,0.3416847,0.33986142,0.0018232601
2307,0.34187436,0.33988246,0.0019918769
2308,0.34161317,0.33983916,0.0017739988
2309,0.3414708,0.33984697,0.0016238425
2310,0.3417136,0.33983666,0.0018769559
2311,0.34222493,0.33985692,0.002368015
2312,0.34243783,0.33991978,0.002518036
2313,0.34209964,0.33987704,0.0022226041
2314,0.34179324,0.33984447,0.0019487815
2315,0.34156528,0.33982205,0.0017432334
2316,0.34154686,0.3398202,0.0017266687
2317,0.34144688,0.33982617,0.0016207075
2318,0.34151092,0.339814,0.0016969095
2319,0.34160686,0.33982986,0.0017770022
2320,0.34153837,0.33980224,0.0017361343
2321,0.3414432,0.33979437,0.001648829
2322,0.34143355,0.33980912,0.0016244447
2323,0.3413982,0.33979177,0.0016064367
2324,0.3414333,0.33981028,0.0016230034
2325,0.34137395,0.33977735,0.0015965884
2326,0.34141764,0.33980066,0.0016169779
2327,0.34136808,0.33976838,0.0015996937
2328,0.34140038,0.33979312,0.0016072647
2329,0.34136125,0.3397657,0.0015955495
2330,0.34137788,0.33977658,0.0016012896
2331,0.3413543,0.3397609,0.0015934225
2332,0.34136522,0.33976343,0.0016017694
2333,0.34134772,0.33974954,0.0015981859
2334,0.3413527,0.33975112,0.0016015688
2335,0.3413461,0.33974922,0.0015968982
2336,0.34134388,0.33973747,0.0016064113
2337,0.3413453,0.3397461,0.0015992348
2338,0.34135494,0.33974546,0.0016094664
2339,0.3413397,0.33973932,0.0016003695
2340,0.3413394,0.3397364,0.0016030129
2341,0.3413329,0.3397309,0.0016020129
2342,0.3413351,0.33972353,0.0016115538
2343,0.34133342,0.33972836,0.0016050742
2344,0.34132382,0.33971795,0.0016058523
2345,0.34130657,0.33971143,0.001595141
2346,0.34130704,0.33971122,0.0015958454
2347,0.34130347,0.33970496,0.0015984994
2348,0.34129953,0.33970308,0.001596431
2349,0.3412926,0.33969596,0.0015966367
2350,0.34129706,0.33969897,0.0015980985
2351,0.34129247,0.33969152,0.0016009642
2352,0.34130165,0.3396921,0.0016095802
2353,0.3412845,0.33968827,0.0015962373
2354,0.3412696,0.33967683,0.0015928019
2355,0.34126672,0.33966658,0.0016001314
2356,0.34128836,0.33967847,0.0016098993
2357,0.34130776,0.33967304,0.0016347186
2358,0.34132484,0.33967435,0.001650488
2359,0.34133914,0.339659,0.0016801457
2360,0.3413356,0.33966294,0.001672669
2361,0.34131804,0.3396522,0.0016658359
2362,0.3412767,0.33965382,0.0016228668
2363,0.34124368,0.33964482,0.0015988534
2364,0.34124523,0.33964658,0.0015986741
2365,0.34123975,0.33963662,0.0016031377
2366,0.3412454,0.33964032,0.0016051021
2367,0.34123,0.3396366,0.0015934218
2368,0.34122288,0.33962846,0.0015944324
2369,0.3412287,0.33962932,0.0015993757
2370,0.3412306,0.33962783,0.0016027773
2371,0.341218,0.33961612,0.0016018709
2372,0.34121805,0.33962077,0.0015972825
2373,0.34120893,0.3396118,0.0015971208
2374,0.3412057,0.339608,0.0015976721
2375,0.34121105,0.33961353,0.00159752
2376,0.34119925,0.3395967,0.0016025591
2377,0.3411956,0.33959606,0.0015995338
2378,0.34119534,0.33959568,0.001599668
2379,0.34118837,0.33958286,0.0016054919
2380,0.34118098,0.3395776,0.0016033857
2381,0.34118834,0.3395824,0.0016059205
2382,0.3411844,0.33957943,0.0016049605
2383,0.34117717,0.33957636,0.0016007964
2384,0.34116971,0.33957246,0.0015972676
2385,0.34117362,0.33957034,0.0016032753
2386,0.3411803,0.33957306,0.0016072321
2387,0.34117937,0.33957407,0.0016053073
2388,0.341174,0.3395704,0.0016036006
2389,0.3411558,0.33955932,0.0015965055
2390,0.34114498,0.33955532,0.0015896673
2391,0.34115192,0.33955017,0.0016017493
2392,0.34114936,0.3395336,0.0016157508
2393,0.34115377,0.3395358,0.0016179694
2394,0.34113967,0.33952123,0.0016184468
2395,0.3411395,0.3395391,0.0016003831
2396,0.34111527,0.33952042,0.0015948282
2397,0.3411175,0.33952364,0.0015938614
2398,0.3411083,0.3395108,0.0015974896
2399,0.34110922,0.3395097,0.0015995217
2400,0.3411059,0.33950254,0.0016033694
2401,0.34110802,0.33949944,0.0016085741
2402,0.34110788,0.33950034,0.0016075254
2403,0.34110963,0.33949682,0.001612806
2404,0.3411286,0.3395092,0.0016193871
2405,0.3411086,0.33949363,0.0016149826
2406,0.34109634,0.33949202,0.001604341
2407,0.34108028,0.33948538,0.001594906
2408,0.34108272,0.33948448,0.0015982498
2409,0.34110853,0.3394817,0.0016268106
2410,0.34115478,0.3394806,0.0016741737
2411,0.34117582,0.339488,0.0016878269
2412,0.34113318,0.33948088,0.0016522972
2413,0.34107476,0.3394681,0.0016066693
2414,0.34106115,0.33946946,0.001591693
2415,0.341079,0.33946058,0.0016184266
2416,0.34111884,0.3394639,0.0016549386
2417,0.34113333,0.3394721,0.001661246
2418,0.34110478,0.3394624,0.0016423858
2419,0.34105396,0.33944786,0.0016061276
2420,0.34103402,0.3394476,0.0015864519
2421,0.34104204,0.33944356,0.0015984897
2422,0.34110662,0.33943814,0.00166848
2423,0.3412656,0.3394487,0.0018168993
2424,0.34143478,0.33945578,0.0019790013
2425,0.3413625,0.33945414,0.0019083401
2426,0.3411902,0.33943433,0.0017558545
2427,0.34106287,0.33941483,0.0016480193
2428,0.34106448,0.3394278,0.0016366709
2429,0.34107426,0.33941308,0.0016611877
2430,0.3411776,0.3394297,0.0017479265
2431,0.34133226,0.3394244,0.0019078541
2432,0.3415169,0.33945253,0.0020643887
2433,0.34143698,0.3394356,0.0020013547
2434,0.34125906,0.33941722,0.0018418347
2435,0.3410288,0.33939272,0.0016360749
2436,0.34100148,0.3393916,0.0016098933
2437,0.34107003,0.33939657,0.001673473
2438,0.34117788,0.33939072,0.001787176
2439,0.34120646,0.33940122,0.0018052587
2440,0.34108078,0.339377,0.0017037939
2441,0.34098476,0.33937213,0.0016126385
2442,0.3409851,0.33937433,0.0016107712
2443,0.34109604,0.33937675,0.0017193105
2444,0.3413099,0.33940488,0.0019050256
2445,0.3413342,0.33938494,0.0019492503
2446,0.34122604,0.33939755,0.0018284947
2447,0.34098208,0.33936432,0.0016177474
2448,0.34095892,0.33936128,0.0015976425
2449,0.34105718,0.33936122,0.0016959796
2450,0.34102356,0.339356,0.0016675427
2451,0.34094173,0.33935323,0.0015884876
2452,0.34098482,0.33934587,0.0016389517
2453,0.34106255,0.3393477,0.0017148505
2454,0.34106812,0.33936343,0.0017047062
2455,0.34095058,0.3393493,0.0016012962
2456,0.34094447,0.33932838,0.0016161086
2457,0.3411399,0.33936876,0.0017711476
2458,0.3411406,0.33934554,0.0017950317
2459,0.34094894,0.3393372,0.0016117494
2460,0.3409451,0.33932203,0.0016230678
2461,0.34111816,0.33935526,0.0017628927
2462,0.34118125,0.33934614,0.0018351085
2463,0.3410139,0.33933073,0.0016831908
2464,0.3409109,0.33930802,0.0016028937
2465,0.34116927,0.33931637,0.0018528992
2466,0.34123185,0.33933184,0.0019000083
2467,0.3409568,0.3393006,0.0016562206
2468,0.34089184,0.33928767,0.0016041755
2469,0.34111738,0.33930644,0.0018109314
2470,0.3412261,0.3393151,0.0019110122
2471,0.3410552,0.33928528,0.0017699383
2472,0.34084526,0.33925873,0.0015865363
2473,0.34089,0.339257,0.0016329758
2474,0.3410978,0.3392783,0.0018195102
2475,0.34109044,0.3392698,0.0018206642
2476,0.34090105,0.33926076,0.0016403028
2477,0.3408371,0.33924815,0.0015889353
2478,0.3409936,0.3392565,0.0017371203
2479,0.34105638,0.33926222,0.0017941358
2480,0.34089556,0.3392327,0.0016628538
2481,0.34081307,0.33924058,0.0015724913
2482,0.3408959,0.3392487,0.0016472128
2483,0.3409666,0.33923307,0.0017335424
2484,0.34091496,0.33925202,0.0016629357
2485,0.34079447,0.3392172,0.0015773075
2486,0.34082264,0.33921584,0.0016067959
2487,0.34090847,0.3392351,0.0016733849
2488,0.34087965,0.33921227,0.0016673779
2489,0.3407912,0.3392094,0.0015817707
2490,0.34078595,0.3392044,0.0015815452
2491,0.3408284,0.33919343,0.0016349724
2492,0.34080148,0.33919808,0.0016034015
2493,0.34076223,0.33919334,0.0015688712
2494,0.3407922,0.33919394,0.0015982816
2495,0.34080344,0.33918738,0.0016160775
2496,0.34077588,0.33917847,0.0015974033
2497,0.34074855,0.33917657,0.0015719829
2498,0.34076178,0.3391805,0.0015812851
2499,0.3407671,0.33916944,0.0015976293
2500,0.34075022,0.33916757,0.0015826471
2501,0.34072715,0.33916,0.0015671514
2502,0.34074882,0.33916003,0.0015887879
2503,0.34076253,0.33916062,0.0016019177
2504,0.34073207,0.33915308,0.0015789733
2505,0.3407322,0.3391472,0.0015849728
2506,0.34079853,0.33915114,0.0016473562
2507,0.3407688,0.33914465,0.0016241472
2508,0.34071857,0.33914402,0.0015745526
2509,0.34076917,0.33915177,0.0016173862
2510,0.3407888,0.33913955,0.0016492686
2511,0.3407609,0.33915237,0.0016085014
2512,0.34070688,0.33913004,0.0015768638
2513,0.3407874,0.3391369,0.0016505016
2514,0.34087825,0.33916008,0.0017181901
2515,0.34078628,0.33914205,0.0016442195
2516,0.34066725,0.33910713,0.0015601305
2517,0.34071007,0.33911595,0.0015941297
2518,0.34076905,0.33913198,0.001637082
2519,0.34072366,0.3391096,0.0016140603
2520,0.34067303,0.3391006,0.0015724323
2521,0.34066045,0.33909258,0.0015678732
2522,0.34068483,0.33908898,0.0015958792
2523,0.34070885,0.33908263,0.0016262245
2524,0.3407064,0.33909112,0.0016153116
2525,0.34065637,0.33907914,0.0015772417
2526,0.34063756,0.33908024,0.0015573208
2527,0.34064677,0.33907625,0.0015705142
2528,0.3406545,0.33906272,0.0015917845
2529,0.3406878,0.33907747,0.001610361
2530,0.34065884,0.3390667,0.0015921413
2531,0.34062505,0.33905447,0.0015705973
2532,0.34061384,0.33905047,0.0015633482
2533,0.3406083,0.33904254,0.0015657563
2534,0.34060514,0.33903843,0.0015666874
2535,0.34060687,0.33904064,0.0015662551
2536,0.34059784,0.33903813,0.0015596872
2537,0.34059167,0.33903244,0.0015592135
2538,0.34059036,0.33902234,0.0015680382
2539,0.3405977,0.3390237,0.0015739606
2540,0.3405829,0.3390184,0.0015645011
2541,0.34058055,0.33901396,0.0015665905
2542,0.34059468,0.33901805,0.0015766354
2543,0.34057283,0.33900756,0.0015652899
2544,0.34056532,0.33900326,0.0015620748
2545,0.3405727,0.33900583,0.0015668772
2546,0.34056073,0.3389998,0.0015609184
2547,0.34056062,0.339,0.0015606388
2548,0.34055513,0.33899215,0.0015629826
2549,0.3405508,0.33898836,0.0015624411
2550,0.34053504,0.33897436,0.0015606895
2551,0.3405422,0.33898234,0.0015598496
2552,0.34053412,0.33897117,0.0015629644
2553,0.3405251,0.338968,0.001557077
2554,0.34052122,0.3389622,0.0015590085
2555,0.34052217,0.33895755,0.0015646464
2556,0.34051502,0.33895096,0.0015640674
2557,0.34051645,0.33895326,0.0015631852
2558,0.34050336,0.33894172,0.001561664
2559,0.340496,0.3389351,0.0015608907
2560,0.34049648,0.33893517,0.0015613004
2561,0.3404941,0.33893216,0.0015619202
2562,0.34049097,0.33892992,0.0015610467
2563,0.340486,0.3389264,0.0015596073
2564,0.34048465,0.3389246,0.0015600501
2565,0.34047803,0.33892062,0.0015574113
2566,0.34047532,0.33891872,0.0015566022
2567,0.3404693,0.33891144,0.0015578462
2568,0.34047025,0.33890715,0.001563099
2569,0.34046555,0.3389012,0.0015643602
2570,0.3404603,0.33889437,0.0015659217
2571,0.34045246,0.33888838,0.0015640896
2572,0.34046054,0.33889708,0.0015634701
2573,0.34045783,0.33888638,0.0015714683
2574,0.3404401,0.33887267,0.0015674174
2575,0.34044385,0.3388776,0.0015662506
2576,0.3404424,0.33887744,0.0015649389
2577,0.34043503,0.33886644,0.0015685925
2578,0.34043366,0.33886123,0.001572441
2579,0.34040993,0.33884287,0.0015670538
2580,0.3404151,0.33885616,0.0015589563
2581,0.34040374,0.33884466,0.0015590886
2582,0.34040773,0.33884805,0.001559664
2583,0.3404017,0.33884028,0.0015614338
2584,0.3403995,0.33883613,0.0015633919
2585,0.34039146,0.33883113,0.0015603054
2586,0.34037948,0.33882293,0.0015565442
2587,0.34038997,0.3388285,0.0015614551
2588,0.3403927,0.33882293,0.0015697817
2589,0.34047157,0.33883566,0.0016359009
2590,0.34054756,0.3388268,0.0017207488
2591,0.3406973,0.33884904,0.0018482556
2592,0.34071997,0.3388447,0.0018752823
2593,0.34066787,0.33883592,0.0018319574
2594,0.3405289,0.33880332,0.0017255824
2595,0.34047163,0.33880922,0.0016624186
2596,0.34036717,0.3387882,0.0015789757
2597,0.34033597,0.33878937,0.0015465932
2598,0.34038118,0.33880404,0.001577127
2599,0.3403969,0.33878765,0.0016092872
2600,0.34042686,0.33880356,0.0016232952
2601,0.34039143,0.33880126,0.0015901614
2602,0.34033585,0.33878276,0.001553099
2603,0.3403145,0.3387706,0.0015438951
2604,0.34033602,0.33877546,0.001560562
2605,0.3403515,0.33877504,0.0015764456
2606,0.34032863,0.3387568,0.0015718142
2607,0.3403289,0.3387581,0.0015707787
2608,0.3403043,0.3387566,0.001547693
2609,0.34028506,0.3387428,0.001542271
2610,0.34029552,0.33874834,0.0015471912
2611,0.3403144,0.3387487,0.0015657019
2612,0.34033602,0.33874878,0.0015872566
2613,0.34034002,0.33875182,0.0015881887
2614,0.34031254,0.33873734,0.0015751794
2615,0.34026766,0.3387206,0.0015470533
2616,0.34029284,0.3387376,0.0015552378
2617,0.34031776,0.3387219,0.0015958581
2618,0.34031677,0.3387217,0.0015950676
2619,0.34028852,0.33872256,0.0015659689
2620,0.34025225,0.33870995,0.001542304
2621,0.34026203,0.33870882,0.0015531993
2622,0.34025246,0.33870015,0.001552312
2623,0.34024352,0.33869636,0.0015471606
2624,0.34024453,0.33869028,0.0015542427
2625,0.34026244,0.33868954,0.0015728915
2626,0.34028345,0.33869478,0.0015886852
2627,0.3402919,0.33868894,0.0016029645
2628,0.34031284,0.33868992,0.0016229277
2629,0.34037673,0.33868173,0.0016950108
2630,0.34060866,0.33870408,0.0019045571
2631,0.34107864,0.33874562,0.0023330385
2632,0.34165928,0.33878124,0.0028780515
2633,0.34212252,0.338816,0.0033065483
2634,0.34218723,0.33883587,0.0033513666
2635,0.34187916,0.33882293,0.0030562375
2636,0.34132046,0.33873793,0.0025825237
2637,0.34083802,0.3387092,0.002128815
2638,0.34039107,0.33867738,0.0017137115
2639,0.3402048,0.3386523,0.0015524983
2640,0.34031564,0.3386511,0.0016645314
2641,0.34054098,0.33867472,0.001866246
2642,0.3406002,0.338682,0.0019181985
2643,0.34041357,0.33864373,0.0017698442
2644,0.3402691,0.33865428,0.001614796
2645,0.34020743,0.33863822,0.0015692223
2646,0.34029964,0.33863634,0.0016632916
2647,0.3404703,0.3386506,0.001819703
2648,0.34049398,0.338649,0.0018449724
2649,0.34036854,0.33863068,0.0017378569
2650,0.34021914,0.3386206,0.0015985273
2651,0.3401613,0.3386136,0.0015476823
2652,0.34020448,0.33862185,0.0015826111
2653,0.34021994,0.33859214,0.0016277948
2654,0.34022337,0.33859652,0.0016268461
2655,0.34017515,0.33859497,0.0015801672
2656,0.34013182,0.33858392,0.0015478965
2657,0.3401193,0.33857805,0.0015412534
2658,0.34013763,0.3385846,0.001553014
2659,0.3401422,0.3385748,0.0015673868
2660,0.34012446,0.33858505,0.0015394326
2661,0.34011695,0.33857387,0.001543099
2662,0.34010592,0.3385703,0.0015356262
2663,0.34010518,0.33856484,0.0015403389
2664,0.34008774,0.33854836,0.0015393797
2665,0.3401037,0.3385663,0.0015373919
2666,0.3400812,0.33854058,0.0015406075
2667,0.3400958,0.33855656,0.0015392399
2668,0.34008005,0.33854505,0.0015350248
2669,0.34007695,0.33855093,0.0015260138
2670,0.34006882,0.338545,0.0015238201
2671,0.34007177,0.3385457,0.0015260581
2672,0.34006858,0.3385383,0.0015302992
2673,0.34006515,0.3385341,0.0015310654
2674,0.34005147,0.3385204,0.0015310692
2675,0.34005436,0.33852628,0.0015280794
2676,0.34004387,0.33851555,0.001528315
2677,0.34004727,0.33851302,0.0015342488
2678,0.34003565,0.33850428,0.0015313376
2679,0.34003115,0.33849895,0.0015322007
2680,0.34002402,0.33849654,0.0015274957
2681,0.34005392,0.33849442,0.0015595017
2682,0.3401707,0.33849382,0.0016769047
2683,0.34046665,0.33852008,0.001946578
2684,0.34092173,0.3385399,0.0023818503
2685,0.34135944,0.3385786,0.0027808477
2686,0.34158105,0.33859578,0.0029852632
2687,0.34155616,0.33861086,0.0029452855
2688,0.3414143,0.3385842,0.002830073
2689,0.3411536,0.33853295,0.0026206265
2690,0.3408333,0.3385151,0.0023182237
2691,0.3404924,0.33848765,0.0020047561
2692,0.340273,0.3384794,0.0017935971
2693,0.3401285,0.33846852,0.0016599819
2694,0.34006932,0.33844543,0.0016239
2695,0.34008804,0.3384473,0.0016407367
2696,0.34018466,0.3384594,0.0017252503
2697,0.34039253,0.33846986,0.0019226555
2698,0.34070158,0.33848098,0.0022205901
2699,0.3410049,0.338531,0.0024739313
2700,0.34112307,0.33854294,0.0025801233
2701,0.3410005,0.33852834,0.0024721636
2702,0.3406949,0.3384839,0.0022110185
2703,0.34041265,0.3384426,0.0019700539
2704,0.34012443,0.3384331,0.0016913392
2705,0.33995056,0.33840835,0.0015422037
2706,0.3399922,0.33839574,0.0015964434
2707,0.3402513,0.33841184,0.0018394466
2708,0.34065273,0.3384424,0.0022103414
2709,0.34109092,0.33847806,0.002612875
2710,0.34133378,0.33851838,0.0028153835
2711,0.34129873,0.33851612,0.0027826051
2712,0.34097695,0.33847356,0.002503385
2713,0.34042546,0.33843938,0.001986092
2714,0.34002137,0.33838162,0.0016397577
2715,0.3399153,0.33837038,0.00154494
2716,0.3400444,0.33837655,0.0016678583
2717,0.34022215,0.33840734,0.0018148046
2718,0.34021717,0.33839643,0.001820731
2719,0.34006473,0.33836383,0.0017009139
2720,0.3399106,0.33835799,0.0015525968
2721,0.33996537,0.3383549,0.0016104728
2722,0.34018117,0.3383773,0.0018038672
2723,0.34026793,0.33839744,0.0018704869
2724,0.34011903,0.33837834,0.0017406935
2725,0.339912,0.338342,0.0015699789
2726,0.33992177,0.33835426,0.0015674925
2727,0.3400669,0.3383577,0.001709215
2728,0.34017542,0.3383723,0.0018031405
2729,0.3401008,0.33834642,0.0017543689
2730,0.33994424,0.33833995,0.0016042845
2731,0.33985066,0.33831048,0.0015401845
2732,0.33993077,0.33831918,0.001611582
2733,0.33994782,0.3383159,0.0016319118
2734,0.33991405,0.33833018,0.0015838522
2735,0.3398579,0.33830586,0.0015520474
2736,0.33987102,0.33829683,0.0015741863
2737,0.33989877,0.33830896,0.001589799
2738,0.33989927,0.33831206,0.0015872186
2739,0.33983833,0.33828732,0.0015509892
2740,0.33983546,0.33828145,0.0015540093
2741,0.33985457,0.33828402,0.0015705444
2742,0.33985192,0.3382824,0.0015695011
2743,0.33982676,0.3382788,0.001547938
2744,0.33982703,0.33827302,0.0015540273
2745,0.33982068,0.3382647,0.001555979
2746,0.33981833,0.3382662,0.001552137
2747,0.3398235,0.33826515,0.0015583722
2748,0.33981884,0.33826748,0.0015513413
2749,0.33979684,0.3382533,0.001543544
2750,0.33980006,0.33824947,0.0015505659
2751,0.3398009,0.33825034,0.0015505397
2752,0.33979192,0.3382456,0.0015463324
2753,0.33979088,0.33824068,0.0015501946
2754,0.33979094,0.33824083,0.0015501026
2755,0.33978227,0.33823496,0.0015473213
2756,0.33978578,0.33823422,0.0015515679
2757,0.339776,0.33821678,0.0015592343
2758,0.3397777,0.33822188,0.0015558365
2759,0.33977687,0.33822,0.0015568624
2760,0.3397709,0.33821797,0.0015529405
2761,0.33975998,0.33821008,0.0015499063
2762,0.3397661,0.33820787,0.0015582156
2763,0.33977178,0.33820507,0.0015666935
2764,0.33977944,0.3382045,0.0015749196
2765,0.33976313,0.33819035,0.0015727933
2766,0.3397576,0.3381994,0.0015581946
2767,0.33973056,0.33818159,0.0015489678
2768,0.33974984,0.33818215,0.001567686
2769,0.33976218,0.33818385,0.0015783241
2770,0.33973178,0.33816856,0.0015632345
2771,0.33972993,0.33816978,0.001560132
2772,0.3397405,0.33817625,0.001564236
2773,0.33973178,0.3381694,0.0015623827
2774,0.33972368,0.33816254,0.0015611395
2775,0.33977723,0.33817863,0.0015986122
2776,0.3397853,0.33815837,0.0016269522
2777,0.33976027,0.33817393,0.0015863391
2778,0.3397532,0.3381675,0.0015857192
2779,0.33990213,0.33815217,0.0017499685
2780,0.34019557,0.33818984,0.0020057447
2781,0.3403514,0.33821237,0.0021390235
2782,0.34028795,0.33824778,0.0020401573
2783,0.3400044,0.33819905,0.0018053673
2784,0.33973286,0.33813632,0.0015965492
2785,0.33972913,0.33813813,0.0015909929
2786,0.33993033,0.3381725,0.0017578326
2787,0.34015903,0.33816504,0.0019939723
2788,0.34037519,0.33817944,0.0021957203
2789,0.3403192,0.33817363,0.0021455449
2790,0.34001237,0.338141,0.0018713914
2791,0.33978626,0.33813158,0.0016546976
2792,0.33970356,0.33811447,0.0015890803
2793,0.339653,0.3380879,0.0015650935
2794,0.33964765,0.3380915,0.0015561361
2795,0.3396666,0.3381035,0.0015631069
2796,0.3396538,0.33808854,0.0015652478
2797,0.33964455,0.33808443,0.0015601187
2798,0.33964488,0.3380808,0.0015640899
2799,0.33962342,0.33806378,0.0015596712
2800,0.33961943,0.33806953,0.0015499063
2801,0.3396311,0.33806962,0.0015614763
2802,0.33964536,0.33806166,0.0015837007
2803,0.33964303,0.33806193,0.0015810987
2804,0.3396211,0.3380677,0.0015534053
2805,0.33961627,0.33806002,0.0015562607
2806,0.3396282,0.3380585,0.0015696876
2807,0.33963707,0.33805215,0.0015849341
2808,0.33961096,0.33805478,0.001556191
2809,0.33960348,0.338046,0.0015574744
2810,0.33963764,0.3380586,0.0015790474
2811,0.33962718,0.33804688,0.001580305
2812,0.33962372,0.33804816,0.0015755587
2813,0.33960983,0.33805156,0.0015582805
2814,0.33957225,0.33802575,0.001546495
2815,0.3395798,0.33802965,0.0015501129
2816,0.33957303,0.33801726,0.0015557865
2817,0.33955967,0.33801138,0.0015483021
2818,0.33955586,0.33800554,0.0015503184
2819,0.33955583,0.3380115,0.001544317
2820,0.3395601,0.33800608,0.0015540279
2821,0.33957857,0.3380052,0.0015733913
2822,0.33956227,0.33799487,0.0015674096
2823,0.3395378,0.3380009,0.0015369256
2824,0.3395836,0.33799982,0.001583793
2825,0.3395836,0.33798853,0.0015950834
2826,0.3395344,0.33797693,0.0015574653
2827,0.33953363,0.33798727,0.0015463615
2828,0.33955058,0.3379758,0.0015747938
2829,0.33956215,0.3379803,0.0015818309
2830,0.33955142,0.3379868,0.0015646067
2831,0.33950427,0.33796078,0.0015434781
2832,0.33954567,0.33797085,0.0015748155
2833,0.33954376,0.33797705,0.0015666984
2834,0.33950937,0.33795533,0.0015540313
2835,0.33950078,0.33795664,0.0015441405
2836,0.33950627,0.33795747,0.0015487748
2837,0.33948186,0.33793622,0.0015456313
2838,0.33946988,0.3379328,0.0015370988
2839,0.33948895,0.33794215,0.0015468023
2840,0.33947632,0.33793485,0.001541463
2841,0.3394757,0.33791834,0.001557347
2842,0.3394771,0.33792087,0.0015562255
2843,0.339476,0.3379193,0.0015566916
2844,0.3394766,0.33791777,0.0015588109
2845,0.33947313,0.33791962,0.0015535174
2846,0.3394471,0.33790553,0.0015415862
2847,0.33945635,0.3379125,0.0015438702
2848,0.33946443,0.3379095,0.001554928
2849,0.3394624,0.33789927,0.0015631269
2850,0.33948398,0.33790156,0.0015824207
2851,0.33948848,0.33789846,0.0015899945
2852,0.33947328,0.33789912,0.0015741851
2853,0.33945724,0.33789095,0.001566278
2854,0.33944422,0.33789042,0.0015538192
2855,0.3394394,0.33788744,0.0015519604
2856,0.33943364,0.33787063,0.0015630082
2857,0.33945197,0.3378789,0.0015730523
2858,0.33943242,0.33786544,0.0015669878
2859,0.33942142,0.33786663,0.0015547804
2860,0.33940783,0.33785954,0.0015482942
2861,0.33940592,0.33785066,0.0015552675
2862,0.33941343,0.33785322,0.0015602199
2863,0.33939546,0.33783647,0.0015590017
2864,0.33938056,0.33782744,0.0015531111
2865,0.33938977,0.33783978,0.0015499876
2866,0.33938122,0.33783284,0.0015483809
2867,0.33937517,0.33782598,0.0015491766
2868,0.33936772,0.33782443,0.0015433085
2869,0.3393686,0.33781704,0.0015515664
2870,0.33938983,0.33782512,0.0015647097
2871,0.33943865,0.33782136,0.0016172793
2872,0.33957827,0.33784014,0.0017381471
2873,0.33981115,0.33785558,0.0019555767
2874,0.3400815,0.33787727,0.0022042338
2875,0.34029362,0.33789012,0.0024034928
2876,0.3404891,0.33792087,0.0025682023
2877,0.34040242,0.33790696,0.0024954877
2878,0.34007382,0.337889,0.002184831
2879,0.3396903,0.337833,0.0018572916
2880,0.33949026,0.33780807,0.0016821951
2881,0.3394393,0.33778346,0.0016558577
2882,0.33946395,0.3377972,0.0016667541
2883,0.33950186,0.3377914,0.0017104445
2884,0.3396751,0.33780655,0.0018685535
2885,0.3402009,0.33783853,0.0023623868
2886,0.34134904,0.3379386,0.003410412
2887,0.3427598,0.338015,0.004744784
2888,0.34381217,0.33811682,0.005695334
2889,0.34375432,0.3381477,0.0056066373
2890,0.3424343,0.33803147,0.0044028154
2891,0.34068,0.33786616,0.0028138543
2892,0.33948708,0.33775494,0.0017321395
2893,0.3393922,0.33774835,0.0016438391
2894,0.3403473,0.33781037,0.0025369162
2895,0.34073344,0.33785802,0.0028754293
2896,0.3401438,0.33782274,0.0023210696
2897,0.3394937,0.3377444,0.0017492669
2898,0.3393101,0.33771756,0.0015925675
2899,0.33935282,0.33775502,0.0015977916
2900,0.3393223,0.3377165,0.0016058141
2901,0.33937857,0.33772945,0.0016491285
2902,0.3393965,0.33770585,0.0016906662
2903,0.33947185,0.3377351,0.0017367583
2904,0.3393943,0.33770832,0.0016859792
2905,0.33938092,0.33769184,0.0016890655
2906,0.33933482,0.3376993,0.0016355406
2907,0.3393119,0.33769268,0.0016192186
2908,0.33929628,0.33769995,0.0015963219
2909,0.339368,0.3376871,0.0016808811
2910,0.33940542,0.3377016,0.0017038474
2911,0.3393163,0.3377004,0.0016159175
2912,0.33937827,0.3376963,0.001681979
2913,0.33930537,0.33767298,0.0016324024
2914,0.33954465,0.33772686,0.001817788
2915,0.33941478,0.3376854,0.0017293735
2916,0.33933812,0.33768967,0.0016484342
2917,0.3392287,0.33765858,0.0015701192
2918,0.3392814,0.33766946,0.0016119449
2919,0.3392992,0.33766443,0.0016347531
2920,0.3392715,0.33764267,0.0016288165
2921,0.3392616,0.33763394,0.0016276365
2922,0.3392133,0.3376355,0.0015778128
2923,0.33922255,0.33762503,0.0015975286
2924,0.3391796,0.33761504,0.0015645728
2925,0.33920813,0.33762217,0.0015859592
2926,0.33917287,0.33760968,0.0015632075
2927,0.33915702,0.33760852,0.0015484977
2928,0.33913967,0.33760047,0.0015391957
2929,0.33915624,0.33760488,0.0015513587
2930,0.33914873,0.33759314,0.0015556071
2931,0.33914104,0.33758828,0.0015527693
2932,0.3391394,0.33759713,0.0015422594
2933,0.3391433,0.33758956,0.0015537336
2934,0.33923084,0.33759463,0.0016361881
2935,0.33938628,0.3376079,0.0017784087
2936,0.33951083,0.33760563,0.0019051896
2937,0.339566,0.33759946,0.0019665353
2938,0.33948115,0.33758634,0.0018947863
2939,0.3392506,0.33759305,0.00165755
2940,0.33912942,0.33757567,0.0015537475
2941,0.33923456,0.33757448,0.0016600611
2942,0.33952427,0.3375822,0.0019420581
2943,0.33975947,0.3375972,0.0021622523
2944,0.3396831,0.33759716,0.0020859153
2945,0.3394132,0.33757257,0.0018406209
2946,0.33916813,0.33754483,0.0016232919
2947,0.33910593,0.33755,0.0015559312
2948,0.33944842,0.33756903,0.0018793878
2949,0.3396807,0.33757672,0.00210397
2950,0.33940756,0.33758602,0.0018215517
2951,0.33915925,0.3375496,0.0016096529
2952,0.33924675,0.33754477,0.001702003
2953,0.3395237,0.33757362,0.0019500874
2954,0.3394865,0.33756056,0.0019259437
2955,0.3391211,0.33752605,0.0015950471
2956,0.33916718,0.3375283,0.001638899
2957,0.33929098,0.33755836,0.0017326025
2958,0.3393291,0.33753264,0.0017964419
2959,0.33925557,0.33754492,0.0017106443
2960,0.3391463,0.33751488,0.0016314216
2961,0.33905703,0.33750603,0.0015510081
2962,0.33917972,0.33750015,0.0016795879
2963,0.33954304,0.33754495,0.0019981067
2964,0.33973232,0.3375589,0.0021734312
2965,0.33963174,0.33754918,0.0020825663
2966,0.33933792,0.33752644,0.0018114751
2967,0.3390515,0.33747935,0.0015721538
2968,0.33906585,0.3374922,0.0015736597
2969,0.3392077,0.3374819,0.0017258056
2970,0.33928052,0.33748168,0.0017988456
2971,0.33928257,0.33749563,0.001786933
2972,0.3391989,0.33747604,0.0017228427
2973,0.33908463,0.33745497,0.0016296518
2974,0.3390082,0.3374572,0.0015510158
2975,0.33900958,0.3374482,0.001561396
2976,0.3390407,0.33744496,0.0015957307
2977,0.33903456,0.3374432,0.0015913809
2978,0.3389975,0.33744183,0.0015557052
2979,0.3389638,0.33742395,0.0015398606
2980,0.33902225,0.3374404,0.0015818616
2981,0.33902678,0.33743474,0.0015920534
2982,0.33897883,0.3374248,0.0015540121
2983,0.33895087,0.33741188,0.0015389862
2984,0.33898413,0.33742774,0.0015564043
2985,0.33899248,0.33741453,0.0015779168
2986,0.33895642,0.33740237,0.0015540557
2987,0.3389386,0.3374008,0.0015377909
2988,0.33893317,0.33740076,0.0015324217
2989,0.33893093,0.3373836,0.0015473391
2990,0.33896622,0.33739725,0.0015689693
2991,0.33893374,0.33737522,0.0015585178
2992,0.33892176,0.33738247,0.0015392816
2993,0.3389121,0.3373793,0.0015328052
2994,0.33891955,0.33737174,0.0015478082
2995,0.33894438,0.3373755,0.0015688861
2996,0.33894765,0.337382,0.0015656834
2997,0.3389241,0.33738187,0.0015422457
2998,0.33889562,0.33736438,0.0015312473
2999,0.33890855,0.33736235,0.0015461803
3000,0.33893445,0.33736342,0.0015710287
3001,0.33894277,0.3373604,0.0015823802
3002,0.33892772,0.33736175,0.0015659751
3003,0.3388942,0.33735076,0.0015434359
3004,0.3388788,0.33734512,0.001533683
3005,0.3388853,0.33734128,0.0015440227
3006,0.33888826,0.33733037,0.0015578822
3007,0.3389098,0.33734217,0.0015676452
3008,0.3388913,0.33733407,0.0015572245
3009,0.3388842,0.33733952,0.0015446617
3010,0.33886558,0.33732465,0.0015409379
3011,0.33886987,0.33732823,0.0015416403
3012,0.33887708,0.33732942,0.0015476601
3013,0.3389124,0.33733106,0.0015813371
3014,0.3390281,0.337344,0.0016841119
3015,0.3392449,0.33732733,0.0019175758
3016,0.33959335,0.33737633,0.0022170232
3017,0.33985952,0.33739087,0.0024686398
3018,0.33999088,0.33742,0.002570902
3019,0.33970997,0.33737683,0.0023331393
3020,0.33927977,0.33735135,0.0019284046
3021,0.33896074,0.33730295,0.0016577791
3022,0.3388646,0.3372937,0.0015708636
3023,0.3388563,0.33728376,0.0015725499
3024,0.3388574,0.33729175,0.0015656885
3025,0.33883378,0.3372893,0.0015444777
3026,0.3388349,0.33729276,0.0015421596
3027,0.33888716,0.33728948,0.0015976808
3028,0.33905065,0.33728617,0.001764466
3029,0.3393794,0.3373261,0.0020532836
3030,0.33952457,0.3373427,0.0021818762
3031,0.33939704,0.3373251,0.0020719557
3032,0.3391552,0.33727542,0.0018797752
3033,0.3389939,0.33727214,0.001721761
3034,0.33888233,0.33725226,0.0016300625
3035,0.33887762,0.33724296,0.0016346418
3036,0.33898607,0.33725947,0.0017266031
3037,0.33914685,0.3372764,0.0018704546
3038,0.33925337,0.33726993,0.0019834512
3039,0.33925456,0.33728573,0.001968836
3040,0.33907017,0.33725262,0.0018175545
3041,0.33888787,0.33723223,0.0016556159
3042,0.33882254,0.3372295,0.0015930596
3043,0.33879757,0.33722144,0.0015761273
3044,0.33874926,0.33721584,0.0015334096
3045,0.33873495,0.33720013,0.0015348258
3046,0.33876398,0.33721167,0.0015523173
3047,0.33880064,0.33720857,0.0015920594
3048,0.33884132,0.337221,0.0016203166
3049,0.33879188,0.33719718,0.0015946947
3050,0.33876756,0.33720553,0.001562052
3051,0.33875033,0.3371871,0.0015631991
3052,0.33880863,0.33720022,0.0016084125
3053,0.33887222,0.33719167,0.0016805591
3054,0.33897173,0.33720043,0.0017712859
3055,0.33905298,0.3372153,0.0018376535
3056,0.33901405,0.33719498,0.001819079
3057,0.33893216,0.33718544,0.0017467352
3058,0.33877346,0.33718565,0.0015877944
3059,0.33869463,0.33716723,0.001527401
3060,0.3388599,0.337175,0.0016848824
3061,0.3390445,0.3371888,0.0018557038
3062,0.3390584,0.33719197,0.0018664446
3063,0.33891043,0.33718032,0.0017301027
3064,0.3387545,0.33715984,0.0015946679
3065,0.33866608,0.3371464,0.0015196854
3066,0.3386851,0.3371423,0.0015428053
3067,0.33872533,0.3371494,0.0015759111
3068,0.33871907,0.3371322,0.0015868995
3069,0.33877176,0.33714035,0.0016314223
3070,0.33883387,0.33714592,0.0016879477
3071,0.3388535,0.33713183,0.0017216712
3072,0.33881235,0.33712986,0.0016824849
3073,0.33876118,0.33711922,0.0016419503
3074,0.33865207,0.33710346,0.0015486157
3075,0.33861336,0.33710074,0.0015125973
3076,0.33868596,0.33709994,0.00158601
3077,0.33870664,0.3370973,0.0016093455
3078,0.33865592,0.33709046,0.0015654678
3079,0.3386025,0.33708978,0.0015127336
3080,0.33860877,0.33707318,0.0015355989
3081,0.33865973,0.337087,0.0015727214
3082,0.3386406,0.33707777,0.0015628369
3083,0.33859912,0.33707273,0.0015263784
3084,0.33857864,0.337061,0.0015176736
3085,0.3386072,0.3370642,0.001542984
3086,0.3386436,0.33707094,0.0015726758
3087,0.33861184,0.33705083,0.0015610058
3088,0.33857173,0.33704445,0.0015272867
3089,0.3385708,0.33704826,0.0015225571
3090,0.33860874,0.33705387,0.001554895
3091,0.33863088,0.33705455,0.0015763305
3092,0.33856758,0.33703393,0.0015336662
3093,0.33853987,0.3370273,0.0015125435
3094,0.3385593,0.33703026,0.0015290279
3095,0.3385505,0.33702692,0.0015235806
3096,0.33853123,0.33701485,0.0015163723
3097,0.33853692,0.33701888,0.0015180616
3098,0.33853582,0.33701104,0.0015247902
3099,0.33853158,0.33700955,0.0015220259
3100,0.33850974,0.33699772,0.0015120148
3101,0.3385085,0.3369956,0.0015128695
3102,0.3385061,0.33698872,0.0015173813
3103,0.33849657,0.33698654,0.0015100328
3104,0.3384931,0.33698422,0.001508895
3105,0.3384842,0.33697718,0.0015070224
3106,0.33848038,0.33697072,0.0015096806
3107,0.33847952,0.33697048,0.0015090604
3108,0.33847725,0.3369686,0.0015086634
3109,0.3384748,0.3369655,0.0015093203
3110,0.3384703,0.33696035,0.0015099696
3111,0.3384586,0.33694687,0.0015117173
3112,0.33845633,0.33694753,0.0015088149
3113,0.33845958,0.33694762,0.0015119445
3114,0.33845663,0.3369447,0.001511954
3115,0.3384578,0.3369445,0.0015133076
3116,0.33844706,0.3369322,0.0015148532
3117,0.33845532,0.3369393,0.0015160324
3118,0.33843982,0.33692813,0.0015117025
3119,0.33842915,0.336917,0.0015121417
3120,0.33843258,0.33692166,0.0015109092
3121,0.33842793,0.33691645,0.0015114729
3122,0.33842438,0.33691543,0.001508936
3123,0.33843273,0.3369217,0.0015110357
3124,0.3384264,0.3369125,0.0015138943
3125,0.3384249,0.33691046,0.0015144425
3126,0.3384149,0.33690664,0.001508273
3127,0.33840814,0.33690187,0.0015062862
3128,0.338421,0.33691174,0.0015092599
3129,0.33841866,0.3369006,0.0015180932
3130,0.33840728,0.336895,0.0015122737
3131,0.3383932,0.3368893,0.0015038999
3132,0.3383838,0.3368792,0.0015046021
3133,0.33838484,0.3368796,0.0015052372
3134,0.3383818,0.33687764,0.0015041536
3135,0.33838877,0.33688158,0.00150718
3136,0.33837402,0.33686507,0.0015089496
3137,0.33836892,0.3368606,0.0015083363
3138,0.33836406,0.33685604,0.0015080367
3139,0.33836654,0.3368552,0.0015113294
3140,0.33836922,0.33685476,0.0015144751
3141,0.33836344,0.3368481,0.001515324
3142,0.33836257,0.3368502,0.0015123717
3143,0.3383521,0.33683977,0.0015123505
3144,0.33834222,0.3368315,0.001510726
3145,0.3383449,0.33683604,0.0015088401
3146,0.33835366,0.33684042,0.0015132561
3147,0.33835217,0.33683816,0.0015140058
3148,0.33834916,0.3368329,0.0015162522
3149,0.33833912,0.336824,0.0015151221
3150,0.3383492,0.3368247,0.001524513
3151,0.3383382,0.33681506,0.0015231253
3152,0.3383525,0.33682606,0.0015264323
3153,0.33833578,0.33681285,0.001522939
3154,0.33832762,0.33680695,0.0015206593
3155,0.3383208,0.33680233,0.0015184388
3156,0.33831793,0.3367969,0.0015210062
3157,0.3383227,0.33679727,0.0015254167
3158,0.33833328,0.33678582,0.0015474636
3159,0.3384391,0.33679935,0.0016397703
3160,0.33873945,0.3368174,0.0019220281
3161,0.33920985,0.33685368,0.0023561744
3162,0.33958974,0.3369097,0.0026800379
3163,0.33954188,0.3369056,0.002636277
3164,0.3390846,0.33686772,0.0022168937
3165,0.33859715,0.33680508,0.0017920707
3166,0.33833227,0.33674952,0.0015827513
3167,0.33829632,0.33677167,0.0015246548
3168,0.33830026,0.3367778,0.0015224488
3169,0.33827063,0.3367577,0.0015129527
3170,0.3382781,0.33674887,0.0015292529
3171,0.3383264,0.3367673,0.0015591023
3172,0.33830634,0.33677092,0.0015354212
3173,0.33833992,0.33675018,0.0015897574
3174,0.33837312,0.3367561,0.0016170188
3175,0.33834103,0.33677682,0.0015642128
3176,0.33834457,0.33676293,0.0015816502
3177,0.33826438,0.3367276,0.0015367831
3178,0.33828396,0.33672345,0.0015605009
3179,0.3383699,0.33675078,0.0016191298
3180,0.3384224,0.33676398,0.0016584139
3181,0.33837974,0.33673266,0.0016470983
3182,0.33833095,0.33671778,0.0016131876
3183,0.33827332,0.336708,0.001565308
3184,0.33821076,0.3366935,0.0015172738
3185,0.33820292,0.3366915,0.0015114422
3186,0.33826858,0.3366997,0.0015688902
3187,0.33829612,0.3366964,0.0015997154
3188,0.3382743,0.336691,0.0015833226
3189,0.33825937,0.336699,0.0015603385
3190,0.33825645,0.33671486,0.0015415851
3191,0.33820415,0.3366843,0.0015198805
3192,0.33817375,0.3366693,0.0015044365
3193,0.33819592,0.33667862,0.001517317
3194,0.3382114,0.33667478,0.0015365987
3195,0.33820957,0.33666813,0.0015414195
3196,0.3382292,0.33667174,0.0015574871
3197,0.33821365,0.3366648,0.001548845
3198,0.33819997,0.3366611,0.0015388642
3199,0.3381766,0.33665687,0.0015197305
3200,0.33816427,0.33665302,0.0015112598
3201,0.33813763,0.33663812,0.0014995111
3202,0.33813313,0.33664057,0.0014925614
3203,0.3381308,0.33663324,0.0014975481
3204,0.33814228,0.33663288,0.0015093924
3205,0.3381635,0.33663374,0.0015297744
3206,0.33818695,0.33663675,0.0015502122
3207,0.33822244,0.33663514,0.0015873213
3208,0.3382279,0.3366408,0.0015871103
3209,0.33821243,0.33662784,0.0015845764
3210,0.33816627,0.33661973,0.0015465405
3211,0.33813137,0.33660877,0.0015226097
3212,0.33810002,0.33660483,0.0014951759
3213,0.33809316,0.33659595,0.0014971914
3214,0.33811817,0.3365961,0.0015220615
3215,0.33812976,0.336594,0.0015357774
3216,0.3381161,0.3365881,0.0015279879
3217,0.3380828,0.33657283,0.0015099455
3218,0.33808476,0.33657742,0.0015073542
3219,0.33810085,0.33658352,0.0015173374
3220,0.33810094,0.33657864,0.0015223115
3221,0.33810252,0.33656776,0.0015347436
3222,0.33814564,0.33657554,0.001570117
3223,0.33823407,0.3365751,0.0016589569
3224,0.3383927,0.3365924,0.0018003179
3225,0.33862624,0.33660215,0.0020240936
3226,0.3389105,0.33662808,0.002282412
3227,0.33918783,0.33664146,0.0025463724
3228,0.33927244,0.33665243,0.0026200146
3229,0.3391457,0.33663484,0.0025108482
3230,0.33882388,0.33660552,0.0022183696
3231,0.3385239,0.33658534,0.0019385554
3232,0.33827782,0.33655655,0.0017212599
3233,0.33817872,0.33653516,0.001643572
3234,0.3381219,0.33653942,0.0015824686
3235,0.3380491,0.33651623,0.0015328821
3236,0.3380276,0.33652627,0.001501331
3237,0.33801103,0.33651766,0.0014933624
3238,0.33801004,0.3365093,0.0015007689
3239,0.33800998,0.33651173,0.0014982354
3240,0.3380097,0.3365083,0.0015013863
3241,0.33799943,0.33650202,0.0014974189
3242,0.33799994,0.33649826,0.0015016756
3243,0.33799833,0.3364957,0.0015026543
3244,0.3380123,0.3364951,0.0015171964
3245,0.3380222,0.3364925,0.001529698
3246,0.3380408,0.33649158,0.0015492274
3247,0.33806655,0.33649862,0.00156792
3248,0.33808142,0.33649626,0.0015851732
3249,0.33807117,0.33648545,0.001585725
3250,0.33806735,0.33648863,0.0015787091
3251,0.33806428,0.33648932,0.0015749584
3252,0.3380418,0.33647472,0.0015670925
3253,0.33803526,0.3364776,0.0015576527
3254,0.33801484,0.33647197,0.0015428497
3255,0.338012,0.3364743,0.0015377067
3256,0.3380133,0.3364595,0.0015538073
3257,0.33805448,0.33646035,0.0015941035
3258,0.3381006,0.3364659,0.0016347067
3259,0.33817616,0.33647785,0.001698312
3260,0.3382234,0.33647203,0.0017513649
3261,0.33830142,0.3364686,0.0018327996
3262,0.33836406,0.3364705,0.0018935625
3263,0.33843055,0.33647707,0.0019534878
3264,0.33840567,0.33646506,0.0019406027
3265,0.33829078,0.3364493,0.0018414799
3266,0.33811334,0.33643284,0.0016804903
3267,0.33797985,0.33642584,0.001553998
3268,0.33789438,0.33640313,0.0014912377
3269,0.3379137,0.33640024,0.0015134512
3270,0.338014,0.33642107,0.0015929298
3271,0.3380766,0.33641273,0.0016638497
3272,0.33809105,0.33642253,0.0016685284
3273,0.33800006,0.33640617,0.0015938884
3274,0.33791137,0.33639583,0.0015155174
3275,0.33788097,0.33637962,0.0015013658
3276,0.3379378,0.3363791,0.0015587079
3277,0.33805212,0.33639985,0.0016522834
3278,0.33814105,0.33639127,0.001749799
3279,0.33825517,0.33640924,0.0018459454
3280,0.33826575,0.33640134,0.0018643979
3281,0.33827695,0.33640587,0.0018710799
3282,0.33826104,0.33639386,0.0018671708
3283,0.33821887,0.33636898,0.0018499121
3284,0.33815777,0.3363779,0.001779888
3285,0.3380358,0.33635953,0.0016762596
3286,0.33791298,0.33634645,0.0015665414
3287,0.337839,0.33633798,0.0015010252
3288,0.33784243,0.3363332,0.0015092443
3289,0.33788773,0.33633193,0.0015558085
3290,0.33792394,0.3363324,0.0015915331
3291,0.33788398,0.33632812,0.001555874
3292,0.3378271,0.3363203,0.0015067535
3293,0.33780822,0.33631986,0.001488369
3294,0.33782238,0.3363076,0.0015148043
3295,0.3378494,0.33631578,0.0015336184
3296,0.33784413,0.33630708,0.0015370393
3297,0.3378283,0.3363094,0.0015189194
3298,0.3377838,0.3362938,0.0014900469
3299,0.33776745,0.33628353,0.0014839121
3300,0.33777645,0.33628258,0.0014938615
3301,0.33779198,0.3362805,0.0015114694
3302,0.3378044,0.3362901,0.001514313
3303,0.3377664,0.33627123,0.0014951939
3304,0.33776468,0.3362803,0.0014843987
3305,0.33776852,0.3362751,0.0014934092
3306,0.3377693,0.33626366,0.0015056637
3307,0.33777913,0.33626562,0.0015135112
3308,0.33776644,0.33625713,0.0015092983
3309,0.33776844,0.33626226,0.001506181
3310,0.33773246,0.33623993,0.0014925031
3311,0.3377392,0.33624655,0.001492658
3312,0.33772516,0.3362375,0.0014876788
3313,0.33772156,0.33623055,0.0014910249
3314,0.33772308,0.3362303,0.0014927839
3315,0.33770734,0.33621636,0.0014909975
3316,0.3377168,0.3362251,0.0014917161
3317,0.33771068,0.33621794,0.0014927487
3318,0.33770776,0.33621746,0.0014903002
3319,0.33770663,0.33621535,0.0014912729
3320,0.33770734,0.3362148,0.0014925196
3321,0.3377092,0.33621517,0.0014940156
3322,0.33769977,0.33620808,0.0014916931
3323,0.33769956,0.33620787,0.0014917047
3324,0.33769163,0.3362012,0.0014904387
3325,0.33770323,0.33620593,0.0014973094
3326,0.33771393,0.33620897,0.0015049602
3327,0.33771664,0.33619273,0.0015239363
3328,0.3377336,0.33619723,0.0015363728
3329,0.33770832,0.33618286,0.0015254508
3330,0.33768016,0.3361838,0.0014963644
3331,0.33765787,0.3361725,0.0014853787
3332,0.33766544,0.33617124,0.0014942132
3333,0.3376981,0.33618262,0.0015154972
3334,0.3376915,0.33617362,0.0015178419
3335,0.33768588,0.3361794,0.0015065002
3336,0.33764502,0.3361579,0.0014871376
3337,0.33763653,0.33615243,0.0014840707
3338,0.33765435,0.33614966,0.001504692
3339,0.33765975,0.33614165,0.0015181086
3340,0.33764884,0.33614028,0.0015085476
3341,0.33762234,0.3361334,0.0014889634
3342,0.3376128,0.33612505,0.001487771
3343,0.33762363,0.33612895,0.0014946787
3344,0.33761665,0.33611798,0.0014986707
3345,0.33761948,0.33611226,0.0015072158
3346,0.3376149,0.33611336,0.0015015139
3347,0.33760956,0.33611137,0.0014982105
3348,0.33759266,0.33609802,0.0014946327
3349,0.33759016,0.33609015,0.0015000291
3350,0.33759013,0.33609235,0.0014977579
3351,0.33758748,0.33609375,0.001493706
3352,0.33758676,0.3360933,0.001493467
3353,0.33758464,0.33609006,0.0014946004
3354,0.33757207,0.33607927,0.0014927868
3355,0.3375859,0.3360882,0.0014977021
3356,0.3375817,0.33608636,0.0014953407
3357,0.33757177,0.33607584,0.0014959319
3358,0.3375645,0.33606797,0.0014965467
3359,0.33756733,0.33606842,0.0014989048
3360,0.33759952,0.33607653,0.0015229884
3361,0.33766028,0.33606982,0.0015904646
3362,0.3378141,0.33608326,0.0017308111
3363,0.3381074,0.33609807,0.0020093233
3364,0.33858284,0.3361344,0.0024484212
3365,0.33938628,0.33618742,0.0031988546
3366,0.34076583,0.33632353,0.0044423207
3367,0.34254107,0.336459,0.006082068
3368,0.3441461,0.33659244,0.007553664
3369,0.34427452,0.33660585,0.007668664
3370,0.3423148,0.3364554,0.005859389
3371,0.33931002,0.33615953,0.0031504713
3372,0.33759797,0.3360211,0.0015768611
3373,0.33802754,0.33606574,0.0019617963
3374,0.339514,0.33616427,0.0033497058
3375,0.34018022,0.336236,0.003944221
3376,0.3393898,0.3361538,0.0032360158
3377,0.33810028,0.3360404,0.0020598792
3378,0.33750886,0.33599868,0.001510179
3379,0.338469,0.33603746,0.002431557
3380,0.33978218,0.3361765,0.0036056463
3381,0.33972156,0.33620003,0.0035215244
3382,0.3384513,0.33605853,0.002392777
3383,0.3376113,0.33598998,0.0016213136
3384,0.3376044,0.33600575,0.0015986653
3385,0.33786687,0.33601052,0.0018563662
3386,0.33814543,0.3360055,0.002139923
3387,0.33818343,0.3360105,0.0021729216
3388,0.33808997,0.33600608,0.002083915
3389,0.33786228,0.33598194,0.0018803464
3390,0.33771026,0.33600223,0.0017080124
3391,0.337591,0.33597755,0.0016134139
3392,0.3375693,0.33594465,0.0016246589
3393,0.33770272,0.33595607,0.0017466653
3394,0.33793882,0.33595312,0.0019857078
3395,0.33815786,0.33598793,0.002169942
3396,0.33817244,0.33599278,0.0021796408
3397,0.33796734,0.3359758,0.0019915141
3398,0.33767098,0.3359287,0.0017422566
3399,0.33746672,0.33593446,0.0015322523
3400,0.3376194,0.33593562,0.0016837989
3401,0.33799335,0.33594868,0.00204467
3402,0.33799914,0.33597288,0.0020262613
3403,0.3375325,0.33591378,0.0016187199
3404,0.33744568,0.3359346,0.001511075
3405,0.33778575,0.33592108,0.0018646814
3406,0.33830217,0.33598086,0.002321302
3407,0.3382806,0.33599612,0.0022844567
3408,0.33772317,0.33595747,0.0017656948
3409,0.33740026,0.3358864,0.0015138861
3410,0.33773994,0.33593088,0.0018090667
3411,0.33785892,0.33595377,0.0019051351
3412,0.3375038,0.33592165,0.0015821296
3413,0.33745727,0.33589566,0.0015616
3414,0.3378391,0.3359499,0.0018891994
3415,0.33781362,0.3359135,0.0019001014
3416,0.3375179,0.33589846,0.0016194107
3417,0.33738065,0.335879,0.0015016495
3418,0.33763206,0.33590382,0.001728256
3419,0.3377718,0.33590844,0.0018633364
3420,0.33761987,0.33587778,0.0017421171
3421,0.3374112,0.33587596,0.0015352534
3422,0.33733803,0.33584365,0.0014943768
3423,0.3374665,0.33585915,0.001607361
3424,0.33748573,0.33586094,0.0016247801
3425,0.33741942,0.33586502,0.0015543888
3426,0.33734143,0.33584404,0.0014973836
3427,0.33734834,0.33583635,0.0015119865
3428,0.33746484,0.33584282,0.0016220215
3429,0.33744898,0.3358339,0.0016150748
3430,0.33737263,0.33583257,0.0015400514
3431,0.3373171,0.33582452,0.001492589
3432,0.337301,0.335812,0.0014889886
3433,0.33731437,0.3358094,0.0015049638
3434,0.3373095,0.3358084,0.0015011197
3435,0.3373178,0.3358236,0.0014941897
3436,0.33729178,0.3358037,0.0014880814
3437,0.3372881,0.33579713,0.0014909828
3438,0.3372948,0.33580714,0.0014876201
3439,0.33728433,0.33578753,0.0014967998
3440,0.33728215,0.3357938,0.0014883422
3441,0.33728108,0.33578628,0.0014947964
3442,0.3372775,0.3357822,0.0014953027
3443,0.3372765,0.3357854,0.0014911086
3444,0.33727226,0.33577716,0.0014950937
3445,0.33727434,0.33577457,0.0014997867
3446,0.33726183,0.3357697,0.0014921142
3447,0.3372606,0.3357752,0.0014854129
3448,0.33724698,0.3357636,0.0014833725
3449,0.3372692,0.33576322,0.0015059633
3450,0.33731526,0.33575842,0.0015568354
3451,0.33738044,0.33575594,0.0016244955
3452,0.33741766,0.3357582,0.0016594462
3453,0.3373856,0.3357565,0.0016290998
3454,0.3373453,0.33575964,0.0015856773
3455,0.33728614,0.3357486,0.0015375494
3456,0.33723754,0.3357422,0.0014953349
3457,0.33725277,0.33573636,0.0015164093
3458,0.33729216,0.3357316,0.0015605527
3459,0.3373162,0.33573446,0.001581734
3460,0.33728832,0.3357287,0.0015596184
3461,0.33723336,0.3357223,0.0015110828
3462,0.33724934,0.33572823,0.0015211203
3463,0.33743095,0.33571646,0.00171449
3464,0.33765835,0.3357674,0.0018909384
3465,0.33756405,0.3357387,0.0018253576
3466,0.3373238,0.33571076,0.0016130503
3467,0.3372363,0.33572066,0.0015156405
3468,0.3372062,0.33570004,0.0015061687
3469,0.33719772,0.3357026,0.001495117
3470,0.3371824,0.3356893,0.0014931203
3471,0.3371747,0.33568075,0.0014939725
3472,0.33719257,0.33569327,0.0014992931
3473,0.33717987,0.33568418,0.0014956794
3474,0.33717313,0.33567178,0.001501349
3475,0.3371896,0.33568063,0.0015089875
3476,0.33715767,0.33565027,0.0015073859
3477,0.33716878,0.33566135,0.0015074294
3478,0.33719552,0.33566144,0.0015340819
3479,0.33726716,0.33564565,0.0016215103
3480,0.33746335,0.33566645,0.001796905
3481,0.33753094,0.3356655,0.0018654612
3482,0.3374512,0.33565918,0.0017920068
3483,0.33727595,0.33565322,0.001622748
3484,0.33719265,0.33564895,0.0015437059
3485,0.33714098,0.33564058,0.0015003994
3486,0.33715126,0.335642,0.0015092752
3487,0.3371436,0.3356479,0.0014957032
3488,0.3371813,0.3356326,0.0015487071
3489,0.3373003,0.33564293,0.0016573655
3490,0.33746767,0.33565217,0.0018154818
3491,0.3375712,0.33564976,0.0019214507
3492,0.33755946,0.33565855,0.0019009057
3493,0.3374689,0.33565637,0.0018125173
3494,0.33734515,0.33563215,0.0017130326
3495,0.3372032,0.33561125,0.0015919658
3496,0.33710533,0.33560678,0.0014985539
3497,0.33707893,0.33559233,0.001486582
3498,0.3371595,0.3356014,0.0015581244
3499,0.33727473,0.335608,0.0016667324
3500,0.337353,0.33561867,0.0017343297
3501,0.33735457,0.33560857,0.0017459802
3502,0.337252,0.3356103,0.0016416743
3503,0.3371415,0.33558536,0.001556164
3504,0.33708706,0.33559144,0.0014956353
3505,0.33706132,0.33557934,0.001481964
3506,0.33708036,0.33556378,0.0015166034
3507,0.33713505,0.33557567,0.001559401
3508,0.33712196,0.3355705,0.001551472
3509,0.3370748,0.33556467,0.0015101278
3510,0.33704126,0.33556417,0.0014770887
3511,0.3370283,0.33554962,0.001478691
3512,0.33706018,0.3355534,0.0015067812
3513,0.33711484,0.3355643,0.0015505555
3514,0.33711073,0.33555588,0.001554855
3515,0.33707842,0.3355573,0.00152112
3516,0.33700755,0.33552974,0.0014778131
3517,0.3370025,0.33552912,0.0014733496
3518,0.33702713,0.3355304,0.0014967319
3519,0.3370248,0.33553565,0.0014891621
3520,0.3369861,0.3355134,0.0014726799
3521,0.33698046,0.33551487,0.0014656117
3522,0.33698314,0.33550897,0.0014741786
3523,0.33699027,0.33550674,0.0014835295
3524,0.3369761,0.3355012,0.0014749112
3525,0.3369691,0.33549646,0.0014726674
3526,0.336969,0.33549526,0.0014737226
3527,0.33697414,0.33549067,0.001483496
3528,0.3369747,0.33548057,0.0014941423
3529,0.3369864,0.33548695,0.0014994668
3530,0.33696526,0.33547404,0.0014911996
3531,0.33696347,0.33548146,0.0014820232
3532,0.3369521,0.33547336,0.0014787327
3533,0.33694923,0.33547288,0.0014763467
3534,0.33693892,0.33546075,0.0014781633
3535,0.33693308,0.33545482,0.0014782725
3536,0.33692995,0.33544892,0.0014810327
3537,0.33694112,0.33545592,0.0014851928
3538,0.33692923,0.33544484,0.0014843991
3539,0.3369198,0.33543813,0.0014816845
3540,0.33692873,0.33544222,0.0014865039
3541,0.33693752,0.33543414,0.0015033777
3542,0.33700997,0.3354486,0.0015613723
3543,0.3370813,0.33544162,0.001639686
3544,0.33722743,0.335461,0.001766456
3545,0.33732894,0.33546788,0.0018610444
3546,0.33720022,0.33545196,0.0017482573
3547,0.3369966,0.33543247,0.001564137
3548,0.3369087,0.33541334,0.0014953852
3549,0.3369256,0.33541313,0.0015124787
3550,0.3369219,0.33541048,0.0015114299
3551,0.33695894,0.3354041,0.0015548393
3552,0.33708018,0.3354266,0.0016535819
3553,0.33713746,0.33541182,0.0017256385
3554,0.33712825,0.335416,0.0017122533
3555,0.33703393,0.3353872,0.0016467348
3556,0.33695546,0.33538708,0.001568363
3557,0.33691448,0.3353876,0.0015269095
3558,0.33692655,0.33538577,0.0015407925
3559,0.33696875,0.33537784,0.0015909228
3560,0.3370333,0.33538383,0.0016494908
3561,0.33707467,0.33537608,0.001698558
3562,0.33699825,0.33537972,0.0016185229
3563,0.33686712,0.3353768,0.0014903295
3564,0.33688366,0.3353628,0.0015208479
3565,0.33707204,0.3353715,0.0017005547
3566,0.33723944,0.33538562,0.0018538072
3567,0.33714253,0.33539858,0.0017439539
3568,0.3369162,0.33537322,0.0015429666
3569,0.33692807,0.33535174,0.001576351
3570,0.33716857,0.33538955,0.0017790205
3571,0.3371725,0.33541387,0.0017586353
3572,0.33694252,0.33537707,0.0015654651
3573,0.33684176,0.33533606,0.0015056984
3574,0.3370141,0.33536142,0.00165269
3575,0.33711028,0.33538833,0.0017219573
3576,0.33692136,0.33534485,0.0015765127
3577,0.33682287,0.3353222,0.0015006755
3578,0.33695054,0.33534542,0.0016051244
3579,0.33702454,0.33534503,0.0016795009
3580,0.33693707,0.33533835,0.0015987124
3581,0.33681443,0.33530536,0.0015090893
3582,0.33690423,0.33534232,0.0015618841
3583,0.33700594,0.33530766,0.0016982766
3584,0.3370248,0.33532044,0.0017043734
3585,0.33688024,0.33528072,0.0015995152
3586,0.33677503,0.33527362,0.0015013859
3587,0.3367671,0.33526516,0.001501936
3588,0.3368433,0.33527806,0.0015652605
3589,0.33688805,0.33527407,0.0016139593
3590,0.33690143,0.33527583,0.0016256034
3591,0.33686778,0.33527064,0.001597136
3592,0.33680063,0.33526212,0.0015385002
3593,0.3367556,0.3352559,0.0014997175
3594,0.3367566,0.33525553,0.001501045
3595,0.33677876,0.3352507,0.0015280362
3596,0.33680212,0.33524686,0.0015552839
3597,0.33680922,0.33524504,0.001564183
3598,0.33677498,0.33524087,0.0015340858
3599,0.3367403,0.33523867,0.0015016234
3600,0.33673963,0.3352346,0.0015050122
3601,0.33674777,0.33523053,0.0015172273
3602,0.33677998,0.33523503,0.0015449397
3603,0.3367873,0.33522427,0.0015630517
3604,0.33679754,0.33523148,0.0015660634
3605,0.33676493,0.33520538,0.0015595463
3606,0.33674157,0.33521292,0.0015286559
3607,0.336698,0.33519846,0.0014995106
3608,0.3366975,0.33519733,0.0015001483
3609,0.33674413,0.33519706,0.0015470695
3610,0.33681533,0.3351993,0.0016160272
3611,0.33687395,0.33520785,0.0016660911
3612,0.33689928,0.33520454,0.0016947311
3613,0.33688313,0.33519256,0.0016905877
3614,0.33686888,0.33518872,0.0016801467
3615,0.33681098,0.3351783,0.0016326953
3616,0.33674815,0.33517066,0.0015775025
3617,0.33668935,0.33516365,0.0015257195
3618,0.3366613,0.33515838,0.001502928
3619,0.3366564,0.33515155,0.0015048322
3620,0.33668375,0.33515018,0.0015335722
3621,0.33671764,0.33514702,0.0015706128
3622,0.33676118,0.33514512,0.0016160738
3623,0.33676836,0.33514863,0.0016197048
3624,0.3367017,0.33513796,0.0015637275
3625,0.33664507,0.3351335,0.0015115889
3626,0.33663505,0.33512047,0.0015145972
3627,0.3366329,0.33512378,0.0015091167
3628,0.33662602,0.33511358,0.0015124567
3629,0.33662632,0.33512372,0.0015025982
3630,0.33662036,0.33511108,0.0015092616
3631,0.33661073,0.33510876,0.0015019872
3632,0.33662546,0.33511385,0.0015116159
3633,0.33660847,0.33510628,0.0015021882
3634,0.33663893,0.335099,0.0015399305
3635,0.33669505,0.33509487,0.0016001605
3636,0.33674398,0.33511096,0.0016330059
3637,0.3367612,0.33511525,0.0016459327
3638,0.33670485,0.33509466,0.0016101776
3639,0.33664396,0.33508617,0.0015578074
3640,0.33659425,0.33508652,0.0015077309
3641,0.3365843,0.33508146,0.001502837
3642,0.33658776,0.33508533,0.0015024438
3643,0.33657244,0.3350792,0.0014932543
3644,0.33658704,0.3350789,0.0015081614
3645,0.33669618,0.3350854,0.0016107915
3646,0.3366824,0.33507633,0.0016060692
3647,0.33656636,0.33506584,0.001500511
3648,0.33657962,0.3350606,0.0015190181
3649,0.33664608,0.3350691,0.0015769973
3650,0.33657423,0.33505267,0.0015215459
3651,0.33654356,0.33505437,0.0014891829
3652,0.33655435,0.33504888,0.0015054832
3653,0.33653477,0.33504444,0.0014903063
3654,0.3365224,0.33503386,0.001488542
3655,0.33651972,0.3350274,0.0014923024
3656,0.33650622,0.33501384,0.0014923516
3657,0.33652005,0.3350197,0.0015003373
3658,0.33651552,0.33501866,0.0014968332
3659,0.33650625,0.33501622,0.0014900048
3660,0.33649036,0.3350075,0.0014828849
3661,0.336496,0.3350103,0.0014857084
3662,0.33649334,0.3349986,0.0014947306
3663,0.3364969,0.33500004,0.0014968736
3664,0.3365027,0.3349899,0.0015127866
3665,0.33655718,0.3349771,0.001580097
3666,0.3368178,0.33500755,0.001810251
3667,0.3373215,0.33505148,0.0022700087
3668,0.33803436,0.33512437,0.0029099747
3669,0.3384821,0.3351977,0.0032844108
3670,0.33839765,0.33516616,0.0032314744
3671,0.33783287,0.33509845,0.002734424
3672,0.33718657,0.33501768,0.0021688733
3673,0.33673117,0.33497408,0.001757086
3674,0.33648467,0.33496234,0.0015223154
3675,0.33646214,0.33495337,0.0015087796
3676,0.33663023,0.33495626,0.0016739886
3677,0.33687246,0.33497727,0.0018951942
3678,0.33714592,0.33502322,0.0021227044
3679,0.33739,0.3350283,0.0023617311
3680,0.33742392,0.335035,0.0023889248
3681,0.3369916,0.3350087,0.0019828798
3682,0.33648723,0.3349304,0.0015568382
3683,0.33647072,0.33493203,0.0015387096
3684,0.33680123,0.33496493,0.0018363176
3685,0.33696556,0.33497348,0.0019920655
3686,0.33677694,0.3349797,0.0017972026
3687,0.33650342,0.33495602,0.0015473902
3688,0.33641443,0.33491686,0.0014975665
3689,0.33651993,0.33492687,0.0015930543
3690,0.33665404,0.33494914,0.0017049045
3691,0.33659887,0.33494073,0.0016581204
3692,0.3364422,0.33489352,0.0015486715
3693,0.3363844,0.3348893,0.001495093
3694,0.33640444,0.33489785,0.0015065788
3695,0.3364291,0.33488756,0.0015415123
3696,0.33648515,0.33488566,0.0015994841
3697,0.33645436,0.33487308,0.0015812855
3698,0.3363714,0.33486253,0.0015088496
3699,0.3363532,0.33486447,0.0014887449
3700,0.3363728,0.33486265,0.0015101549
3701,0.33638164,0.3348612,0.0015204374
3702,0.33635807,0.33485875,0.0014993271
3703,0.33633906,0.33484808,0.001490977
3704,0.33633488,0.33484182,0.0014930684
3705,0.3363615,0.33484304,0.0015184557
3706,0.33639252,0.33485338,0.0015391422
3707,0.33634952,0.33483794,0.0015115731
3708,0.33631566,0.33482695,0.0014887108
3709,0.33631343,0.3348214,0.0014920218
3710,0.33633834,0.3348286,0.001509741
3711,0.33636856,0.33482245,0.0015461138
3712,0.33640173,0.33481643,0.0015852915
3713,0.33638573,0.33481154,0.0015741868
3714,0.33635262,0.33481196,0.0015406667
3715,0.3362965,0.33480382,0.0014926571
3716,0.33627975,0.33479866,0.0014810966
3717,0.33627012,0.33478606,0.0014840701
3718,0.33627936,0.3347878,0.0014915796
3719,0.3362671,0.33478382,0.00148328
3720,0.3362595,0.33478394,0.0014755616
3721,0.33626223,0.3347829,0.0014793369
3722,0.33626047,0.33477736,0.0014830984
3723,0.3362708,0.33477956,0.0014912426
3724,0.33626583,0.3347688,0.0014970272
3725,0.33626798,0.3347697,0.0014982895
3726,0.33624846,0.33476222,0.0014862369
3727,0.33624265,0.33476415,0.00147848
3728,0.33623856,0.3347648,0.0014737501
3729,0.33623362,0.33475998,0.0014736473
3730,0.33621645,0.3347489,0.0014675563
3731,0.33620432,0.334738,0.001466324
3732,0.33621085,0.33474508,0.0014657655
3733,0.3361963,0.33472967,0.0014666219
3734,0.33618966,0.33472517,0.0014644677
3735,0.33619422,0.33472532,0.0014688906
3736,0.33618745,0.3347175,0.0014699306
3737,0.33619326,0.3347182,0.0014750741
3738,0.33618927,0.33470914,0.0014801344
3739,0.3361943,0.33471718,0.0014771329
3740,0.33619055,0.33470574,0.0014848288
3741,0.33618218,0.33470204,0.0014801467
3742,0.33617076,0.33468875,0.0014819845
3743,0.33616555,0.33469173,0.0014738258
3744,0.33617944,0.3346809,0.0014985118
3745,0.336258,0.33469763,0.0015603503
3746,0.3364623,0.3347013,0.0017609909
3747,0.3368451,0.33473918,0.002105942
3748,0.33732763,0.3347823,0.0025453188
3749,0.3380133,0.33487582,0.0031374842
3750,0.33864456,0.33487788,0.003766685
3751,0.33903363,0.33491632,0.004117309
3752,0.33871382,0.33486104,0.003852785
3753,0.33804497,0.33483034,0.0032146256
3754,0.33722845,0.33474126,0.0024871898
3755,0.33661285,0.3346984,0.0019144583
3756,0.3362205,0.33465403,0.0015664787
3757,0.33611736,0.33465675,0.0014606204
3758,0.33623514,0.33465388,0.0015812686
3759,0.33670393,0.33470201,0.00200193
3760,0.33747703,0.33476153,0.0027155145
3761,0.33814612,0.33480462,0.0033414986
3762,0.33826908,0.33484194,0.0034271397
3763,0.33767927,0.33480394,0.0028753297
3764,0.33678523,0.33472478,0.0020604462
3765,0.33620352,0.3346342,0.0015693201
3766,0.3361008,0.3346281,0.0014726867
3767,0.33646894,0.3346779,0.0017910481
3768,0.33692846,0.33468413,0.0022443258
3769,0.337238,0.33472365,0.002514347
3770,0.33701396,0.33468124,0.0023327046
3771,0.33660266,0.3346677,0.0019349608
3772,0.33620304,0.3346274,0.0015756607
3773,0.33606282,0.33461392,0.001448912
3774,0.33611408,0.33460364,0.0015104422
3775,0.3363516,0.33462298,0.0017286094
3776,0.3365713,0.334632,0.0019392949
3777,0.3365617,0.33461416,0.0019475563
3778,0.33637398,0.33461058,0.0017633965
3779,0.33609614,0.33458555,0.0015105773
3780,0.3360269,0.33457375,0.0014531858
3781,0.33615363,0.33457783,0.0015757885
3782,0.33629668,0.33459,0.0017066924
3783,0.33634445,0.33459324,0.0017512204
3784,0.33621496,0.33457696,0.0016379941
3785,0.33605433,0.3345554,0.00149895
3786,0.33599892,0.334558,0.0014408963
3787,0.33601603,0.33454758,0.0014684552
3788,0.33609906,0.33454874,0.0015503116
3789,0.33616173,0.33455464,0.0016070906
3790,0.3361323,0.33453968,0.0015926075
3791,0.33605278,0.33453637,0.0015164183
3792,0.33599004,0.3345347,0.001455318
3793,0.33596334,0.33452868,0.0014346454
3794,0.33598432,0.33452788,0.0014564382
3795,0.33602756,0.3345256,0.0015019778
3796,0.33603254,0.33452597,0.0015065826
3797,0.3360086,0.33451882,0.0014897779
3798,0.33595842,0.33450872,0.0014496793
3799,0.33594492,0.3345059,0.0014390552
3800,0.335957,0.334504,0.0014529973
3801,0.33597174,0.33449882,0.0014729295
3802,0.3360008,0.33450294,0.0014978691
3803,0.3359657,0.33449212,0.0014735778
3804,0.33593825,0.33448642,0.0014518324
3805,0.3359156,0.3344749,0.0014406921
3806,0.33591822,0.3344816,0.0014366044
3807,0.33590433,0.33446944,0.0014349021
3808,0.3359094,0.33447126,0.0014381331
3809,0.33591682,0.33447573,0.001441109
3810,0.3359214,0.33446577,0.0014556448
3811,0.33591503,0.33445373,0.0014613105
3812,0.3359281,0.3344577,0.0014704147
3813,0.33591682,0.33445385,0.0014629621
3814,0.33589217,0.33443624,0.0014559256
3815,0.33589083,0.33444548,0.0014453501
3816,0.33587807,0.33443314,0.0014449286
3817,0.33589283,0.3344451,0.001447735
3818,0.33589083,0.3344522,0.0014385949
3819,0.3358843,0.3344389,0.0014454366
3820,0.3358677,0.33443224,0.0014354701
3821,0.33586732,0.33442712,0.0014402035
3822,0.33585894,0.33441845,0.0014404819
3823,0.33586463,0.33442366,0.0014409559
3824,0.33586517,0.33442396,0.001441198
3825,0.33587307,0.33442727,0.0014457902
3826,0.3358814,0.3344183,0.0014631065
3827,0.3358996,0.33442846,0.0014711127
3828,0.335897,0.33441645,0.001480567
3829,0.33589172,0.3344079,0.0014838325
3830,0.33589834,0.3344113,0.0014870527
3831,0.33588266,0.3343988,0.0014838584
3832,0.33589715,0.33440122,0.00149593
3833,0.3359019,0.3343982,0.0015036946
3834,0.33592105,0.3343933,0.0015277488
3835,0.3358931,0.33438823,0.001504875
3836,0.33585483,0.33437735,0.0014774867
3837,0.33582798,0.33438468,0.0014432854
3838,0.3357979,0.33436835,0.0014295701
3839,0.335794,0.33436462,0.001429377
3840,0.33581203,0.33436668,0.0014453577
3841,0.3358251,0.33435616,0.0014689259
3842,0.33583948,0.33436164,0.0014778159
3843,0.33585644,0.33436158,0.001494845
3844,0.33584994,0.33435214,0.00149782
3845,0.33585295,0.33434394,0.001509025
3846,0.33585295,0.33435142,0.0015015125
3847,0.33583632,0.33434594,0.0014903818
3848,0.3358011,0.33433476,0.001466332
3849,0.3357822,0.33432806,0.0014541242
3850,0.3357798,0.3343355,0.0014442669
3851,0.3357705,0.3343226,0.00144788
3852,0.3357626,0.33431652,0.0014460564
3853,0.33577403,0.3343221,0.0014519376
3854,0.33577406,0.33431473,0.0014593273
3855,0.33578068,0.3343121,0.0014685768
3856,0.33577096,0.33430833,0.0014626526
3857,0.33576348,0.33430827,0.0014552195
3858,0.33574954,0.33430046,0.0014490789
3859,0.3357438,0.33429825,0.0014455479
3860,0.3357441,0.33429936,0.0014447528
3861,0.33575544,0.3343038,0.0014516434
3862,0.33575672,0.33430514,0.0014515534
3863,0.33574525,0.33429497,0.0014502918
3864,0.33571938,0.33427578,0.0014435828
3865,0.33572203,0.33428013,0.0014419089
3866,0.33571512,0.33426878,0.0014463163
3867,0.33571884,0.33427238,0.001446475
3868,0.33570418,0.33426112,0.0014430487
3869,0.3357042,0.33426002,0.0014441985
3870,0.33570066,0.33425537,0.0014452816
3871,0.33569404,0.3342498,0.0014442597
3872,0.33569273,0.33424938,0.0014433668
3873,0.3356935,0.334244,0.0014494903
3874,0.33568788,0.33424228,0.0014456011
3875,0.3357128,0.33425537,0.0014574145
3876,0.33568862,0.33423522,0.0014533987
3877,0.33567747,0.33423427,0.0014432089
3878,0.33568227,0.3342361,0.0014461932
3879,0.33570296,0.334247,0.0014559737
3880,0.33568174,0.33423296,0.0014487973
3881,0.33567718,0.33422983,0.0014473732
3882,0.3356969,0.3342303,0.0014666051
3883,0.33566803,0.33422548,0.001442558
3884,0.3357282,0.33422342,0.0015047775
3885,0.3358403,0.3342298,0.0016105121
3886,0.33600545,0.3342379,0.0017675621
3887,0.33633167,0.33426923,0.0020624418
3888,0.3366264,0.3342873,0.0023391168
3889,0.33650377,0.3342717,0.002232064
3890,0.33602265,0.33422697,0.0017956868
3891,0.335699,0.3342016,0.0014973832
3892,0.33565283,0.33419392,0.001458904
3893,0.33585817,0.3341989,0.0016592558
3894,0.33639067,0.33425662,0.0021340626
3895,0.336891,0.3342856,0.0026054108
3896,0.336794,0.3342861,0.0025078973
3897,0.33622167,0.33422512,0.0019965484
3898,0.33577573,0.3341844,0.0015913381
3899,0.3356035,0.33416417,0.001439339
3900,0.33578578,0.3341793,0.0016064886
3901,0.33612666,0.33420688,0.0019197948
3902,0.33602235,0.33418554,0.0018368096
3903,0.33559337,0.33414978,0.0014435815
3904,0.3359046,0.3341634,0.0017411973
3905,0.33623183,0.3342028,0.0020290308
3906,0.33612376,0.33418193,0.0019418182
3907,0.3357913,0.3341559,0.0016354263
3908,0.33558962,0.33412763,0.0014619783
3909,0.3358503,0.33414972,0.0017005982
3910,0.3361232,0.3341837,0.0019395124
3911,0.33571273,0.33414492,0.0015678309
3912,0.33561915,0.334123,0.001496165
3913,0.33592016,0.3341477,0.0017724544
3914,0.33596757,0.33416444,0.0018031556
3915,0.3356791,0.33412334,0.0015557653
3916,0.33555394,0.33410025,0.0014536955
3917,0.33584267,0.33414614,0.0016965294
3918,0.3359254,0.33414108,0.001784316
3919,0.33562303,0.33411756,0.0015054444
3920,0.3355913,0.33409822,0.0014930472
3921,0.335815,0.3341252,0.0016898137
3922,0.33572248,0.33411372,0.0016087774
3923,0.33551952,0.3340816,0.0014379242
3924,0.33565086,0.33409184,0.0015590265
3925,0.33583704,0.33411583,0.0017212003
3926,0.33575645,0.33411756,0.0016389018
3927,0.33551642,0.33406922,0.001447189
3928,0.3356393,0.33407405,0.0015652443
3929,0.33590317,0.33412915,0.0017740214
3930,0.33572984,0.33409578,0.0016340576
3931,0.3354796,0.33404064,0.001438938
3932,0.3356167,0.33405504,0.0015616501
3933,0.33585036,0.33409363,0.0017567473
3934,0.3357138,0.33408508,0.0016287208
3935,0.33547142,0.3340358,0.0014356251
3936,0.33579043,0.3340619,0.0017285559
3937,0.3360343,0.33408156,0.0019527376
3938,0.33559486,0.3340411,0.0015537919
3939,0.3355057,0.3340301,0.001475586
3940,0.33583853,0.33405897,0.0017795473
3941,0.3360453,0.33405736,0.001987933
3942,0.3359671,0.33404958,0.0019175155
3943,0.33573553,0.33402017,0.0017153716
3944,0.3354878,0.33401328,0.0014745354
3945,0.3354521,0.33400738,0.0014447345
3946,0.3355986,0.33401436,0.0015842248
3947,0.33568364,0.33402625,0.0016573683
3948,0.33558798,0.33399877,0.0015892073
3949,0.33545992,0.33399448,0.00146546
3950,0.3354135,0.3339799,0.0014335975
3951,0.3355287,0.333975,0.0015537189
3952,0.3356692,0.3340035,0.0016657002
3953,0.33570868,0.3340028,0.0017058871
3954,0.3355994,0.33399603,0.0016033633
3955,0.33543703,0.33397073,0.0014663215
3956,0.33537304,0.33395067,0.001422365
3957,0.33542147,0.33396524,0.001456232
3958,0.33546242,0.33395562,0.0015068107
3959,0.33551848,0.3339627,0.001555761
3960,0.3355088,0.3339387,0.0015700888
3961,0.335488,0.3339487,0.001539305
3962,0.3354389,0.33393875,0.0015001434
3963,0.33541763,0.3339472,0.0014704291
3964,0.33536872,0.33392885,0.0014398901
3965,0.33535153,0.33392507,0.00142646
3966,0.33538276,0.33392817,0.0014545867
3967,0.33544618,0.33392054,0.0015256193
3968,0.33554703,0.33392668,0.0016203299
3969,0.33548132,0.33392364,0.0015576814
3970,0.3353859,0.33392414,0.0014617445
3971,0.335366,0.33391067,0.0014553315
3972,0.33544806,0.33390406,0.0015439987
3973,0.33554503,0.33392847,0.0016165792
3974,0.33541816,0.3339201,0.0014980873
3975,0.33534285,0.33389875,0.0014440989
3976,0.33535275,0.33388966,0.0014630915
3977,0.33539653,0.33388764,0.001508894
3978,0.33543712,0.3338979,0.001539243
3979,0.3353982,0.3338764,0.0015217807
3980,0.3353652,0.33388054,0.0014846709
3981,0.33531916,0.3338707,0.0014484428
3982,0.33530688,0.33387038,0.0014364847
3983,0.33532414,0.33386344,0.0014606885
3984,0.33533788,0.3338615,0.0014763791
3985,0.33534405,0.33386248,0.001481548
3986,0.335319,0.3338536,0.0014654088
3987,0.33530164,0.3338588,0.0014428518
3988,0.33528104,0.3338357,0.001445343
3989,0.3353049,0.33383453,0.0014703543
3990,0.33533025,0.33384472,0.0014855489
3991,0.3352952,0.33382764,0.0014675482
3992,0.33527285,0.3338184,0.0014544283
3993,0.33526388,0.33381864,0.0014452348
3994,0.33529362,0.3338143,0.0014793447
3995,0.3354301,0.3338337,0.00159639
3996,0.33545515,0.33381847,0.0016366752
3997,0.33540773,0.3338176,0.0015901402
3998,0.33528873,0.3337963,0.00149245
3999,0.33523628,0.33380213,0.0014341625
4000,0.33531943,0.33380356,0.0015158614
4001,0.33541256,0.33379552,0.0016170356
4002,0.33540788,0.33381882,0.0015890483
4003,0.3352481,0.3337894,0.0014586998
4004,0.33524048,0.33378586,0.0014546339
4005,0.33529666,0.33377892,0.0015177515
4006,0.3352718,0.33379585,0.00147595
4007,0.33521616,0.33377913,0.0014370442
4008,0.33520526,0.33376846,0.0014367991
4009,0.33523467,0.33377823,0.0014564327
4010,0.33525518,0.3337756,0.0014795689
4011,0.33525145,0.3337607,0.0014907267
4012,0.33523247,0.33376494,0.0014675418
4013,0.33521158,0.3337541,0.0014574847
4014,0.33518705,0.3337442,0.0014428576
4015,0.33519265,0.33374202,0.0014506256
4016,0.33528146,0.33375144,0.001530033
4017,0.33533016,0.3337399,0.001590267
4018,0.33530757,0.33374518,0.0015623758
4019,0.33525878,0.33374634,0.0015124299
4020,0.3351839,0.33372447,0.0014594098
4021,0.33517936,0.33373103,0.0014483441
4022,0.33520466,0.3337426,0.0014620533
4023,0.3351831,0.33372858,0.0014545207
4024,0.33514962,0.33372188,0.0014277475
4025,0.33519712,0.33371764,0.0014794699
4026,0.33514342,0.33370876,0.0014346536
4027,0.33515507,0.3337164,0.0014386742
4028,0.33518448,0.33372885,0.001455642
4029,0.33514744,0.3337061,0.0014413357
4030,0.3351762,0.33370107,0.0014751087
4031,0.3352147,0.33371451,0.0015001718
4032,0.33516258,0.33371285,0.0014497315
4033,0.3351293,0.33369273,0.0014365424
4034,0.33518764,0.33370984,0.00147781
4035,0.3352734,0.3337293,0.0015441247
4036,0.3351984,0.33369616,0.0015022445
4037,0.33509755,0.3336697,0.0014278528
4038,0.3352006,0.33369324,0.0015073447
4039,0.33544767,0.33371451,0.001733169
4040,0.3357677,0.3337308,0.0020368784
4041,0.33602706,0.33373034,0.0022967071
4042,0.3359295,0.33373705,0.0021924775
4043,0.33553424,0.33368942,0.0018447945
4044,0.33522025,0.33367616,0.0015441105
4045,0.33508718,0.33365017,0.0014369994
4046,0.33511698,0.33364943,0.0014675467
4047,0.3352198,0.33365867,0.0015611567
4048,0.33518946,0.33365157,0.0015378671
4049,0.33508176,0.3336405,0.0014412815
4050,0.33506262,0.333629,0.0014335902
4051,0.33509687,0.33362716,0.0014696987
4052,0.33512488,0.33362767,0.0014971996
4053,0.33514214,0.3336223,0.0015198288
4054,0.3352242,0.33362636,0.0015978472
4055,0.3353356,0.33363032,0.0017052939
4056,0.33534762,0.3336278,0.0017198261
4057,0.33523193,0.33361274,0.0016191906
4058,0.3351001,0.33360198,0.0014981239
4059,0.33502805,0.33359265,0.0014354036
4060,0.3350444,0.3335844,0.0014600063
4061,0.3351389,0.3336091,0.0015298041
4062,0.3351612,0.333602,0.0015592056
4063,0.33509,0.33358034,0.0015096574
4064,0.33503714,0.33357355,0.0014636128
4065,0.3350269,0.33357826,0.0014486199
4066,0.33501866,0.3335683,0.0014503766
4067,0.33504882,0.333567,0.001481837
4068,0.33504844,0.3335694,0.0014790265
4069,0.33500338,0.33355382,0.0014495524
4070,0.3350007,0.3335646,0.001436072
4071,0.33500075,0.33356234,0.0014383894
4072,0.33500385,0.33354858,0.001455263
4073,0.33502516,0.33356237,0.0014627661
4074,0.33499262,0.33353955,0.0014530679
4075,0.33498043,0.3335461,0.0014343185
4076,0.33497047,0.33353698,0.0014334981
4077,0.3349796,0.33353034,0.0014492401
4078,0.33499706,0.333527,0.0014700571
4079,0.33499676,0.3335185,0.0014782744
4080,0.33497843,0.33351746,0.0014609571
4081,0.33494654,0.3335146,0.0014319345
4082,0.3349336,0.33350334,0.0014302775
4083,0.33494204,0.3334969,0.0014451371
4084,0.33494923,0.33350715,0.001442076
4085,0.33493418,0.33349887,0.0014353229
4086,0.33491474,0.33348712,0.0014276238
4087,0.33492813,0.33349475,0.001433357
4088,0.33492845,0.33348492,0.0014435282
4089,0.33493066,0.33349723,0.001433429
4090,0.3349243,0.33349234,0.0014319746
4091,0.3349181,0.33347467,0.0014434404
4092,0.33495173,0.3334822,0.0014695023
4093,0.33494964,0.33346862,0.0014810341
4094,0.33496165,0.3334725,0.0014891631
4095,0.3349262,0.3334643,0.001461899
4096,0.33489913,0.33345887,0.0014402547
4097,0.33487758,0.33345836,0.0014192205
4098,0.33487707,0.33344078,0.0014362719
4099,0.3349175,0.33345756,0.0014599056
4100,0.33490852,0.33344984,0.0014586982
4101,0.3348896,0.33344147,0.0014481347
4102,0.33486307,0.33343577,0.0014272972
4103,0.33486322,0.33344293,0.0014202847
4104,0.3348375,0.33342147,0.0014160189
4105,0.33485144,0.33342245,0.0014289997
4106,0.33487913,0.3334212,0.0014579393
4107,0.33490258,0.33342817,0.0014744363
4108,0.33492407,0.33341917,0.0015049058
4109,0.3349286,0.3334267,0.0015018644
4110,0.3349063,0.33342156,0.0014847514
4111,0.334862,0.3334163,0.0014456894
4112,0.3348349,0.33340466,0.0014302342
4113,0.33482122,0.33339688,0.0014243312
4114,0.3348303,0.33340415,0.0014261433
4115,0.3348478,0.33339736,0.001450442
4116,0.33486506,0.33339134,0.0014737223
4117,0.33491933,0.3333993,0.0015200372
4118,0.3349467,0.33337975,0.0015669368
4119,0.33503622,0.33339754,0.0016386788
4120,0.33508232,0.33339682,0.0016855041
4121,0.33513486,0.33339036,0.0017445032
4122,0.3351252,0.33338726,0.0017379323
4123,0.3350879,0.3333889,0.0016990002
4124,0.33495876,0.33336744,0.0015913376
4125,0.33487147,0.3333676,0.0015038732
4126,0.33480152,0.33335307,0.0014484376
4127,0.33478436,0.33334753,0.0014368362
4128,0.33478197,0.3333405,0.0014414921
4129,0.3347787,0.33333263,0.0014460587
4130,0.3347975,0.33334342,0.0014540858
4131,0.33479506,0.3333339,0.0014611437
4132,0.33479196,0.3333309,0.0014610495
4133,0.3347751,0.3333254,0.0014496993
4134,0.3347649,0.33332255,0.0014423653
4135,0.33474094,0.33331144,0.0014294758
4136,0.33474556,0.33331198,0.0014335808
4137,0.33475965,0.3333133,0.0014463484
4138,0.33476496,0.33331236,0.0014526151
4139,0.3347622,0.33330745,0.0014547629
4140,0.3347494,0.33329433,0.0014550687
4141,0.3347491,0.33329615,0.0014529476
4142,0.33474517,0.33328688,0.0014583014
4143,0.33474207,0.3332887,0.0014533715
4144,0.33472988,0.33327585,0.0014540264
4145,0.33474407,0.33328533,0.0014587229
4146,0.33474815,0.33327818,0.0014699607
4147,0.33477065,0.33327603,0.0014946215
4148,0.334821,0.33327454,0.0015464693
4149,0.33487716,0.33326852,0.0016086511
4150,0.3349247,0.3332725,0.001652206
4151,0.33488244,0.33326405,0.001618372
4152,0.33482224,0.33326066,0.001561577
4153,0.33475667,0.3332565,0.0015001537
4154,0.3347241,0.33323663,0.001487468
4155,0.33472863,0.3332426,0.0014860372
4156,0.3347301,0.33322832,0.0015017473
4157,0.3347676,0.3332424,0.0015252421
4158,0.33507314,0.33325207,0.001821061
4159,0.3364202,0.33338457,0.0030356436
4160,0.33988684,0.33363572,0.0062511326
4161,0.34570312,0.33413202,0.011571122
4162,0.35029027,0.33456293,0.01572736
4163,0.34816587,0.33442566,0.0137402015
4164,0.33941808,0.33363947,0.0057785967
4165,0.33465356,0.33320823,0.001445326
4166,0.33911896,0.33361286,0.0055061034
4167,0.34344032,0.33400348,0.009436844
4168,0.3394564,0.33371368,0.0057427366
4169,0.33473518,0.33320892,0.001526267
4170,0.3371063,0.33343124,0.0036750317
4171,0.34000182,0.33370072,0.0063011153
4172,0.33705667,0.3333873,0.0036693998
4173,0.334669,0.33318195,0.0014870265
4174,0.3375377,0.33345073,0.0040869815
4175,0.3387875,0.33355948,0.0052280044
4176,0.3357984,0.3333186,0.0024798242
4177,0.3348572,0.33319318,0.0016640335
4178,0.33729202,0.33344996,0.0038420581
4179,0.33717355,0.33340177,0.0037717763
4180,0.33491394,0.33319336,0.0017205778
4181,0.3351857,0.33320206,0.0019836533
4182,0.33640733,0.33332393,0.0030834202
4183,0.33539543,0.33323237,0.0021630502
4184,0.33462602,0.3331471,0.0014789022
4185,0.33573312,0.3332555,0.0024776128
4186,0.33601484,0.33331367,0.0027011544
4187,0.33477002,0.33317366,0.001596357
4188,0.33492333,0.3331738,0.0017494981
4189,0.33593073,0.33333254,0.002598178
4190,0.3352937,0.33320102,0.0020927074
4191,0.3345668,0.33311749,0.0014493291
4192,0.33498502,0.33316803,0.0018169777
4193,0.33525565,0.33319095,0.0020647272
4194,0.33480844,0.33315375,0.0016546827
4195,0.33455646,0.33310384,0.0014526348
4196,0.33493364,0.33316123,0.0017723985
4197,0.33501062,0.33318084,0.0018297741
4198,0.33461043,0.3331153,0.0014951375
4199,0.33471823,0.3331335,0.0015847487
4200,0.33502984,0.3331639,0.0018659647
4201,0.334711,0.3331259,0.001585116
4202,0.33457664,0.33310407,0.0014725788
4203,0.33483875,0.3331405,0.0016982466
4204,0.3346765,0.3331181,0.0015583907
4205,0.33453336,0.3330822,0.0014511712
4206,0.33475998,0.3331141,0.0016458951
4207,0.3346918,0.33311346,0.0015783176
4208,0.33451098,0.33306405,0.0014469381
4209,0.33471167,0.33309948,0.0016121684
4210,0.33469483,0.33308837,0.0016064668
4211,0.33450052,0.3330513,0.001449221
4212,0.3345871,0.33307347,0.0015136462
4213,0.33461413,0.3330675,0.0015466337
4214,0.33451822,0.33305812,0.0014600981
4215,0.33452317,0.33305797,0.0014652191
4216,0.33459887,0.3330704,0.0015284608
4217,0.33453897,0.33305055,0.0014884124
4218,0.3344839,0.33304247,0.0014414018
4219,0.33453497,0.33305022,0.0014847765
4220,0.3345461,0.33304277,0.001503326
4221,0.33447632,0.33303314,0.0014431728
4222,0.3344817,0.33303127,0.001450443
4223,0.3345165,0.3330255,0.0014910087
4224,0.33448097,0.3330219,0.0014590689
4225,0.33444494,0.33300945,0.0014354726
4226,0.33447126,0.33301145,0.0014597967
4227,0.33446527,0.33300918,0.0014560844
4228,0.33443847,0.3330019,0.0014365533
4229,0.33444035,0.33299565,0.0014447058
4230,0.33444512,0.33299688,0.0014482485
4231,0.3344221,0.3329765,0.0014456138
4232,0.3344219,0.33298862,0.0014332874
4233,0.3344161,0.3329709,0.0014452025
4234,0.3344127,0.33295798,0.0014547182
4235,0.3344094,0.33297473,0.0014346369
4236,0.33440155,0.33297127,0.00143028
4237,0.33443525,0.33296534,0.0014699015
4238,0.3345004,0.33297464,0.0015257625
4239,0.33447912,0.33296952,0.0015096258
4240,0.3344236,0.33296177,0.0014618251
4241,0.33441585,0.3329696,0.0014462284
4242,0.3343915,0.33296475,0.0014267771
4243,0.33440232,0.33296525,0.001437073
4244,0.33439374,0.3329591,0.0014346533
4245,0.33438653,0.3329575,0.0014290215
4246,0.3343822,0.33295515,0.0014270635
4247,0.33437014,0.3329444,0.0014257251
4248,0.33437046,0.33294386,0.0014265964
4249,0.33435494,0.33292934,0.0014256004
4250,0.33436242,0.3329395,0.0014229041
4251,0.33436418,0.33293644,0.0014277132
4252,0.3343549,0.3329284,0.0014265405
4253,0.33435735,0.3329313,0.0014260398
4254,0.3343447,0.33292067,0.0014240561
4255,0.33434105,0.33291513,0.0014259305
4256,0.33434066,0.33291987,0.0014208127
4257,0.3343252,0.33290294,0.001422247
4258,0.3343244,0.33290508,0.0014192974
4259,0.33432254,0.33290014,0.0014223952
4260,0.3343234,0.33290264,0.0014207752
4261,0.33432546,0.3329066,0.0014188366
4262,0.33432475,0.3329043,0.0014204308
4263,0.33431607,0.33289665,0.00141942
4264,0.33431268,0.33288938,0.0014232933
4265,0.3343067,0.33288294,0.0014237342
4266,0.33431536,0.3328912,0.0014241615
4267,0.33430418,0.33287877,0.0014254267
4268,0.33430472,0.33287686,0.0014278481
4269,0.3343041,0.33287388,0.0014301986
4270,0.33430862,0.33287466,0.0014339661
4271,0.3343026,0.33287212,0.0014304555
4272,0.3343009,0.33286816,0.001432743
4273,0.3342988,0.3328671,0.0014316937
4274,0.33430052,0.33286616,0.0014343761
4275,0.3342815,0.33285078,0.0014307102
4276,0.33429253,0.33285844,0.0014340982
4277,0.33428553,0.33285227,0.0014332639
4278,0.3342786,0.33284563,0.0014329714
4279,0.3342837,0.3328507,0.0014329916
4280,0.33428097,0.33284545,0.0014355427
4281,0.33427218,0.33283928,0.0014328796
4282,0.33427048,0.33283594,0.0014345401
4283,0.33427298,0.3328358,0.0014372019
4284,0.3342767,0.33284262,0.0014340924
4285,0.3342717,0.33283868,0.0014330312
4286,0.33426616,0.33283573,0.0014304197
4287,0.3342639,0.33283073,0.0014331656
4288,0.3342688,0.33283266,0.0014361412
4289,0.33424893,0.3328131,0.0014358053
4290,0.3342583,0.33282223,0.00143605
4291,0.3342565,0.33282024,0.0014362596
4292,0.33425257,0.33281136,0.0014411898
4293,0.3342393,0.33280277,0.0014365346
4294,0.3342352,0.33280295,0.0014322397
4295,0.33423275,0.3328024,0.0014303299
4296,0.3342346,0.33279985,0.0014347311
4297,0.33421102,0.33278403,0.0014270124
4298,0.33420688,0.33278134,0.0014255566
4299,0.33419657,0.33277223,0.0014243547
4300,0.33418784,0.33276355,0.0014242854
4301,0.33419,0.3327696,0.001420419
4302,0.3342045,0.33277914,0.0014253629
4303,0.33419746,0.33276707,0.0014303755
4304,0.33419374,0.33276728,0.0014264623
4305,0.33418575,0.33275908,0.0014266593
4306,0.33417943,0.33275515,0.0014242685
4307,0.33418253,0.33275098,0.0014315316
4308,0.3341693,0.33274257,0.001426718
4309,0.33416274,0.3327392,0.0014235482
4310,0.33416355,0.3327355,0.0014280451
4311,0.3341678,0.3327344,0.001433388
4312,0.33415502,0.33272833,0.0014266982
4313,0.33414623,0.33272275,0.0014234862
4314,0.33414242,0.3327172,0.0014252056
4315,0.3341394,0.33271468,0.0014247365
4316,0.334131,0.33270767,0.001423338
4317,0.33414084,0.33271557,0.0014252606
4318,0.33412716,0.3327032,0.0014239706
4319,0.33412337,0.33269742,0.0014259549
4320,0.33412528,0.33269948,0.0014258039
4321,0.33411506,0.3326899,0.001425151
4322,0.3341241,0.33270013,0.001423941
4323,0.33411932,0.33269227,0.001427032
4324,0.33410987,0.33268037,0.0014295022
4325,0.33411402,0.33268216,0.0014318764
4326,0.3341124,0.33267885,0.0014335581
4327,0.3341109,0.33267745,0.0014334236
4328,0.33409277,0.33266166,0.0014311096
4329,0.33410618,0.332678,0.0014281743
4330,0.3341042,0.332674,0.0014302165
4331,0.33409357,0.33266684,0.0014267334
4332,0.33408454,0.33266082,0.0014237163
4333,0.33408454,0.3326571,0.0014274537
4334,0.3340694,0.332648,0.0014214071
4335,0.3340699,0.3326465,0.0014234361
4336,0.33406886,0.3326457,0.0014231432
4337,0.33405977,0.33263907,0.0014206847
4338,0.33405358,0.33263224,0.001421351
4339,0.33405402,0.33263138,0.0014226544
4340,0.33403963,0.33262175,0.0014178881
4341,0.33403918,0.33262187,0.0014173342
4342,0.33405182,0.33262795,0.001423876
4343,0.33404276,0.3326251,0.0014176745
4344,0.33402422,0.3326134,0.0014108062
4345,0.33403096,0.33261472,0.001416242
4346,0.3340194,0.33260396,0.0014154343
4347,0.33400837,0.33259967,0.0014086837
4348,0.33400938,0.33260056,0.0014088342
4349,0.3340071,0.33259964,0.0014074871
4350,0.33400634,0.33259982,0.0014065036
4351,0.33400476,0.3325983,0.0014064613
4352,0.3339968,0.33259013,0.0014066765
4353,0.33399957,0.33259147,0.0014081217
4354,0.3339908,0.33258218,0.0014086592
4355,0.33399975,0.33258885,0.0014109176
4356,0.33399037,0.33258012,0.0014102447
4357,0.33399,0.33257732,0.0014126817
4358,0.33398202,0.33256814,0.0014138771
4359,0.3339776,0.33256242,0.0014151968
4360,0.33397806,0.33255818,0.0014198765
4361,0.33397898,0.33255738,0.0014215854
4362,0.3339737,0.33255365,0.0014200497
4363,0.33397618,0.3325494,0.001426799
4364,0.33402774,0.33254635,0.0014813831
4365,0.33412933,0.33257017,0.001559153
4366,0.33416495,0.3325655,0.0015994658
4367,0.33412346,0.33256745,0.0015559979
4368,0.3339876,0.33254096,0.0014466547
4369,0.33398902,0.33254927,0.0014397625
4370,0.33410415,0.33254597,0.0015581737
4371,0.33413512,0.33254805,0.0015870609
4372,0.3340224,0.3325328,0.0014895932
4373,0.33395365,0.33252755,0.001426087
4374,0.3340052,0.3325314,0.0014737971
4375,0.3340787,0.33254093,0.0015377488
4376,0.33404243,0.33252925,0.0015131909
4377,0.3339554,0.33250883,0.0014465773
4378,0.33394167,0.33250663,0.0014350347
4379,0.33396715,0.33250698,0.0014601678
4380,0.33396596,0.332513,0.001452968
4381,0.3339419,0.33250314,0.0014387789
4382,0.33393037,0.33249703,0.001433362
4383,0.33394873,0.33250552,0.001443195
4384,0.3339478,0.3324941,0.001453699
4385,0.33393648,0.33249006,0.0014464454
4386,0.3339089,0.33247724,0.0014316328
4387,0.33390674,0.33247364,0.0014331011
4388,0.33391264,0.33247256,0.0014400812
4389,0.33391654,0.33247912,0.0014374357
4390,0.333896,0.3324705,0.0014254978
4391,0.3338883,0.33246547,0.0014228162
4392,0.33388856,0.3324528,0.0014357634
4393,0.3339119,0.33246452,0.0014473607
4394,0.33391085,0.3324581,0.0014527577
4395,0.33389023,0.33245498,0.0014352433
4396,0.33386493,0.33243975,0.0014251902
4397,0.33387795,0.3324477,0.0014302395
4398,0.33389962,0.3324515,0.0014481151
4399,0.3339074,0.33244568,0.0014617133
4400,0.333908,0.33244854,0.0014594732
4401,0.33388132,0.33243856,0.0014427718
4402,0.3338659,0.33243057,0.0014353341
4403,0.3338633,0.33242774,0.0014355205
4404,0.33386374,0.332426,0.0014377391
4405,0.3338596,0.33241937,0.0014402198
4406,0.33385077,0.33241332,0.001437467
4407,0.33385402,0.33241308,0.0014409531
4408,0.33386296,0.33241168,0.0014512793
4409,0.33385828,0.33240733,0.0014509644
4410,0.33385965,0.33240774,0.0014519265
4411,0.33385232,0.33240458,0.001447725
4412,0.33383188,0.33239228,0.0014396069
4413,0.33383998,0.3324002,0.0014397694
4414,0.33383867,0.33239725,0.0014413943
4415,0.33383024,0.33239603,0.0014342259
4416,0.3338217,0.3323894,0.0014322724
4417,0.33381575,0.33238524,0.001430516
4418,0.3338054,0.33237326,0.0014321447
4419,0.3338095,0.332379,0.0014304733
4420,0.33381522,0.33238438,0.0014308573
4421,0.33380875,0.3323802,0.0014285434
4422,0.33379662,0.3323649,0.0014317215
4423,0.33381,0.3323833,0.0014266833
4424,0.333798,0.3323713,0.0014267117
4425,0.3337964,0.33237106,0.0014253575
4426,0.333785,0.3323585,0.0014264954
4427,0.333789,0.3323637,0.0014252753
4428,0.33378536,0.33236238,0.001422996
4429,0.33376998,0.33234698,0.0014230236
4430,0.33378166,0.33236,0.0014216661
4431,0.33377874,0.33235392,0.0014248196
4432,0.33377096,0.33234632,0.0014246375
4433,0.33377358,0.33234972,0.0014238631
4434,0.33376756,0.33233786,0.0014296996
4435,0.3337616,0.33233473,0.0014268903
4436,0.33376876,0.33233392,0.0014348481
4437,0.33376393,0.33232895,0.001435004
4438,0.3337543,0.33231956,0.001434758
4439,0.3337458,0.3323106,0.0014352163
4440,0.33375287,0.3323152,0.0014376768
4441,0.33374187,0.33230865,0.0014332479
4442,0.33373404,0.33230078,0.0014332365
4443,0.33371955,0.33229262,0.0014269316
4444,0.33374757,0.33230436,0.0014432129
4445,0.3338185,0.33229324,0.0015252556
4446,0.33391786,0.33230868,0.0016091892
4447,0.33398515,0.33231306,0.0016720891
4448,0.33404484,0.33230326,0.001741587
4449,0.33406955,0.33232117,0.0017483685
4450,0.333957,0.33231145,0.0016455132
4451,0.333806,0.3322956,0.0015104177
4452,0.3337018,0.3322756,0.0014261946
4453,0.33377802,0.33229586,0.0014821723
4454,0.33382526,0.3322894,0.0015358487
4455,0.3338071,0.33226755,0.0015395833
4456,0.33377928,0.33228222,0.0014970578
4457,0.33371973,0.33227038,0.0014493403
4458,0.33370548,0.33227342,0.0014320476
4459,0.33372474,0.33226132,0.0014634244
4460,0.33377877,0.3322782,0.0015005948
4461,0.3337678,0.3322543,0.0015135058
4462,0.33381283,0.33224887,0.0015639544
4463,0.33403093,0.33227232,0.0017586064
4464,0.33446106,0.33230144,0.0021596216
4465,0.33491293,0.3323317,0.0025812397
4466,0.3352645,0.3323333,0.0029312004
4467,0.33536988,0.33234254,0.003027354
4468,0.33513057,0.33234012,0.0027904685
4469,0.33470908,0.33230162,0.002407458
4470,0.33429408,0.33226612,0.0020279684
4471,0.33401135,0.33224642,0.0017649278
4472,0.333777,0.33224013,0.0015368687
4473,0.3336405,0.3322023,0.0014382007
4474,0.33362448,0.3322007,0.0014237743
4475,0.33366767,0.33220857,0.0014590825
4476,0.3338319,0.3322025,0.0016293969
4477,0.33440042,0.33224505,0.0021553575
4478,0.33524802,0.3323125,0.0029355297
4479,0.3356957,0.33233258,0.003363132
4480,0.33543104,0.33231172,0.0031193038
4481,0.33468258,0.33225527,0.0024272876
4482,0.33406782,0.33220395,0.0018638482
4483,0.33377394,0.33217877,0.0015951507
4484,0.33367,0.3321645,0.0015055023
4485,0.3336557,0.33216316,0.0014925422
4486,0.33367476,0.33215758,0.0015171584
4487,0.33379155,0.33216432,0.0016272478
4488,0.33416727,0.33218864,0.0019786437
4489,0.33477944,0.3322347,0.002544737
4490,0.3351917,0.3322467,0.002944996
4491,0.33497763,0.3322352,0.0027424502
4492,0.33430216,0.33218816,0.0021140159
4493,0.33372396,0.332138,0.0015859769
4494,0.33358946,0.33214965,0.0014398212
4495,0.33374596,0.3321369,0.0016090448
4496,0.33415893,0.33217272,0.0019862116
4497,0.33450782,0.33218798,0.0023198407
4498,0.33433932,0.3321772,0.0021621273
4499,0.33393303,0.33213225,0.0018007632
4500,0.33366024,0.3321062,0.0015540642
4501,0.33354834,0.3320897,0.0014586458
4502,0.33353508,0.33208635,0.0014487376
4503,0.3336953,0.33208945,0.0016058456
4504,0.3337419,0.3320951,0.0016468056
4505,0.3338181,0.3321209,0.0016972127
4506,0.33368394,0.3320941,0.0015898247
4507,0.33358684,0.33209902,0.0014878478
4508,0.33352426,0.33207825,0.0014459962
4509,0.33375746,0.33211908,0.0016383923
4510,0.3340879,0.33214673,0.0019411644
4511,0.33442724,0.33214265,0.0022845832
4512,0.3344556,0.33214632,0.002309288
4513,0.334005,0.33210045,0.00190456
4514,0.33357286,0.3320684,0.0015044415
4515,0.333525,0.33206207,0.0014629595
4516,0.33384958,0.33206502,0.0017845748
4517,0.33413693,0.33210298,0.0020339412
4518,0.33413276,0.33209434,0.0020384155
4519,0.33385685,0.33205697,0.0017998649
4520,0.3336204,0.3320527,0.0015677043
4521,0.33346897,0.33202425,0.0014447151
4522,0.33346584,0.33202633,0.0014395101
4523,0.33357295,0.33202347,0.0015494666
4524,0.33372915,0.332035,0.0016941398
4525,0.3338913,0.33203828,0.001853015
4526,0.33389533,0.33203977,0.0018555634
4527,0.33371648,0.33202824,0.001688236
4528,0.33357146,0.33202478,0.0015466738
4529,0.33345282,0.33200133,0.001451502
4530,0.3334444,0.33201298,0.0014313838
4531,0.33347744,0.3320019,0.0014755608
4532,0.333563,0.33202386,0.0015391383
4533,0.3336024,0.33200553,0.0015968641
4534,0.33358598,0.33201978,0.0015662129
4535,0.3335032,0.33200648,0.0014966773
4536,0.3334948,0.33200172,0.0014930941
4537,0.33344072,0.3319918,0.0014489254
4538,0.33342978,0.33199278,0.0014370077
4539,0.33344302,0.33200622,0.0014368001
4540,0.33342424,0.33198383,0.001440412
4541,0.33350927,0.33200094,0.0015083236
4542,0.3335679,0.3319879,0.001580018
4543,0.33355394,0.33199102,0.0015629206
4544,0.333459,0.33197543,0.0014835477
4545,0.33338353,0.33195987,0.001423661
4546,0.33340958,0.3319513,0.0014582884
4547,0.3335365,0.33196542,0.001571092
4548,0.33359516,0.33197385,0.0016213093
4549,0.33352366,0.33195344,0.0015702436
4550,0.33341998,0.33194733,0.0014726511
4551,0.33336583,0.33193657,0.0014292559
4552,0.33337513,0.33194906,0.0014260482
4553,0.33337915,0.3319222,0.0014569374
4554,0.33342645,0.33193892,0.0014875286
4555,0.33339912,0.33192503,0.0014740744
4556,0.3333662,0.33192822,0.0014379675
4557,0.33333,0.33191338,0.0014166244
4558,0.33334938,0.33191514,0.0014342398
4559,0.33336496,0.33192313,0.001441856
4560,0.33334586,0.3319112,0.0014346578
4561,0.33332282,0.33190727,0.0014155514
4562,0.33332092,0.33190367,0.0014172634
4563,0.3333324,0.33191085,0.0014215361
4564,0.33333224,0.33190727,0.0014249483
4565,0.33330837,0.331896,0.0014123835
4566,0.33330664,0.3318922,0.0014144416
4567,0.33330202,0.33188125,0.0014207561
4568,0.33331808,0.33188623,0.001431862
4569,0.33331865,0.33188352,0.0014351526
4570,0.33329478,0.331873,0.0014217801
4571,0.33327913,0.33186722,0.0014119063
4572,0.33328322,0.33186424,0.0014190008
4573,0.33329225,0.33185905,0.0014332166
4574,0.33327067,0.33185318,0.0014174745
4575,0.33325234,0.33184117,0.0014111926
4576,0.33327627,0.3318445,0.0014317599
4577,0.3332835,0.33183044,0.0014530891
4578,0.3332792,0.33183056,0.001448617
4579,0.33325505,0.33183673,0.0014183266
4580,0.33323067,0.33182478,0.0014058816
4581,0.33324355,0.33182836,0.0014151938
4582,0.33328146,0.33183807,0.0014433912
4583,0.33328003,0.33182666,0.0014533503
4584,0.33330566,0.33182523,0.0014804087
4585,0.33335167,0.33181652,0.0015351642
4586,0.33341536,0.33182624,0.0015891095
4587,0.33341038,0.33181277,0.0015976119
4588,0.33338845,0.3318153,0.0015731339
4589,0.33330694,0.33181936,0.0014875844
4590,0.33322874,0.33180597,0.0014227539
4591,0.33324713,0.3317897,0.0014574381
4592,0.33332917,0.33180386,0.0015253149
4593,0.33329412,0.33179176,0.0015023816
4594,0.33322957,0.3317916,0.0014379699
4595,0.3332207,0.33178806,0.0014326486
4596,0.33325854,0.3317881,0.0014704476
4597,0.33325902,0.3317867,0.0014723197
4598,0.33322966,0.33179244,0.001437221
4599,0.33319804,0.3317653,0.0014327518
4600,0.33322948,0.33177686,0.0014526363
4601,0.33322585,0.3317674,0.0014584335
4602,0.33320364,0.33176824,0.0014354052
4603,0.3331814,0.33175653,0.0014248823
4604,0.33321714,0.33176538,0.0014517534
4605,0.33320302,0.33174565,0.0014573869
4606,0.3331792,0.33173704,0.0014421776
4607,0.33316553,0.3317394,0.0014261076
4608,0.33315995,0.33173555,0.0014244129
4609,0.33317083,0.3317275,0.0014433222
4610,0.33317247,0.33172315,0.0014493392
4611,0.3331551,0.33171245,0.0014426247
4612,0.3331453,0.33171338,0.001431898
4613,0.3331408,0.33170742,0.0014333943
4614,0.33316296,0.33170837,0.0014545852
4615,0.3331584,0.33170423,0.0014541633
4616,0.33315274,0.3317095,0.0014432246
4617,0.33312753,0.331699,0.0014285379
4618,0.33312923,0.33169398,0.0014352492
4619,0.33317396,0.33169293,0.0014810264
4620,0.33325824,0.33170554,0.0015526998
4621,0.33326924,0.33170438,0.001564869
4622,0.33314192,0.3316901,0.0014518063
4623,0.3331373,0.33169356,0.0014437474
4624,0.3332139,0.33169237,0.0015215281
4625,0.33319908,0.33169433,0.0015047474
4626,0.33316156,0.3316857,0.0014758785
4627,0.33310977,0.33167544,0.0014343301
4628,0.3332071,0.33168074,0.0015263523
4629,0.33348098,0.3317024,0.0017785684
4630,0.33350995,0.33171567,0.0017942764
4631,0.33318937,0.3316736,0.0015157773
4632,0.33309358,0.33165717,0.0014364105
4633,0.33332023,0.3316678,0.0016524121
4634,0.33352557,0.33169493,0.0018306462
4635,0.333433,0.3316824,0.0017506111
4636,0.33317068,0.33165422,0.001516446
4637,0.3330677,0.33165237,0.0014153037
4638,0.3331926,0.33165845,0.0015341281
4639,0.33329406,0.33165392,0.0016401596
4640,0.33321443,0.33165002,0.0015643949
4641,0.33306628,0.3316341,0.00143219
4642,0.3330851,0.3316324,0.0014526596
4643,0.33321753,0.3316307,0.0015868237
4644,0.33325782,0.33163232,0.0016255237
4645,0.3331383,0.33162373,0.0015145548
4646,0.33303624,0.3316209,0.0014153256
4647,0.3330584,0.33161813,0.0014402575
4648,0.33311743,0.33161473,0.0015026939
4649,0.3331396,0.33160794,0.0015316475
4650,0.33309537,0.331615,0.0014803803
4651,0.33300906,0.3315926,0.0014164734
4652,0.3330072,0.33158964,0.0014175319
4653,0.33305472,0.33160454,0.0014501897
4654,0.3330549,0.33160174,0.0014531773
4655,0.33301535,0.33159631,0.0014190255
4656,0.33299515,0.33158928,0.0014058694
4657,0.332996,0.3315749,0.001421123
4658,0.3330083,0.3315888,0.0014194656
4659,0.3329952,0.3315825,0.0014127253
4660,0.33299407,0.33157253,0.0014215375
4661,0.33298677,0.33156946,0.0014173178
4662,0.3329809,0.33157036,0.0014105565
4663,0.33298495,0.3315683,0.0014166733
4664,0.33298567,0.3315645,0.0014211884
4665,0.33296797,0.33156177,0.0014061804
4666,0.3329665,0.33155373,0.0014127936
4667,0.33297312,0.33155409,0.0014190178
4668,0.33300024,0.33154038,0.0014598658
4669,0.33298373,0.3315454,0.0014383454
4670,0.33294547,0.3315425,0.0014029832
4671,0.332973,0.3315345,0.0014384934
4672,0.3329735,0.33153483,0.0014386816
4673,0.33299795,0.33153427,0.0014636852
4674,0.33297816,0.33153537,0.0014428173
4675,0.3329362,0.3315298,0.0014064083
4676,0.33295396,0.33152306,0.0014308958
4677,0.33300802,0.3315231,0.0014849149
4678,0.33303908,0.33152196,0.0015171093
4679,0.33300248,0.33151364,0.0014888474
4680,0.33293718,0.33150467,0.0014325173
4681,0.3328952,0.33149973,0.0013954515
4682,0.33290696,0.33149883,0.001408123
4683,0.33294058,0.33149505,0.0014455281
4684,0.33295125,0.33149636,0.0014548784
4685,0.33293617,0.3314946,0.0014415507
4686,0.33290014,0.33148578,0.001414343
4687,0.33288744,0.33148715,0.0014003025
4688,0.3328815,0.33147898,0.0014025314
4689,0.33289692,0.3314733,0.0014236344
4690,0.3329043,0.33146584,0.0014384731
4691,0.33289677,0.33147436,0.001422399
4692,0.33287162,0.33146957,0.0014020556
4693,0.33285823,0.3314628,0.0013954429
4694,0.33286548,0.33146068,0.0014047802
4695,0.3328593,0.3314604,0.0013989185
4696,0.33285686,0.33145186,0.0014049837
4697,0.3328409,0.3314402,0.0014006943
4698,0.33284712,0.33144093,0.0014061887
4699,0.33303425,0.33144408,0.0015901581
4700,0.33383277,0.33151323,0.0023195355
4701,0.33537844,0.33161977,0.003758647
4702,0.3363012,0.33171326,0.0045879474
4703,0.33556032,0.3316518,0.00390851
4704,0.33407068,0.33152154,0.0025491188
4705,0.3331165,0.33143494,0.0016815702
4706,0.33280918,0.33141804,0.001391148
4707,0.33329642,0.3314581,0.0018383513
4708,0.33502576,0.33158064,0.0034450986
4709,0.33707136,0.3317295,0.0053418516
4710,0.33740035,0.3317717,0.005628648
4711,0.33547482,0.33162168,0.0038531602
4712,0.33334744,0.33144644,0.0019010134
4713,0.33288395,0.33139285,0.0014911103
4714,0.33454737,0.33151615,0.003031216
4715,0.33696118,0.33174875,0.0052124215
4716,0.33713865,0.33170804,0.005430586
4717,0.33484298,0.33154827,0.0032947003
4718,0.33282012,0.33138296,0.0014371584
4719,0.33386767,0.33148816,0.0023794998
4720,0.33575183,0.33162412,0.004127707
4721,0.33518466,0.33153406,0.0036506027
4722,0.33346835,0.33143058,0.0020377585
4723,0.33279124,0.33136493,0.0014262913
4724,0.33379906,0.33146906,0.0023300012
4725,0.3342023,0.33146095,0.002741339
4726,0.33304515,0.33137482,0.0016703345
4727,0.33297715,0.33136484,0.0016122924
4728,0.33398092,0.33144733,0.0025335825
4729,0.33372432,0.33143738,0.0022869185
4730,0.33279878,0.33134335,0.0014554292
4731,0.3330438,0.33135232,0.0016914939
4732,0.3338242,0.33142495,0.0023992318
4733,0.33372396,0.3314078,0.0023161727
4734,0.33289602,0.3313476,0.0015484082
4735,0.33284378,0.33133593,0.0015078267
4736,0.33340487,0.3313788,0.0020260862
4737,0.3332171,0.3313711,0.0018460173
4738,0.33271712,0.3313142,0.0014029131
4739,0.33294147,0.33132032,0.0016211541
4740,0.3333336,0.3313664,0.0019672234
4741,0.33306816,0.3313375,0.0017306503
4742,0.3326692,0.33127958,0.0013896177
4743,0.33287957,0.33131072,0.0015688695
4744,0.3330554,0.3313298,0.0017256342
4745,0.33279958,0.33129567,0.0015039109
4746,0.33266854,0.33127666,0.0013918817
4747,0.33287498,0.3313056,0.001569405
4748,0.3328743,0.33130178,0.001572523
4749,0.33267486,0.3312808,0.0013940486
4750,0.332755,0.33129105,0.001463966
4751,0.3327112,0.3312997,0.0014114745
4752,0.33272776,0.33128694,0.0014408173
4753,0.3327559,0.33128807,0.0014678111
4754,0.33268675,0.33128566,0.0014011135
4755,0.33276007,0.33127943,0.0014806374
4756,0.33276805,0.33126828,0.0014997714
4757,0.3327177,0.33128557,0.0014320991
4758,0.3326822,0.33127695,0.0014052216
4759,0.33268765,0.33125502,0.0014326388
4760,0.33272034,0.33128121,0.0014391373
4761,0.3327063,0.33127072,0.0014355911
4762,0.33270782,0.3312469,0.0014609259
4763,0.33271712,0.3312807,0.0014364001
4764,0.3326654,0.331252,0.0014134053
4765,0.33262417,0.33123246,0.0013917137
4766,0.3327055,0.33126348,0.0014420192
4767,0.33266047,0.33123907,0.0014213941
4768,0.33260378,0.33121273,0.0013910325
4769,0.3327031,0.33124635,0.0014567921
4770,0.3326485,0.33123454,0.0014139399
4771,0.3326091,0.3312181,0.0013909827
4772,0.33264917,0.3312344,0.0014147696
4773,0.33262527,0.3312163,0.0014089734
4774,0.33258694,0.3311933,0.0013936484
4775,0.33264738,0.33123657,0.0014108166
4776,0.33260432,0.3312013,0.001403017
4777,0.3326535,0.33121654,0.0014369497
4778,0.33278376,0.33121908,0.0015647063
4779,0.33267564,0.331205,0.0014706345
4780,0.33259237,0.33118847,0.0014039017
4781,0.33273554,0.3312178,0.001517744
4782,0.3326709,0.33119696,0.0014739125
4783,0.33261493,0.33119974,0.0014151994
4784,0.33266845,0.33121115,0.0014573047
4785,0.33268097,0.33119428,0.0014866876
4786,0.33264223,0.33120453,0.0014376871
4787,0.33258542,0.33117968,0.001405747
4788,0.3326071,0.33117536,0.0014317518
4789,0.33263317,0.33119056,0.0014426067
4790,0.33258262,0.33117646,0.0014061643
4791,0.33255282,0.33116123,0.0013915797
4792,0.33260858,0.3311698,0.0014387775
4793,0.33262163,0.3311778,0.0014438408
4794,0.33256388,0.33114257,0.0014212963
4795,0.33255938,0.3311558,0.0014035559
4796,0.3325331,0.3311398,0.0013932993
4797,0.3325463,0.3311362,0.0014100984
4798,0.3325502,0.33113548,0.0014147101
4799,0.3325395,0.33113936,0.001400147
4800,0.3325338,0.3311343,0.0013995334
4801,0.3325272,0.331134,0.0013931709
4802,0.33253798,0.33113155,0.0014064463
4803,0.332552,0.33112755,0.0014244269
4804,0.33253023,0.3311238,0.0014064389
4805,0.33250123,0.33111513,0.0013861007
4806,0.33252174,0.33112848,0.0013932667
4807,0.33253816,0.33111522,0.0014229293
4808,0.33253446,0.33111498,0.001419508
4809,0.33249956,0.3311077,0.0013918426
4810,0.33250037,0.33111152,0.0013888438
4811,0.33252257,0.33111048,0.001412092
4812,0.33250734,0.33110186,0.0014054851
4813,0.3324912,0.33110118,0.0013900243
4814,0.3324792,0.33109248,0.0013867362
4815,0.3325075,0.33109775,0.0014097398
4816,0.33251613,0.3311005,0.001415651
4817,0.3324857,0.33108476,0.0014009454
4818,0.33247465,0.33108062,0.001394043
4819,0.33248958,0.33107713,0.0014124342
4820,0.33249107,0.33107445,0.0014166196
4821,0.3324609,0.33106166,0.0013992419
4822,0.33246404,0.33106703,0.0013969966
4823,0.3324688,0.33106324,0.00140556
4824,0.33245328,0.3310568,0.001396482
4825,0.332441,0.33104396,0.0013970467
4826,0.33244297,0.33104828,0.0013946996
4827,0.33244902,0.33105516,0.0013938716
4828,0.33243933,0.33104494,0.0013943893
4829,0.33243862,0.3310483,0.0013903219
4830,0.33243537,0.3310409,0.0013944817
4831,0.3324158,0.33102706,0.0013887284
4832,0.33241576,0.33102292,0.0013928559
4833,0.3324336,0.33103132,0.0014022947
4834,0.3324075,0.33101547,0.0013920319
4835,0.3324001,0.33101842,0.0013817052
4836,0.3324119,0.33101287,0.0013989897
4837,0.3323976,0.3310094,0.0013882394
4838,0.33238176,0.3310051,0.0013766607
4839,0.33239335,0.3310051,0.0013882382
4840,0.33237767,0.3309916,0.0013860846
4841,0.33237827,0.33098948,0.0013887911
4842,0.3323674,0.33097875,0.0013886445
4843,0.332371,0.33099005,0.0013809531
4844,0.33240575,0.33099428,0.0014114628
4845,0.33237538,0.33098316,0.001392214
4846,0.33235013,0.33097517,0.0013749576
4847,0.33237427,0.3309753,0.0013989841
4848,0.33239666,0.33098182,0.0014148239
4849,0.3323664,0.3309675,0.0013989117
4850,0.33237275,0.33098438,0.0013883708
4851,0.33243465,0.33097845,0.0014561918
4852,0.33242583,0.3309739,0.0014519403
4853,0.33233982,0.33095968,0.0013801365
4854,0.33237678,0.33095425,0.0014225311
4855,0.33240464,0.330969,0.0014356358
4856,0.33234453,0.33096153,0.0013830021
4857,0.3323449,0.33093628,0.0014086104
4858,0.33239853,0.3309579,0.0014406468
4859,0.33235562,0.33095816,0.0013974446
4860,0.33233202,0.33093822,0.0013938161
4861,0.33238006,0.33094206,0.0014379782
4862,0.33240896,0.33095422,0.0014547193
4863,0.33232117,0.3309336,0.0013875625
4864,0.33235985,0.33093303,0.0014268348
4865,0.33263984,0.33094993,0.0016899155
4866,0.3326919,0.3309747,0.0017172182
4867,0.33239236,0.33093062,0.0014617455
4868,0.3322945,0.3309207,0.0013738079
4869,0.33242428,0.3309409,0.0014833988
4870,0.33252752,0.33091772,0.001609803
4871,0.33245078,0.33093283,0.0015179457
4872,0.33236796,0.33091336,0.0014546005
4873,0.3322622,0.33090279,0.0013594005
4874,0.33232477,0.33092636,0.0013984309
4875,0.332281,0.33088532,0.0013956793
4876,0.3323092,0.33090448,0.0014046978
4877,0.33227825,0.33089185,0.0013864228
4878,0.33226773,0.33089447,0.001373261
4879,0.33227032,0.33089462,0.0013756902
4880,0.3322714,0.33088592,0.0013854863
4881,0.33227587,0.33088467,0.0013911953
4882,0.3322891,0.33087972,0.0014093717
4883,0.33243716,0.3308787,0.0015584499
4884,0.3324029,0.3308862,0.0015167322
4885,0.33225122,0.33086637,0.0013848755
4886,0.33224726,0.3308563,0.0013909563
4887,0.3323482,0.3308708,0.001477384
4888,0.33229324,0.3308474,0.001445831
4889,0.33221072,0.33084506,0.001365648
4890,0.33223283,0.33084556,0.0013872671
4891,0.33229396,0.330842,0.0014519471
4892,0.33228174,0.3308388,0.0014429577
4893,0.33219272,0.3308191,0.0013736214
4894,0.33219525,0.33081505,0.0013802141
4895,0.33226454,0.3308265,0.00143804
4896,0.3322114,0.3308187,0.0013926935
4897,0.33216545,0.33080262,0.0013628298
4898,0.33218995,0.33080316,0.0013867954
4899,0.33225018,0.33080298,0.001447209
4900,0.33232376,0.330822,0.0015017444
4901,0.33227602,0.33080772,0.0014682757
4902,0.33219966,0.33080998,0.0013896637
4903,0.33217788,0.3308004,0.001377459
4904,0.33228183,0.33082157,0.0014602678
4905,0.33232924,0.33082056,0.0015086876
4906,0.33220166,0.33079588,0.0014057668
4907,0.33216146,0.33078566,0.0013757896
4908,0.33231142,0.3307951,0.0015163203
4909,0.33242533,0.33083734,0.0015879838
4910,0.33226788,0.33079407,0.0014738385
4911,0.33212772,0.33076558,0.001362141
4912,0.33219403,0.33078235,0.0014116637
4913,0.33225107,0.33078697,0.001464101
4914,0.33225244,0.33077613,0.0014763193
4915,0.33219233,0.330772,0.0014203336
4916,0.33211166,0.33074322,0.0013684314
4917,0.33211505,0.33075315,0.0013618927
4918,0.3321249,0.3307412,0.0013837044
4919,0.33217615,0.33075845,0.0014176775
4920,0.33213678,0.33074552,0.0013912733
4921,0.3321221,0.3307529,0.0013691687
4922,0.33208346,0.3307303,0.0013531913
4923,0.33209786,0.33073583,0.0013620147
4924,0.33210912,0.33073348,0.0013756562
4925,0.33210063,0.33073848,0.0013621345
4926,0.33209127,0.33073452,0.001356741
4927,0.332072,0.3307208,0.0013511695
4928,0.3320767,0.3307173,0.0013593988
4929,0.33206984,0.33070728,0.0013625767
4930,0.3320752,0.33071864,0.0013565754
4931,0.33206466,0.33071098,0.0013536775
4932,0.33205906,0.33070424,0.0013548259
4933,0.3320535,0.3306927,0.0013607967
4934,0.33205816,0.33069083,0.0013673378
4935,0.3320821,0.33069485,0.0013872344
4936,0.3320638,0.3306863,0.0013775092
4937,0.33204138,0.3306841,0.001357291
4938,0.33204752,0.33068126,0.001366275
4939,0.33205417,0.33067304,0.0013811341
4940,0.33206204,0.3306765,0.0013855426
4941,0.33204964,0.33067548,0.0013741783
4942,0.33203095,0.3306696,0.0013613491
4943,0.3320197,0.33066332,0.0013563655
4944,0.33200842,0.33065352,0.001354902
4945,0.33203,0.33065858,0.0013714201
4946,0.33204538,0.3306624,0.0013829671
4947,0.33201766,0.33064443,0.0013732279
4948,0.3319988,0.33063814,0.0013606596
4949,0.33200687,0.3306467,0.0013601793
4950,0.33201346,0.3306344,0.0013790544
4951,0.33204255,0.3306349,0.0014076491
4952,0.3320424,0.33064213,0.0014002484
4953,0.3319939,0.33062035,0.0013735536
4954,0.3319771,0.33062094,0.0013561308
4955,0.33202562,0.33062014,0.0014054668
4956,0.33208233,0.33062655,0.0014558064
4957,0.3320606,0.33062625,0.0014343376
4958,0.3319591,0.33060363,0.0013554797
4959,0.3320195,0.3305938,0.0014257113
4960,0.33209172,0.33062208,0.0014696479
4961,0.33196822,0.3305996,0.0013685895
4962,0.3319964,0.33059818,0.00139822
4963,0.33203027,0.3305983,0.0014319717
4964,0.33198962,0.3306115,0.0013781136
4965,0.33195797,0.33058742,0.0013705483
4966,0.3320353,0.33061597,0.0014193254
4967,0.3319617,0.3305975,0.0013642049
4968,0.33195993,0.33058056,0.0013793495
4969,0.33196878,0.33059472,0.0013740592
4970,0.33195767,0.33059675,0.001360938
4971,0.33195293,0.33058023,0.0013727078
4972,0.3320134,0.33061808,0.0013953088
4973,0.3319421,0.33059037,0.0013517585
4974,0.3319764,0.3305791,0.0013973153
4975,0.33201438,0.33060604,0.0014083335
4976,0.3319632,0.33057746,0.0013857728
4977,0.3319339,0.33057052,0.0013633666
4978,0.3319748,0.33061865,0.001356161
4979,0.3319444,0.33056548,0.0013789238
4980,0.33197448,0.3305724,0.001402079
4981,0.33197334,0.33057308,0.0014002752
4982,0.33196065,0.33054993,0.001410715
4983,0.33196315,0.3305633,0.001399824
4984,0.3319522,0.33056116,0.0013910569
4985,0.33189607,0.33052993,0.0013661345
4986,0.33190364,0.33053657,0.0013670647
4987,0.33194393,0.3305424,0.0014015367
4988,0.33195898,0.33055195,0.0014070207
4989,0.33193564,0.33054703,0.0013886066
4990,0.33190757,0.33053893,0.0013686442
4991,0.33190602,0.33052635,0.0013796763
4992,0.33197424,0.33053863,0.0014356086
4993,0.3319286,0.33051497,0.0014136465
4994,0.33189332,0.33050975,0.001383572
4995,0.33187422,0.3305105,0.0013637217
4996,0.33188486,0.33051062,0.0013742282
4997,0.33190146,0.33050713,0.0013943329
4998,0.33188877,0.3305001,0.0013886685
4999,0.33186474,0.33048943,0.001375304
5000,0.331844,0.33048636,0.0013576357
5001,0.33185282,0.3304921,0.001360702
5002,0.3318564,0.3304794,0.0013769817
5003,0.33186933,0.3304858,0.0013835409
5004,0.33186138,0.33048266,0.0013787083
5005,0.33184898,0.3304834,0.0013655692
5006,0.33183384,0.33046976,0.0013641046
5007,0.33183315,0.33047062,0.0013625259
5008,0.3318297,0.33046305,0.0013666592
5009,0.3318341,0.33046445,0.0013696583
5010,0.33182704,0.33045995,0.0013670863
5011,0.3318164,0.3304524,0.0013639864
5012,0.33181766,0.33044857,0.0013690956
5013,0.3318204,0.33045033,0.0013700819
5014,0.33181885,0.33044824,0.0013706129
5015,0.3318053,0.3304393,0.0013659721
5016,0.3318154,0.3304405,0.001374906
5017,0.33182922,0.33043724,0.0013919746
5018,0.331816,0.33042365,0.0013923399
5019,0.33180872,0.33042076,0.0013879273
5020,0.33179468,0.33041248,0.0013822078
5021,0.3317902,0.33041483,0.0013753639
5022,0.33178583,0.33041075,0.0013751007
5023,0.33179715,0.3304197,0.0013774585
5024,0.33180657,0.330412,0.0013945729
5025,0.33181953,0.3304101,0.0014094425
5026,0.33182415,0.3304115,0.0014126335
5027,0.33179843,0.33040717,0.0013912569
5028,0.33176708,0.33040664,0.0013604548
5029,0.33176827,0.33040348,0.0013647977
5030,0.33178267,0.33039445,0.0013882156
5031,0.33177748,0.33039668,0.0013807968
5032,0.33176714,0.33039886,0.001368272
5033,0.33174294,0.33037746,0.0013654896
5034,0.3317552,0.3303789,0.0013763236
5035,0.33174488,0.330369,0.0013758815
5036,0.33172944,0.3303648,0.0013646593
5037,0.33173084,0.33036882,0.0013620501
5038,0.3317312,0.33036053,0.0013706773
5039,0.33177018,0.33035663,0.0014135706
5040,0.3318368,0.33035696,0.0014798299
5041,0.33197305,0.330367,0.0016060378
5042,0.3320808,0.33037364,0.0017071856
5043,0.33216947,0.33039513,0.0017743481
5044,0.33212218,0.33037743,0.0017447332
5045,0.33201903,0.33036542,0.0016536167
5046,0.331876,0.33035138,0.0015246177
5047,0.33177724,0.33033946,0.0014377965
5048,0.3317022,0.33033353,0.0013686782
5049,0.33167952,0.33031562,0.0013639103
5050,0.33173808,0.33032635,0.0014117305
5051,0.3317429,0.33031508,0.0014278435
5052,0.3317044,0.3303169,0.0013874995
5053,0.33167163,0.3303124,0.0013592256
5054,0.33166283,0.33029872,0.0013641071
5055,0.33168155,0.33030584,0.0013756976
5056,0.33168626,0.33029592,0.0013903504
5057,0.33169097,0.3302959,0.001395087
5058,0.33167928,0.33029062,0.0013886511
5059,0.33166888,0.33028436,0.001384528
5060,0.33163992,0.33027026,0.0013696619
5061,0.33162174,0.33026406,0.0013576603
5062,0.33162367,0.3302602,0.0013635072
5063,0.3316391,0.33026227,0.0013768442
5064,0.33164176,0.33026183,0.0013799295
5065,0.33162948,0.3302619,0.0013676209
5066,0.33160448,0.3302463,0.0013582053
5067,0.3316115,0.33024547,0.0013660328
5068,0.33162233,0.33024713,0.0013752177
5069,0.33162275,0.3302473,0.0013754443
5070,0.33159378,0.33023432,0.001359449
5071,0.33159003,0.330232,0.0013580297
5072,0.33162785,0.33023542,0.0013924412
5073,0.33172578,0.3302429,0.0014828559
5074,0.33193,0.3302679,0.0016621014
5075,0.3320479,0.33026776,0.001780156
5076,0.33203074,0.33025992,0.0017708078
5077,0.3317703,0.33023313,0.0015371774
5078,0.3315651,0.3301977,0.0013674151
5079,0.33163008,0.33020192,0.0014281711
5080,0.33177328,0.33021873,0.0015545363
5081,0.33179507,0.3302245,0.0015705545
5082,0.33165014,0.33019894,0.0014511802
5083,0.3315478,0.33018896,0.0013588244
5084,0.3316001,0.33019203,0.0014080873
5085,0.3317023,0.33019474,0.0015075712
5086,0.331751,0.3301982,0.0015528004
5087,0.33165708,0.3301832,0.0014738948
5088,0.33156097,0.33017042,0.0013905487
5089,0.3315159,0.33017203,0.0013438815
5090,0.33151543,0.33016625,0.0013491852
5091,0.33154774,0.33015797,0.0013897581
5092,0.33156583,0.33015463,0.0014111914
5093,0.33156857,0.33015785,0.0014106978
5094,0.33153203,0.3301545,0.0013775158
5095,0.3314891,0.33014128,0.0013478154
5096,0.33147913,0.3301311,0.0013480027
5097,0.33150002,0.33014017,0.0013598311
5098,0.33152813,0.33014107,0.0013870742
5099,0.33152398,0.33013412,0.0013898804
5100,0.33151618,0.33011955,0.0013966364
5101,0.33152285,0.33011967,0.0014031777
5102,0.33152884,0.33011213,0.0014167186
5103,0.33152285,0.3301062,0.0014166587
5104,0.3315744,0.33011764,0.0014567572
5105,0.331627,0.33012483,0.0015022086
5106,0.33172095,0.3301229,0.0015980763
5107,0.33175206,0.33012015,0.0016318925
5108,0.33174464,0.33011022,0.00163441
5109,0.33161455,0.33010814,0.0015064065
5110,0.33149567,0.33009264,0.0014030501
5111,0.33145288,0.33009565,0.0013572497
5112,0.33143318,0.33008337,0.0013498148
5113,0.33148617,0.33006778,0.0014183787
5114,0.3316103,0.3300821,0.0015282254
5115,0.33187115,0.33013773,0.0017333966
5116,0.3321197,0.33014387,0.0019758139
5117,0.33242503,0.33013603,0.0022890125
5118,0.33277306,0.3301694,0.0026036557
5119,0.33298886,0.3301693,0.0028195914
5120,0.3328282,0.3301768,0.0026513957
5121,0.33231774,0.3301629,0.0021548278
5122,0.33171386,0.3300921,0.0016217346
5123,0.33139718,0.33005264,0.0013445144
5124,0.33166918,0.3300626,0.0016065988
5125,0.33247718,0.33016652,0.0023106555
5126,0.3331604,0.33020094,0.0029594742
5127,0.33325645,0.33020824,0.0030482204
5128,0.33270273,0.33013248,0.0025702384
5129,0.33194268,0.33006454,0.001878131
5130,0.33147702,0.33002698,0.001450028
5131,0.33137938,0.33002,0.0013593903
5132,0.33163378,0.3300415,0.0015922828
5133,0.33189425,0.33004162,0.0018526275
5134,0.3320423,0.33005428,0.001988013
5135,0.3320666,0.3300678,0.00199878
5136,0.3320006,0.33005878,0.0019418315
5137,0.3318343,0.3300284,0.0018058721
5138,0.33156952,0.33002853,0.0015409791
5139,0.33134905,0.3299945,0.0013545272
5140,0.3314929,0.32999504,0.0014978789
5141,0.33181825,0.33001885,0.0017994109
5142,0.33203277,0.33006486,0.001967914
5143,0.33193725,0.3300383,0.0018989407
5144,0.33166406,0.33000386,0.001660215
5145,0.3314153,0.3299927,0.0014225701
5146,0.3313276,0.3299778,0.001349784
5147,0.3314307,0.32996005,0.0014706643
5148,0.33156642,0.329987,0.0015794398
5149,0.33153358,0.32998452,0.00154907
5150,0.33138418,0.32995424,0.0014299584
5151,0.33128837,0.32993224,0.0013561362
5152,0.33130887,0.32993102,0.0013778451
5153,0.33135417,0.3299312,0.0014229693
5154,0.33136046,0.32993206,0.0014283896
5155,0.33132127,0.32992506,0.001396192
5156,0.33127302,0.32991287,0.0013601539
5157,0.3312689,0.3299154,0.0013534904
5158,0.33127883,0.32991877,0.0013600715
5159,0.3312722,0.32990876,0.0013634529
5160,0.33128375,0.32991028,0.001373476
5161,0.33127156,0.32991204,0.0013595418
5162,0.331253,0.3299021,0.0013508731
5163,0.33126038,0.32990417,0.0013562229
5164,0.3312483,0.3298916,0.0013567262
5165,0.33124787,0.32988927,0.001358601
5166,0.3312453,0.32989356,0.0013517579
5167,0.3312339,0.32988784,0.0013460718
5168,0.33123714,0.32988796,0.0013491901
5169,0.33123732,0.32988107,0.0013562391
5170,0.3312347,0.3298679,0.0013668112
5171,0.33127925,0.32987902,0.0014002183
5172,0.33136427,0.32989636,0.0014678953
5173,0.33143172,0.32990152,0.0015302064
5174,0.33147365,0.3299098,0.0015638456
5175,0.33145186,0.32989714,0.0015547281
5176,0.33140078,0.3298916,0.0015092139
5177,0.33130702,0.32987657,0.0014304627
5178,0.3312383,0.32986858,0.001369711
5179,0.331217,0.3298679,0.0013490806
5180,0.33122155,0.32986364,0.001357889
5181,0.33126152,0.32986674,0.0013947797
5182,0.33131254,0.3298687,0.001443824
5183,0.3313882,0.32986888,0.0015193035
5184,0.33143914,0.32986525,0.0015739016
5185,0.33142936,0.32986408,0.0015652666
5186,0.3313448,0.32985243,0.0014923728
5187,0.3312463,0.32984692,0.0013993625
5188,0.3312088,0.3298507,0.0013581135
5189,0.33122125,0.32984063,0.0013806421
5190,0.33143082,0.32983926,0.0015915569
5191,0.33171427,0.32991672,0.0017975515
5192,0.33165655,0.32985842,0.0017981268
5193,0.33138728,0.32987094,0.001516322
5194,0.33119276,0.3298262,0.0013665522
5195,0.3312868,0.3298361,0.0014506856
5196,0.33150613,0.32985598,0.0016501565
5197,0.33151588,0.3298479,0.0016679842
5198,0.33132848,0.32983512,0.0014933625
5199,0.3311776,0.32981774,0.0013598795
5200,0.33124113,0.32982132,0.0014198102
5201,0.33139345,0.32982475,0.0015687089
5202,0.33138633,0.3298209,0.0015654117
5203,0.33124214,0.32979533,0.0014468231
5204,0.3311541,0.32979217,0.001361934
5205,0.33115187,0.32978347,0.0013684097
5206,0.33123508,0.32979384,0.0014412404
5207,0.3312674,0.32977995,0.0014874206
5208,0.33124346,0.32978472,0.0014587461
5209,0.3311814,0.32978392,0.0013974935
5210,0.33113092,0.32977414,0.0013567749
5211,0.33114612,0.32977062,0.001375519
5212,0.33118922,0.3297692,0.0014200392
5213,0.33117878,0.3297582,0.0014205944
5214,0.33114132,0.32975572,0.0013856143
5215,0.33110175,0.3297475,0.0013542289
5216,0.3311042,0.3297393,0.0013648961
5217,0.33112788,0.32973972,0.0013881631
5218,0.3311321,0.32974866,0.0013834678
5219,0.3310955,0.32973143,0.0013640338
5220,0.33108172,0.32973573,0.0013459919
5221,0.33108234,0.32973087,0.0013514771
5222,0.33110633,0.3297309,0.0013754216
5223,0.331115,0.32973066,0.0013843528
5224,0.33111805,0.329726,0.0013920346
5225,0.33110133,0.3297224,0.0013789177
5226,0.33110538,0.32972625,0.001379122
5227,0.33107802,0.32971397,0.0013640607
5228,0.33106115,0.3297065,0.0013546603
5229,0.33104768,0.32970175,0.0013459495
5230,0.33104578,0.32970214,0.0013436291
5231,0.33104622,0.3296964,0.0013498412
5232,0.33108586,0.32970184,0.0013840278
5233,0.33121023,0.32971734,0.0014928837
5234,0.3313518,0.3297455,0.0016062878
5235,0.33127126,0.32972306,0.0015482039
5236,0.3311287,0.32972234,0.0014063333
5237,0.33104616,0.32970127,0.0013448781
5238,0.33107263,0.3296961,0.0013765441
5239,0.33114964,0.32970896,0.0014406517
5240,0.33118504,0.3297235,0.0014615282
5241,0.33110783,0.32970056,0.0014072644
5242,0.331029,0.32968235,0.0013466197
5243,0.3310342,0.32968423,0.00135
5244,0.33110303,0.3296959,0.0014071313
5245,0.33109507,0.3296859,0.0014091732
5246,0.3310142,0.32966352,0.0013506757
5247,0.33100733,0.32966056,0.0013467531
5248,0.3310972,0.32967356,0.0014236204
5249,0.3311563,0.32966438,0.0014919372
5250,0.33115834,0.32966408,0.0014942717
5251,0.33108437,0.32965618,0.0014281793
5252,0.3310061,0.32964173,0.0013643813
5253,0.33098537,0.32964635,0.001339
5254,0.3310086,0.32963943,0.0013691837
5255,0.3310564,0.32963836,0.0014180237
5256,0.33109805,0.32964423,0.0014538148
5257,0.33108872,0.32963225,0.0014564783
5258,0.3310302,0.32962424,0.0014059305
5259,0.3309854,0.32962364,0.0013617821
5260,0.33095014,0.3296053,0.001344837
5261,0.3309551,0.32961023,0.0013448788
5262,0.33095464,0.32960343,0.0013512155
5263,0.33096555,0.3296,0.0013655443
5264,0.33103597,0.3295998,0.0014361801
5265,0.3311111,0.32959315,0.0015179503
5266,0.3311476,0.32961056,0.0015370719
5267,0.331104,0.3296029,0.0015011153
5268,0.33114013,0.32959378,0.0015463602
5269,0.3311122,0.3296026,0.0015096192
5270,0.33104447,0.32960698,0.0014374877
5271,0.3309963,0.32959342,0.0014029003
5272,0.33107084,0.3295772,0.0014936497
5273,0.3316496,0.32965124,0.001998353
5274,0.33234036,0.32968083,0.0026595234
5275,0.33269632,0.32973444,0.0029618912
5276,0.3324933,0.3297464,0.0027469317
5277,0.33195385,0.32969242,0.0022614333
5278,0.3313522,0.32957774,0.0017744834
5279,0.33105516,0.32956716,0.0014880005
5280,0.33090383,0.329532,0.0013718148
5281,0.33090815,0.32954583,0.0013623082
5282,0.33091384,0.3295268,0.0013870286
5283,0.33100566,0.32952732,0.0014783348
5284,0.33101526,0.3295287,0.0014865531
5285,0.33101943,0.32953385,0.001485578
5286,0.33092862,0.32952613,0.0014024947
5287,0.33089042,0.32951367,0.0013767487
5288,0.33085307,0.32950693,0.0013461586
5289,0.33085418,0.32950157,0.0013525974
5290,0.33085006,0.32951453,0.001335528
5291,0.33083546,0.32950285,0.0013325943
5292,0.3308382,0.329506,0.0013321779
5293,0.33083817,0.32949916,0.0013390011
5294,0.33081335,0.32948205,0.0013312999
5295,0.3308082,0.3294773,0.0013308973
5296,0.3308223,0.3294811,0.0013412017
5297,0.33080032,0.32946965,0.0013306737
5298,0.3308063,0.3294747,0.0013315957
5299,0.33082017,0.329482,0.0013381692
5300,0.33079714,0.3294624,0.001334742
5301,0.33079088,0.329454,0.0013368581
5302,0.33079654,0.3294635,0.0013330076
5303,0.3307705,0.32943764,0.0013328328
5304,0.3307783,0.32944623,0.0013320865
5305,0.330772,0.32943997,0.0013320673
5306,0.33076355,0.32942894,0.0013346078
5307,0.33076698,0.32943216,0.0013348256
5308,0.33076924,0.3294335,0.0013357487
5309,0.33076084,0.32941958,0.0013412342
5310,0.3307791,0.3294339,0.00134521
5311,0.33078697,0.32942954,0.0013574477
5312,0.330778,0.32942018,0.0013578094
5313,0.33079252,0.32942516,0.0013673647
5314,0.33081248,0.32943076,0.001381734
5315,0.33084533,0.32942644,0.0014188839
5316,0.33089617,0.32944036,0.0014558069
5317,0.3308967,0.3294267,0.0014700241
5318,0.33086824,0.32942697,0.0014412688
5319,0.33080015,0.3294054,0.0013947628
5320,0.33074033,0.3293928,0.0013475508
5321,0.33071926,0.32938942,0.0013298232
5322,0.33071756,0.32938573,0.0013318395
5323,0.33075193,0.3293929,0.0013590194
5324,0.33076158,0.3293923,0.0013692641
5325,0.33075148,0.32938918,0.0013622888
5326,0.33071604,0.32937977,0.0013362772
5327,0.3306985,0.3293739,0.0013245915
5328,0.3307132,0.3293759,0.0013373063
5329,0.33071148,0.32936525,0.0013462269
5330,0.33071417,0.3293692,0.0013449829
5331,0.330699,0.32935783,0.0013411718
5332,0.33068943,0.32935616,0.0013332746
5333,0.3306803,0.32935053,0.0013297736
5334,0.3306832,0.32935888,0.0013243153
5335,0.3306671,0.3293425,0.0013246171
5336,0.33066222,0.3293333,0.0013289243
5337,0.33066568,0.32934102,0.0013246506
5338,0.33065683,0.32933423,0.0013225896
5339,0.33065644,0.3293336,0.0013228382
5340,0.33066052,0.3293331,0.0013274468
5341,0.3306641,0.32932726,0.0013368245
5342,0.33068192,0.32933062,0.0013512804
5343,0.33067346,0.32932425,0.0013492287
5344,0.33064902,0.32931787,0.0013311694
5345,0.33068424,0.32931367,0.0013705769
5346,0.3308625,0.3293369,0.0015255667
5347,0.33098692,0.32934362,0.0016432933
5348,0.33090225,0.32933748,0.0015647847
5349,0.3307724,0.3293495,0.0014229079
5350,0.33063948,0.3293076,0.0013318975
5351,0.33066818,0.32931527,0.00135293
5352,0.3307679,0.3293301,0.001437828
5353,0.33082914,0.32932213,0.0015070117
5354,0.33096483,0.3293333,0.0016315144
5355,0.33113816,0.32934582,0.0017923627
5356,0.33136687,0.3293607,0.0020061755
5357,0.33144727,0.32934636,0.0021008868
5358,0.33154124,0.32937732,0.0021639331
5359,0.3315403,0.32938594,0.0021543414
5360,0.33139446,0.3293619,0.0020325673
5361,0.3310224,0.32931513,0.0017072918
5362,0.33067137,0.32927528,0.001396098
5363,0.33063447,0.32927087,0.0013635942
5364,0.33091378,0.32929748,0.0016162961
5365,0.33122972,0.32931882,0.0019108839
5366,0.33127192,0.3293176,0.001954327
5367,0.33098054,0.32929602,0.001684526
5368,0.3307066,0.3292879,0.0014187151
5369,0.3306058,0.32926372,0.0013420964
5370,0.33065078,0.32925263,0.0013981644
5371,0.3308437,0.32928455,0.0015591264
5372,0.33091074,0.32929838,0.0016123692
5373,0.33080116,0.32927483,0.001526323
5374,0.33061516,0.32923564,0.0013795156
5375,0.33054692,0.3292232,0.0013237202
5376,0.33064124,0.32924092,0.0014003122
5377,0.33071384,0.32923663,0.0014771997
5378,0.3307172,0.32924017,0.0014770548
5379,0.33062172,0.32922173,0.0014000122
5380,0.33053228,0.32921395,0.0013183339
5381,0.33054984,0.32920736,0.0013424617
5382,0.33061597,0.32919714,0.0014188176
5383,0.33066607,0.32921395,0.0014521199
5384,0.3306359,0.3292007,0.0014351746
5385,0.33061293,0.32921776,0.0013951582
5386,0.33052835,0.3291891,0.0013392607
5387,0.3305119,0.32918257,0.0013293199
5388,0.33055717,0.32919452,0.001362679
5389,0.3306093,0.32918957,0.0014197298
5390,0.3306772,0.3291972,0.0014800264
5391,0.3306498,0.32919195,0.0014578473
5392,0.3305794,0.3291813,0.0013981
5393,0.33054915,0.32917264,0.0013765165
5394,0.3305387,0.3291678,0.001370897
5395,0.3305388,0.32917356,0.0013652624
5396,0.3305155,0.3291643,0.0013512044
5397,0.330532,0.3291653,0.0013667053
5398,0.33052915,0.3291627,0.0013664771
5399,0.33053836,0.3291537,0.0013846774
5400,0.3305269,0.32915726,0.0013696367
5401,0.330567,0.3291393,0.0014276927
5402,0.3306473,0.32914895,0.0014983478
5403,0.3307434,0.32915884,0.0015845612
5404,0.3307334,0.32915476,0.0015786279
5405,0.33064213,0.32912636,0.0015157756
5406,0.3306478,0.3291509,0.0014968946
5407,0.33068204,0.32913834,0.001543702
5408,0.33074018,0.32913914,0.0016010425
5409,0.3307669,0.3291363,0.0016305732
5410,0.33081874,0.32913908,0.0016796717
5411,0.33088866,0.32913357,0.0017550832
5412,0.33095568,0.32914114,0.0018145513
5413,0.33108717,0.32915664,0.001930556
5414,0.33132833,0.32918233,0.0021459807
5415,0.33170232,0.3292113,0.0024910239
5416,0.33199036,0.32922155,0.0027688346
5417,0.3320168,0.32922274,0.0027940595
5418,0.33178028,0.32919788,0.002582391
5419,0.33136806,0.32915854,0.002209499
5420,0.3308836,0.32911754,0.0017660406
5421,0.3305561,0.32906905,0.0014870733
5422,0.330383,0.3290509,0.00133209
5423,0.3304529,0.32906657,0.0013863163
5424,0.33065563,0.32907096,0.0015846643
5425,0.33079818,0.329079,0.001719188
5426,0.33091685,0.32910463,0.0018122211
5427,0.33093333,0.32908472,0.0018485967
5428,0.33085936,0.32907715,0.0017822221
5429,0.3306232,0.3290791,0.0015441146
5430,0.33037657,0.329031,0.0013455634
5431,0.3304317,0.3290318,0.001399905
5432,0.33073005,0.32906395,0.00166611
5433,0.33107737,0.32912278,0.0019546077
5434,0.33116204,0.3291764,0.0019856181
5435,0.33107328,0.32911387,0.001959414
5436,0.33092102,0.32906196,0.0018590698
5437,0.33076137,0.3290351,0.0017262535
5438,0.33054125,0.32904443,0.0014968334
5439,0.33035693,0.32900533,0.0013515931
5440,0.33040628,0.3290296,0.001376683
5441,0.3304718,0.32901117,0.001460619
5442,0.33056036,0.32902434,0.0015360255
5443,0.33049163,0.32902262,0.0014690079
5444,0.3303726,0.3289978,0.0013748058
5445,0.33032373,0.32898912,0.001334608
5446,0.33035752,0.32898977,0.0013677212
5447,0.33047134,0.32900968,0.0014616539
5448,0.33045894,0.32898876,0.0014702019
5449,0.33046606,0.32898146,0.0014846093
5450,0.33039993,0.3289647,0.0014352109
5451,0.33030692,0.32895386,0.001353072
5452,0.3303233,0.3289616,0.0013616858
5453,0.33036795,0.32897726,0.0013907037
5454,0.33037594,0.32897073,0.0014052291
5455,0.33040544,0.32894343,0.0014620401
5456,0.3304915,0.32897756,0.0015139327
5457,0.33049273,0.32897824,0.0015145187
5458,0.33036283,0.32894346,0.0014193887
5459,0.3302987,0.3289332,0.0013654722
5460,0.33029312,0.32894716,0.001345973
5461,0.33029372,0.32893947,0.0013542285
5462,0.33030173,0.328927,0.0013747152
5463,0.33032396,0.3289364,0.0013875844
5464,0.33030394,0.3289199,0.0013840259
5465,0.3302603,0.32890943,0.0013508865
5466,0.33024862,0.32891712,0.001331501
5467,0.33024812,0.32890117,0.0013469516
5468,0.33026618,0.32890636,0.001359822
5469,0.33024207,0.32890335,0.0013387452
5470,0.33021432,0.3288793,0.0013350196
5471,0.33027247,0.328898,0.0013744674
5472,0.33030096,0.3288982,0.0014027788
5473,0.33026904,0.32888737,0.001381667
5474,0.33021942,0.32887176,0.0013476532
5475,0.33020583,0.32887864,0.0013271957
5476,0.33020636,0.3288712,0.0013351716
5477,0.33022428,0.32887343,0.001350851
5478,0.33022732,0.3288708,0.0013565117
5479,0.3302346,0.32887363,0.0013609452
5480,0.33021203,0.3288737,0.0013383306
5481,0.3301944,0.32886958,0.0013248519
5482,0.33018184,0.32885697,0.0013248766
5483,0.33018133,0.32884744,0.0013338899
5484,0.33023265,0.32885244,0.0013801914
5485,0.33030778,0.32887658,0.0014312099
5486,0.3302983,0.32886156,0.0014367277
5487,0.33022165,0.32884756,0.0013740846
5488,0.33016944,0.32884625,0.0013232043
5489,0.33016434,0.3288397,0.0013246518
5490,0.33017913,0.32883173,0.0013473987
5491,0.33021718,0.32884732,0.0013698585
5492,0.3301665,0.32882714,0.0013393585
5493,0.33014154,0.32882038,0.0013211507
5494,0.3301833,0.328828,0.0013552861
5495,0.33017752,0.32881734,0.0013601658
5496,0.33014488,0.32880968,0.0013351996
5497,0.33012873,0.32881057,0.0013181523
5498,0.3301241,0.32880032,0.0013237966
5499,0.33013326,0.32879874,0.0013345132
5500,0.33013946,0.3287919,0.0013475565
5501,0.3301352,0.32880792,0.0013272779
5502,0.3300979,0.32877603,0.0013218649
5503,0.3301051,0.3287873,0.0013178188
5504,0.33010814,0.32878155,0.0013265938
5505,0.33012718,0.32878375,0.0013434411
5506,0.3301175,0.3287802,0.0013372939
5507,0.33009163,0.32876405,0.0013275945
5508,0.3300857,0.32876557,0.0013201231
5509,0.33007693,0.32875982,0.0013170997
5510,0.33008343,0.3287631,0.0013203381
5511,0.33007696,0.32875824,0.0013187327
5512,0.33008146,0.32876614,0.001315335
5513,0.33006942,0.32875443,0.0013149859
5514,0.33006,0.32874548,0.0013145469
5515,0.33005008,0.32873306,0.0013170423
5516,0.33005422,0.32873845,0.0013157618
5517,0.33004516,0.32873076,0.0013143865
5518,0.33004352,0.3287315,0.0013120361
5519,0.33004427,0.32873204,0.0013122337
5520,0.33003834,0.32872728,0.0013110817
5521,0.33003518,0.3287213,0.0013138922
5522,0.33002457,0.3287109,0.0013136527
5523,0.33002168,0.32871187,0.00130981
5524,0.33001366,0.3287062,0.0013074635
5525,0.3300148,0.32870808,0.0013067182
5526,0.3300014,0.32869482,0.0013065964
5527,0.32999623,0.3286899,0.0013063182
5528,0.32999244,0.32868654,0.0013059082
5529,0.32998827,0.32868147,0.0013067899
5530,0.3299885,0.32867882,0.0013096881
5531,0.32997808,0.32867405,0.0013040563
5532,0.32996514,0.3286627,0.0013024621
5533,0.32996163,0.32865733,0.0013042818
5534,0.32997048,0.3286701,0.0013003582
5535,0.32996717,0.32866442,0.0013027319
5536,0.32996023,0.32865676,0.0013034757
5537,0.329958,0.32865575,0.0013022478
5538,0.32995602,0.32865298,0.0013030615
5539,0.32994944,0.32864618,0.0013032616
5540,0.32995516,0.3286495,0.0013056531
5541,0.32993585,0.3286332,0.0013026565
5542,0.32994312,0.32864282,0.0013002999
5543,0.3299379,0.32863978,0.0012981433
5544,0.3299333,0.32863352,0.0012997488
5545,0.32993856,0.3286335,0.0013050928
5546,0.32993317,0.32863244,0.0013007311
5547,0.3299276,0.32862929,0.0012983229
5548,0.32993603,0.32862914,0.0013068978
5549,0.32994103,0.32863018,0.0013108535
5550,0.32993442,0.32862577,0.00130865
5551,0.32991952,0.32861823,0.0013013029
5552,0.32991683,0.32861328,0.0013035679
5553,0.32992628,0.328612,0.001314282
5554,0.3299335,0.3286098,0.0013236711
5555,0.32992086,0.32859516,0.0013256831
5556,0.32993266,0.32860914,0.0013235419
5557,0.32990924,0.32858643,0.0013228252
5558,0.32991034,0.32859278,0.0013175487
5559,0.32990202,0.32857284,0.001329173
5560,0.329996,0.32859728,0.0013987146
5561,0.33016512,0.32860428,0.0015608263
5562,0.3303253,0.3286127,0.0017126214
5563,0.3304195,0.32863414,0.0017853886
5564,0.33024296,0.32862568,0.001617295
5565,0.3299891,0.32859468,0.0013943987
5566,0.3298763,0.32856792,0.001308372
5567,0.32997125,0.32857674,0.0013945221
5568,0.33011982,0.32862273,0.0014970727
5569,0.3301709,0.3286215,0.0015493792
5570,0.33010903,0.328596,0.0015130349
5571,0.33004567,0.32856575,0.001479924
5572,0.33003467,0.32857051,0.0014641362
5573,0.3299973,0.32856217,0.0014351418
5574,0.32996646,0.3285551,0.0014113704
5575,0.32993537,0.3285588,0.0013765466
5576,0.32989857,0.3285575,0.0013410903
5577,0.32986638,0.32854035,0.0013260359
5578,0.32987538,0.32853636,0.0013390142
5579,0.32990232,0.32852855,0.001373756
5580,0.3299987,0.32853827,0.0014604542
5581,0.33019802,0.32855,0.0016480051
5582,0.33057427,0.3285834,0.0019908757
5583,0.33113867,0.3286326,0.0025060792
5584,0.33181968,0.32868204,0.003137671
5585,0.33200517,0.32872096,0.0032842085
5586,0.33117732,0.32863528,0.002542074
5587,0.33029735,0.32855356,0.0017438054
5588,0.32987893,0.3285097,0.001369261
5589,0.32983732,0.32849962,0.0013377059
5590,0.33005002,0.3285201,0.0015299417
5591,0.3303476,0.32853657,0.0018110148
5592,0.33083832,0.32857215,0.002266173
5593,0.33140603,0.32862434,0.0027816724
5594,0.33180726,0.3286519,0.0031553463
5595,0.33177087,0.32864276,0.0031281132
5596,0.3314113,0.3286139,0.0027973964
5597,0.33084917,0.32855922,0.0022899616
5598,0.3302757,0.3285236,0.0017521152
5599,0.32983744,0.32846698,0.0013704596
5600,0.3298452,0.32847127,0.0013739357
5601,0.3301181,0.32848886,0.0016292483
5602,0.33026364,0.32849953,0.001764106
5603,0.3301703,0.3284936,0.0016767124
5604,0.32989964,0.32845697,0.0014426616
5605,0.32978243,0.32845342,0.001328991
5606,0.32983854,0.32845974,0.0013787886
5607,0.32993194,0.32845715,0.0014747775
5608,0.32996157,0.32844925,0.0015123053
5609,0.32986677,0.32844123,0.0014255366
5610,0.32979125,0.32844412,0.001347136
5611,0.3297669,0.32843995,0.0013269609
5612,0.32981288,0.3284397,0.0013731562
5613,0.32983974,0.3284378,0.0014019156
5614,0.32981652,0.32842422,0.001392325
5615,0.32978365,0.328428,0.0013556328
5616,0.3297427,0.3284147,0.0013279871
5617,0.32974344,0.32841313,0.0013303112
5618,0.3297815,0.32841963,0.0013618879
5619,0.32980692,0.32842416,0.0013827735
5620,0.32979378,0.3284122,0.001381567
5621,0.32976556,0.3284143,0.0013512534
5622,0.3297316,0.3284025,0.0013291005
5623,0.3297421,0.32840154,0.0013405641
5624,0.3297574,0.3284026,0.0013547821
5625,0.3297613,0.32839167,0.0013696114
5626,0.3297724,0.32839823,0.0013741993
5627,0.3297396,0.32838687,0.0013527124
5628,0.32970637,0.32836944,0.001336923
5629,0.32969806,0.3283692,0.0013288793
5630,0.32970503,0.32837993,0.0013251103
5631,0.3297081,0.32837388,0.001334226
5632,0.32970572,0.32836872,0.0013369785
5633,0.32970852,0.32836962,0.0013388882
5634,0.32969877,0.3283675,0.0013312835
5635,0.32973522,0.32836047,0.0013747364
5636,0.3298548,0.32838893,0.0014658404
5637,0.32995558,0.3283652,0.0015903765
5638,0.32988423,0.32837057,0.001513649
5639,0.3297315,0.32836953,0.0013619473
5640,0.32971475,0.32835278,0.0013619778
5641,0.3298296,0.3283692,0.0014604089
5642,0.3298007,0.32835525,0.0014454295
5643,0.329786,0.32836503,0.001420999
5644,0.32976365,0.32833943,0.0014242029
5645,0.32977194,0.32834634,0.0014255714
5646,0.32977948,0.32833967,0.001439827
5647,0.32978168,0.3283519,0.0014297675
5648,0.32974777,0.3283188,0.0014289554
5649,0.32973155,0.32834378,0.0013877929
5650,0.32966152,0.32832062,0.0013409088
5651,0.32963753,0.32831573,0.00132181
5652,0.32966477,0.3283171,0.0013476496
5653,0.32969713,0.32832,0.0013771374
5654,0.329697,0.32830605,0.0013909659
5655,0.32970682,0.32831267,0.0013941556
5656,0.32968083,0.32830372,0.001377091
5657,0.32968417,0.3282887,0.0013954693
5658,0.3297735,0.3283096,0.0014638731
5659,0.3299018,0.3283047,0.0015971033
5660,0.32995203,0.32831228,0.0016397384
5661,0.32989773,0.32828987,0.0016078551
5662,0.32984284,0.32829946,0.001543363
5663,0.32974842,0.32827687,0.001471556
5664,0.32962012,0.3282684,0.0013517101
5665,0.3296359,0.32826528,0.001370607
5666,0.32965183,0.32828674,0.0013651189
5667,0.3296143,0.32827634,0.0013379765
5668,0.32967257,0.32827964,0.0013929168
5669,0.329679,0.32829037,0.0013886255
5670,0.32963952,0.32827386,0.0013656706
5671,0.3296624,0.32828125,0.001381173
5672,0.32964632,0.32830602,0.0013403023
5673,0.3295877,0.32823548,0.0013522273
5674,0.32970688,0.32827672,0.0014301606
5675,0.32972655,0.32828435,0.0014421903
5676,0.3296752,0.32822704,0.001448171
5677,0.3297459,0.32827872,0.001467168
5678,0.32961476,0.32828084,0.001333916
5679,0.32956418,0.32821366,0.0013505009
5680,0.3297369,0.32829276,0.0014441443
5681,0.32979357,0.32826188,0.0015317185
5682,0.32965967,0.32824278,0.0014168872
5683,0.32971963,0.32829878,0.0014208759
5684,0.329857,0.32824415,0.0016128204
5685,0.3299756,0.328262,0.0017135991
5686,0.32984993,0.3282855,0.0015644612
5687,0.32952023,0.32818216,0.0013380761
5688,0.32981178,0.328235,0.0015767893
5689,0.33026052,0.32829028,0.0019702096
5690,0.33018884,0.32825288,0.0019359678
5691,0.32988286,0.32827082,0.0016120288
5692,0.3295364,0.32817748,0.0013589346
5693,0.32959634,0.32817397,0.0014223829
5694,0.32996035,0.32822582,0.0017345028
5695,0.33045486,0.32823157,0.0022232812
5696,0.33067816,0.32833588,0.0023422793
5697,0.33009022,0.3282515,0.0018387338
5698,0.32950547,0.32814828,0.0013571985
5699,0.32976928,0.328172,0.0015972687
5700,0.33042336,0.32828024,0.0021431192
5701,0.33048752,0.32826275,0.0022247864
5702,0.33007655,0.328191,0.001885508
5703,0.32961327,0.32813787,0.0014753846
5704,0.32949018,0.3281463,0.0013438817
5705,0.32981935,0.32820758,0.0016117679
5706,0.32978946,0.32815677,0.0016326935
5707,0.32953167,0.32811776,0.0014139249
5708,0.3295133,0.3281306,0.001382726
5709,0.32980365,0.32814798,0.00165565
5710,0.33005312,0.3281906,0.0018625483
5711,0.3296595,0.32813397,0.0015255421
5712,0.32944015,0.3281108,0.0013293459
5713,0.32958683,0.3281025,0.001484322
5714,0.3297147,0.32813787,0.0015768136
5715,0.32964215,0.3280937,0.0015484581
5716,0.3295231,0.3280822,0.0014408792
5717,0.32941693,0.32807362,0.0013432963
5718,0.3293953,0.32806182,0.0013334805
5719,0.32946187,0.3280737,0.0013881515
5720,0.32954308,0.3280835,0.0014595961
5721,0.32952443,0.32806742,0.0014570111
5722,0.32949483,0.3280625,0.0014323194
5723,0.32945338,0.32805192,0.0014014569
5724,0.32942522,0.3280424,0.0013828251
5725,0.32938117,0.32803407,0.0013470752
5726,0.32937717,0.32803065,0.0013465218
5727,0.3293638,0.32802007,0.0013437157
5728,0.32936996,0.3280236,0.0013463396
5729,0.32936627,0.32803077,0.0013354893
5730,0.32936746,0.32803115,0.0013363028
5731,0.32936114,0.32802618,0.0013349534
5732,0.3293653,0.32802126,0.0013440648
5733,0.32935137,0.32801047,0.0013408861
5734,0.32935166,0.32800946,0.00134221
5735,0.32934004,0.3280088,0.0013312543
5736,0.3293214,0.32800072,0.0013206935
5737,0.32931158,0.3279946,0.0013169537
5738,0.3293078,0.32799262,0.0013151781
5739,0.32930022,0.32798523,0.0013149709
5740,0.3292978,0.32798222,0.001315606
5741,0.32929808,0.3279797,0.0013183752
5742,0.32929268,0.32797557,0.0013171152
5743,0.32928985,0.32797587,0.0013139725
5744,0.32928294,0.32796916,0.0013137966
5745,0.32928523,0.3279717,0.0013135371
5746,0.32927126,0.3279611,0.0013101456
5747,0.32927147,0.32795793,0.0013135383
5748,0.32927337,0.32795608,0.0013172899
5749,0.32927683,0.3279537,0.0013231381
5750,0.32927543,0.3279569,0.0013185565
5751,0.3292493,0.32793808,0.0013112043
5752,0.32928014,0.32794422,0.0013359097
5753,0.3293181,0.32795352,0.0013645758
5754,0.3293479,0.32796308,0.0013848317
5755,0.32932752,0.32794806,0.0013794608
5756,0.32930267,0.32793823,0.0013644267
5757,0.32926643,0.32793194,0.0013344865
5758,0.329254,0.32793793,0.0013160672
5759,0.32924956,0.32793257,0.0013170213
5760,0.3292538,0.32792282,0.0013309777
5761,0.32928598,0.3279216,0.0013643852
5762,0.3293841,0.32791814,0.0014659442
5763,0.32950628,0.32794243,0.0015638238
5764,0.32960266,0.32795382,0.0016488588
5765,0.3296197,0.3279422,0.0016775075
5766,0.32958144,0.32793412,0.0016473401
5767,0.32949594,0.32791942,0.0015765259
5768,0.3294088,0.32792428,0.0014844992
5769,0.32928607,0.3278972,0.0013888685
5770,0.3292261,0.3279014,0.0013247133
5771,0.32922098,0.32789147,0.0013295034
5772,0.32930225,0.32788506,0.0014171832
5773,0.3294769,0.32792023,0.0015566584
5774,0.3296737,0.3279128,0.001760901
5775,0.3299893,0.3279472,0.0020421199
5776,0.33032897,0.3279677,0.0023612878
5777,0.3306349,0.3280072,0.002627705
5778,0.3307048,0.32801175,0.0026930529
5779,0.33057982,0.32800984,0.0025699693
5780,0.33021903,0.32795456,0.002264445
5781,0.32983282,0.32793307,0.0018997404
5782,0.32952175,0.3278919,0.001629872
5783,0.32929265,0.327891,0.0014016355
5784,0.32917297,0.32786265,0.001310332
5785,0.32931125,0.32787555,0.001435671
5786,0.32962927,0.32790083,0.0017284428
5787,0.3299321,0.32792038,0.0020117215
5788,0.33002,0.32796493,0.0020550827
5789,0.3298223,0.3279325,0.0018898044
5790,0.32952225,0.32788575,0.0016365091
5791,0.32923707,0.32784703,0.0013900192
5792,0.3291623,0.32784736,0.0013149434
5793,0.32926774,0.32784328,0.0014244581
5794,0.32939664,0.32786292,0.0015337265
5795,0.32933474,0.32786408,0.0014706536
5796,0.32919338,0.32784066,0.0013527304
5797,0.32915276,0.32783622,0.0013165472
5798,0.3291804,0.32782695,0.001353455
5799,0.3292214,0.3278449,0.0013765213
5800,0.32917833,0.32783094,0.0013473957
5801,0.32912603,0.3278118,0.0013142081
5802,0.32912323,0.3278049,0.0013183375
5803,0.32915288,0.32780945,0.0013434296
5804,0.32914522,0.32781163,0.0013335866
5805,0.32911426,0.32780412,0.001310129
5806,0.3291102,0.32779774,0.0013124571
5807,0.32910538,0.327796,0.0013093669
5808,0.32910112,0.3277937,0.0013074295
5809,0.32909885,0.32779026,0.0013085972
5810,0.32909173,0.32778206,0.00130966
5811,0.32909885,0.32778445,0.0013144033
5812,0.329095,0.32778108,0.0013139343
5813,0.32908124,0.32776618,0.0013150482
5814,0.32908866,0.3277751,0.0013135708
5815,0.32908246,0.32776433,0.0013181464
5816,0.32908654,0.32776454,0.0013220074
5817,0.32907346,0.3277585,0.0013149695
5818,0.3290702,0.32775366,0.001316536
5819,0.32907662,0.3277578,0.0013188304
5820,0.32906753,0.32774937,0.001318176
5821,0.3290559,0.32773936,0.0013165467
5822,0.32905623,0.32773247,0.00132376
5823,0.32906368,0.32773554,0.0013281418
5824,0.32906264,0.32774058,0.0013220614
5825,0.3290389,0.32772753,0.0013113748
5826,0.32904345,0.32772955,0.0013138901
5827,0.32905373,0.32772315,0.0013305811
5828,0.32908848,0.3277284,0.0013600797
5829,0.32910722,0.32772544,0.0013817999
5830,0.32911757,0.32772794,0.001389628
5831,0.32908157,0.32771522,0.0013663424
5832,0.32905427,0.3277099,0.0013443435
5833,0.3290334,0.32770687,0.0013265267
5834,0.32901007,0.32769924,0.0013108223
5835,0.32900378,0.3276951,0.0013086561
5836,0.32900402,0.3276947,0.0013093116
5837,0.3290026,0.32769063,0.001311964
5838,0.32899755,0.32768974,0.0013078244
5839,0.32899168,0.32768005,0.0013116417
5840,0.32898915,0.32768008,0.0013090547
5841,0.32898965,0.32767817,0.0013114696
5842,0.32899088,0.32768017,0.0013107185
5843,0.32898757,0.32767826,0.0013093167
5844,0.32898277,0.32767168,0.0013110901
5845,0.32897136,0.3276625,0.0013088532
5846,0.32897508,0.32766286,0.0013122312
5847,0.3289703,0.32765594,0.0013143567
5848,0.3289769,0.32766253,0.0013143781
5849,0.3289758,0.3276609,0.0013148816
5850,0.3289586,0.3276487,0.001309918
5851,0.328952,0.3276438,0.001308222
5852,0.32894167,0.3276342,0.001307512
5853,0.32894668,0.32763773,0.0013089613
5854,0.32893804,0.32763097,0.0013070434
5855,0.32892382,0.32761762,0.0013062125
5856,0.32893264,0.32762316,0.0013094889
5857,0.32892874,0.3276224,0.001306316
5858,0.32893232,0.32762384,0.0013084657
5859,0.32892364,0.3276181,0.0013055583
5860,0.32892057,0.32761657,0.0013039967
5861,0.32892048,0.32761678,0.0013037157
5862,0.32890752,0.3276053,0.001302208
5863,0.32890853,0.32760397,0.0013045755
5864,0.32889822,0.3275968,0.0013014063
5865,0.3288912,0.32758915,0.0013020432
5866,0.32890764,0.32759747,0.0013101648
5867,0.32889435,0.32758474,0.0013095948
5868,0.32890064,0.3275919,0.0013087475
5869,0.32889026,0.32758436,0.001305924
5870,0.32888862,0.32758373,0.0013048833
5871,0.32887658,0.3275712,0.0013053762
5872,0.32887548,0.3275704,0.0013050626
5873,0.32888067,0.327571,0.0013096781
5874,0.3288668,0.32755762,0.0013091764
5875,0.3288758,0.3275667,0.0013090965
5876,0.32885885,0.32755288,0.0013059715
5877,0.3288545,0.3275453,0.0013092293
5878,0.32884932,0.32753748,0.00131185
5879,0.3288432,0.32753292,0.0013102705
5880,0.32884285,0.32753053,0.0013123315
5881,0.32885006,0.32753623,0.001313855
5882,0.32882145,0.32751933,0.0013021424
5883,0.3288405,0.32752702,0.0013134924
5884,0.32886013,0.3275256,0.0013345561
5885,0.32884747,0.3275155,0.0013319488
5886,0.3288317,0.32752314,0.0013085484
5887,0.32881576,0.32751402,0.001301743
5888,0.3288293,0.32751042,0.0013188717
5889,0.32885766,0.32751238,0.0013452711
5890,0.32887286,0.32750827,0.0013646085
5891,0.3288538,0.32750693,0.0013468463
5892,0.32881013,0.32749856,0.001311585
5893,0.32880154,0.32749927,0.0013022674
5894,0.32881334,0.327494,0.0013193272
5895,0.3288476,0.32749045,0.0013571369
5896,0.32892144,0.32749158,0.0014298543
5897,0.32896838,0.3274998,0.0014685567
5898,0.32898214,0.32748982,0.001492312
5899,0.32896483,0.32748923,0.0014756157
5900,0.32886368,0.32747647,0.0013872177
5901,0.32877162,0.3274606,0.0013110286
5902,0.32879373,0.3274655,0.0013282269
5903,0.32885566,0.32746503,0.0013906398
5904,0.3288882,0.3274649,0.0014233191
5905,0.32883534,0.32745898,0.0013763681
5906,0.32876143,0.3274438,0.0013176103
5907,0.3287579,0.32744864,0.0013092887
5908,0.32878727,0.32744527,0.0013419784
5909,0.32880962,0.3274388,0.001370841
5910,0.32881483,0.32743615,0.0013786629
5911,0.32880738,0.32743827,0.0013691386
5912,0.32876918,0.3274181,0.0013510839
5913,0.32876575,0.3274288,0.0013369598
5914,0.3287453,0.32741585,0.0013294558
5915,0.32875946,0.3274226,0.0013368751
5916,0.32877862,0.32741684,0.0013617799
5917,0.32878426,0.32741416,0.0013700954
5918,0.32876047,0.32741097,0.0013495134
5919,0.32870808,0.32739726,0.0013108097
5920,0.32872087,0.3274074,0.0013134925
5921,0.32878256,0.32740125,0.0013813113
5922,0.32885242,0.32741243,0.0014399817
5923,0.32886657,0.32741824,0.0014483326
5924,0.32882878,0.32742175,0.0014070448
5925,0.32874677,0.32740343,0.0013433138
5926,0.32869354,0.32737976,0.0013137788
5927,0.328698,0.32738218,0.0013158383
5928,0.3287037,0.32737705,0.0013266408
5929,0.32869476,0.32736915,0.0013256125
5930,0.32884848,0.32737207,0.0014764129
5931,0.32918188,0.32745817,0.0017237194
5932,0.32928085,0.3274269,0.0018539466
5933,0.32907054,0.32740876,0.0016617853
5934,0.32882646,0.3273831,0.001443342
5935,0.3286884,0.32735732,0.0013310864
5936,0.32870468,0.3273581,0.0013465935
5937,0.32882497,0.32735166,0.0014733265
5938,0.32893357,0.32737204,0.0015615394
5939,0.32898444,0.32737333,0.0016111247
5940,0.32889646,0.32735366,0.0015428083
5941,0.3287496,0.32734653,0.0014030524
5942,0.3286534,0.3273362,0.0013172101
5943,0.3286635,0.32732803,0.0013354628
5944,0.32878125,0.32734215,0.0014390808
5945,0.32887843,0.32733777,0.0015406559
5946,0.32892337,0.32735425,0.0015691282
5947,0.32885438,0.3273298,0.0015245712
5948,0.328764,0.32733285,0.0014311505
5949,0.3286618,0.32730365,0.0013581747
5950,0.32862875,0.32731116,0.0013175936
5951,0.328633,0.32730496,0.0013280632
5952,0.32868204,0.3273095,0.001372556
5953,0.32873702,0.32732004,0.001416953
5954,0.32872695,0.32730168,0.0014252596
5955,0.32868803,0.32729834,0.001389677
5956,0.32862604,0.32728323,0.0013428062
5957,0.32860455,0.3272862,0.0013183358
5958,0.32860878,0.32728696,0.0013218184
5959,0.32860732,0.32727435,0.001332948
5960,0.32861897,0.32727647,0.0013425009
5961,0.3286056,0.3272698,0.0013358056
5962,0.3285821,0.32726568,0.0013164323
5963,0.32856926,0.32725975,0.0013094974
5964,0.32857895,0.3272632,0.0013157326
5965,0.32865813,0.32725328,0.001404878
5966,0.32910842,0.3272978,0.001810582
5967,0.33016372,0.32738268,0.002781054
5968,0.33175668,0.32757393,0.0041827722
5969,0.33308858,0.32766753,0.0054210527
5970,0.33314267,0.32772827,0.005414405
5971,0.33155593,0.32763788,0.0039180545
5972,0.3298281,0.32746047,0.0023676308
5973,0.32885453,0.32728037,0.0015741506
5974,0.32862845,0.32726866,0.0013597864
5975,0.32871187,0.32731366,0.0013982144
5976,0.32887256,0.32728493,0.001587629
5977,0.32952702,0.32730997,0.002217057
5978,0.3304064,0.32741323,0.0029931548
5979,0.3305625,0.32742855,0.0031339575
5980,0.33006373,0.32735875,0.0027049968
5981,0.3294938,0.32740507,0.0020887125
5982,0.32903552,0.3273545,0.0016810417
5983,0.32859516,0.32724276,0.0013523968
5984,0.32866403,0.32723755,0.0014264863
5985,0.3291662,0.32735398,0.0018122278
5986,0.32932493,0.32733855,0.0019863774
5987,0.32908598,0.3272393,0.001846648
5988,0.32887426,0.32723513,0.0016391396
5989,0.32858703,0.32721254,0.001374475
5990,0.3286073,0.32719275,0.0014145329
5991,0.32886162,0.32720953,0.0016520924
5992,0.32886773,0.32720587,0.0016618837
5993,0.3285686,0.32717922,0.0013893705
5994,0.3284892,0.3271731,0.0013161125
5995,0.32864553,0.32719114,0.0014544046
5996,0.32857656,0.327168,0.0014085501
5997,0.32846257,0.32715797,0.0013045814
5998,0.32858363,0.327168,0.0014156571
5999,0.32871822,0.32716534,0.0015528693
6000,0.32867223,0.32718414,0.0014880793
6001,0.32849497,0.32715645,0.0013385119
6002,0.32848832,0.3271503,0.0013380606
6003,0.3285957,0.32716632,0.001429369
6004,0.32861558,0.32718238,0.0014331907
6005,0.32851693,0.3271618,0.0013551472
6006,0.328436,0.32712713,0.0013088348
6007,0.32845646,0.32713348,0.0013229938
6008,0.32843456,0.3271172,0.0013173465
6009,0.32844839,0.32711336,0.0013350155
6010,0.3284694,0.3271229,0.00134648
6011,0.3284408,0.32712013,0.0013206664
6012,0.3284231,0.32710257,0.0013205657
6013,0.32846278,0.32710826,0.0013544991
6014,0.32844973,0.32711345,0.0013362996
6015,0.3284119,0.32709023,0.0013216593
6016,0.32854912,0.32712388,0.0014252396
6017,0.3285467,0.3271454,0.0014013073
6018,0.3284193,0.3270873,0.0013319713
6019,0.3284057,0.3270805,0.0013252122
6020,0.32858786,0.32708967,0.001498209
6021,0.32877415,0.3271632,0.0016109723
6022,0.32857862,0.32708368,0.0014949287
6023,0.32841858,0.32707313,0.001345471
6024,0.32836124,0.3270566,0.0013046501
6025,0.32836065,0.32704628,0.0013143569
6026,0.3284242,0.3270647,0.0013594942
6027,0.32843843,0.32705906,0.0013793694
6028,0.3284191,0.32705536,0.0013637247
6029,0.32843378,0.32706636,0.001367431
6030,0.3284416,0.32704595,0.0013956431
6031,0.32833967,0.3270328,0.0013068483
6032,0.3283505,0.32702374,0.0013267802
6033,0.32845163,0.327032,0.0014196301
6034,0.32870197,0.32706243,0.001639545
6035,0.3290075,0.3270919,0.0019156014
6036,0.3289968,0.327073,0.0019237984
6037,0.3287885,0.3270484,0.0017400959
6038,0.32856667,0.32705307,0.0015135829
6039,0.32838714,0.32701084,0.0013762935
6040,0.32831675,0.3270085,0.0013082621
6041,0.32831004,0.3269952,0.0013148439
6042,0.3283803,0.32700244,0.0013778463
6043,0.32847947,0.3270203,0.0014591769
6044,0.32853177,0.32701018,0.0015215697
6045,0.32847384,0.32700405,0.0014698056
6046,0.32832435,0.3269907,0.0013336526
6047,0.3282836,0.3269855,0.0012981021
6048,0.328329,0.32698816,0.0013408258
6049,0.3283216,0.32699546,0.0013261405
6050,0.32829642,0.3269814,0.0013150284
6051,0.3282738,0.32696655,0.0013072775
6052,0.32829624,0.32697386,0.0013224095
6053,0.32833025,0.32699755,0.001332725
6054,0.32829902,0.3269825,0.0013165199
6055,0.32826832,0.32695186,0.0013164559
6056,0.32826415,0.3269591,0.0013050623
6057,0.3282638,0.32695964,0.0013041513
6058,0.32822797,0.32693732,0.0012906715
6059,0.32829,0.32695162,0.001338358
6060,0.32838616,0.32695255,0.0014336125
6061,0.32850814,0.3269596,0.0015485348
6062,0.3287135,0.3269842,0.001729299
6063,0.3289015,0.32701612,0.0018854073
6064,0.32905036,0.32703444,0.002015919
6065,0.32913065,0.32701176,0.0021188753
6066,0.32915702,0.3270031,0.0021539375
6067,0.32902136,0.3269996,0.0020217341
6068,0.3287187,0.3269692,0.0017494739
6069,0.32836923,0.32693097,0.0014382616
6070,0.32821226,0.32691526,0.0012970051
6071,0.32826054,0.3269101,0.0013504426
6072,0.32844284,0.32693493,0.0015079038
6073,0.32858995,0.3269434,0.0016465557
6074,0.32864147,0.32693565,0.0017058242
6075,0.3286523,0.32693884,0.0017134354
6076,0.32859474,0.32693404,0.0016606977
6077,0.32845956,0.32690987,0.0015496877
6078,0.32832074,0.32690796,0.0014127817
6079,0.3282045,0.32688665,0.0013178351
6080,0.32816008,0.32686847,0.0012915805
6081,0.3281812,0.32686982,0.0013113981
6082,0.3281999,0.3268729,0.0013270152
6083,0.3282168,0.32686672,0.0013500612
6084,0.32824573,0.3268713,0.0013744202
6085,0.3282687,0.32687142,0.0013972942
6086,0.3282796,0.3268675,0.0014121467
6087,0.3283012,0.3268743,0.0014268825
6088,0.32832196,0.3268637,0.0014582606
6089,0.32835618,0.32687274,0.0014834636
6090,0.32835117,0.32685974,0.0014914243
6091,0.3283393,0.32685977,0.0014795309
6092,0.32831272,0.3268482,0.001464538
6093,0.32831898,0.32685086,0.0014681097
6094,0.32832184,0.32684812,0.0014737223
6095,0.32832617,0.3268469,0.0014792454
6096,0.32832488,0.32682472,0.0015001539
6097,0.32832864,0.3268364,0.0014922443
6098,0.32829624,0.32682335,0.0014728836
6099,0.32830563,0.32683918,0.0014664675
6100,0.32827458,0.32682678,0.0014478058
6101,0.32826278,0.3268204,0.0014423756
6102,0.32825035,0.32680997,0.0014403788
6103,0.32825193,0.32680926,0.0014426585
6104,0.32822695,0.3267944,0.0014325725
6105,0.3282656,0.32681993,0.0014456706
6106,0.3282653,0.32681563,0.0014496936
6107,0.32827875,0.326806,0.0014727472
6108,0.32829708,0.32679152,0.0015055544
6109,0.328331,0.32679203,0.0015389343
6110,0.32834908,0.3267991,0.0015499752
6111,0.32833007,0.32679862,0.0015314722
6112,0.32826906,0.3267901,0.0014789867
6113,0.32817715,0.32677698,0.0014001848
6114,0.32810807,0.32677096,0.0013370983
6115,0.32805085,0.32675856,0.0012922827
6116,0.32807025,0.32676515,0.0013051196
6117,0.3281213,0.3267734,0.0013478778
6118,0.32815,0.3267636,0.0013863987
6119,0.32816753,0.32677191,0.0013956107
6120,0.32810652,0.3267536,0.0013529387
6121,0.32805306,0.3267458,0.0013072592
6122,0.32802704,0.3267357,0.001291347
6123,0.32801682,0.326727,0.0012898026
6124,0.32801926,0.32673004,0.0012892286
6125,0.32802114,0.3267214,0.0012997541
6126,0.3280313,0.32672858,0.0013027337
6127,0.32803214,0.32672417,0.001307969
6128,0.3280314,0.3267324,0.0012989907
6129,0.3280079,0.32671928,0.0012886049
6130,0.32801032,0.32672176,0.0012885516
6131,0.32801747,0.32671985,0.001297619
6132,0.32801136,0.32671654,0.001294805
6133,0.32800534,0.32671192,0.00129343
6134,0.32798928,0.32670215,0.0012871188
6135,0.32799357,0.32671106,0.0012825129
6136,0.3279799,0.3266974,0.0012824673
6137,0.327982,0.32669792,0.0012841078
6138,0.32797727,0.32668963,0.0012876203
6139,0.32797724,0.3266866,0.0012906365
6140,0.32798254,0.32669353,0.0012889955
6141,0.32796583,0.32668066,0.0012851524
6142,0.32796347,0.32668114,0.0012823303
6143,0.32796586,0.32667994,0.0012859304
6144,0.32795644,0.32667267,0.001283778
6145,0.32796156,0.32667723,0.0012843346
6146,0.327949,0.3266674,0.0012816039
6147,0.3279438,0.32666185,0.0012819406
6148,0.32794538,0.32666802,0.00127733
6149,0.32794026,0.32666433,0.0012759283
6150,0.32794634,0.32666185,0.0012844926
6151,0.32794344,0.32665503,0.0012884204
6152,0.32792085,0.32664028,0.0012805662
6153,0.32796615,0.3266436,0.0013225678
6154,0.32814053,0.32666898,0.0014715582
6155,0.32819024,0.32666913,0.0015211232
6156,0.32796538,0.3266495,0.0013159135
6157,0.3280058,0.32664895,0.0013568354
6158,0.3282036,0.32666352,0.0015400577
6159,0.3281322,0.32667214,0.0014601009
6160,0.32797483,0.32665044,0.0013243647
6161,0.3279683,0.32662603,0.0013422696
6162,0.32813752,0.32664678,0.0014907692
6163,0.328271,0.3267049,0.0015661052
6164,0.32816184,0.32667065,0.0014911982
6165,0.32798022,0.32661694,0.0013632678
6166,0.32793117,0.32663152,0.0012996572
6167,0.32797328,0.3266488,0.0013244783
6168,0.32814544,0.32662296,0.0015224824
6169,0.32859394,0.3266706,0.0019233462
6170,0.32912448,0.32667118,0.002453282
6171,0.32950574,0.32675028,0.0027554692
6172,0.3294802,0.32674503,0.0027351787
6173,0.3292604,0.32676744,0.002492961
6174,0.3288793,0.32669306,0.002186257
6175,0.32855296,0.32663146,0.0019215032
6176,0.32826295,0.32660377,0.0016591782
6177,0.3280914,0.32659826,0.0014931789
6178,0.32799506,0.32660317,0.0013919021
6179,0.32792753,0.32660258,0.001324948
6180,0.32788393,0.32658473,0.0012992168
6181,0.327882,0.32658952,0.001292475
6182,0.32789627,0.32658815,0.0013081218
6183,0.3279281,0.32657352,0.0013545856
6184,0.3280317,0.32657877,0.0014529049
6185,0.32814348,0.32656494,0.0015785312
6186,0.3282684,0.3265808,0.0016876288
6187,0.32844335,0.3266066,0.0018367486
6188,0.32863882,0.32661584,0.002022981
6189,0.32875973,0.32661578,0.0021439553
6190,0.32877162,0.3266338,0.00213781
6191,0.32862687,0.32659966,0.0020272045
6192,0.32849032,0.32660252,0.0018877878
6193,0.32837117,0.32657972,0.0017914455
6194,0.32823858,0.32656792,0.0016706433
6195,0.32800993,0.3265432,0.0014667069
6196,0.3278212,0.32653463,0.0012865567
6197,0.32792836,0.3265391,0.0013892672
6198,0.3283096,0.32656017,0.0017494119
6199,0.32889095,0.3266143,0.0022766567
6200,0.3295249,0.32665482,0.0028701006
6201,0.3299102,0.3266989,0.003211284
6202,0.32971194,0.32666832,0.0030436236
6203,0.32910213,0.3266275,0.0024746414
6204,0.32827237,0.32655606,0.001716331
6205,0.3277837,0.32650185,0.0012818475
6206,0.3280413,0.32652298,0.0015183106
6207,0.3286634,0.32656142,0.0021019813
6208,0.3291354,0.3266208,0.0025145959
6209,0.32919058,0.32662487,0.0025657243
6210,0.32870147,0.32656205,0.0021394049
6211,0.32801276,0.32650542,0.0015073337
6212,0.32777324,0.32648182,0.0012914402
6213,0.3281927,0.3265037,0.0016890025
6214,0.328649,0.3265638,0.0020852056
6215,0.32847473,0.3265464,0.0019283101
6216,0.32798597,0.3264845,0.001501482
6217,0.32773438,0.3264553,0.0012790894
6218,0.32794517,0.32648122,0.0014639564
6219,0.32823426,0.32651657,0.001717696
6220,0.3281158,0.32648352,0.0016322618
6221,0.32784528,0.3264474,0.0013978581
6222,0.32772276,0.32644427,0.0012784901
6223,0.32779142,0.3264412,0.0013502322
6224,0.32787922,0.32644597,0.0014332496
6225,0.32780954,0.32643574,0.0013737805
6226,0.3277203,0.32643065,0.0012896653
6227,0.32772642,0.32642448,0.0013019417
6228,0.32778496,0.32642424,0.0013607261
6229,0.32779527,0.3264251,0.0013701818
6230,0.32772985,0.326421,0.0013088746
6231,0.32768142,0.32640454,0.0012768987
6232,0.3277274,0.32640898,0.0013184424
6233,0.3277683,0.32640415,0.0013641624
6234,0.32773858,0.32639554,0.0013430247
6235,0.3276921,0.32639796,0.0012941194
6236,0.32767096,0.32639003,0.0012809329
6237,0.32770637,0.3263943,0.0013120765
6238,0.327735,0.3263957,0.0013393397
6239,0.32770514,0.3263871,0.0013180163
6240,0.3276615,0.32637757,0.00128393
6241,0.3276668,0.32637662,0.001290159
6242,0.32769787,0.32638022,0.0013176634
6243,0.3277057,0.32637793,0.0013278064
6244,0.3276852,0.3263703,0.0013148983
6245,0.3276484,0.32636207,0.0012863402
6246,0.32764658,0.32636082,0.0012857721
6247,0.3276646,0.32636407,0.0013005605
6248,0.32766822,0.32636198,0.0013062296
6249,0.32764682,0.32635248,0.0012943528
6250,0.32763362,0.32634994,0.0012836842
6251,0.3276408,0.32634878,0.0012920259
6252,0.32765976,0.3263547,0.0013050435
6253,0.3276331,0.32633522,0.0012979155
6254,0.327626,0.32633838,0.0012876156
6255,0.3276223,0.32633415,0.001288169
6256,0.32762092,0.32632285,0.0012980837
6257,0.3276434,0.3263311,0.0013122897
6258,0.32763034,0.3263226,0.0013077406
6259,0.32761124,0.32631013,0.0013011198
6260,0.3276107,0.326318,0.0012927193
6261,0.32766548,0.3263083,0.0013571612
6262,0.3277914,0.3263428,0.0014485924
6263,0.32781735,0.32631144,0.0015058976
6264,0.32777846,0.32633448,0.0014439777
6265,0.32770804,0.3263393,0.0013687441
6266,0.3276008,0.3262976,0.0013031831
6267,0.32758316,0.32630372,0.0012794491
6268,0.3276433,0.32630014,0.0013431542
6269,0.3278567,0.32632867,0.0015280367
6270,0.32819656,0.32633522,0.0018613307
6271,0.3284811,0.32635137,0.0021297436
6272,0.32864037,0.32636112,0.0022792446
6273,0.3287065,0.32636824,0.0023382432
6274,0.3286636,0.32638806,0.0022755272
6275,0.32849813,0.3263766,0.0021215384
6276,0.32830805,0.32631105,0.0019969787
6277,0.3279875,0.32630578,0.0016816948
6278,0.32770044,0.3262619,0.001438518
6279,0.327561,0.32624528,0.0013157241
6280,0.32752073,0.3262362,0.001284531
6281,0.32767263,0.3262421,0.0014305366
6282,0.32782102,0.32627,0.0015510025
6283,0.32790262,0.3262647,0.0016378949
6284,0.32782713,0.32626444,0.0015626901
6285,0.32768875,0.3262637,0.0014250547
6286,0.32749933,0.3262247,0.0012746103
6287,0.32759884,0.32624543,0.0013534182
6288,0.32779765,0.32625976,0.0015379051
6289,0.32777256,0.3262554,0.0015171379
6290,0.327554,0.3262257,0.0013282637
6291,0.3275356,0.32621822,0.0013173843
6292,0.32789978,0.32624528,0.0016545074
6293,0.3283628,0.32629535,0.0020674658
6294,0.3281508,0.326339,0.001811784
6295,0.32761496,0.32623106,0.001383896
6296,0.32760194,0.32624778,0.0013541545
6297,0.3280043,0.32626644,0.0017378808
6298,0.3280715,0.326298,0.0017735206
6299,0.32760623,0.32622808,0.0013781498
6300,0.32752633,0.3262209,0.0013054557
6301,0.32778767,0.32622933,0.0015583172
6302,0.32775918,0.3262374,0.0015217492
6303,0.32751068,0.32621285,0.0012978148
6304,0.32751974,0.32617265,0.0013471121
6305,0.32772002,0.32622764,0.0014923967
6306,0.32756093,0.32619247,0.0013684431
6307,0.32746488,0.32617822,0.001286655
6308,0.32754105,0.32617366,0.001367379
6309,0.32756102,0.32621518,0.0013458407
6310,0.32748044,0.32617342,0.0013070045
6311,0.32756177,0.3261589,0.0014028605
6312,0.32767633,0.32619217,0.0014841564
6313,0.3275473,0.32618982,0.0013575039
6314,0.32742375,0.32613713,0.0012866282
6315,0.3275224,0.32615608,0.0013663174
6316,0.32762218,0.3261953,0.0014268728
6317,0.32752302,0.32616165,0.0013613782
6318,0.32741386,0.32613274,0.0012811285
6319,0.32754666,0.32615456,0.0013920905
6320,0.32757205,0.3261569,0.0014151398
6321,0.3274044,0.32611588,0.0012885284
6322,0.3274728,0.3261236,0.0013492119
6323,0.3276265,0.32613996,0.0014865402
6324,0.3275173,0.32613972,0.0013775609
6325,0.3273766,0.32611096,0.0012656675
6326,0.32745093,0.32611993,0.0013309966
6327,0.32756516,0.32614326,0.0014219002
6328,0.3275962,0.3261471,0.0014490917
6329,0.32745838,0.32611197,0.001346419
6330,0.32737017,0.32610202,0.0012681531
6331,0.32743114,0.32609615,0.0013350056
6332,0.32750306,0.32609993,0.001403129
6333,0.3274919,0.32609734,0.0013945585
6334,0.32738328,0.3260772,0.0013060651
6335,0.32734412,0.32607177,0.0012723494
6336,0.32737434,0.32607248,0.0013018528
6337,0.32738337,0.32607034,0.0013130317
6338,0.327348,0.32605863,0.0012893477
6339,0.32733074,0.32605603,0.0012747068
6340,0.32734635,0.3260527,0.0012936704
6341,0.32735723,0.3260566,0.001300639
6342,0.3273458,0.32605448,0.0012913039
6343,0.327311,0.32603782,0.0012731932
6344,0.32731667,0.32603827,0.0012783994
6345,0.32734358,0.32604617,0.0012974099
6346,0.3273271,0.32603514,0.0012919733
6347,0.32731545,0.32603508,0.0012803659
6348,0.32729533,0.32602626,0.0012690693
6349,0.3273026,0.32603002,0.0012725904
6350,0.32730514,0.32601732,0.0012878152
6351,0.3273029,0.32601476,0.0012881429
6352,0.32729217,0.3260089,0.001283284
6353,0.3272771,0.32600942,0.0012676768
6354,0.3272695,0.3260013,0.0012681952
6355,0.32727253,0.32600185,0.0012706781
6356,0.32727253,0.32599607,0.0012764587
6357,0.32725978,0.32599175,0.0012680283
6358,0.3272538,0.3259872,0.0012666152
6359,0.3272436,0.325984,0.0012596023
6360,0.3272411,0.325985,0.0012560638
6361,0.3272339,0.32597932,0.0012545718
6362,0.32724667,0.32599202,0.0012546635
6363,0.32723704,0.32597747,0.0012595635
6364,0.3272641,0.32599,0.0012741156
6365,0.32726198,0.32597804,0.0012839229
6366,0.3273289,0.32597378,0.0013551009
6367,0.32739562,0.3260047,0.0013909017
6368,0.32731223,0.32597333,0.0013388863
6369,0.32723725,0.3259771,0.0012601631
6370,0.3273913,0.3259865,0.0014047981
6371,0.32752833,0.32601818,0.0015101484
6372,0.32748547,0.32600692,0.0014785534
6373,0.32731918,0.32596076,0.0013584221
6374,0.32722706,0.32595435,0.0012727294
6375,0.3273755,0.32597864,0.001396863
6376,0.3275608,0.32599303,0.0015677896
6377,0.3275661,0.32600623,0.0015598685
6378,0.32731485,0.3259528,0.00136205
6379,0.32719696,0.3259399,0.0012570597
6380,0.32746792,0.3259793,0.001488621
6381,0.32771063,0.3259846,0.0017260395
6382,0.327591,0.32601276,0.0015782528
6383,0.3272421,0.3259455,0.0012966215
6384,0.3272969,0.32594103,0.0013558749
6385,0.32748717,0.3259735,0.0015136565
6386,0.32779795,0.32598972,0.0018082138
6387,0.32766363,0.32600284,0.0016607847
6388,0.32736653,0.32594055,0.0014259618
6389,0.3272473,0.32593888,0.0013084186
6390,0.3272157,0.3259283,0.0012873997
6391,0.32744157,0.32595232,0.0014892366
6392,0.32755148,0.32593405,0.0016174208
6393,0.32771277,0.32601812,0.0016946545
6394,0.32783997,0.32595718,0.0018828064
6395,0.32786542,0.32596776,0.0018976678
6396,0.32749578,0.32597306,0.001522728
6397,0.32716203,0.32589376,0.0012682567
6398,0.3273575,0.32593656,0.0014209393
6399,0.3280039,0.32593665,0.00206726
6400,0.3286456,0.32608914,0.002556467
6401,0.32819605,0.32603055,0.002165518
6402,0.3274293,0.32591975,0.0015095586
6403,0.32722738,0.32590845,0.0013189387
6404,0.32728705,0.32591173,0.0013753336
6405,0.32753742,0.3259816,0.0015558477
6406,0.3272714,0.32589942,0.0013719763
6407,0.3272365,0.3259203,0.001316196
6408,0.32748502,0.32593045,0.0015545804
6409,0.328012,0.32597977,0.0020322024
6410,0.32816193,0.32603857,0.002123357
6411,0.32752505,0.32591876,0.0016062818
6412,0.32715577,0.3258864,0.0012693574
6413,0.3272286,0.32588482,0.001343795
6414,0.32744634,0.32588467,0.0015616827
6415,0.3275382,0.32594758,0.0015906098
6416,0.32716665,0.3258612,0.0013054624
6417,0.32721794,0.3258569,0.0013610516
6418,0.32745346,0.32589796,0.0015555205
6419,0.3275142,0.3259037,0.0016104935
6420,0.32726473,0.32586223,0.0014025022
6421,0.32709217,0.32582843,0.0012637366
6422,0.327315,0.3258499,0.0014651138
6423,0.32740742,0.32587785,0.0015295674
6424,0.32721737,0.32585448,0.001362884
6425,0.3270957,0.32583666,0.0012590414
6426,0.32739064,0.32587495,0.0015156798
6427,0.32780242,0.3259,0.0019024182
6428,0.3276502,0.325884,0.00176618
6429,0.3271876,0.32583916,0.0013484268
6430,0.3273379,0.32586348,0.001474424
6431,0.3276424,0.32591358,0.0017288572
6432,0.32748485,0.3258727,0.0016121395
6433,0.32716393,0.32585925,0.0013046789
6434,0.32712826,0.3258078,0.0013204562
6435,0.32753986,0.32588843,0.0016514596
6436,0.32758746,0.32587847,0.0017089827
6437,0.3272694,0.32582578,0.001443651
6438,0.32705408,0.32580227,0.0012518199
6439,0.32724887,0.32580116,0.0014477005
6440,0.32748663,0.3258468,0.0016398333
6441,0.3272377,0.32579222,0.0014454566
6442,0.32703522,0.32577807,0.0012571607
6443,0.3271077,0.32576895,0.0013387561
6444,0.32721552,0.32579383,0.0014217144
6445,0.3271467,0.3257591,0.0013875735
6446,0.3269909,0.32573083,0.0012600742
6447,0.32700136,0.32574368,0.0012576695
6448,0.3270601,0.3257528,0.0013073034
6449,0.3270602,0.32573044,0.0013297622
6450,0.3270319,0.32574323,0.0012886607
6451,0.32696587,0.32571232,0.0012535688
6452,0.32705486,0.32572746,0.0013273765
6453,0.32716992,0.32574403,0.0014258816
6454,0.32710376,0.32573068,0.0013731032
6455,0.32698846,0.3257179,0.0012705697
6456,0.32699224,0.32570884,0.0012834098
6457,0.32715482,0.32571712,0.0014376977
6458,0.3272906,0.3257308,0.0015597793
6459,0.32724884,0.32571676,0.0015320696
6460,0.32712448,0.32571283,0.0014116646
6461,0.32698032,0.32569957,0.0012807548
6462,0.32696775,0.32569334,0.0012744189
6463,0.32712227,0.3256989,0.0014233559
6464,0.32723197,0.32571062,0.0015213422
6465,0.32711968,0.32569185,0.001427816
6466,0.32697383,0.32568783,0.0012860001
6467,0.3269512,0.3256832,0.0012680128
6468,0.32706192,0.32567888,0.0013830236
6469,0.32716742,0.32567707,0.0014903529
6470,0.32712707,0.3256724,0.0014546592
6471,0.32698828,0.32567587,0.0013124136
6472,0.3269228,0.32566315,0.0012596413
6473,0.3270449,0.3256583,0.0013866138
6474,0.32719216,0.3256649,0.0015272554
6475,0.32720265,0.3256786,0.0015240593
6476,0.32705384,0.3256658,0.0013880389
6477,0.32692203,0.3256479,0.001274138
6478,0.32690212,0.3256395,0.0012626208
6479,0.3269568,0.3256401,0.0013167071
6480,0.32700685,0.32563725,0.0013696244
6481,0.32699516,0.32563695,0.001358218
6482,0.32694778,0.32562858,0.0013191756
6483,0.3268853,0.32561913,0.0012662075
6484,0.3268852,0.3256273,0.0012579054
6485,0.3269039,0.32562193,0.001281989
6486,0.32693666,0.32561472,0.0013219344
6487,0.32697192,0.32562244,0.0013494649
6488,0.32696533,0.3256242,0.0013411153
6489,0.32693067,0.3256152,0.001315464
6490,0.3268959,0.3256086,0.0012872799
6491,0.32686734,0.3255972,0.0012701622
6492,0.32686272,0.32559818,0.0012645386
6493,0.32686046,0.3256011,0.0012593411
6494,0.32685962,0.32559788,0.0012617365
6495,0.32686192,0.32559973,0.0012622017
6496,0.32685208,0.32559118,0.0012609207
6497,0.32685947,0.32559824,0.0012612373
6498,0.32685855,0.32559434,0.0012641983
6499,0.32685775,0.32559344,0.0012642881
6500,0.32685548,0.32558855,0.0012669311
6501,0.32683218,0.3255758,0.0012563749
6502,0.326841,0.3255813,0.0012596762
6503,0.32683507,0.3255738,0.0012612637
6504,0.3268323,0.32557368,0.0012586233
6505,0.3268279,0.32556945,0.0012584485
6506,0.32682917,0.32556617,0.0012630138
6507,0.32682517,0.32556534,0.0012598126
6508,0.32681224,0.32555467,0.0012575646
6509,0.32681277,0.3255522,0.0012605693
6510,0.3268014,0.32554477,0.0012566124
6511,0.3267983,0.3255409,0.0012573876
6512,0.32679963,0.32554027,0.0012593748
6513,0.3268027,0.3255401,0.0012626004
6514,0.32679737,0.32553798,0.0012593925
6515,0.32680538,0.32553783,0.0012675461
6516,0.32679853,0.32553202,0.0012665024
6517,0.32678235,0.32552353,0.001258815
6518,0.3267749,0.32552537,0.0012495217
6519,0.32675958,0.3255071,0.0012524739
6520,0.3267629,0.3255136,0.0012493243
6521,0.32676327,0.32551348,0.0012497668
6522,0.32675973,0.32550728,0.0012524645
6523,0.3267771,0.32551268,0.0012644303
6524,0.32676494,0.3254993,0.0012656472
6525,0.32677138,0.3255081,0.001263274
6526,0.32681143,0.32551572,0.0012957139
6527,0.3269426,0.32550824,0.0014343516
6528,0.32736325,0.32554302,0.0018202525
6529,0.32793376,0.3256038,0.0023299437
6530,0.32840168,0.32565662,0.0027450556
6531,0.32850078,0.32569188,0.0028089178
6532,0.32815808,0.32565764,0.0025004437
6533,0.3275529,0.3255622,0.001990703
6534,0.32705653,0.3254839,0.0015726506
6535,0.32679543,0.32546425,0.0013311824
6536,0.32670122,0.32545125,0.0012499711
6537,0.32676902,0.32545507,0.0013139413
6538,0.32690334,0.32546157,0.0014417818
6539,0.3269992,0.32549077,0.0015084136
6540,0.32697836,0.32551324,0.0014650864
6541,0.3268553,0.32549095,0.0013643249
6542,0.3267116,0.32544273,0.0012688811
6543,0.3267184,0.32544842,0.0012699566
6544,0.32679144,0.32547578,0.0013156658
6545,0.32682496,0.32546183,0.0013631427
6546,0.3268109,0.3254233,0.0013875987
6547,0.32679173,0.32543474,0.0013570044
6548,0.32672155,0.3254267,0.0012948686
6549,0.3266729,0.32542223,0.0012506994
6550,0.3266833,0.3254217,0.0012616373
6551,0.32670832,0.32542664,0.0012816687
6552,0.32668784,0.3254084,0.0012794348
6553,0.32668093,0.32540262,0.0012783103
6554,0.32667148,0.3254061,0.0012653694
6555,0.32664645,0.32539615,0.0012502837
6556,0.32664737,0.32539546,0.0012519328
6557,0.32665777,0.32540426,0.001253512
6558,0.3266478,0.32539573,0.0012520354
6559,0.32664603,0.32539135,0.0012546495
6560,0.32664052,0.3253861,0.0012544135
6561,0.32663736,0.32537982,0.0012575412
6562,0.32663918,0.32538214,0.0012570226
6563,0.32663608,0.3253804,0.0012556603
6564,0.32662955,0.3253723,0.0012572522
6565,0.32663044,0.32537347,0.0012569749
6566,0.3266207,0.3253661,0.0012546114
6567,0.32662126,0.32536662,0.0012546576
6568,0.32662654,0.3253634,0.0012631472
6569,0.32663977,0.32536748,0.0012722843
6570,0.32666183,0.32536662,0.0012952073
6571,0.3266507,0.3253562,0.0012945115
6572,0.32665178,0.32536265,0.001289109
6573,0.32662663,0.3253505,0.0012761453
6574,0.3266286,0.32535797,0.0012706227
6575,0.3266144,0.32534146,0.0012729442
6576,0.32661393,0.32534045,0.0012735054
6577,0.32662207,0.32534096,0.0012811286
6578,0.32663536,0.3253299,0.0013054577
6579,0.32670632,0.3253365,0.0013698547
6580,0.32685018,0.3253453,0.0015048708
6581,0.32701176,0.32536426,0.001647523
6582,0.32707158,0.32536373,0.0017078646
6583,0.32694918,0.3253577,0.00159148
6584,0.32671508,0.3253216,0.0013934721
6585,0.32657441,0.32531172,0.0012626965
6586,0.3265979,0.3253104,0.0012874755
6587,0.32673997,0.32531375,0.0014262015
6588,0.3268832,0.3253258,0.0015574067
6589,0.32692245,0.32532707,0.0015953735
6590,0.3268288,0.3253217,0.0015071093
6591,0.32669193,0.32531646,0.001375469
6592,0.3265622,0.32529214,0.0012700527
6593,0.32655203,0.3252838,0.0012682255
6594,0.32663253,0.325296,0.0013365222
6595,0.32667607,0.32528684,0.0013892121
6596,0.32663688,0.32527408,0.0013628032
6597,0.32654992,0.32526842,0.0012814843
6598,0.32652718,0.32526955,0.0012576407
6599,0.32657075,0.32526517,0.0013055837
6600,0.32661188,0.32527182,0.0013400821
6601,0.32657728,0.3252583,0.0013189792
6602,0.32652417,0.32525313,0.0012710269
6603,0.3264981,0.32523835,0.0012597444
6604,0.32651374,0.32523638,0.0012773572
6605,0.32653478,0.32524273,0.0012920378
6606,0.32649922,0.32523498,0.001264256
6607,0.32648715,0.32523796,0.0012491989
6608,0.3264837,0.32521856,0.0012651269
6609,0.32650587,0.3252334,0.001272477
6610,0.32649255,0.32523605,0.0012564987
6611,0.32647008,0.3252184,0.0012516642
6612,0.32647377,0.32522038,0.0012533942
6613,0.32648292,0.32522517,0.001257763
6614,0.32645977,0.32521185,0.0012478981
6615,0.32647726,0.32522494,0.0012523124
6616,0.32646286,0.32521367,0.0012492107
6617,0.32645994,0.32521352,0.0012464128
6618,0.32644987,0.3251987,0.0012511504
6619,0.32644823,0.3252013,0.0012469264
6620,0.3264501,0.32519907,0.001251049
6621,0.32644403,0.32519093,0.0012530906
6622,0.32645357,0.32519308,0.0012604899
6623,0.3264447,0.3251764,0.0012683071
6624,0.3264614,0.32518435,0.0012770521
6625,0.32647243,0.32518068,0.0012917406
6626,0.32647076,0.32517457,0.0012961925
6627,0.3264848,0.32517615,0.0013086619
6628,0.3264814,0.32517573,0.0013056864
6629,0.32647136,0.32516474,0.0013066337
6630,0.32644305,0.32515907,0.001283961
6631,0.32644176,0.32516807,0.0012736913
6632,0.32642856,0.32516536,0.0012631767
6633,0.3264161,0.325158,0.0012581109
6634,0.3263988,0.3251424,0.0012563549
6635,0.32641274,0.32515064,0.001262095
6636,0.32640377,0.32514456,0.0012592154
6637,0.32642457,0.3251533,0.0012712686
6638,0.32643664,0.3251477,0.0012889425
6639,0.32644948,0.32513723,0.0013122635
6640,0.32650086,0.3251488,0.0013520746
6641,0.32655126,0.325133,0.0014182512
6642,0.32664642,0.3251662,0.0014802262
6643,0.3266899,0.32515696,0.0015329348
6644,0.32672384,0.32517123,0.0015526061
6645,0.32667962,0.32514152,0.0015381209
6646,0.3266327,0.32514805,0.0014846732
6647,0.32653785,0.32511872,0.0014191205
6648,0.32647362,0.32511833,0.0013553158
6649,0.32641467,0.32511368,0.0013009978
6650,0.326366,0.32510448,0.00126154
6651,0.3263476,0.32509056,0.001257023
6652,0.32637516,0.32509515,0.0012800058
6653,0.32638264,0.3250873,0.0012953276
6654,0.3263872,0.32509094,0.0012962589
6655,0.32635775,0.32508436,0.0012734008
6656,0.3263406,0.32508478,0.0012558082
6657,0.32633018,0.32508042,0.0012497781
6658,0.32634982,0.32508418,0.0012656505
6659,0.32640243,0.32508403,0.0013183802
6660,0.32650912,0.3250952,0.0014138913
6661,0.3267022,0.32509074,0.0016114777
6662,0.32696342,0.32512918,0.0018342426
6663,0.32723987,0.325146,0.0020938825
6664,0.32739222,0.32517198,0.0022202283
6665,0.32730252,0.32513416,0.0021683483
6666,0.327044,0.32511586,0.0019281565
6667,0.32672343,0.32508323,0.0016401993
6668,0.3264675,0.32507235,0.001395161
6669,0.32632652,0.32504353,0.0012830046
6670,0.32630488,0.32504869,0.0012561968
6671,0.32631126,0.325041,0.0012702568
6672,0.3263229,0.3250433,0.0012796337
6673,0.32635996,0.32505587,0.0013040903
6674,0.3263738,0.3250415,0.0013322926
6675,0.32633612,0.32503098,0.0013051259
6676,0.326308,0.32504737,0.0012606292
6677,0.32635477,0.32503834,0.0013164204
6678,0.3264284,0.32504305,0.0013853644
6679,0.3264159,0.32503286,0.0013830491
6680,0.32638583,0.3250606,0.0013252344
6681,0.32632872,0.32504377,0.0012849611
6682,0.32626656,0.32501206,0.0012545098
6683,0.326301,0.32503277,0.0012682488
6684,0.32639,0.32505712,0.0013328884
6685,0.32640487,0.32504037,0.0013645061
6686,0.32641283,0.32500073,0.0014121023
6687,0.3265025,0.32503292,0.0014695986
6688,0.32647362,0.32500824,0.0014653762
6689,0.32638264,0.32500887,0.0013737839
6690,0.32629895,0.32500783,0.0012911295
6691,0.32626757,0.32499635,0.0012712044
6692,0.32629058,0.32498547,0.0013051037
6693,0.32641596,0.3250257,0.0013902562
6694,0.32648674,0.3250425,0.0014442496
6695,0.32639715,0.32500935,0.0013878016
6696,0.3262903,0.32497042,0.0013198908
6697,0.32625586,0.32496932,0.0012865262
6698,0.32622612,0.32496125,0.0012648662
6699,0.32622692,0.32496333,0.0012635734
6700,0.3262577,0.32495114,0.0013065676
6701,0.32629028,0.3249639,0.0013264073
6702,0.3263179,0.3249698,0.0013481043
6703,0.32630584,0.32496002,0.0013458368
6704,0.32629094,0.32495818,0.0013327677
6705,0.32623678,0.32495221,0.0012845563
6706,0.3262056,0.32494366,0.0012619296
6707,0.3262245,0.3249443,0.0012802074
6708,0.32628882,0.3249477,0.0013411017
6709,0.32636935,0.32493952,0.0014298189
6710,0.3263915,0.3249457,0.0014458013
6711,0.32635164,0.3249404,0.0014112502
6712,0.32624596,0.3249375,0.0013084558
6713,0.3261976,0.32492858,0.0012690108
6714,0.326181,0.32492578,0.0012551955
6715,0.3261763,0.32491538,0.001260914
6716,0.3262183,0.32492226,0.0012960427
6717,0.3262528,0.32492957,0.0013232181
6718,0.3263623,0.32491007,0.0014522623
6719,0.32659954,0.32495716,0.0016423926
6720,0.32695213,0.32495838,0.0019937349
6721,0.32728982,0.32504988,0.0022399395
6722,0.32724383,0.32504335,0.0022004643
6723,0.32689986,0.32498723,0.001912624
6724,0.3264865,0.32490927,0.0015772214
6725,0.3262494,0.32489377,0.0013556132
6726,0.3261429,0.32488716,0.0012557558
6727,0.32626513,0.32487977,0.001385337
6728,0.3265444,0.32491964,0.0016247611
6729,0.3268198,0.32493255,0.0018872756
6730,0.3270122,0.32498842,0.0020237893
6731,0.32714233,0.32498327,0.0021590588
6732,0.32712108,0.3249985,0.0021225712
6733,0.32684916,0.32493216,0.0019169912
6734,0.32652003,0.32491726,0.0016027696
6735,0.3261809,0.32486433,0.0013165681
6736,0.3261433,0.32486814,0.0012751408
6737,0.32654703,0.32489815,0.0016488644
6738,0.32753247,0.32496187,0.002570609
6739,0.32845122,0.32513136,0.0033198432
6740,0.3286528,0.32515353,0.0034992746
6741,0.32806775,0.3250992,0.002968541
6742,0.3269591,0.32493952,0.0020195888
6743,0.32613266,0.32485065,0.0012820066
6744,0.3263027,0.32487074,0.0014319699
6745,0.32720047,0.3249322,0.002268286
6746,0.3279452,0.32507733,0.0028678935
6747,0.3275972,0.324964,0.0026332256
6748,0.326615,0.32489955,0.0017154593
6749,0.32607633,0.3248258,0.0012505364
6750,0.32659528,0.3248605,0.0017347647
6751,0.3273878,0.3249772,0.0024106298
6752,0.32740575,0.32494557,0.002460175
6753,0.32686284,0.32490396,0.001958881
6754,0.32629946,0.32482913,0.0014703094
6755,0.32603884,0.32479414,0.0012447087
6756,0.32634175,0.32483643,0.0015053242
6757,0.326771,0.32484025,0.001930749
6758,0.32681027,0.32485485,0.0019554377
6759,0.32656878,0.32484883,0.001719956
6760,0.3261395,0.3247987,0.0013408201
6761,0.32604048,0.32478634,0.0012541385
6762,0.32631472,0.32479063,0.0015240893
6763,0.32646447,0.3248346,0.001629886
6764,0.3262732,0.32481414,0.0014590559
6765,0.32601473,0.32476693,0.001247799
6766,0.32609102,0.32478207,0.0013089324
6767,0.3262976,0.32479924,0.0014983637
6768,0.32623667,0.3247815,0.0014551667
6769,0.3260565,0.3247677,0.0012887849
6770,0.32602787,0.32475105,0.0012768091
6771,0.32617682,0.32478076,0.0013960721
6772,0.32609767,0.32475856,0.0013391174
6773,0.3259852,0.32474437,0.0012408305
6774,0.32600117,0.32473382,0.0012673319
6775,0.3260456,0.32473692,0.0013086777
6776,0.32600263,0.32473356,0.0012690529
6777,0.32598573,0.32473597,0.0012497634
6778,0.32596764,0.324721,0.0012466197
6779,0.3259834,0.3247283,0.0012551026
6780,0.32596412,0.32471684,0.0012472812
6781,0.32597953,0.3247155,0.0012640428
6782,0.32600847,0.32472464,0.0012838325
6783,0.32601506,0.3247294,0.0012856412
6784,0.32595858,0.3247145,0.0012440511
6785,0.32592937,0.3246985,0.0012308453
6786,0.32595658,0.32471135,0.0012452272
6787,0.3259759,0.32470658,0.0012693246
6788,0.3260043,0.324708,0.0012962678
6789,0.32599065,0.32469967,0.0012909656
6790,0.3259422,0.32468775,0.0012544306
6791,0.32590845,0.32467687,0.0012316018
6792,0.32594663,0.32468572,0.001260909
6793,0.32596853,0.32466865,0.0012998863
6794,0.3260039,0.32468686,0.001317045
6795,0.32597145,0.32468054,0.001290923
6796,0.3258959,0.3246512,0.001244698
6797,0.3258753,0.3246432,0.0012321242
6798,0.32589108,0.32465565,0.001235447
6799,0.32590824,0.32465515,0.001253111
6800,0.32592016,0.32464942,0.0012707263
6801,0.3259083,0.324643,0.001265316
6802,0.32589087,0.32464164,0.0012492139
6803,0.325868,0.32464054,0.0012274764
6804,0.3258778,0.32464442,0.0012333479
6805,0.3258559,0.32462445,0.001231478
6806,0.32587355,0.3246342,0.0012393623
6807,0.3258666,0.3246425,0.0012240885
6808,0.32586434,0.32462823,0.0012361043
6809,0.32586375,0.3246263,0.0012374648
6810,0.32585448,0.3246123,0.0012421941
6811,0.32586488,0.32461852,0.0012463558
6812,0.3258453,0.32461247,0.0012328209
6813,0.32585782,0.3246237,0.0012341354
6814,0.32584947,0.32461756,0.0012318969
6815,0.3258475,0.32461104,0.0012364925
6816,0.3258419,0.32460982,0.0012320823
6817,0.32583112,0.32460085,0.0012302609
6818,0.32583055,0.32460004,0.0012305134
6819,0.32583493,0.32459876,0.0012361689
6820,0.32583085,0.32459906,0.0012317856
6821,0.32583076,0.3245946,0.0012361618
6822,0.3258258,0.32459572,0.0012300685
6823,0.3258294,0.3245984,0.0012309889
6824,0.3258164,0.3245862,0.0012301573
6825,0.32582572,0.32459038,0.0012353429
6826,0.32581615,0.32458067,0.0012354817
6827,0.32581225,0.3245782,0.0012340539
6828,0.32579833,0.32456836,0.0012299677
6829,0.32580006,0.32456797,0.0012320835
6830,0.3258073,0.32457894,0.0012283624
6831,0.32578754,0.32455862,0.0012289168
6832,0.32578635,0.32455906,0.0012272844
6833,0.32578334,0.32455748,0.0012258684
6834,0.32578543,0.32455513,0.001230293
6835,0.32578748,0.32455152,0.0012359758
6836,0.32577842,0.32454118,0.0012372511
6837,0.32578912,0.32454365,0.0012454748
6838,0.32578918,0.32453665,0.0012525383
6839,0.3258052,0.32454276,0.0012624325
6840,0.32579085,0.32453874,0.0012521201
6841,0.325781,0.32454678,0.0012342094
6842,0.3257525,0.32452255,0.001229964
6843,0.32577217,0.3245285,0.001243663
6844,0.3257586,0.32452825,0.0012303567
6845,0.32576016,0.32452473,0.001235418
6846,0.32575497,0.3245162,0.0012387518
6847,0.3257558,0.32451987,0.0012359561
6848,0.32577476,0.32452145,0.0012533019
6849,0.32576814,0.32450858,0.0012595685
6850,0.3257772,0.32450223,0.0012749514
6851,0.32576323,0.32449722,0.0012659925
6852,0.32574907,0.32449436,0.001254732
6853,0.3257261,0.32449758,0.0012285069
6854,0.3257133,0.32449287,0.0012204456
6855,0.3257212,0.3244937,0.001227471
6856,0.32573292,0.32448485,0.0012480625
6857,0.3257325,0.3244791,0.001253374
6858,0.32571882,0.3244823,0.0012365263
6859,0.3256853,0.32446805,0.001217241
6860,0.32568184,0.32446206,0.0012197911
6861,0.32570964,0.3244676,0.0012420417
6862,0.32571137,0.32446155,0.0012498299
6863,0.32567725,0.32445034,0.0012269259
6864,0.32567355,0.32445285,0.0012206838
6865,0.3256937,0.32445055,0.0012431688
6866,0.32569754,0.32444492,0.0012526099
6867,0.325678,0.32444283,0.0012351719
6868,0.32567775,0.32444742,0.0012303317
6869,0.32565764,0.32442892,0.0012287045
6870,0.32566944,0.3244313,0.0012381348
6871,0.32569158,0.32443368,0.0012578813
6872,0.32572773,0.32443115,0.0012965898
6873,0.3257148,0.324424,0.001290798
6874,0.32567286,0.32442468,0.0012481601
6875,0.32567528,0.32442576,0.0012495387
6876,0.3258026,0.32443795,0.0013646318
6877,0.32592463,0.32442692,0.0014977107
6878,0.32601288,0.32445323,0.0015596461
6879,0.3259243,0.32443592,0.0014883807
6880,0.32577258,0.32442984,0.0013427356
6881,0.32563514,0.3243945,0.0012406353
6882,0.32567444,0.3244023,0.0012721538
6883,0.32586226,0.32441697,0.0014452873
6884,0.325909,0.3244171,0.0014918505
6885,0.32577464,0.32439357,0.001381072
6886,0.3256381,0.32439193,0.0012461328
6887,0.32564893,0.32438534,0.0012635967
6888,0.3258445,0.32438982,0.0014546902
6889,0.3260298,0.32442316,0.0016066391
6890,0.32598725,0.32440025,0.0015869926
6891,0.32576287,0.3243785,0.0013843684
6892,0.3256472,0.32438514,0.0012620561
6893,0.32560688,0.3243635,0.0012433848
6894,0.32567227,0.32438585,0.001286403
6895,0.32568836,0.32436907,0.0013193095
6896,0.32566807,0.3243547,0.0013133708
6897,0.32569075,0.32436833,0.0013224187
6898,0.32566452,0.32434335,0.0013211613
6899,0.32564947,0.32434788,0.0013015898
6900,0.3256078,0.3243369,0.0012709027
6901,0.32562625,0.32433483,0.001291441
6902,0.32560658,0.32433605,0.0012705463
6903,0.32562816,0.32432503,0.0013031542
6904,0.32563475,0.32433665,0.0012980982
6905,0.32564652,0.32430962,0.001336911
6906,0.325686,0.32432556,0.001360419
6907,0.32576862,0.3243224,0.0014462302
6908,0.32591543,0.32435018,0.0015652502
6909,0.3259469,0.32432857,0.0016183121
6910,0.32595003,0.32435036,0.0015996568
6911,0.32585722,0.32432318,0.0015340153
6912,0.32575777,0.32433316,0.0014246042
6913,0.3256274,0.32428733,0.0013400567
6914,0.32558995,0.32430103,0.001288924
6915,0.32555935,0.3242926,0.001266758
6916,0.3255286,0.32428503,0.0012435553
6917,0.32551727,0.3242819,0.0012353638
6918,0.32550895,0.3242851,0.001223855
6919,0.32550144,0.3242743,0.0012271133
6920,0.3254945,0.3242739,0.0012205972
6921,0.32549605,0.32426342,0.0012326185
6922,0.32549506,0.3242529,0.0012421829
6923,0.32552764,0.32426748,0.0012601729
6924,0.3255375,0.3242474,0.0012901189
6925,0.32557443,0.3242585,0.001315908
6926,0.32557738,0.32425308,0.0013243018
6927,0.32558078,0.324256,0.0013247712
6928,0.32556129,0.324255,0.0013063003
6929,0.32552886,0.32424828,0.0012805525
6930,0.3254903,0.3242358,0.001254506
6931,0.32546324,0.3242356,0.0012276558
6932,0.32544774,0.32423282,0.0012149129
6933,0.32543448,0.3242276,0.001206865
6934,0.32544163,0.32423258,0.0012090558
6935,0.32543987,0.32422552,0.0012143754
6936,0.32542536,0.32420588,0.0012194773
6937,0.32542723,0.32420787,0.0012193548
6938,0.32543272,0.32421347,0.0012192415
6939,0.32542276,0.32420442,0.0012183415
6940,0.32542008,0.32420257,0.0012175075
6941,0.32541382,0.32420257,0.0012112542
6942,0.32540026,0.3241914,0.0012088573
6943,0.3254005,0.32419038,0.0012101396
6944,0.32540143,0.32418823,0.0012131992
6945,0.32542074,0.32419756,0.0012231923
6946,0.3254091,0.3241788,0.0012302811
6947,0.3254118,0.3241837,0.0012281055
6948,0.3253961,0.3241715,0.0012245977
6949,0.3254022,0.32418352,0.0012186773
6950,0.3253901,0.3241767,0.0012134284
6951,0.32538068,0.32416812,0.0012125759
6952,0.32537526,0.32416388,0.0012113802
6953,0.32537735,0.32416105,0.001216299
6954,0.32537222,0.32415828,0.0012139417
6955,0.3253711,0.32415608,0.0012150167
6956,0.3253758,0.32415804,0.0012177576
6957,0.32536438,0.3241505,0.001213865
6958,0.32536858,0.32415202,0.0012165516
6959,0.32536253,0.3241497,0.0012128148
6960,0.3253606,0.32414937,0.0012112518
6961,0.32536638,0.32415393,0.0012124279
6962,0.32535166,0.32414123,0.0012103992
6963,0.3253325,0.32412282,0.0012096756
6964,0.325347,0.32413346,0.0012135537
6965,0.32534206,0.32412577,0.0012162991
6966,0.32534483,0.32412305,0.0012217654
6967,0.32535103,0.32411814,0.0012328948
6968,0.3253482,0.3241157,0.0012325081
6969,0.3253384,0.32410628,0.0012320896
6970,0.32532293,0.32410425,0.0012186661
6971,0.32532293,0.32411125,0.001211676
6972,0.32531634,0.32410532,0.0012110078
6973,0.3253124,0.3241,0.0012124057
6974,0.32533005,0.32411164,0.001218411
6975,0.3253091,0.32408646,0.0012226593
6976,0.32531753,0.32408482,0.0012327165
6977,0.3253208,0.3240849,0.0012359087
6978,0.3253041,0.32407507,0.0012290204
6979,0.3252927,0.3240757,0.0012169841
6980,0.3252847,0.32407212,0.0012125658
6981,0.32529548,0.32407463,0.0012208726
6982,0.32530075,0.32406664,0.0012341163
6983,0.32530248,0.32406163,0.0012408597
6984,0.3253018,0.32405704,0.0012447664
6985,0.3252939,0.32405582,0.0012380785
6986,0.32527485,0.32404426,0.0012306268
6987,0.32527345,0.32404846,0.0012249888
6988,0.32526103,0.3240369,0.0012241214
6989,0.32527012,0.32404488,0.0012252472
6990,0.32526252,0.3240349,0.0012276073
6991,0.32527488,0.3240458,0.0012290601
6992,0.32525128,0.32402247,0.0012288105
6993,0.3252583,0.3240214,0.0012369087
6994,0.32527032,0.32401457,0.0012557688
6995,0.32531485,0.3240138,0.0013010253
6996,0.32539326,0.32401702,0.0013762399
6997,0.3255554,0.32403788,0.0015175305
6998,0.32578358,0.3240495,0.0017340673
6999,0.32600027,0.3240657,0.0019345793
7000,0.3261679,0.32409835,0.002069571
7001,0.32618317,0.3240821,0.0021010623
7002,0.32605192,0.3240721,0.0019798374
7003,0.32581526,0.32405037,0.00176489
7004,0.3255505,0.32402223,0.001528265
7005,0.32537013,0.3240055,0.0013646247
7006,0.3252573,0.32399064,0.0012666536
7007,0.32522103,0.32398832,0.0012327038
7008,0.32522187,0.32398736,0.0012345259
7009,0.32520986,0.32398108,0.0012287691
7010,0.32521632,0.32398137,0.0012349507
7011,0.3252202,0.32398087,0.0012393205
7012,0.3252278,0.3239827,0.0012451253
7013,0.32523906,0.3239751,0.0012639633
7014,0.32526308,0.3239662,0.0012969018
7015,0.32533437,0.32396522,0.0013691706
7016,0.32544878,0.3239748,0.0014740083
7017,0.32560363,0.32399017,0.0016134928
7018,0.325784,0.32400355,0.0017804417
7019,0.32591385,0.32401887,0.0018949701
7020,0.32591763,0.32400462,0.0019130021
7021,0.32586518,0.32400253,0.0018626482
7022,0.32582355,0.32399613,0.0018274237
7023,0.32571363,0.32399714,0.0017164949
7024,0.32555357,0.32397944,0.0015741121
7025,0.32548165,0.32395807,0.0015235811
7026,0.32542497,0.32395613,0.0014688518
7027,0.3254131,0.32394564,0.0014674863
7028,0.3254118,0.32395542,0.0014563774
7029,0.32549915,0.32394257,0.0015565805
7030,0.32564738,0.32397243,0.0016749378
7031,0.32584038,0.32399702,0.0018433572
7032,0.32592106,0.32400873,0.0019123342
7033,0.32605597,0.32397708,0.002078884
7034,0.3262666,0.3240213,0.0022452788
7035,0.32645074,0.32404009,0.002410649
7036,0.32657468,0.32406247,0.002512201
7037,0.32667193,0.3239958,0.0026761158
7038,0.32691702,0.3240812,0.0028358165
7039,0.32705432,0.32403758,0.0030167173
7040,0.32719532,0.32408473,0.0031105818
7041,0.3271755,0.3240723,0.0031031866
7042,0.32701907,0.32403722,0.0029818392
7043,0.32671595,0.3239921,0.0027238338
7044,0.3263664,0.32399207,0.0023743473
7045,0.32584462,0.32394484,0.0018997832
7046,0.325333,0.32388481,0.0014481673
7047,0.32514834,0.3238663,0.0012820432
7048,0.32509738,0.32385865,0.0012387265
7049,0.32514074,0.3238431,0.0012976403
7050,0.3252473,0.32386085,0.0013864415
7051,0.32542998,0.32388258,0.0015473764
7052,0.32579947,0.32388094,0.0019185201
7053,0.3263546,0.32394087,0.0024137131
7054,0.3267377,0.3239774,0.0027603153
7055,0.3268541,0.32401404,0.0028400926
7056,0.32674298,0.3239841,0.0027588913
7057,0.32630408,0.3239526,0.002351497
7058,0.3256998,0.3238826,0.0018171926
7059,0.32520673,0.32384196,0.0013647592
7060,0.3250638,0.32382163,0.0012421478
7061,0.32509235,0.32382315,0.0012691722
7062,0.32523423,0.32382455,0.0014096902
7063,0.32545128,0.32383972,0.0016115557
7064,0.32555133,0.32385704,0.0016942838
7065,0.3256268,0.32387266,0.0017541243
7066,0.32554102,0.32387063,0.0016703928
7067,0.32537583,0.3238294,0.001546414
7068,0.32520556,0.32381132,0.0013942601
7069,0.32510427,0.3237811,0.0013231812
7070,0.3250345,0.32378468,0.001249825
7071,0.32501724,0.32377726,0.0012399602
7072,0.32506016,0.32378128,0.0012788993
7073,0.32504016,0.32377994,0.0012602225
7074,0.32501012,0.32377657,0.0012335232
7075,0.32501745,0.3237684,0.0012490315
7076,0.32503134,0.32377228,0.0012590699
7077,0.32501757,0.32376528,0.0012523034
7078,0.32499197,0.32375747,0.0012344832
7079,0.3249869,0.32375312,0.0012337981
7080,0.32500476,0.32375672,0.0012480138
7081,0.3250031,0.32376087,0.0012422419
7082,0.3249874,0.32374802,0.0012393973
7083,0.32500684,0.32374823,0.001258621
7084,0.3250125,0.3237577,0.0012548023
7085,0.32496914,0.32372898,0.0012401778
7086,0.32497153,0.32373434,0.0012371943
7087,0.32498834,0.3237441,0.0012442451
7088,0.3249691,0.32372054,0.0012485482
7089,0.32496864,0.32372177,0.0012468459
7090,0.32496312,0.32372716,0.0012359528
7091,0.32495093,0.32371804,0.0012329032
7092,0.32494757,0.32370645,0.0012411027
7093,0.3249523,0.32370594,0.001246372
7094,0.32493335,0.3236982,0.0012351538
7095,0.32493657,0.3237025,0.0012340532
7096,0.32493037,0.32369605,0.0012343198
7097,0.32493126,0.32369807,0.0012331742
7098,0.32492682,0.32369328,0.0012335537
7099,0.3249338,0.32369465,0.0012391614
7100,0.324913,0.32367542,0.0012375468
7101,0.3249219,0.32368296,0.0012389406
7102,0.3249178,0.3236823,0.0012354895
7103,0.32490873,0.32367474,0.0012340024
7104,0.32489443,0.32365817,0.0012362351
7105,0.3249046,0.3236691,0.0012354746
7106,0.32489222,0.32365927,0.0012329355
7107,0.3249022,0.32366768,0.001234523
7108,0.32488444,0.3236533,0.0012311146
7109,0.32487863,0.32364726,0.0012313729
7110,0.32486948,0.3236389,0.0012305913
7111,0.32487726,0.32364348,0.0012337721
7112,0.3248868,0.32364732,0.0012395
7113,0.32490253,0.32365087,0.0012516642
7114,0.32489762,0.3236398,0.0012578091
7115,0.3248988,0.32364124,0.0012575714
7116,0.32486552,0.323626,0.0012395103
7117,0.3248718,0.32363793,0.001233889
7118,0.3248879,0.32363784,0.0012500472
7119,0.32490104,0.3236277,0.0012733226
7120,0.32493207,0.32363337,0.0012987057
7121,0.32494205,0.323634,0.0013080392
7122,0.32493678,0.32362998,0.0013067911
7123,0.32488787,0.32361856,0.0012692891
7124,0.3248603,0.32361725,0.0012430821
7125,0.32484308,0.32361028,0.0012328073
7126,0.32483765,0.32360196,0.001235716
7127,0.32485464,0.3236118,0.0012428499
7128,0.32483527,0.32360363,0.0012316164
7129,0.32482985,0.32360277,0.0012270901
7130,0.3248173,0.32359508,0.0012222008
7131,0.3248092,0.3235849,0.0012242798
7132,0.32481223,0.3235881,0.0012241334
7133,0.32480717,0.3235852,0.0012219759
7134,0.32480443,0.3235824,0.0012220142
7135,0.32480368,0.32357955,0.0012241415
7136,0.32480192,0.32357892,0.0012229942
7137,0.3248112,0.32358214,0.0012290359
7138,0.32480416,0.32357565,0.0012285189
7139,0.32480413,0.32357395,0.0012302061
7140,0.3248105,0.3235732,0.0012373183
7141,0.32481694,0.3235703,0.0012466273
7142,0.3248387,0.3235818,0.0012568992
7143,0.32482895,0.3235692,0.0012597435
7144,0.32483464,0.32357267,0.0012619717
7145,0.32482505,0.32356575,0.0012592813
7146,0.32482207,0.32356644,0.0012556261
7147,0.324813,0.32355767,0.001255321
7148,0.32481843,0.32356107,0.0012573594
7149,0.32480803,0.32354972,0.0012583033
7150,0.32479227,0.3235412,0.0012510531
7151,0.3247881,0.32354426,0.0012438308
7152,0.3247615,0.3235342,0.0012273272
7153,0.32475284,0.32353115,0.0012216667
7154,0.3247439,0.32352683,0.0012170614
7155,0.32474467,0.32352462,0.0012200356
7156,0.32473922,0.32351708,0.0012221312
7157,0.32474786,0.3235169,0.001230959
7158,0.32476607,0.3235157,0.0012503614
7159,0.32479998,0.3235229,0.0012771029
7160,0.32482356,0.32352066,0.0013028908
7161,0.32478777,0.3235105,0.0012772898
7162,0.32476822,0.32351398,0.0012542503
7163,0.32474634,0.3235101,0.0012362463
7164,0.32472816,0.32349828,0.001229884
7165,0.3247179,0.3234952,0.0012226846
7166,0.32469487,0.3234824,0.0012124681
7167,0.32469234,0.32348147,0.0012108783
7168,0.32468477,0.3234763,0.0012084513
7169,0.3246932,0.32348216,0.0012110488
7170,0.32468808,0.3234746,0.0012134745
7171,0.3246888,0.32347447,0.0012143295
7172,0.3246957,0.32347682,0.0012188875
7173,0.3246884,0.32347193,0.0012164589
7174,0.3246946,0.32346848,0.0012261517
7175,0.32468432,0.3234604,0.0012239277
7176,0.32466424,0.3234495,0.0012147486
7177,0.3246983,0.32346767,0.0012306402
7178,0.3247429,0.32345837,0.0012845198
7179,0.3247725,0.3234612,0.0013112979
7180,0.32476148,0.323471,0.0012904691
7181,0.32472768,0.32347113,0.0012565596
7182,0.32465568,0.323451,0.0012046607
7183,0.3246551,0.32344115,0.0012139117
7184,0.32471988,0.323463,0.001256883
7185,0.32469445,0.3234338,0.001260663
7186,0.32464182,0.32342774,0.0012140775
7187,0.32464013,0.32343382,0.0012063013
7188,0.32469591,0.3234389,0.0012570128
7189,0.32483882,0.32342824,0.0014105914
7190,0.32505944,0.32344455,0.001614894
7191,0.32533148,0.32347384,0.0018576167
7192,0.3255797,0.32349047,0.0020892345
7193,0.32556,0.32350308,0.0020569307
7194,0.32535845,0.3234893,0.0018691395
7195,0.32510018,0.32343745,0.0016627379
7196,0.32487231,0.3234205,0.0014518042
7197,0.32471362,0.32340586,0.0013077618
7198,0.3246176,0.32339656,0.0012210326
7199,0.32460344,0.3233844,0.0012190511
7200,0.32474506,0.3233883,0.0013567505
7201,0.32490888,0.3234078,0.0015010812
7202,0.32495138,0.32340792,0.0015434467
7203,0.3249861,0.32342994,0.0015561603
7204,0.32492164,0.32341242,0.0015092043
7205,0.32479256,0.323396,0.0013965676
7206,0.324643,0.32337302,0.0012699912
7207,0.324608,0.32338783,0.001220165
7208,0.32464463,0.32338503,0.0012595968
7209,0.32481703,0.3233848,0.0014322442
7210,0.32498792,0.32338348,0.0016044329
7211,0.3249746,0.32338658,0.0015880043
7212,0.32487532,0.3233782,0.001497129
7213,0.32478818,0.32337,0.0014181852
7214,0.3246563,0.32336283,0.0012934863
7215,0.32457843,0.32335496,0.0012234679
7216,0.32465398,0.32335335,0.001300635
7217,0.3248888,0.32337928,0.0015094982
7218,0.325267,0.32340807,0.001858922
7219,0.3253856,0.3234275,0.0019581015
7220,0.32495284,0.3233852,0.0015676332
7221,0.32463342,0.32335034,0.0012830844
7222,0.32459593,0.3233229,0.0012730347
7223,0.32493186,0.32334647,0.0015854113
7224,0.3251403,0.3234356,0.0017046959
7225,0.32489353,0.3233777,0.0015158303
7226,0.32461926,0.32332662,0.00129265
7227,0.32453284,0.3233008,0.0012320514
7228,0.3246985,0.3233514,0.0013470792
7229,0.32490337,0.32336077,0.0015425906
7230,0.32520506,0.32333547,0.0018695947
7231,0.32529128,0.32336193,0.0019293297
7232,0.3252216,0.3233601,0.0018615082
7233,0.3250445,0.32334155,0.0017029826
7234,0.32482362,0.32333103,0.0014925885
7235,0.3245931,0.32330534,0.0012877614
7236,0.3244891,0.32327348,0.0012156261
7237,0.32452318,0.32329494,0.0012282574
7238,0.32456002,0.32328853,0.001271473
7239,0.3245948,0.3232787,0.0013160876
7240,0.3246569,0.32327682,0.0013800667
7241,0.32470053,0.32326537,0.0014351517
7242,0.32470033,0.3232797,0.0014206001
7243,0.32471153,0.32329357,0.0014179556
7244,0.32471555,0.32330057,0.0014149806
7245,0.32468107,0.32326943,0.0014116622
7246,0.32462758,0.32326412,0.0013634592
7247,0.32459497,0.3232594,0.0013355549
7248,0.32455084,0.32325485,0.0012959823
7249,0.32458088,0.32327121,0.0013096558
7250,0.32461646,0.32326764,0.0013488237
7251,0.3247385,0.3232619,0.0014766266
7252,0.3249647,0.32328728,0.001677438
7253,0.32523277,0.32330036,0.0019324338
7254,0.32540622,0.3233322,0.0020740211
7255,0.32543454,0.3233626,0.0020719434
7256,0.3252388,0.32332796,0.0019108489
7257,0.324942,0.32326525,0.0016767218
7258,0.3246888,0.32322943,0.0014593641
7259,0.32453418,0.32320982,0.0013243696
7260,0.3244421,0.32321054,0.001231539
7261,0.32441613,0.3232033,0.0012128362
7262,0.32447124,0.32320765,0.0012635934
7263,0.32450628,0.32320464,0.0013016451
7264,0.32455105,0.3232005,0.0013505466
7265,0.32458234,0.32322016,0.0013621947
7266,0.32455087,0.3231963,0.0013545715
7267,0.32448274,0.32319203,0.0012907146
7268,0.32441854,0.32318044,0.0012381269
7269,0.32437626,0.32316914,0.0012071221
7270,0.324426,0.32317543,0.0012505684
7271,0.32448357,0.3231872,0.001296379
7272,0.32447204,0.32317275,0.0012992943
7273,0.32443935,0.32317355,0.0012657808
7274,0.32439807,0.323169,0.0012290522
7275,0.3243672,0.3231544,0.0012127886
7276,0.32439238,0.32315633,0.001236045
7277,0.32443714,0.32316837,0.0012687767
7278,0.32440063,0.32314718,0.0012534679
7279,0.32438636,0.32315373,0.0012325988
7280,0.32435623,0.32314265,0.0012135785
7281,0.32436797,0.32314175,0.0012262098
7282,0.32437688,0.32315168,0.0012251913
7283,0.32434255,0.32313088,0.0012116882
7284,0.3243712,0.32313776,0.0012334274
7285,0.32444996,0.32314932,0.0013006524
7286,0.32449114,0.323145,0.0013461411
7287,0.32445472,0.32314217,0.0013125734
7288,0.32439357,0.3231338,0.0012597569
7289,0.32434687,0.3231315,0.0012153749
7290,0.32432953,0.32311913,0.0012103713
7291,0.324354,0.3231259,0.0012281109
7292,0.3243615,0.32311952,0.0012419781
7293,0.32436338,0.32310548,0.0012578795
7294,0.3243425,0.32310757,0.0012349241
7295,0.3243193,0.32310554,0.0012137581
7296,0.32432428,0.32311198,0.0012122871
7297,0.32431826,0.3230982,0.0012200611
7298,0.32433477,0.3231034,0.0012313625
7299,0.32432324,0.3230909,0.0012323542
7300,0.32431328,0.32308602,0.0012272524
7301,0.3242987,0.3230792,0.0012195262
7302,0.32428852,0.3230811,0.0012074264
7303,0.32428527,0.32307205,0.001213242
7304,0.3243101,0.32307497,0.0012351249
7305,0.32439318,0.32308677,0.0013064096
7306,0.32447457,0.3230853,0.0013892541
7307,0.32452977,0.3230811,0.001448653
7308,0.32454965,0.3230953,0.0014543661
7309,0.32441705,0.3230627,0.0013543704
7310,0.32435644,0.3230587,0.0012977335
7311,0.3242623,0.32304546,0.0012168407
7312,0.32425153,0.32304406,0.0012074803
7313,0.3242718,0.32305628,0.0012155053
7314,0.32429373,0.3230517,0.0012420432
7315,0.32433292,0.32306436,0.0012685453
7316,0.32427347,0.32303324,0.0012402177
7317,0.32425928,0.3230409,0.001218404
7318,0.3242366,0.32302898,0.0012076423
7319,0.3242656,0.32303163,0.001233971
7320,0.32430273,0.32302487,0.0012778819
7321,0.32436535,0.32302713,0.0013382264
7322,0.32446748,0.32305384,0.0014136394
7323,0.32450452,0.32304546,0.0014590741
7324,0.3246792,0.32305133,0.0016278354
7325,0.32501897,0.32307404,0.0019449291
7326,0.32569435,0.323147,0.0025473465
7327,0.3267708,0.32324514,0.0035256576
7328,0.32826966,0.3233627,0.004906949
7329,0.32940516,0.32345137,0.0059538092
7330,0.32956558,0.32347676,0.0060888096
7331,0.3282861,0.323313,0.00497311
7332,0.3261455,0.32315582,0.002989653
7333,0.32455182,0.32301566,0.0015361577
7334,0.32421646,0.32298353,0.0012329235
7335,0.32481572,0.32302848,0.0017872319
7336,0.32574275,0.32309785,0.0026448716
7337,0.32648313,0.3232085,0.0032746042
7338,0.32652625,0.32317242,0.0033538365
7339,0.3258836,0.3231231,0.0027604974
7340,0.32485062,0.3230104,0.0018402025
7341,0.32424867,0.3229593,0.0012893741
7342,0.3243832,0.32297006,0.0014131472
7343,0.32530266,0.32304385,0.0022588074
7344,0.32649532,0.32319543,0.0032998864
7345,0.32662028,0.32313564,0.003484619
7346,0.32561445,0.32308155,0.0025328961
7347,0.32446197,0.3229893,0.0014726345
7348,0.32418162,0.32294777,0.001233836
7349,0.32453656,0.32299185,0.0015447272
7350,0.32484132,0.32301807,0.0018232499
7351,0.32474765,0.32299972,0.0017479282
7352,0.32439512,0.3229494,0.0014457137
7353,0.32417935,0.32293993,0.0012394133
7354,0.32417595,0.32293347,0.0012424882
7355,0.32432067,0.322936,0.0013846959
7356,0.3244869,0.32296863,0.0015182914
7357,0.32445902,0.32295263,0.0015063846
7358,0.3243235,0.32295024,0.001373276
7359,0.32418996,0.3229295,0.0012604621
7360,0.3241398,0.3229159,0.001223883
7361,0.32412395,0.32290566,0.001218273
7362,0.32416227,0.3229147,0.0012475868
7363,0.3242704,0.32292712,0.0013432798
7364,0.32442984,0.32294905,0.0014808051
7365,0.32448235,0.3229354,0.0015469487
7366,0.32440233,0.3229278,0.0014745211
7367,0.32427496,0.3229154,0.0013595665
7368,0.32418567,0.32289675,0.0012889259
7369,0.32416314,0.3229051,0.0012580699
7370,0.32416907,0.3229058,0.0012632763
7371,0.32420638,0.322889,0.0013173673
7372,0.32432777,0.32290667,0.0014210832
7373,0.32446587,0.3229048,0.001561085
7374,0.32453892,0.32291642,0.0016224971
7375,0.32448348,0.32291487,0.0015686199
7376,0.3243415,0.32290792,0.0014335886
7377,0.32419387,0.32288036,0.0013134901
7378,0.3241275,0.32287472,0.001252759
7379,0.32410094,0.32286388,0.0012370613
7380,0.3241312,0.3228743,0.0012568764
7381,0.32417923,0.3228693,0.0013099357
7382,0.3242617,0.3228761,0.0013856019
7383,0.3243136,0.3228666,0.0014470177
7384,0.3243376,0.32287782,0.0014597845
7385,0.32428747,0.32286668,0.0014208056
7386,0.32422197,0.32287228,0.0013496823
7387,0.32413295,0.32284725,0.0012856924
7388,0.32410187,0.32284963,0.0012522228
7389,0.32406348,0.32283485,0.0012286317
7390,0.32404664,0.3228321,0.0012145371
7391,0.32404572,0.32284015,0.0012055718
7392,0.3240424,0.32283488,0.0012075307
7393,0.32406032,0.32283556,0.001224764
7394,0.32411578,0.32283467,0.0012811066
7395,0.32429984,0.32285693,0.001442886
7396,0.32446924,0.3228695,0.0015997527
7397,0.3244589,0.32284796,0.0016109336
7398,0.32429865,0.32283714,0.001461518
7399,0.32413226,0.32282186,0.0013103981
7400,0.32402155,0.32279694,0.0012246165
7401,0.32401955,0.3228098,0.0012097748
7402,0.3240166,0.3227992,0.0012174087
7403,0.3240071,0.32279003,0.0012170637
7404,0.3240439,0.32280123,0.0012426717
7405,0.32410485,0.3227974,0.0013074729
7406,0.3242387,0.32280865,0.0014300263
7407,0.32431796,0.32280326,0.0015147042
7408,0.3242626,0.32279822,0.001464379
7409,0.3241124,0.3227792,0.0013331953
7410,0.3240239,0.32279417,0.0012297479
7411,0.32398903,0.3227721,0.0012169477
7412,0.3240308,0.32276553,0.001265255
7413,0.32409242,0.32278928,0.0013031297
7414,0.32403612,0.32277858,0.001257553
7415,0.32398376,0.32276383,0.0012199213
7416,0.32396117,0.32275775,0.001203414
7417,0.32397828,0.32275805,0.0012202207
7418,0.3240063,0.32274815,0.0012581227
7419,0.324009,0.32274136,0.0012676405
7420,0.3240111,0.3227459,0.0012651886
7421,0.3239874,0.3227378,0.001249586
7422,0.3239505,0.32273343,0.0012170656
7423,0.3239297,0.32272312,0.0012065849
7424,0.3239383,0.3227344,0.0012039334
7425,0.3239343,0.32272494,0.0012093291
7426,0.32391694,0.32271087,0.0012060895
7427,0.3239449,0.32272285,0.0012220464
7428,0.32393938,0.32272682,0.0012125473
7429,0.32391307,0.3227032,0.0012098511
7430,0.32391188,0.32270256,0.0012093313
7431,0.3239413,0.32271394,0.0012273508
7432,0.3239258,0.3226995,0.0012262957
7433,0.32390857,0.32270002,0.0012085516
7434,0.32390663,0.3226978,0.0012088406
7435,0.32390085,0.322695,0.001205855
7436,0.3238933,0.3226878,0.0012055015
7437,0.3239044,0.32269117,0.0012131997
7438,0.3238921,0.32267928,0.001212815
7439,0.32389078,0.32267585,0.0012149261
7440,0.32387477,0.32267463,0.001200127
7441,0.3238783,0.32267246,0.0012058431
7442,0.32387063,0.32266626,0.0012043619
7443,0.32386658,0.32266408,0.0012024727
7444,0.32386974,0.3226563,0.0012134279
7445,0.32386485,0.32265916,0.0012056781
7446,0.3238607,0.32265073,0.0012099715
7447,0.3238581,0.3226507,0.001207418
7448,0.32386228,0.3226545,0.0012077943
7449,0.32385632,0.32265392,0.0012023805
7450,0.32385388,0.32264206,0.0012118409
7451,0.32384384,0.32263815,0.0012056835
7452,0.32383525,0.32263473,0.0012005244
7453,0.32382345,0.3226269,0.0011965691
7454,0.32382962,0.32262975,0.0011998578
7455,0.32382357,0.3226264,0.0011971656
7456,0.32380867,0.32261828,0.0011904022
7457,0.32380247,0.32260743,0.0011950687
7458,0.32380417,0.3226061,0.0011980763
7459,0.32379684,0.3226027,0.0011941396
7460,0.32380003,0.32260865,0.0011913857
7461,0.32379633,0.3226037,0.0011926325
7462,0.32380092,0.3226038,0.0011971325
7463,0.3237941,0.32259533,0.0011987686
7464,0.3237846,0.322592,0.0011926023
7465,0.3237783,0.32258236,0.0011959418
7466,0.32380822,0.32258618,0.0012220645
7467,0.3238504,0.32259,0.0012603897
7468,0.32387578,0.32259393,0.0012818396
7469,0.32385418,0.32258138,0.0012727928
7470,0.3238268,0.3225784,0.0012483886
7471,0.32378796,0.32257524,0.0012127287
7472,0.32377034,0.32256562,0.0012047333
7473,0.32377413,0.3225616,0.0012125485
7474,0.32381356,0.32257187,0.0012416898
7475,0.32380387,0.32256162,0.0012422649
7476,0.3237566,0.32255512,0.0012014632
7477,0.32374856,0.32254696,0.0012015958
7478,0.32375467,0.32255045,0.0012042413
7479,0.3237784,0.32255203,0.0012263808
7480,0.32388207,0.3225611,0.0013209623
7481,0.3239935,0.32257336,0.001420153
7482,0.32383305,0.32254767,0.0012853708
7483,0.32380828,0.3225423,0.0012659442
7484,0.32391727,0.32254612,0.0013711636
7485,0.3243347,0.32260177,0.0017329507
7486,0.32501748,0.3226391,0.0023783557
7487,0.32582,0.3226965,0.0031235137
7488,0.3262822,0.32274026,0.003541957
7489,0.32579595,0.32268125,0.0031146922
7490,0.32478318,0.32260498,0.0021781768
7491,0.3239395,0.3225405,0.0013990339
7492,0.32372698,0.3225145,0.0012124622
7493,0.3239687,0.32253873,0.0014300018
7494,0.3242129,0.32254726,0.0016656682
7495,0.3242952,0.32255358,0.001741633
7496,0.32406655,0.322531,0.0015355226
7497,0.3238328,0.32250437,0.0013284392
7498,0.32370037,0.3224864,0.001213962
7499,0.3237511,0.32249826,0.0012528299
7500,0.32388148,0.32250363,0.0013778285
7501,0.32386982,0.32250106,0.0013687818
7502,0.32377356,0.32248423,0.0012893247
7503,0.32368448,0.3224749,0.001209585
7504,0.32372758,0.32248086,0.0012467151
7505,0.3238318,0.3224902,0.0013415879
7506,0.32382482,0.32248566,0.0013391506
7507,0.32376182,0.32249406,0.001267763
7508,0.3236972,0.32247898,0.0012182218
7509,0.3237196,0.32246956,0.0012500251
7510,0.3237712,0.32247823,0.0012929824
7511,0.32376388,0.3224881,0.0012757607
7512,0.32372427,0.32249087,0.0012333946
7513,0.3236726,0.32245302,0.0012195724
7514,0.32366887,0.32244778,0.0012210859
7515,0.32373732,0.322489,0.0012483059
7516,0.32373577,0.32249203,0.0012437503
7517,0.3236587,0.32244137,0.0012173362
7518,0.32364506,0.32243457,0.0012104622
7519,0.3236919,0.32245758,0.0012343299
7520,0.32368296,0.3224558,0.0012271829
7521,0.3236367,0.322429,0.0012077106
7522,0.3236339,0.32242137,0.0012125263
7523,0.32365727,0.32243857,0.0012187214
7524,0.32364464,0.3224224,0.0012222402
7525,0.3236374,0.32241592,0.001221473
7526,0.3236357,0.3224152,0.0012204886
7527,0.3236201,0.3224047,0.001215376
7528,0.3236163,0.32240203,0.0012142782
7529,0.32362595,0.32241198,0.0012139666
7530,0.32364014,0.3224019,0.001238243
7531,0.32367638,0.32241556,0.0012608315
7532,0.32368433,0.32239693,0.0012873873
7533,0.32370192,0.3224103,0.001291614
7534,0.32366446,0.32239482,0.0012696343
7535,0.323605,0.32239836,0.0012066565
7536,0.32358828,0.32238084,0.0012074308
7537,0.323608,0.32237682,0.0012312051
7538,0.32359624,0.322382,0.00121423
7539,0.32359347,0.32238534,0.0012081229
7540,0.32359892,0.3223771,0.0012218402
7541,0.32362413,0.32237518,0.0012489577
7542,0.32369438,0.32240626,0.0012881113
7543,0.32367846,0.32243398,0.001244466
7544,0.32361063,0.3223696,0.0012410352
7545,0.32367,0.32237306,0.0012969414
7546,0.32373196,0.3224287,0.0013032526
7547,0.32367736,0.32240683,0.0012705412
7548,0.32356113,0.32234743,0.0012136985
7549,0.32362467,0.32238,0.0012446563
7550,0.32367343,0.32240173,0.0012717068
7551,0.32356456,0.32235008,0.0012144665
7552,0.32362244,0.32237267,0.0012497415
7553,0.32362777,0.32236555,0.0012622159
7554,0.3236389,0.32234803,0.0012908695
7555,0.3239598,0.3223576,0.0016022027
7556,0.3238657,0.32236144,0.0015042626
7557,0.32361975,0.32233492,0.0012848407
7558,0.32356566,0.3223426,0.0012230386
7559,0.32357487,0.32232764,0.0012472312
7560,0.32360306,0.3223298,0.0012732723
7561,0.32363313,0.32236448,0.001268652
7562,0.32360882,0.32237658,0.0012322285
7563,0.3235223,0.32231203,0.0012102637
7564,0.32358995,0.32234937,0.0012405765
7565,0.32372066,0.32240516,0.0013154794
7566,0.3237232,0.32235458,0.0013686167
7567,0.32384583,0.32233334,0.0015124932
7568,0.3239517,0.32248843,0.0014632717
7569,0.32374308,0.32242832,0.001314781
7570,0.3235406,0.3222979,0.0012426848
7571,0.32400054,0.3225262,0.0014743473
7572,0.32408023,0.3224092,0.0016710262
7573,0.323916,0.3223852,0.0015308028
7574,0.32421315,0.32264245,0.0015706941
7575,0.3237265,0.32239825,0.0013282654
7576,0.3237039,0.3223648,0.0013390831
7577,0.32420197,0.3226292,0.0015727545
7578,0.32360566,0.32232782,0.0012778465
7579,0.3236458,0.32235807,0.0012877458
7580,0.32389563,0.32247576,0.001419854
7581,0.32358837,0.32228455,0.0013038078
7582,0.3236078,0.32232112,0.001286709
7583,0.32361218,0.32232592,0.0012862774
7584,0.32359204,0.32225424,0.0013378164
7585,0.3235917,0.32228473,0.0013069899
7586,0.32345295,0.32225132,0.0012016319
7587,0.32347453,0.32224134,0.0012331816
7588,0.3235775,0.32226542,0.0013120832
7589,0.32349426,0.32223687,0.0012573976
7590,0.32349744,0.32227713,0.0012202982
7591,0.3235323,0.32224253,0.0012897764
7592,0.32355466,0.3222554,0.0012992772
7593,0.32354262,0.3222882,0.0012544452
7594,0.32343814,0.3222237,0.0012144243
7595,0.32351023,0.3222544,0.0012558264
7596,0.32353997,0.32226613,0.0012738326
7597,0.32341507,0.32221982,0.0011952401
7598,0.32345662,0.32222635,0.001230273
7599,0.32349554,0.32224223,0.0012533199
7600,0.32338318,0.32219288,0.0011903162
7601,0.32340795,0.32220063,0.0012073113
7602,0.3234608,0.32221556,0.0012452335
7603,0.32338503,0.32218114,0.0012039059
7604,0.3233866,0.322189,0.0011976053
7605,0.32338926,0.3221853,0.0012039454
7606,0.32338813,0.3221774,0.0012107396
7607,0.32342878,0.32217935,0.0012494316
7608,0.32341832,0.32216814,0.0012501806
7609,0.32339638,0.3221709,0.0012254805
7610,0.32337686,0.32216936,0.001207493
7611,0.32335296,0.32215744,0.0011955084
7612,0.3233454,0.32215244,0.0011929363
7613,0.32335982,0.32216048,0.0011993085
7614,0.32333434,0.32214123,0.0011931311
7615,0.32333824,0.32214385,0.0011943793
7616,0.32336208,0.32214963,0.0012124643
7617,0.32336622,0.3221369,0.0012293032
7618,0.32341552,0.3221418,0.0012737169
7619,0.32348314,0.32216313,0.0013200289
7620,0.32350647,0.3221558,0.0013506872
7621,0.32347256,0.32214445,0.001328105
7622,0.32338527,0.3221248,0.0012604626
7623,0.32333106,0.3221216,0.0012094695
7624,0.32331467,0.3221197,0.0011949425
7625,0.32331347,0.32211903,0.001194441
7626,0.32332492,0.32211933,0.0012055829
7627,0.32336658,0.32213107,0.0012355081
7628,0.32339814,0.32211512,0.0012830074
7629,0.3234425,0.32212833,0.0013141509
7630,0.323413,0.3221109,0.0013021125
7631,0.32339755,0.32212603,0.0012715104
7632,0.32334065,0.32210037,0.0012402714
7633,0.32330903,0.32209152,0.0012174955
7634,0.32328993,0.3220893,0.0012006172
7635,0.32330945,0.3220903,0.0012191475
7636,0.32336977,0.32209834,0.0012714432
7637,0.32342523,0.32208982,0.0013354176
7638,0.32348222,0.32210886,0.001373332
7639,0.32342982,0.3220921,0.0013377467
7640,0.32336375,0.3220891,0.001274649
7641,0.3232923,0.32207423,0.0012180562
7642,0.3232699,0.32207233,0.0011975833
7643,0.32329902,0.32207486,0.0012241655
7644,0.3233321,0.32207125,0.0012608637
7645,0.32337222,0.32207665,0.001295569
7646,0.32336262,0.32205954,0.001303083
7647,0.32334703,0.32207447,0.0012725778
7648,0.32328138,0.32204375,0.0012376261
7649,0.32325503,0.32204452,0.0012105114
7650,0.32324636,0.32204816,0.0011981919
7651,0.32324058,0.32203284,0.0012077193
7652,0.32327297,0.32203636,0.0012366045
7653,0.32330564,0.32204205,0.0012635967
7654,0.323322,0.32204354,0.0012784719
7655,0.32333145,0.3220443,0.0012871346
7656,0.32332236,0.3220378,0.0012845608
7657,0.32329926,0.32203567,0.0012636057
7658,0.3232683,0.32203096,0.0012373531
7659,0.32323468,0.32202557,0.0012090966
7660,0.32320604,0.3220188,0.0011872551
7661,0.3232218,0.322017,0.0012047965
7662,0.32326826,0.32202289,0.0012453924
7663,0.3232995,0.32202628,0.0012732313
7664,0.3232921,0.32201776,0.0012743385
7665,0.32327405,0.3220234,0.0012506451
7666,0.32323802,0.32201383,0.0012241871
7667,0.32321057,0.32201004,0.0012005412
7668,0.32319695,0.32200867,0.0011882845
7669,0.3231963,0.32200694,0.001189363
7670,0.3232008,0.3220045,0.0011963082
7671,0.32321373,0.32200295,0.0012107797
7672,0.3232425,0.32200524,0.0012372428
7673,0.32327637,0.32199964,0.0012767175
7674,0.3233044,0.32200068,0.0013037359
7675,0.32328376,0.3219874,0.0012963659
7676,0.32324657,0.32198814,0.0012584294
7677,0.323207,0.32197997,0.0012270277
7678,0.3231914,0.32198545,0.0012059395
7679,0.32316828,0.32197592,0.0011923432
7680,0.32315266,0.32196853,0.0011841258
7681,0.32314843,0.32196498,0.0011834604
7682,0.32314423,0.32196322,0.0011809975
7683,0.32314292,0.3219596,0.0011833161
7684,0.32312778,0.32194865,0.0011791107
7685,0.3231338,0.32195446,0.0011793341
7686,0.32312763,0.3219471,0.0011805414
7687,0.32312778,0.321945,0.0011827706
7688,0.32313028,0.32194293,0.0011873606
7689,0.3231286,0.32193807,0.0011905439
7690,0.32312587,0.3219351,0.0011907894
7691,0.3231246,0.32194135,0.0011832471
7692,0.32310632,0.32193127,0.0011750611
7693,0.32310456,0.32193297,0.0011715906
7694,0.32310537,0.32192925,0.0011761307
7695,0.32309237,0.32192057,0.0011717953
7696,0.32309738,0.32192343,0.0011739444
7697,0.32309094,0.3219125,0.0011784604
7698,0.32310614,0.32191476,0.0011913831
7699,0.32312238,0.3219152,0.0012071864
7700,0.32314286,0.32191035,0.0012324912
7701,0.32315308,0.32190788,0.0012452013
7702,0.3231521,0.3219095,0.0012426067
7703,0.32314172,0.3218971,0.0012446559
7704,0.3231347,0.3218971,0.0012376274
7705,0.323133,0.32188994,0.0012430656
7706,0.323125,0.3218972,0.0012277826
7707,0.32310066,0.3218866,0.0012140682
7708,0.32308403,0.32189035,0.0011936806
7709,0.32305184,0.3218717,0.0011801391
7710,0.3230468,0.3218695,0.0011772889
7711,0.32306597,0.3218804,0.0011855676
7712,0.32307145,0.3218721,0.0011993679
7713,0.32306576,0.32187417,0.0011915626
7714,0.3230561,0.3218644,0.0011917091
7715,0.32304925,0.32186383,0.0011854137
7716,0.3230359,0.3218558,0.0011800856
7717,0.32303232,0.3218564,0.0011759015
7718,0.3230211,0.3218458,0.0011753247
7719,0.32301772,0.3218445,0.0011732362
7720,0.32301632,0.32184097,0.0011753559
7721,0.3230179,0.32184386,0.0011740301
7722,0.32302243,0.32184038,0.0011820348
7723,0.3230153,0.32183155,0.0011837551
7724,0.32302848,0.32183316,0.0011953003
7725,0.32303226,0.32182342,0.0012088364
7726,0.32306057,0.32182878,0.0012317942
7727,0.32308105,0.32181633,0.001264722
7728,0.3231518,0.3218325,0.0013192815
7729,0.32319537,0.32182646,0.0013689325
7730,0.32325417,0.32183483,0.0014193438
7731,0.32323155,0.32182753,0.0014040247
7732,0.3231531,0.32182398,0.0013291513
7733,0.32304963,0.32180393,0.0012457
7734,0.32300797,0.32181248,0.0011954784
7735,0.32297438,0.3217992,0.001175189
7736,0.32296413,0.32178858,0.001175555
7737,0.32298595,0.32180437,0.0011815662
7738,0.3229767,0.3217797,0.0011970092
7739,0.32299402,0.3217891,0.0012049233
7740,0.32299438,0.3217858,0.0012085831
7741,0.32297546,0.32177252,0.0012029444
7742,0.32296327,0.3217662,0.0011970812
7743,0.3229516,0.3217672,0.0011843866
7744,0.32295704,0.32177937,0.0011776441
7745,0.32297206,0.3217662,0.0012058659
7746,0.3230802,0.3217718,0.0013084178
7747,0.32324132,0.32179362,0.0014477045
7748,0.323285,0.32180306,0.0014819497
7749,0.32308778,0.32177517,0.0013126206
7750,0.32293656,0.3217593,0.0011772461
7751,0.32309437,0.3217746,0.001319759
7752,0.32322952,0.32181796,0.0014115751
7753,0.3231157,0.32177925,0.0013364715
7754,0.3229336,0.32174397,0.0011896598
7755,0.32299477,0.3217509,0.0012438459
7756,0.3232352,0.32177863,0.0014565885
7757,0.3233492,0.32177848,0.001570731
7758,0.3231528,0.32174984,0.0014029731
7759,0.32295743,0.32172692,0.0012305018
7760,0.32289377,0.32171687,0.0011768978
7761,0.32293916,0.32172307,0.0012160852
7762,0.32303286,0.32172936,0.0013034763
7763,0.3231237,0.32173312,0.0013905759
7764,0.3230951,0.32175273,0.0013423888
7765,0.3229114,0.3217074,0.0012040269
7766,0.3228868,0.32169393,0.001192861
7767,0.32305905,0.32171676,0.0013423201
7768,0.32350615,0.32177752,0.0017286118
7769,0.3238167,0.32179028,0.0020264112
7770,0.3235091,0.32174215,0.001766951
7771,0.32311442,0.32172042,0.0013939914
7772,0.32293585,0.32169795,0.0012378898
7773,0.3228779,0.32168838,0.0011895185
7774,0.32287145,0.3216884,0.001183046
7775,0.3229033,0.321676,0.0012273047
7776,0.32305083,0.32170328,0.0013475213
7777,0.32311317,0.32168022,0.0014329572
7778,0.32308272,0.321705,0.0013776945
7779,0.3229521,0.32168394,0.0012681339
7780,0.3228645,0.32166654,0.001197966
7781,0.32283738,0.3216615,0.0011758822
7782,0.32284173,0.32166424,0.0011774891
7783,0.32284802,0.3216472,0.0012008213
7784,0.3229676,0.32166126,0.001306318
7785,0.32317838,0.32168916,0.0014892382
7786,0.32337925,0.32172453,0.0016547091
7787,0.32350677,0.32172763,0.0017791614
7788,0.32347527,0.3217026,0.0017726753
7789,0.32323337,0.321683,0.0015503751
7790,0.32289284,0.32162628,0.001266559
7791,0.32284284,0.32162863,0.0012141999
7792,0.3231328,0.3216395,0.0014932973
7793,0.3233077,0.32168958,0.0016181134
7794,0.32316542,0.32171375,0.0014516531
7795,0.32286358,0.32163987,0.001223729
7796,0.32283938,0.3216141,0.0012253055
7797,0.32311007,0.32170224,0.0014078546
7798,0.32311466,0.32169187,0.0014227835
7799,0.32283106,0.32160932,0.0012217441
7800,0.3228216,0.32160783,0.0012137605
7801,0.32302654,0.3216545,0.0013720617
7802,0.32302064,0.32162735,0.001393298
7803,0.32293046,0.32160142,0.001329029
7804,0.32285145,0.32160166,0.0012497794
7805,0.32280138,0.32160497,0.001196394
7806,0.32277024,0.3215826,0.0011876766
7807,0.32282615,0.32159463,0.0012315419
7808,0.32285014,0.32158703,0.0012630986
7809,0.3228486,0.32158256,0.0012660413
7810,0.3228372,0.32159033,0.0012468944
7811,0.32279477,0.32157868,0.001216094
7812,0.3227674,0.32156864,0.0011987594
7813,0.32274342,0.32156137,0.0011820522
7814,0.32276112,0.32155433,0.0012068123
7815,0.32276323,0.3215493,0.0012139508
7816,0.3227496,0.32154372,0.0012058808
7817,0.32275084,0.3215532,0.0011976307
7818,0.3227348,0.3215443,0.001190515
7819,0.32271665,0.321534,0.0011826461
7820,0.32270813,0.32152966,0.001178465
7821,0.32271087,0.32153252,0.0011783673
7822,0.3227075,0.32152677,0.0011807347
7823,0.3227081,0.32152095,0.0011871485
7824,0.32272038,0.32152373,0.0011966692
7825,0.3227098,0.3215109,0.0011988838
7826,0.3227118,0.32151282,0.0011989899
7827,0.3227001,0.3215113,0.0011888063
7828,0.3226879,0.32150742,0.0011804915
7829,0.32269084,0.3215083,0.0011825595
7830,0.32269165,0.321509,0.0011826567
7831,0.32269442,0.3215071,0.0011873217
7832,0.32269076,0.32149506,0.001195716
7833,0.3227245,0.32149547,0.0012290152
7834,0.32270077,0.3214986,0.0012021563
7835,0.32276472,0.32151094,0.0012537774
7836,0.32313463,0.3215211,0.0016135424
7837,0.32339272,0.32159796,0.0017947557
7838,0.32315683,0.32159388,0.0015629517
7839,0.3227763,0.32151443,0.0012618613
7840,0.32270136,0.32149032,0.0012110376
7841,0.3229662,0.3215273,0.0014388987
7842,0.32311973,0.32156608,0.0015536498
7843,0.32284185,0.3214978,0.0013440542
7844,0.322664,0.32146707,0.001196905
7845,0.32271942,0.32148176,0.0012376632
7846,0.3228736,0.32150528,0.0013682939
7847,0.32296184,0.3215004,0.00146145
7848,0.322876,0.3214835,0.0013925147
7849,0.32273194,0.32146788,0.001264072
7850,0.32266152,0.32146853,0.0011929696
7851,0.32264492,0.32144645,0.0011984659
7852,0.32270402,0.32144645,0.0012575699
7853,0.32282797,0.32147792,0.0013500529
7854,0.3228593,0.32147324,0.0013860401
7855,0.3228317,0.32145327,0.0013784259
7856,0.3227474,0.32143882,0.0013085862
7857,0.32265964,0.3214332,0.0012264751
7858,0.32261783,0.3214341,0.0011837321
7859,0.32261083,0.32143152,0.0011793043
7860,0.32260656,0.3214184,0.0011881554
7861,0.32263318,0.32142043,0.0012127461
7862,0.32269117,0.3214374,0.001253767
7863,0.32268852,0.32142723,0.0012613053
7864,0.3226666,0.32142067,0.0012459093
7865,0.3226109,0.32141328,0.0011976185
7866,0.32260576,0.32141995,0.0011857843
7867,0.32260734,0.3214094,0.0011979329
7868,0.32262793,0.32139972,0.0012282261
7869,0.32265472,0.3213978,0.0012569053
7870,0.32268712,0.3214032,0.0012839005
7871,0.32266068,0.3214152,0.0012455037
7872,0.32261375,0.32139894,0.0012148048
7873,0.3225774,0.32139495,0.0011824295
7874,0.3225684,0.32138202,0.0011863477
7875,0.32257605,0.32137722,0.0011988033
7876,0.32257617,0.3213754,0.0012007711
7877,0.3225809,0.32137445,0.0012064442
7878,0.32257497,0.32136714,0.0012078404
7879,0.3225785,0.32137084,0.0012076483
7880,0.32255223,0.32135382,0.0011984039
7881,0.32255825,0.32136145,0.0011968218
7882,0.32253763,0.3213481,0.0011895197
7883,0.32253358,0.32134748,0.0011861112
7884,0.32253093,0.32134762,0.0011833227
7885,0.32252672,0.32134575,0.0011809757
7886,0.32253405,0.32134798,0.0011860918
7887,0.3225356,0.32133812,0.0011975012
7888,0.32254198,0.32134864,0.0011933648
7889,0.32251602,0.32133007,0.0011859355
7890,0.32251608,0.32133478,0.0011812964
7891,0.3224974,0.3213212,0.0011762135
7892,0.3225093,0.32133326,0.0011760452
7893,0.3225002,0.32132125,0.0011789304
7894,0.32249147,0.32131505,0.0011764398
7895,0.32249826,0.3213145,0.001183734
7896,0.32249832,0.32130983,0.001188493
7897,0.32249522,0.3213101,0.0011851082
7898,0.3224932,0.3213063,0.0011869071
7899,0.32249168,0.32131135,0.0011803342
7900,0.32247508,0.32129824,0.0011768494
7901,0.32247522,0.321301,0.001174221
7902,0.32246873,0.32129514,0.001173585
7903,0.3224684,0.32129362,0.001174792
7904,0.3224655,0.32129225,0.0011732483
7905,0.32246336,0.32128704,0.0011763352
7906,0.322451,0.3212799,0.0011710834
7907,0.32246396,0.32129136,0.0011726193
7908,0.32246336,0.3212851,0.0011782482
7909,0.32245585,0.32127738,0.0011784689
7910,0.3224329,0.32126167,0.0011712266
7911,0.32246226,0.32126957,0.0011927069
7912,0.32248405,0.3212754,0.0012086127
7913,0.32248947,0.32126108,0.0012283708
7914,0.322493,0.3212721,0.001220865
7915,0.3224603,0.32124814,0.0012121566
7916,0.32245085,0.32125697,0.0011938736
7917,0.32243526,0.32124737,0.0011878691
7918,0.32244754,0.32125258,0.0011949588
7919,0.3224413,0.32124305,0.001198265
7920,0.3224608,0.32125387,0.0012069449
7921,0.32245955,0.3212394,0.0012201376
7922,0.32248527,0.3212515,0.0012337582
7923,0.32250422,0.321251,0.001253234
7924,0.32248315,0.32123974,0.0012434127
7925,0.32244915,0.32122174,0.0012273891
7926,0.3224489,0.32122412,0.0012247788
7927,0.32245556,0.32121983,0.0012357297
7928,0.32246357,0.32123354,0.0012300449
7929,0.3224487,0.32121477,0.0012339267
7930,0.3224587,0.32121465,0.0012440666
7931,0.3224722,0.32120398,0.0012682615
7932,0.32250082,0.32120794,0.0012928719
7933,0.32251126,0.32121167,0.001299574
7934,0.32249632,0.32120353,0.0012928096
7935,0.32250455,0.3212073,0.0012972367
7936,0.32250717,0.3211934,0.0013137731
7937,0.322547,0.32120365,0.001343349
7938,0.32260507,0.3212043,0.0014007455
7939,0.32270774,0.32120222,0.0015055243
7940,0.32286677,0.3212181,0.0016486526
7941,0.32306895,0.32124957,0.0018193678
7942,0.3233431,0.321266,0.0020771096
7943,0.3236438,0.3213142,0.00232963
7944,0.3238914,0.3213419,0.0025494774
7945,0.32386345,0.3213436,0.0025198564
7946,0.32352713,0.32131886,0.0022082774
7947,0.32295066,0.3212271,0.0017235447
7948,0.32253194,0.3211679,0.001364057
7949,0.32235694,0.32114846,0.0012084722
7950,0.32234684,0.32113594,0.0012109133
7951,0.3224867,0.32114968,0.0013370421
7952,0.3227407,0.32117367,0.0015670352
7953,0.32303876,0.32121268,0.0018260997
7954,0.3232733,0.32124525,0.0020280264
7955,0.32339922,0.32126936,0.0021298586
7956,0.32337263,0.32123333,0.0021392817
7957,0.3233071,0.32121736,0.0020897242
7958,0.32313615,0.32122087,0.0019152686
7959,0.3228327,0.3211832,0.001649493
7960,0.32256484,0.32116023,0.0014045887
7961,0.3223576,0.32112542,0.0012321976
7962,0.32230717,0.32112142,0.0011857554
7963,0.3223612,0.32112163,0.0012395803
7964,0.32244673,0.32113147,0.0013152675
7965,0.32245985,0.32112586,0.0013339698
7966,0.32239932,0.32110488,0.0012944276
7967,0.32233366,0.3211053,0.0012283588
7968,0.322297,0.32110533,0.0011916711
7969,0.3222865,0.32108876,0.0011977127
7970,0.3223395,0.32110623,0.0012332734
7971,0.32239768,0.32110348,0.0012941987
7972,0.32250896,0.32112733,0.0013816375
7973,0.3225679,0.32110998,0.0014579465
7974,0.3225704,0.32110155,0.001468864
7975,0.3225114,0.32108983,0.0014215723
7976,0.32246175,0.321096,0.0013657651
7977,0.32239246,0.3210845,0.0013079419
7978,0.32233426,0.32107478,0.0012594732
7979,0.32228878,0.32105884,0.0012299331
7980,0.32227775,0.3210665,0.0012112593
7981,0.32226956,0.32106414,0.0012054214
7982,0.32227218,0.3210593,0.0012128854
7983,0.32227984,0.32106173,0.0012180973
7984,0.32228604,0.32105586,0.0012301735
7985,0.3222892,0.32105905,0.0012301533
7986,0.3222902,0.32105288,0.0012373442
7987,0.3222841,0.32105666,0.0012274373
7988,0.3222677,0.32104945,0.0012182764
7989,0.32223955,0.3210502,0.0011893591
7990,0.32222623,0.32104146,0.0011847634
7991,0.32221818,0.32103813,0.0011800388
7992,0.32221618,0.32103208,0.0011841158
7993,0.32224,0.32103422,0.0012057923
7994,0.3222609,0.3210327,0.0012281898
7995,0.32229847,0.32102326,0.0012752131
7996,0.32238045,0.3210428,0.001337657
7997,0.32254255,0.32105348,0.0014890749
7998,0.32279083,0.32107738,0.0017134765
7999,0.32313785,0.32108647,0.002051384
8000,0.3235042,0.32112864,0.0023755792
8001,0.3238046,0.321155,0.002649586
8002,0.32391986,0.32117218,0.002747692
8003,0.3238658,0.3211548,0.0027109934
8004,0.32349613,0.32112345,0.0023726863
8005,0.32294276,0.32105106,0.0018917108
8006,0.32240626,0.32100898,0.001397261
8007,0.32215723,0.3209859,0.0011713174
8008,0.3222323,0.32098177,0.00125055
8009,0.32250527,0.32101455,0.0014906898
8010,0.3227676,0.32102796,0.0017396224
8011,0.32287025,0.32102594,0.0018443374
8012,0.32286432,0.32103673,0.0018275948
8013,0.32270896,0.3210223,0.0016866656
8014,0.32245046,0.32098836,0.0014620986
8015,0.3222037,0.32096612,0.001237583
8016,0.32213843,0.32096735,0.0011710944
8017,0.32221064,0.32095194,0.0012587007
8018,0.32235137,0.32097402,0.00137736
8019,0.32242948,0.3209653,0.0014641776
8020,0.32238474,0.32097542,0.0014093206
8021,0.32226807,0.32095292,0.0013151402
8022,0.3221602,0.32094696,0.001213237
8023,0.3221048,0.32093883,0.0011659982
8024,0.32213324,0.3209335,0.001199771
8025,0.32223442,0.32095316,0.0012812491
8026,0.32230976,0.32094216,0.0013675801
8027,0.32231116,0.3209546,0.0013565853
8028,0.32226598,0.32093942,0.0013265798
8029,0.32221082,0.32094356,0.0012672473
8030,0.32212153,0.32091787,0.0012036478
8031,0.32207564,0.32091585,0.0011597688
8032,0.32207936,0.32090974,0.0011696123
8033,0.32211223,0.32091397,0.0011982631
8034,0.32214648,0.32091475,0.001231719
8035,0.32214096,0.3209063,0.0012346518
8036,0.32211277,0.3208986,0.0012141656
8037,0.322066,0.32089254,0.0011734518
8038,0.32205036,0.32089153,0.0011588412
8039,0.3220386,0.32087386,0.0011647262
8040,0.32206672,0.32089013,0.0011765847
8041,0.3220509,0.32088378,0.0011671216
8042,0.3220286,0.3208683,0.0011603099
8043,0.3220281,0.32086915,0.0011589702
8044,0.32203883,0.32086623,0.0011725973
8045,0.32205233,0.3208617,0.0011906186
8046,0.32206577,0.32086834,0.0011974206
8047,0.32204267,0.32085872,0.0011839751
8048,0.32201043,0.3208473,0.0011631164
8049,0.32199752,0.32084012,0.0011573933
8050,0.32201177,0.32083964,0.0011721188
8051,0.3220255,0.320843,0.0011824863
8052,0.32201454,0.32083187,0.0011826891
8053,0.32201552,0.3208378,0.0011777345
8054,0.3219997,0.32083163,0.0011680512
8055,0.32199118,0.32082957,0.0011616256
8056,0.32198727,0.3208255,0.0011617776
8057,0.32199675,0.32082593,0.001170802
8058,0.32200426,0.32082334,0.0011809047
8059,0.32201266,0.32082438,0.0011882776
8060,0.3220056,0.32082292,0.0011826818
8061,0.3219803,0.32080832,0.0011719745
8062,0.3219619,0.3207999,0.0011620107
8063,0.3219651,0.3208054,0.0011596794
8064,0.32196367,0.32080144,0.0011622199
8065,0.32196012,0.3207956,0.0011645261
8066,0.32196265,0.320798,0.0011646382
8067,0.32195202,0.32078987,0.0011621214
8068,0.3219462,0.3207826,0.0011636029
8069,0.3219527,0.32078344,0.0011692771
8070,0.32196617,0.320785,0.0011811671
8071,0.32198447,0.32077724,0.0012072345
8072,0.32200912,0.320785,0.0012241586
8073,0.322034,0.32078764,0.0012463577
8074,0.32205063,0.32078174,0.0012689161
8075,0.32207534,0.3207859,0.0012894177
8076,0.322029,0.32077825,0.0012507607
8077,0.32198918,0.3207717,0.0012174876
8078,0.3219478,0.32077488,0.0011729387
8079,0.3219286,0.3207701,0.001158482
8080,0.32192242,0.3207557,0.0011667303
8081,0.32193574,0.32075775,0.0011779921
8082,0.32193673,0.32075015,0.0011865601
8083,0.32193297,0.32074866,0.001184298
8084,0.32191858,0.32074037,0.0011782311
8085,0.32190937,0.32074648,0.0011628702
8086,0.32190347,0.3207468,0.0011566696
8087,0.32188872,0.32073623,0.001152476
8088,0.321883,0.32072937,0.001153629
8089,0.32189104,0.3207307,0.0011603443
8090,0.3218961,0.32072926,0.0011668316
8091,0.32189655,0.32072738,0.0011691644
8092,0.3218946,0.32071814,0.0011764361
8093,0.32190397,0.32071492,0.0011890421
8094,0.32191187,0.32071614,0.0011957234
8095,0.32193172,0.32071748,0.0012142317
8096,0.32192177,0.32070944,0.001212324
8097,0.3219184,0.3207041,0.0012142854
8098,0.32190546,0.32070816,0.0011973097
8099,0.32189882,0.32070366,0.0011951581
8100,0.32189742,0.32070622,0.0011912183
8101,0.32190025,0.32069576,0.0012045043
8102,0.3219334,0.32070622,0.0012271783
8103,0.32197624,0.32070708,0.0012691437
8104,0.3220103,0.32070228,0.001308021
8105,0.3220666,0.32070222,0.0013643897
8106,0.32211477,0.32071114,0.0014036339
8107,0.3221605,0.32070652,0.0014539806
8108,0.3221901,0.32071626,0.00147385
8109,0.32221538,0.32071212,0.0015032648
8110,0.32223633,0.3207252,0.0015111396
8111,0.32223123,0.32070753,0.0015237072
8112,0.32221985,0.320714,0.0015058367
8113,0.322197,0.32069024,0.0015067302
8114,0.32215688,0.3207018,0.0014550535
8115,0.32207224,0.32067358,0.0013986527
8116,0.32200468,0.32068345,0.0013212374
8117,0.32193208,0.32067233,0.0012597373
8118,0.32184365,0.32065552,0.0011881453
8119,0.32179368,0.32064405,0.0011496175
8120,0.32179222,0.32064304,0.0011491704
8121,0.32182112,0.3206441,0.0011769978
8122,0.32187128,0.32064104,0.0012302437
8123,0.3219368,0.3206553,0.0012814878
8124,0.32201558,0.32066408,0.0013514897
8125,0.3220482,0.32065982,0.0013883866
8126,0.32211563,0.32066074,0.0014549058
8127,0.32218066,0.3206809,0.0014997845
8128,0.32223547,0.32068485,0.0015506366
8129,0.32225674,0.320679,0.0015777375
8130,0.32231954,0.32066426,0.0016552623
8131,0.32240865,0.3206903,0.0017183332
8132,0.3224664,0.32068044,0.0017859621
8133,0.32246554,0.3206976,0.0017679201
8134,0.32239756,0.32067233,0.0017252276
8135,0.32229635,0.3206638,0.0016325343
8136,0.32218802,0.32064024,0.0015477736
8137,0.32205912,0.32063437,0.0014247667
8138,0.3219923,0.32063052,0.0013617838
8139,0.32195854,0.32063314,0.0013253835
8140,0.32196566,0.32062224,0.0013434262
8141,0.3219928,0.32061526,0.0013775632
8142,0.3221053,0.32061985,0.0014854296
8143,0.32225648,0.32065627,0.0016001982
8144,0.3223704,0.32063475,0.0017356802
8145,0.3224368,0.32066333,0.0017734893
8146,0.322421,0.3206463,0.0017747227
8147,0.32237825,0.32063976,0.0017384924
8148,0.32233894,0.32063228,0.0017066511
8149,0.3223238,0.32063642,0.0016873784
8150,0.32243207,0.32062268,0.0018093765
8151,0.32265905,0.32064363,0.0020154188
8152,0.32291585,0.32066128,0.002254582
8153,0.3231521,0.32069623,0.0024558734
8154,0.32340285,0.32068613,0.0027167252
8155,0.32357913,0.32071233,0.0028668132
8156,0.32349545,0.3207354,0.0027600364
8157,0.32315397,0.32070494,0.00244904
8158,0.32285228,0.32062143,0.002230831
8159,0.3226163,0.32062247,0.0019938454
8160,0.32231095,0.32059497,0.001715987
8161,0.32197803,0.3205703,0.0014077595
8162,0.32171646,0.32052332,0.0011931449
8163,0.3216795,0.3205332,0.001146313
8164,0.32175997,0.32052964,0.0012303373
8165,0.3218972,0.32054123,0.001355979
8166,0.3219953,0.32055768,0.0014376023
8167,0.32207108,0.32055128,0.001519819
8168,0.32208905,0.32053348,0.0015555758
8169,0.322008,0.32053792,0.0014700892
8170,0.3218151,0.3205129,0.0013022122
8171,0.32169342,0.3205009,0.0011925038
8172,0.3216399,0.32049495,0.0011449584
8173,0.32166862,0.32048425,0.0011843822
8174,0.3217178,0.320501,0.0012167748
8175,0.32168445,0.3204907,0.0011937419
8176,0.32169777,0.32048735,0.0012104285
8177,0.32167694,0.32049096,0.0011859669
8178,0.32169983,0.3205053,0.0011945456
8179,0.32164946,0.32049072,0.0011587695
8180,0.32179424,0.3205207,0.001273535
8181,0.32180563,0.32053488,0.0012707391
8182,0.32185552,0.3205337,0.0013218239
8183,0.32181525,0.32049504,0.0013202102
8184,0.32176656,0.32049584,0.0012706954
8185,0.32171583,0.3205133,0.0012025122
8186,0.32161653,0.32045853,0.0011580011
8187,0.32177034,0.32054326,0.0012270838
8188,0.3217668,0.32046556,0.0013012441
8189,0.32191148,0.3205152,0.0013962828
8190,0.32189623,0.320513,0.0013832117
8191,0.3218084,0.3204741,0.0013343199
8192,0.32180074,0.3204803,0.0013204666
8193,0.32169175,0.32044357,0.0012481781
8194,0.32171062,0.32047483,0.0012357858
8195,0.3216062,0.32042632,0.0011798744
8196,0.32157746,0.32042533,0.0011521286
8197,0.3216172,0.32043034,0.0011868306
8198,0.32160002,0.3204068,0.0011932073
8199,0.3215977,0.32040665,0.0011910506
8200,0.3215787,0.32039937,0.0011793335
8201,0.32157475,0.32041234,0.0011624122
8202,0.32154253,0.320393,0.0011495228
8203,0.32155848,0.32040122,0.001157237
8204,0.32159594,0.32040107,0.0011948505
8205,0.32160494,0.3203929,0.0012120341
8206,0.32160208,0.32040095,0.0012011116
8207,0.3215598,0.32038984,0.0011699663
8208,0.3215716,0.3203904,0.0011811876
8209,0.3216037,0.32037213,0.0012315434
8210,0.3216366,0.32038522,0.0012513684
8211,0.3216067,0.32038477,0.0012219267
8212,0.32153735,0.32036993,0.0011674209
8213,0.32153496,0.3203726,0.0011623489
8214,0.32152468,0.32035553,0.0011691379
8215,0.3215812,0.32037425,0.0012069733
8216,0.32168362,0.3203707,0.0013128951
8217,0.32184106,0.32040027,0.0014407858
8218,0.32193565,0.3204036,0.0015320505
8219,0.32195437,0.32040584,0.0015485252
8220,0.32181886,0.32039332,0.0014255445
8221,0.32169566,0.32035607,0.0013395685
8222,0.32170784,0.3203455,0.0013623553
8223,0.32164478,0.32033685,0.001307936
8224,0.32166943,0.3203484,0.0013210138
8225,0.32175776,0.32034475,0.0014130136
8226,0.32196757,0.32036945,0.0015981313
8227,0.32220465,0.32038087,0.0018237842
8228,0.3226544,0.32041252,0.0022418671
8229,0.3228912,0.32045802,0.0024331897
8230,0.32262102,0.32044137,0.0021796618
8231,0.32223937,0.32037613,0.0018632393
8232,0.3220167,0.32034937,0.0016673129
8233,0.32176292,0.3203304,0.001432516
8234,0.32162195,0.32033312,0.0012888343
8235,0.3214821,0.32030228,0.0011798029
8236,0.32147485,0.32031035,0.001164496
8237,0.32151118,0.32030857,0.001202627
8238,0.32155916,0.3202967,0.0012624705
8239,0.32163727,0.32029235,0.0013449042
8240,0.3217342,0.32032716,0.0014070371
8241,0.32174522,0.32030895,0.0014362668
8242,0.3216196,0.3203075,0.0013120968
8243,0.32149294,0.32028586,0.0012070714
8244,0.32144502,0.32028323,0.001161807
8245,0.3214628,0.32027516,0.0011876401
8246,0.32153183,0.32028368,0.0012481351
8247,0.32161972,0.32028818,0.0013315243
8248,0.32165176,0.3202913,0.0013604371
8249,0.32156265,0.32028133,0.0012813301
8250,0.3214337,0.32025066,0.0011830243
8251,0.32142222,0.3202513,0.0011709176
8252,0.32147753,0.32026443,0.0012131005
8253,0.32148728,0.32026336,0.0012239253
8254,0.3214469,0.32026297,0.0011839273
8255,0.32141492,0.32024598,0.00116893
8256,0.32148856,0.3202519,0.0012366477
8257,0.32156828,0.32027924,0.0012890345
8258,0.3215097,0.32025957,0.0012501118
8259,0.3214238,0.32023895,0.001184824
8260,0.32138962,0.32022744,0.001162165
8261,0.3214249,0.3202425,0.0011824009
8262,0.32145077,0.32024056,0.0012102206
8263,0.3214418,0.32022494,0.0012168663
8264,0.3214137,0.32022995,0.0011837619
8265,0.32138905,0.32022423,0.0011648204
8266,0.32140055,0.32022017,0.0011803837
8267,0.32145497,0.32023147,0.0012234917
8268,0.32149217,0.32022208,0.0012700899
8269,0.32150593,0.32024324,0.0012627107
8270,0.32145196,0.32022294,0.0012290282
8271,0.32140526,0.32022142,0.0011838565
8272,0.3213624,0.32019958,0.0011628331
8273,0.32140416,0.32021034,0.0011938285
8274,0.32148233,0.32021978,0.0012625365
8275,0.32151377,0.32021397,0.0012997861
8276,0.32151848,0.32021523,0.0013032731
8277,0.3214814,0.32020473,0.0012766899
8278,0.3214438,0.3202101,0.0012336996
8279,0.3213772,0.32018483,0.0011923434
8280,0.32135952,0.3201936,0.0011659187
8281,0.32134753,0.32018113,0.0011663905
8282,0.32135496,0.32017207,0.0011828791
8283,0.32137454,0.32018182,0.001192709
8284,0.32136142,0.32017437,0.001187075
8285,0.32134205,0.32016584,0.0011762108
8286,0.32132638,0.32016614,0.0011602242
8287,0.32131678,0.32015708,0.0011597017
8288,0.32132813,0.3201583,0.0011698365
8289,0.3213451,0.3201683,0.0011767804
8290,0.32132798,0.32015666,0.0011713214
8291,0.3213062,0.32014874,0.00115747
8292,0.3213064,0.3201462,0.0011602233
8293,0.3213173,0.32014874,0.0011685386
8294,0.32133263,0.32013088,0.0012017565
8295,0.3213662,0.3201453,0.0012208663
8296,0.321371,0.32013363,0.0012373568
8297,0.3214117,0.32013562,0.0012760838
8298,0.32140073,0.32013646,0.0012642551
8299,0.32130703,0.3201275,0.0011795328
8300,0.32135868,0.32012388,0.0012348013
8301,0.3214827,0.32013032,0.0013523686
8302,0.32178828,0.3201738,0.0016144828
8303,0.32183698,0.32018375,0.0016532347
8304,0.32175124,0.3201658,0.0015854072
8305,0.32148042,0.32014412,0.0013362942
8306,0.32128596,0.32011223,0.0011737312
8307,0.3215008,0.32015148,0.0013493414
8308,0.32167313,0.32017156,0.0015015589
8309,0.32152393,0.32014266,0.001381274
8310,0.32128474,0.3201045,0.0011802284
8311,0.32135087,0.32012314,0.0012277274
8312,0.32157585,0.32015258,0.001423257
8313,0.3215561,0.3201553,0.0014007876
8314,0.32133153,0.32009572,0.0012358185
8315,0.3212706,0.32011753,0.0011530761
8316,0.32128444,0.32008088,0.0012035577
8317,0.3214674,0.32012868,0.0013387032
8318,0.32144654,0.3200858,0.001360756
8319,0.32140464,0.32010284,0.0013018043
8320,0.32126236,0.32005817,0.0012041964
8321,0.32124597,0.32008862,0.001157358
8322,0.3212078,0.32005188,0.0011558986
8323,0.32130927,0.32006946,0.0012398
8324,0.321466,0.32008156,0.0013844364
8325,0.32162872,0.3201048,0.0015238966
8326,0.3216542,0.32009184,0.001562366
8327,0.32152078,0.32007813,0.0014426376
8328,0.32135865,0.32006297,0.0012956792
8329,0.32124656,0.32004932,0.001197241
8330,0.32118517,0.3200438,0.0011413584
8331,0.32121164,0.32004642,0.0011651998
8332,0.32126945,0.32004067,0.0012287718
8333,0.32134685,0.32005236,0.0012944911
8334,0.32142985,0.32004583,0.0013840176
8335,0.32151145,0.3200641,0.0014473525
8336,0.32149056,0.32005367,0.0014369035
8337,0.32139885,0.32003954,0.0013593175
8338,0.3213181,0.3200315,0.0012866218
8339,0.32124275,0.3200249,0.0012178515
8340,0.32118666,0.3200199,0.0011667553
8341,0.32116145,0.32001442,0.0011470364
8342,0.3211618,0.32001212,0.0011496873
8343,0.32115582,0.32000855,0.0011472597
8344,0.32115164,0.32000497,0.0011466558
8345,0.32116315,0.32000664,0.0011565123
8346,0.3211757,0.31999773,0.0011779608
8347,0.32126176,0.32001317,0.0012485785
8348,0.32136083,0.3200256,0.0013352239
8349,0.3215842,0.32001835,0.0015658478
8350,0.32213786,0.32006788,0.0020699867
8351,0.32323983,0.3201331,0.0031067468
8352,0.32460213,0.32027367,0.0043284437
8353,0.32538167,0.32035166,0.0050300183
8354,0.32510558,0.32036132,0.0047442536
8355,0.32354504,0.32020363,0.0033413942
8356,0.32161543,0.32001325,0.00160217
8357,0.32121718,0.31997943,0.0012377334
8358,0.32229176,0.32005847,0.0022333222
8359,0.322495,0.32011664,0.0023783657
8360,0.321488,0.3200173,0.0014706732
8361,0.32113847,0.3199593,0.0011791608
8362,0.3216769,0.32000422,0.0016726863
8363,0.3220441,0.3200868,0.001957307
8364,0.32169753,0.32002613,0.0016714167
8365,0.3211534,0.3199502,0.0012032188
8366,0.3211985,0.31996801,0.0012304736
8367,0.32157618,0.31997514,0.0016010435
8368,0.32166508,0.3199902,0.0016748793
8369,0.32131425,0.31994608,0.0013681542
8370,0.32106647,0.31992647,0.0011400173
8371,0.3211233,0.3199237,0.0011995952
8372,0.32122374,0.3199396,0.0012841111
8373,0.3211914,0.31992522,0.001266198
8374,0.3210829,0.31991464,0.0011682324
8375,0.3210268,0.31989777,0.0011290241
8376,0.3210829,0.31989688,0.0011860027
8377,0.32114813,0.3199028,0.0012453103
8378,0.321123,0.31990126,0.0012217325
8379,0.32104325,0.3199051,0.0011381588
8380,0.32102078,0.3198895,0.001131292
8381,0.32107595,0.31989354,0.0011824317
8382,0.32106012,0.31988835,0.0011717603
8383,0.32102147,0.31988734,0.0011341234
8384,0.32101133,0.31988215,0.0011291845
8385,0.32103807,0.3198784,0.0011596518
8386,0.32102695,0.3198783,0.001148628
8387,0.3209903,0.31986699,0.0011232961
8388,0.32099304,0.31986526,0.0011277773
8389,0.321027,0.31987575,0.0011512762
8390,0.32102144,0.3198719,0.0011495141
8391,0.32099763,0.31986108,0.0011365213
8392,0.32098985,0.31985614,0.0011337098
8393,0.32099605,0.31985593,0.0011401146
8394,0.32097805,0.31984288,0.0011351502
8395,0.3209924,0.3198471,0.0011453045
8396,0.32100227,0.31985062,0.0011516449
8397,0.32098797,0.31984276,0.0011452024
8398,0.3209834,0.3198416,0.0011418151
8399,0.32097527,0.31983477,0.0011405054
8400,0.32097742,0.31983426,0.0011431548
8401,0.320982,0.31983683,0.0011451932
8402,0.3209622,0.31981874,0.0011434504
8403,0.32096326,0.31982192,0.0011413414
8404,0.32097718,0.31983143,0.0011457688
8405,0.32096457,0.31981736,0.0011472284
8406,0.32097977,0.31981078,0.0011689893
8407,0.3209774,0.31981996,0.0011574377
8408,0.32096246,0.319819,0.00114347
8409,0.32094833,0.3198053,0.0011430271
8410,0.32094696,0.31981066,0.0011362972
8411,0.32094342,0.31980583,0.0011376061
8412,0.32093698,0.319799,0.001137984
8413,0.32093492,0.31980073,0.001134208
8414,0.3209307,0.31979668,0.0011340106
8415,0.32092252,0.3197845,0.0011380159
8416,0.32092026,0.3197855,0.0011347558
8417,0.32092857,0.31978622,0.001142351
8418,0.32091546,0.31977385,0.0011415991
8419,0.3209189,0.31978312,0.001135753
8420,0.32090527,0.31977427,0.0011309993
8421,0.32090694,0.3197698,0.0011371232
8422,0.32088456,0.31975523,0.0011293413
8423,0.3209022,0.31976986,0.0011323345
8424,0.32089084,0.3197627,0.0011281471
8425,0.3208786,0.31974784,0.0011307364
8426,0.3209058,0.3197564,0.0011494013
8427,0.32091454,0.31974065,0.0011738694
8428,0.32097977,0.31975648,0.0012233043
8429,0.3210451,0.31977025,0.0012748385
8430,0.32103688,0.31975728,0.0012795761
8431,0.32097813,0.31974956,0.0012285821
8432,0.32090884,0.31973734,0.0011714927
8433,0.3208561,0.31972668,0.0011293946
8434,0.32085606,0.3197187,0.0011373606
8435,0.32090235,0.31973362,0.0011687258
8436,0.32089126,0.3197262,0.0011650737
8437,0.32086942,0.31972104,0.0011483902
8438,0.3208422,0.31971732,0.0011248875
8439,0.32084185,0.31971195,0.0011299098
8440,0.3208662,0.31971246,0.0011537509
8441,0.32086912,0.31971145,0.0011576772
8442,0.3208473,0.3197028,0.0011444833
8443,0.32082406,0.31969923,0.0011248298
8444,0.32082874,0.3196984,0.0011303213
8445,0.320858,0.319704,0.0011539815
8446,0.32086682,0.3197107,0.0011560988
8447,0.3208221,0.31969196,0.0011301419
8448,0.32081947,0.31969237,0.0011271028
8449,0.32083595,0.31969506,0.0011408895
8450,0.32084444,0.31968567,0.0011587768
8451,0.320842,0.31969267,0.0011493287
8452,0.32081255,0.31968552,0.0011270364
8453,0.3208299,0.31968945,0.0011404587
8454,0.3208552,0.31969082,0.001164378
8455,0.32085496,0.31967607,0.0011789037
8456,0.32084173,0.31967387,0.0011678723
8457,0.32084006,0.3196821,0.0011579808
8458,0.3208073,0.31967142,0.0011358957
8459,0.32079673,0.31966957,0.0011271551
8460,0.32079643,0.3196616,0.0011348417
8461,0.32080245,0.31966478,0.0011377018
8462,0.32081348,0.319665,0.0011484824
8463,0.3208072,0.31965923,0.0011479551
8464,0.32079807,0.31965986,0.0011382317
8465,0.32077843,0.3196471,0.0011313191
8466,0.32077366,0.31964827,0.001125403
8467,0.32076997,0.3196463,0.0011236649
8468,0.32077146,0.31964177,0.0011296665
8469,0.320781,0.31964543,0.0011355762
8470,0.3207823,0.31963712,0.0011451807
8471,0.32078403,0.31964052,0.0011435268
8472,0.32077184,0.31963396,0.0011378853
8473,0.3207693,0.31963757,0.0011317498
8474,0.3207628,0.31963158,0.0011312573
8475,0.32075733,0.31962213,0.0011352116
8476,0.32076415,0.31963074,0.0011334259
8477,0.32075572,0.31962693,0.0011287834
8478,0.3207456,0.3196214,0.0011241697
8479,0.32073513,0.31960645,0.0011286653
8480,0.32073882,0.31960788,0.0011309473
8481,0.32073963,0.31960696,0.0011326799
8482,0.320735,0.3196055,0.0011295222
8483,0.3207323,0.31960398,0.0011283304
8484,0.32071766,0.31959057,0.0011271083
8485,0.32072678,0.31959537,0.0011314056
8486,0.32071584,0.31958342,0.0011324168
8487,0.32071736,0.31958434,0.0011330473
8488,0.32072517,0.31959486,0.0011302907
8489,0.32072484,0.319594,0.0011308485
8490,0.3207138,0.31958264,0.0011311664
8491,0.32071692,0.31958193,0.0011349809
8492,0.32072482,0.31958827,0.001136552
8493,0.32072634,0.31957212,0.0011541998
8494,0.32076827,0.31958157,0.0011867124
8495,0.32078633,0.31957212,0.001214206
8496,0.3208485,0.31957835,0.001270126
8497,0.32089612,0.3195771,0.0013190188
8498,0.32109696,0.31957522,0.0015217492
8499,0.32143205,0.31966,0.0017720561
8500,0.3215231,0.3196235,0.0018995991
8501,0.32107073,0.31962132,0.0014494238
8502,0.32073435,0.31955153,0.0011828251
8503,0.32085785,0.3195414,0.0013164472
8504,0.3209801,0.31959176,0.0013883385
8505,0.3209685,0.31958675,0.0013817445
8506,0.32076722,0.3195502,0.0012170303
8507,0.32074082,0.31952918,0.0012116325
8508,0.32115874,0.3195919,0.0015668366
8509,0.32139742,0.31957972,0.0018176939
8510,0.32085755,0.31954354,0.0013140216
8511,0.32069016,0.31951615,0.0011739961
8512,0.32086936,0.31953993,0.0013294136
8513,0.3207718,0.31953117,0.0012406649
8514,0.3206949,0.31952167,0.0011732305
8515,0.3208365,0.31951153,0.0013249693
8516,0.32104948,0.3195492,0.0015002791
8517,0.32117888,0.31956697,0.0016119085
8518,0.32118648,0.3195308,0.0016556584
8519,0.3210522,0.31953624,0.0015159517
8520,0.32086897,0.31951448,0.0013544826
8521,0.32068253,0.31948003,0.0012025032
8522,0.3206238,0.31948498,0.0011388023
8523,0.32069567,0.3194682,0.0012274602
8524,0.32097498,0.31951064,0.0014643392
8525,0.32126284,0.31952003,0.0017428264
8526,0.3216559,0.31956756,0.0020883572
8527,0.32200873,0.31962463,0.0023840975
8528,0.3219598,0.31960654,0.0023532582
8529,0.32156217,0.31955206,0.0020101045
8530,0.32113916,0.31950828,0.0016308799
8531,0.32085124,0.3194499,0.0014013464
8532,0.32071334,0.31946784,0.0012454933
8533,0.32061216,0.31943756,0.0011745994
8534,0.32059523,0.31944463,0.0011506032
8535,0.32056883,0.31942552,0.0011433309
8536,0.32065147,0.3194257,0.0012257553
8537,0.32084224,0.31945473,0.0013875132
8538,0.32112205,0.31948525,0.0016368134
8539,0.32140797,0.31950042,0.001907561
8540,0.32166985,0.31952637,0.0021434743
8541,0.3218071,0.31953415,0.0022729596
8542,0.3217256,0.31952184,0.0022037602
8543,0.32139084,0.3194986,0.0018922247
8544,0.32097527,0.31946316,0.0015121225
8545,0.32067764,0.31942132,0.0012563098
8546,0.32056013,0.31939748,0.0011626568
8547,0.3205482,0.3194048,0.0011433791
8548,0.32054004,0.31939742,0.0011426269
8549,0.32057267,0.31939378,0.0011788883
8550,0.3205909,0.31939486,0.0011960437
8551,0.3206085,0.31939402,0.0012144672
8552,0.32064027,0.3193882,0.0012520294
8553,0.3206599,0.3193919,0.0012679959
8554,0.32061213,0.31937915,0.001232979
8555,0.32057858,0.3193756,0.0012029979
8556,0.3205583,0.3193629,0.0011953951
8557,0.3205185,0.3193593,0.0011591974
8558,0.32049626,0.31936258,0.0011336788
8559,0.3205113,0.31936356,0.0011477544
8560,0.32054216,0.31934735,0.0011948056
8561,0.32063606,0.31936026,0.001275813
8562,0.3206957,0.31937155,0.0013241379
8563,0.3206782,0.31937087,0.001307336
8564,0.32057637,0.31934094,0.0012354266
8565,0.32048747,0.31933433,0.0011531558
8566,0.3204652,0.31933844,0.0011267668
8567,0.32047874,0.31933385,0.0011448786
8568,0.32051358,0.3193392,0.0011743902
8569,0.32051092,0.3193303,0.0011806237
8570,0.32047063,0.31931865,0.0011519653
8571,0.32046273,0.31932688,0.0011358723
8572,0.3205086,0.31931913,0.0011894619
8573,0.32064244,0.31933147,0.0013109713
8574,0.32075238,0.31934208,0.0014103306
8575,0.3207916,0.31934282,0.0014487826
8576,0.3207588,0.31935638,0.001402382
8577,0.32065448,0.31932977,0.0013247061
8578,0.32056114,0.31930694,0.0012542064
8579,0.32047784,0.31929576,0.0011820983
8580,0.3204328,0.31930333,0.0011294878
8581,0.320433,0.31929612,0.0011368686
8582,0.3204529,0.31928095,0.0011719592
8583,0.3204918,0.31929862,0.0011931839
8584,0.32047907,0.3192962,0.0011828644
8585,0.32043433,0.31929266,0.0011416904
8586,0.32040122,0.319277,0.0011242342
8587,0.3204176,0.31928062,0.0011369962
8588,0.32044882,0.31928062,0.0011681812
8589,0.32051605,0.31926817,0.0012478794
8590,0.3205794,0.3192841,0.0012952789
8591,0.32053757,0.31929374,0.0012438176
8592,0.3204625,0.3192773,0.0011851911
8593,0.32039168,0.31926268,0.0011290058
8594,0.32038337,0.319246,0.0011373688
8595,0.3204454,0.31926498,0.0011804047
8596,0.32048094,0.31927413,0.0012068102
8597,0.3204311,0.31925964,0.0011714768
8598,0.3203578,0.31923595,0.0011218365
8599,0.32040262,0.31924978,0.0011528475
8600,0.32043695,0.3192656,0.0011713527
8601,0.32038707,0.31924236,0.0011447215
8602,0.32036486,0.31924322,0.0011216487
8603,0.32038042,0.31923938,0.00114104
8604,0.32038024,0.31923392,0.0011463098
8605,0.3203784,0.31922412,0.0011542772
8606,0.32037166,0.31921926,0.0011523964
8607,0.3203526,0.31921232,0.0011402981
8608,0.32033592,0.3192101,0.0011258349
8609,0.32033956,0.3192078,0.0011317489
8610,0.32034257,0.31920367,0.0011388758
8611,0.32035074,0.31919932,0.001151403
8612,0.32038146,0.31920996,0.0011715192
8613,0.32039255,0.31920797,0.0011845712
8614,0.32038292,0.31920782,0.0011750942
8615,0.3203553,0.31919163,0.0011636507
8616,0.32033834,0.31919202,0.0011463142
8617,0.32032254,0.3191853,0.0011372614
8618,0.32031363,0.3191834,0.0011302213
8619,0.32031617,0.3191855,0.0011306762
8620,0.320317,0.31918046,0.0011365463
8621,0.32032803,0.31918472,0.0011433185
8622,0.3203267,0.3191768,0.0011499093
8623,0.32032952,0.3191773,0.001152212
8624,0.32031593,0.31916547,0.0011504344
8625,0.32031268,0.31916797,0.0011447058
8626,0.32029077,0.3191593,0.001131475
8627,0.32029936,0.31916708,0.0011322754
8628,0.32029665,0.31915885,0.0011377893
8629,0.32030672,0.31914514,0.0011615732
8630,0.3203491,0.3191526,0.0011965148
8631,0.32035917,0.3191504,0.0012087865
8632,0.32035756,0.3191497,0.0012078497
8633,0.32033095,0.31914824,0.001182698
8634,0.32031125,0.31914452,0.0011667106
8635,0.32029223,0.31914312,0.0011491264
8636,0.32026735,0.31912428,0.0011430464
8637,0.32027572,0.31913722,0.0011385059
8638,0.3202703,0.31913146,0.0011388438
8639,0.32027838,0.31913438,0.001144009
8640,0.32026625,0.31911835,0.0011478749
8641,0.32027975,0.3191207,0.0011590392
8642,0.32027066,0.31911802,0.0011526404
8643,0.32026145,0.31912133,0.0011401245
8644,0.32024658,0.31911322,0.0011333566
8645,0.3202427,0.3191147,0.0011279992
8646,0.32024676,0.31911498,0.0011317737
8647,0.32023057,0.31909665,0.0011339302
8648,0.32025674,0.31911653,0.0011402268
8649,0.32023385,0.31909636,0.0011374861
8650,0.32023913,0.3190986,0.001140546
8651,0.3202227,0.3190893,0.0011334058
8652,0.3202186,0.31909385,0.0011247372
8653,0.32020405,0.31908122,0.0011228467
8654,0.3202145,0.3190888,0.0011257168
8655,0.32021606,0.3190827,0.001133373
8656,0.32021976,0.31908113,0.0011386378
8657,0.32022125,0.31907907,0.0011421733
8658,0.3201954,0.31906444,0.0011309666
8659,0.3201945,0.3190694,0.0011251207
8660,0.3201929,0.31906724,0.001125638
8661,0.32025623,0.31906685,0.0011893779
8662,0.320472,0.3191191,0.0013529077
8663,0.3206338,0.3190818,0.001551982
8664,0.3205094,0.31909528,0.0014141337
8665,0.3202724,0.31908014,0.0011922505
8666,0.3202218,0.31906494,0.0011568529
8667,0.32037285,0.31907773,0.0012951184
8668,0.32045728,0.31908315,0.0013741105
8669,0.32030752,0.3190895,0.0012180207
8670,0.3201611,0.31903666,0.0011244364
8671,0.32024476,0.31906122,0.0011835321
8672,0.32043117,0.31908494,0.0013462324
8673,0.3205411,0.3190767,0.0014644333
8674,0.32042298,0.3190578,0.0013651738
8675,0.32023856,0.31903973,0.0011988116
8676,0.32015762,0.3190287,0.0011289127
8677,0.32025307,0.31905037,0.0012027012
8678,0.3203375,0.31903717,0.0013003411
8679,0.32034907,0.31906384,0.0012852321
8680,0.32026115,0.3190446,0.0012165704
8681,0.32016933,0.31902876,0.001140568
8682,0.3201888,0.31901413,0.0011746696
8683,0.3203692,0.31905115,0.0013180539
8684,0.32042104,0.31906113,0.0013598873
8685,0.32028317,0.31901565,0.0012675027
8686,0.32014227,0.31900236,0.0011399074
8687,0.32019046,0.31900486,0.0011856122
8688,0.3204326,0.3190518,0.001380787
8689,0.3205923,0.3190575,0.0015348304
8690,0.32055455,0.31901413,0.0015404137
8691,0.32036823,0.31901425,0.001353969
8692,0.32013163,0.31897172,0.0011599029
8693,0.32010296,0.31897104,0.0011319118
8694,0.32020837,0.31898648,0.0012218878
8695,0.3202845,0.31897494,0.0013095426
8696,0.32031244,0.31901985,0.0012925937
8697,0.32022074,0.31900215,0.0012185752
8698,0.3201019,0.31897664,0.0011252363
8699,0.32014373,0.3189704,0.0011733251
8700,0.3203724,0.31901628,0.0013561482
8701,0.32057402,0.31903186,0.001542165
8702,0.32045013,0.31900832,0.0014418148
8703,0.32010767,0.31897226,0.0011354074
8704,0.32025304,0.31898114,0.0012719044
8705,0.32060435,0.3190424,0.0015619427
8706,0.32048637,0.31906563,0.001420742
8707,0.32011655,0.31896526,0.0011513052
8708,0.3204442,0.31896394,0.0014802597
8709,0.32098883,0.3191062,0.0018826581
8710,0.3207624,0.3191095,0.0016528945
8711,0.32015345,0.31897092,0.0011825127
8712,0.32012013,0.3189406,0.0011795007
8713,0.320353,0.31901982,0.0013331793
8714,0.3202379,0.31898895,0.0012489381
8715,0.3200459,0.3189105,0.0011353588
8716,0.32007843,0.31894055,0.0011379111
8717,0.32030684,0.31895536,0.0013514642
8718,0.32053792,0.31894624,0.0015917016
8719,0.32036826,0.31892928,0.0014389755
8720,0.32000858,0.31889594,0.0011126373
8721,0.32044256,0.31892857,0.0015139676
8722,0.32083538,0.31896964,0.0018657402
8723,0.3203426,0.31892708,0.0014155312
8724,0.32002455,0.3188955,0.0011290701
8725,0.32037914,0.31891248,0.0014666411
8726,0.3208109,0.31896645,0.0018444648
8727,0.32076743,0.31899768,0.0017697628
8728,0.32025698,0.31894165,0.0013153264
8729,0.31995785,0.31885508,0.0011027663
8730,0.3202111,0.3189102,0.0013008951
8731,0.32037312,0.31893831,0.0014347913
8732,0.32018524,0.31887114,0.0013140875
8733,0.3200237,0.31886026,0.0011634417
8734,0.3199832,0.3188644,0.0011187948
8735,0.31999722,0.31883904,0.0011581613
8736,0.3201222,0.31883675,0.0012854643
8737,0.32023504,0.31884614,0.0013888928
8738,0.3202323,0.3188607,0.0013716102
8739,0.3201132,0.31885323,0.0012600033
8740,0.3199661,0.3188374,0.001128717
8741,0.31995964,0.3188257,0.0011339735
8742,0.3200631,0.31883588,0.0012272329
8743,0.320161,0.31884494,0.0013160844
8744,0.32020524,0.3188523,0.0013529467
8745,0.3201876,0.31882864,0.0013589803
8746,0.32012877,0.31882882,0.0012999657
8747,0.32005206,0.31882024,0.0012318277
8748,0.3199696,0.31881508,0.0011545275
8749,0.3199632,0.31881413,0.0011490714
8750,0.31994447,0.31882134,0.0011231344
8751,0.3199424,0.3188088,0.0011336384
8752,0.31992915,0.3188047,0.0011244136
8753,0.3199301,0.31878924,0.0011408712
8754,0.3199196,0.31879765,0.0011219449
8755,0.31991753,0.31879967,0.001117864
8756,0.31991494,0.31879446,0.0011204904
8757,0.31991136,0.3187917,0.0011196589
8758,0.3199178,0.31879056,0.0011272377
8759,0.3199134,0.31878725,0.0011261345
8760,0.31989843,0.31877604,0.0011223974
8761,0.31988662,0.31877166,0.0011149531
8762,0.3199064,0.31879005,0.0011163616
8763,0.31989208,0.31876653,0.0011255296
8764,0.3198881,0.31876928,0.0011188213
8765,0.3198785,0.3187623,0.0011162034
8766,0.3198822,0.3187672,0.0011150269
8767,0.31989172,0.3187693,0.0011224102
8768,0.319878,0.31875473,0.0011232868
8769,0.31988597,0.31875736,0.001128602
8770,0.3198707,0.31875256,0.0011181558
8771,0.31986788,0.3187505,0.0011173941
8772,0.31986287,0.31874174,0.0011211351
8773,0.31987345,0.3187493,0.0011241373
8774,0.31986636,0.3187332,0.0011331739
8775,0.31986824,0.3187376,0.0011306435
8776,0.31984872,0.31872618,0.0011225246
8777,0.3198648,0.3187337,0.0011311232
8778,0.3198687,0.31872773,0.0011409866
8779,0.31987128,0.31871718,0.0011540859
8780,0.31991053,0.31872246,0.0011880477
8781,0.31994623,0.31870994,0.0012362729
8782,0.3199924,0.3187197,0.0012726947
8783,0.32008865,0.31872827,0.0013604049
8784,0.3202055,0.31873256,0.001472967
8785,0.3203427,0.31876898,0.0015737347
8786,0.32051387,0.31876034,0.001753531
8787,0.3208538,0.31880766,0.0020461595
8788,0.32129827,0.318834,0.0024642567
8789,0.3219739,0.31886688,0.0031070232
8790,0.3228869,0.31898454,0.0039024013
8791,0.3237444,0.31906843,0.004675948
8792,0.32386893,0.31909063,0.004778285
8793,0.32281104,0.318992,0.0038190484
8794,0.32141256,0.31882674,0.0025858139
8795,0.3203324,0.31873932,0.0015930865
8796,0.31984147,0.31868374,0.0011577398
8797,0.31984672,0.3186869,0.0011598249
8798,0.32016826,0.31870025,0.0014680095
8799,0.3207028,0.31875086,0.0019519441
8800,0.32148784,0.3188284,0.0026594673
8801,0.32224244,0.31887236,0.0033700753
8802,0.322497,0.31889805,0.0035989496
8803,0.32205844,0.3188492,0.0032092265
8804,0.32122287,0.3187753,0.0024475518
8805,0.32034573,0.31870148,0.0016442544
8806,0.31983057,0.31865174,0.001178826
8807,0.31977838,0.31864086,0.0011375395
8808,0.32009125,0.3186607,0.0014305512
8809,0.32047644,0.31868333,0.0017931018
8810,0.3208116,0.3187379,0.0020737075
8811,0.32080302,0.31871158,0.0020914203
8812,0.32048634,0.3186921,0.0017942764
8813,0.32002142,0.3186418,0.0013795983
8814,0.31976685,0.31861725,0.0011496074
8815,0.31976256,0.3186235,0.0011390492
8816,0.3200603,0.31862205,0.0014382612
8817,0.3206216,0.31869718,0.0019244194
8818,0.32106373,0.31872296,0.0023407568
8819,0.32112712,0.31873107,0.0023960548
8820,0.32075116,0.3186935,0.0020576569
8821,0.3203106,0.31864986,0.001660745
8822,0.31989267,0.31861115,0.0012815284
8823,0.31971756,0.31859574,0.0011218314
8824,0.3198269,0.31859878,0.0012281379
8825,0.32014406,0.31862444,0.0015196252
8826,0.32042915,0.31867066,0.0017584816
8827,0.32046667,0.31864578,0.0018208945
8828,0.3203408,0.31864357,0.0016972404
8829,0.3200121,0.31860065,0.0014114571
8830,0.31982297,0.31859076,0.0012322075
8831,0.3197045,0.31856614,0.0011383581
8832,0.31967154,0.31855893,0.0011126096
8833,0.31970268,0.31856683,0.0011358571
8834,0.31975007,0.31856707,0.0011830004
8835,0.32000494,0.31860188,0.0014030512
8836,0.3202401,0.31860754,0.0016325656
8837,0.32062304,0.31863466,0.0019883665
8838,0.32067356,0.31865844,0.0020151236
8839,0.32043537,0.31865746,0.0017779062
8840,0.3200363,0.31861147,0.0014248337
8841,0.31979942,0.31855577,0.0012436656
8842,0.3197215,0.3185804,0.0011410989
8843,0.3196869,0.31855753,0.0011293631
8844,0.3197542,0.31854227,0.0012119462
8845,0.31990945,0.31856,0.0013494713
8846,0.32017073,0.3185881,0.0015826125
8847,0.32023302,0.31859902,0.0016339971
8848,0.32006228,0.31860727,0.001455012
8849,0.31974834,0.3185639,0.0011844474
8850,0.31975785,0.3185408,0.0012170293
8851,0.32030308,0.31857872,0.0017243366
8852,0.3211533,0.31866297,0.0024903477
8853,0.32172096,0.3187569,0.0029640445
8854,0.3213428,0.31866688,0.00267592
8855,0.32053825,0.3185971,0.0019411484
8856,0.31981504,0.31851432,0.001300713
8857,0.31958896,0.31848663,0.0011023269
8858,0.31969517,0.3185151,0.0011800654
8859,0.3196987,0.31849977,0.0011989251
8860,0.31961775,0.3184973,0.001120447
8861,0.31967857,0.31849247,0.0011861192
8862,0.31996295,0.3185058,0.0014571329
8863,0.3202398,0.31857592,0.0016638782
8864,0.32017487,0.3185167,0.001658155
8865,0.31987464,0.3185174,0.0013572668
8866,0.3195725,0.3184706,0.0011019052
8867,0.3199598,0.31849897,0.0014607955
8868,0.3208691,0.3185892,0.0022798968
8869,0.32103056,0.31858683,0.0024437248
8870,0.32034186,0.3185666,0.0017752687
8871,0.319643,0.31846994,0.0011730663
8872,0.31981745,0.31846184,0.001355605
8873,0.32096043,0.3185977,0.0023627225
8874,0.32148656,0.31862944,0.0028571328
8875,0.32094225,0.3185742,0.0023680853
8876,0.32011503,0.31849968,0.0016153507
8877,0.31958744,0.31843662,0.0011508216
8878,0.3196197,0.31845334,0.0011663254
8879,0.31996444,0.31846923,0.0014951888
8880,0.32040513,0.31849325,0.0019118947
8881,0.32072237,0.31853655,0.0021858125
8882,0.32062456,0.31852153,0.0021030388
8883,0.3201688,0.31847572,0.0016930565
8884,0.3196628,0.31844983,0.0012129782
8885,0.31954417,0.31843677,0.0011074168
8886,0.31974855,0.3184484,0.0013001574
8887,0.31990167,0.31844878,0.0014528976
8888,0.31982273,0.3184481,0.0013746272
8889,0.31960365,0.31843066,0.0011729657
8890,0.31950235,0.31840137,0.0011010037
8891,0.31956092,0.31841162,0.001149274
8892,0.31965014,0.31841403,0.0012361205
8893,0.31967163,0.31841344,0.001258197
8894,0.31960198,0.31840315,0.0011988119
8895,0.319504,0.31839505,0.0011089338
8896,0.31951734,0.3183885,0.0011288464
8897,0.31953454,0.31839088,0.0011436484
8898,0.31956658,0.31838873,0.0011778626
8899,0.31951785,0.31840262,0.001115232
8900,0.31967223,0.31838566,0.0012865871
8901,0.3196562,0.31840542,0.0012507763
8902,0.31952986,0.3183854,0.0011444727
8903,0.31947348,0.31836835,0.0011051237
8904,0.31947973,0.31837338,0.0011063669
8905,0.319517,0.31837702,0.0011399869
8906,0.3195251,0.31836176,0.0011633288
8907,0.3195245,0.31837252,0.0011519783
8908,0.31947786,0.31836072,0.0011171219
8909,0.319685,0.31839117,0.0012938451
8910,0.31978565,0.3183752,0.001410458
8911,0.3195922,0.31836388,0.0012283425
8912,0.31947577,0.31836274,0.0011130273
8913,0.3194813,0.3183578,0.0011235126
8914,0.31959727,0.31835955,0.0012377255
8915,0.31977957,0.3183711,0.0014084761
8916,0.3198304,0.3183615,0.0014689026
8917,0.3197469,0.3183735,0.0013734156
8918,0.31951082,0.3183388,0.0011720078
8919,0.31942663,0.318326,0.0011006282
8920,0.31956375,0.31834337,0.0012203704
8921,0.31966278,0.3183525,0.0013102869
8922,0.31958583,0.3183521,0.0012336995
8923,0.31946984,0.31833375,0.0011360929
8924,0.31943488,0.31832123,0.001113651
8925,0.31949508,0.31832433,0.0011707583
8926,0.31964752,0.31833297,0.0013145547
8927,0.320013,0.31836754,0.0016454278
8928,0.32037023,0.3183662,0.0020040353
8929,0.32054347,0.31838465,0.002158827
8930,0.3203506,0.3183699,0.0019806777
8931,0.31983235,0.31836522,0.0014671353
8932,0.31941125,0.31829637,0.0011148767
8933,0.31971374,0.31831223,0.0014015009
8934,0.3202366,0.31836388,0.0018727329
8935,0.32016736,0.3183372,0.0018301563
8936,0.31967852,0.31830332,0.0013751816
8937,0.31939825,0.31828615,0.0011121016
8938,0.31965265,0.31829965,0.0013530191
8939,0.31990194,0.31832483,0.001577093
8940,0.31964877,0.31829557,0.0013532045
8941,0.3194061,0.3182806,0.0011254769
8942,0.31948867,0.3182819,0.001206788
8943,0.31963968,0.31828555,0.0013541331
8944,0.3195461,0.31828448,0.0012616288
8945,0.31937346,0.3182587,0.0011147492
8946,0.3195416,0.31826538,0.0012762081
8947,0.3199106,0.31830457,0.001606008
8948,0.3199518,0.3183011,0.0016506739
8949,0.31965905,0.3182704,0.0013886791
8950,0.31936896,0.31824732,0.0011216287
8951,0.31955066,0.3182515,0.0012991804
8952,0.3200198,0.318296,0.001723816
8953,0.3200787,0.3182937,0.0017850155
8954,0.31969318,0.31826583,0.0014273584
8955,0.31935617,0.3182337,0.001122472
8956,0.31956273,0.3182474,0.001315313
8957,0.32001334,0.31827554,0.0017378114
8958,0.32018661,0.31827778,0.0019088264
8959,0.3199793,0.31826875,0.0017105633
8960,0.31948775,0.31822726,0.0012604987
8961,0.31952432,0.31822288,0.0013014285
8962,0.320285,0.31829342,0.00199157
8963,0.32105508,0.31836936,0.002685738
8964,0.32084504,0.31832734,0.0025177016
8965,0.3198804,0.31824464,0.0016357504
8966,0.31932193,0.318212,0.0011099288
8967,0.31963006,0.31823033,0.0013997417
8968,0.32038715,0.31829205,0.0020950842
8969,0.32059377,0.3183048,0.0022889804
8970,0.31974518,0.3182556,0.0014895905
8971,0.31937355,0.31821322,0.0011602965
8972,0.32011226,0.31827816,0.0018340864
8973,0.3204648,0.3182934,0.0021714019
8974,0.31988433,0.31827062,0.001613701
8975,0.31932944,0.31819594,0.0011335154
8976,0.319753,0.31824103,0.0015119624
8977,0.31992686,0.31826016,0.0016666955
8978,0.31961316,0.31822556,0.001387603
8979,0.31932324,0.3181986,0.0011246583
8980,0.31964847,0.31823948,0.0014089858
8981,0.3198838,0.31820187,0.0016819177
8982,0.31960297,0.318191,0.0014119644
8983,0.31932607,0.31817383,0.0011522406
8984,0.31985697,0.31820026,0.0016567002
8985,0.32015485,0.31823814,0.001916683
8986,0.31983995,0.31824088,0.0015990713
8987,0.31934446,0.31816125,0.0011832311
8988,0.3193474,0.31817824,0.0011691836
8989,0.31946823,0.31815958,0.0013086458
8990,0.31949815,0.31818435,0.0013138086
8991,0.31931254,0.31814045,0.0011720806
8992,0.31929845,0.31815875,0.0011397091
8993,0.31930795,0.31813946,0.0011684966
8994,0.31932482,0.31814325,0.0011815733
8995,0.31923154,0.31811926,0.0011122755
8996,0.31930056,0.31815168,0.001148877
8997,0.31935543,0.31813523,0.0012201902
8998,0.31944168,0.3181422,0.001299469
8999,0.31936708,0.3181333,0.0012337703
9000,0.31929696,0.31813484,0.0011621045
9001,0.31922737,0.31811368,0.0011136716
9002,0.31928423,0.31811926,0.0011649849
9003,0.3193579,0.31812665,0.0012312386
9004,0.31938744,0.31811368,0.0012737552
9005,0.31931397,0.31811512,0.0011988484
9006,0.31924537,0.31810665,0.0011387272
9007,0.3192656,0.3181067,0.0011588874
9008,0.31947282,0.31813362,0.0013392043
9009,0.3196423,0.3181353,0.0015070217
9010,0.31947085,0.31811103,0.001359821
9011,0.31923166,0.31808808,0.0011435666
9012,0.31926677,0.318091,0.0011757677
9013,0.31951424,0.31811324,0.0014010195
9014,0.31949437,0.3181113,0.0013830622
9015,0.31929588,0.3180874,0.0012084767
9016,0.3191933,0.3180717,0.0011215883
9017,0.3194051,0.31810105,0.0013040649
9018,0.31950402,0.3181023,0.001401723
9019,0.31924766,0.31808046,0.0011672077
9020,0.3192272,0.31808072,0.001146462
9021,0.31937543,0.31808484,0.0012906034
9022,0.31931072,0.31808448,0.0012262512
9023,0.31917578,0.318065,0.0011107794
9024,0.31927907,0.31806344,0.0012156388
9025,0.31933892,0.31807852,0.0012604145
9026,0.31919554,0.31805357,0.0011419549
9027,0.319161,0.31804618,0.001114805
9028,0.31923655,0.31805313,0.0011833997
9029,0.31922773,0.3180605,0.0011672473
9030,0.31913668,0.31803712,0.0010995733
9031,0.3191864,0.31804335,0.0011430278
9032,0.3191813,0.3180371,0.0011441874
9033,0.31913778,0.31803608,0.0011016973
9034,0.31916094,0.3180378,0.0011231245
9035,0.3191763,0.31802976,0.0011465234
9036,0.31914857,0.3180365,0.0011120625
9037,0.31912893,0.31801665,0.0011122844
9038,0.3191681,0.3180253,0.0011428047
9039,0.31913573,0.31801718,0.0011185587
9040,0.3191045,0.31800285,0.0011016501
9041,0.31913492,0.31800753,0.0011274064
9042,0.3191348,0.31802067,0.001114121
9043,0.31912363,0.31800538,0.0011182183
9044,0.3191842,0.3180176,0.0011666091
9045,0.3192014,0.31801972,0.0011816769
9046,0.31910676,0.3179987,0.0011080664
9047,0.3191236,0.31800345,0.0011201616
9048,0.31916317,0.31800815,0.0011550296
9049,0.319102,0.31799445,0.001107529
9050,0.31913507,0.3180022,0.0011328688
9051,0.31926817,0.3180104,0.0012577882
9052,0.31917384,0.3180025,0.0011713477
9053,0.3191172,0.31798106,0.0011361289
9054,0.31931624,0.3180102,0.0013060294
9055,0.31917,0.31799248,0.0011775106
9056,0.3191719,0.31797016,0.0012017448
9057,0.31963593,0.31802523,0.0016106997
9058,0.31947255,0.3180185,0.0014540611
9059,0.31907222,0.31796184,0.0011103675
9060,0.31934902,0.31798396,0.0013650819
9061,0.3197222,0.31804773,0.0016744535
9062,0.319277,0.31798804,0.0012889599
9063,0.31911302,0.31796816,0.0011448482
9064,0.31943473,0.31801167,0.0014230402
9065,0.31924006,0.3179919,0.0012481469
9066,0.31904134,0.3179503,0.0010910413
9067,0.31928757,0.31797504,0.0013125322
9068,0.3195848,0.31798938,0.0015953959
9069,0.31955096,0.31798664,0.0015643016
9070,0.31926712,0.31796607,0.0013010523
9071,0.31902522,0.3179285,0.001096719
9072,0.3191062,0.31793967,0.0011665075
9073,0.3193096,0.3179548,0.0013547828
9074,0.31935143,0.3179521,0.0013993431
9075,0.31925327,0.31794402,0.0013092563
9076,0.31906176,0.31791967,0.0011420909
9077,0.31900865,0.31790924,0.0010993995
9078,0.31908238,0.3179136,0.0011687815
9079,0.31913415,0.31792116,0.0012129934
9080,0.31906754,0.3179157,0.0011518092
9081,0.31898984,0.3178952,0.0010946475
9082,0.31901336,0.31790268,0.0011106732
9083,0.31905037,0.31790286,0.0011475083
9084,0.31901997,0.31788382,0.0011361608
9085,0.31899554,0.31788948,0.0011060715
9086,0.3189732,0.31788045,0.001092765
9087,0.31901118,0.3178939,0.001117298
9088,0.3189875,0.31787863,0.0011088594
9089,0.31897357,0.3178753,0.001098287
9090,0.31896812,0.3178754,0.001092709
9091,0.3189905,0.31787118,0.0011193303
9092,0.31905225,0.31787625,0.0011760097
9093,0.31909677,0.3178747,0.0012220674
9094,0.3190687,0.31786966,0.0011990279
9095,0.3190059,0.31786367,0.0011422606
9096,0.31894884,0.31785274,0.0010960946
9097,0.31894562,0.3178538,0.001091813
9098,0.31897154,0.31786084,0.001110704
9099,0.3189723,0.31785333,0.001118956
9100,0.31896892,0.31786215,0.0011067529
9101,0.31892574,0.31783253,0.0010931974
9102,0.31893706,0.31783938,0.0010976839
9103,0.31896505,0.31783628,0.0011287682
9104,0.3190015,0.31785285,0.001148626
9105,0.3189596,0.31784025,0.0011193224
9106,0.31891525,0.31782454,0.0010907043
9107,0.31897882,0.31782997,0.0011488488
9108,0.3189993,0.3178412,0.0011580965
9109,0.3189336,0.3178282,0.0011054125
9110,0.3189207,0.31781417,0.0011065293
9111,0.31895113,0.31782186,0.001129274
9112,0.3189647,0.3178432,0.0011214918
9113,0.31893188,0.31782404,0.0011078519
9114,0.31892365,0.31781322,0.0011104296
9115,0.31895706,0.31784123,0.0011158178
9116,0.3189749,0.31782895,0.0011459499
9117,0.31891215,0.31780136,0.0011107991
9118,0.31896332,0.3178406,0.0011227237
9119,0.3189488,0.31781462,0.0011341752
9120,0.31888345,0.31778154,0.0011019225
9121,0.31896427,0.31781512,0.0011491382
9122,0.31899053,0.31780764,0.0011828761
9123,0.3189963,0.3177789,0.0012174397
9124,0.31903875,0.31780413,0.0012346127
9125,0.31895104,0.3177912,0.0011598337
9126,0.31886828,0.3177739,0.0010943929
9127,0.31892836,0.31778696,0.0011413913
9128,0.31895998,0.31777525,0.0011847293
9129,0.31895328,0.3177948,0.0011584923
9130,0.31889325,0.31777468,0.0011185538
9131,0.31885955,0.31776455,0.0010950096
9132,0.3188773,0.31776938,0.0011079281
9133,0.3188729,0.31775808,0.0011148257
9134,0.31887397,0.31776166,0.0011123144
9135,0.3188654,0.3177539,0.001111475
9136,0.31883666,0.31773368,0.0011029949
9137,0.31883195,0.31773216,0.001099789
9138,0.31884494,0.31774157,0.0011033696
9139,0.31882334,0.31772947,0.001093873
9140,0.31882766,0.31772712,0.0011005432
9141,0.3188317,0.31772482,0.0011068877
9142,0.31881544,0.31772023,0.0010951983
9143,0.31881738,0.31771973,0.0010976347
9144,0.31881526,0.3177198,0.0010954614
9145,0.31882122,0.31771734,0.0011038717
9146,0.318826,0.3177249,0.0011010559
9147,0.3188176,0.317721,0.0010965702
9148,0.31882343,0.31771994,0.0011034857
9149,0.3188339,0.3177203,0.0011135882
9150,0.3188133,0.31771284,0.001100468
9151,0.3187887,0.3176984,0.0010903117
9152,0.31881186,0.31771484,0.0010970182
9153,0.3187988,0.31770134,0.0010974664
9154,0.31878144,0.31768957,0.0010918878
9155,0.31877726,0.31768936,0.0010879213
9156,0.3187612,0.31767845,0.0010827385
9157,0.31876898,0.31768146,0.0010875154
9158,0.3187701,0.31767872,0.0010913744
9159,0.31877136,0.317683,0.0010883516
9160,0.31875455,0.3176712,0.0010833618
9161,0.31875473,0.31766888,0.001085856
9162,0.31875405,0.31767002,0.0010840142
9163,0.31874937,0.31766632,0.0010830218
9164,0.31874123,0.31765756,0.0010836703
9165,0.3187439,0.31765997,0.001083921
9166,0.31873694,0.31765467,0.0010822662
9167,0.31874692,0.3176624,0.0010845388
9168,0.3187187,0.31763706,0.0010816532
9169,0.31873116,0.31765008,0.0010810958
9170,0.31872967,0.31765154,0.0010781272
9171,0.31872368,0.31764552,0.0010781707
9172,0.3187206,0.31764188,0.0010787152
9173,0.3187137,0.31763238,0.001081343
9174,0.31873035,0.31764677,0.0010835868
9175,0.31874502,0.31764257,0.0011024325
9176,0.3187686,0.3176394,0.0011291872
9177,0.31878698,0.31764448,0.001142515
9178,0.318771,0.3176424,0.0011286268
9179,0.31873575,0.3176388,0.0010969241
9180,0.318718,0.317633,0.0010849625
9181,0.31871155,0.3176313,0.0010802412
9182,0.31869292,0.31761327,0.0010796344
9183,0.31869492,0.3176173,0.0010776259
9184,0.31869853,0.31761983,0.0010786704
9185,0.31869972,0.3176148,0.0010849349
9186,0.31868842,0.31760752,0.0010809172
9187,0.3187338,0.31760806,0.0011257476
9188,0.31896964,0.31764722,0.0013224261
9189,0.31920424,0.3176437,0.0015605483
9190,0.31903753,0.317628,0.0014095186
9191,0.31876233,0.3176122,0.0011501294
9192,0.31869268,0.3176025,0.0010902041
9193,0.31883076,0.3176109,0.0012198783
9194,0.3189735,0.31762663,0.001346895
9195,0.31889656,0.3176227,0.0012738847
9196,0.31870592,0.3175971,0.0011088201
9197,0.31870416,0.31759796,0.0011061953
9198,0.31874418,0.31759197,0.0011522227
9199,0.31880397,0.3176069,0.0011970807
9200,0.31874868,0.31758463,0.0011640647
9201,0.3186846,0.31758666,0.0010979424
9202,0.31866968,0.31758636,0.001083333
9203,0.31867012,0.31757224,0.0010978987
9204,0.31869647,0.3175857,0.0011107677
9205,0.31867886,0.31757462,0.0011042322
9206,0.31865245,0.31756192,0.0010905301
9207,0.31865835,0.31756982,0.0010885345
9208,0.31865934,0.31755838,0.0011009631
9209,0.31865054,0.3175504,0.0011001492
9210,0.3186498,0.317554,0.0010958118
9211,0.3186157,0.31752828,0.0010874306
9212,0.31862542,0.31753674,0.0010886734
9213,0.31862578,0.31753972,0.0010860428
9214,0.31862697,0.31753412,0.0010928741
9215,0.31861833,0.31752697,0.0010913431
9216,0.31860533,0.31751877,0.0010865523
9217,0.31860697,0.31752148,0.0010854817
9218,0.31860742,0.31751782,0.0010896153
9219,0.31861013,0.31751323,0.0010969063
9220,0.31859976,0.3175162,0.0010835476
9221,0.31859294,0.3175134,0.0010795146
9222,0.3185945,0.31750482,0.0010896677
9223,0.3185841,0.3175014,0.0010827084
9224,0.31857517,0.31749827,0.0010769174
9225,0.31859803,0.31749985,0.0010981756
9226,0.31861368,0.31750304,0.001110643
9227,0.31858137,0.31749836,0.0010830129
9228,0.31857663,0.31749913,0.0010775274
9229,0.31857693,0.31749424,0.0010827153
9230,0.31858066,0.3174988,0.0010818638
9231,0.31857905,0.31749555,0.0010834981
9232,0.31857303,0.31749254,0.0010804771
9233,0.31856602,0.31748798,0.0010780338
9234,0.31856346,0.31748623,0.0010772462
9235,0.31855527,0.3174787,0.001076591
9236,0.31855193,0.31747302,0.0010788975
9237,0.3185503,0.31747305,0.0010772299
9238,0.31855884,0.31747407,0.0010847736
9239,0.31857595,0.31746313,0.0011128213
9240,0.3186121,0.3174784,0.001133699
9241,0.31858265,0.3174694,0.0011132659
9242,0.31854758,0.31745622,0.0010913645
9243,0.31853864,0.31745484,0.0010837853
9244,0.31852758,0.31744394,0.0010836404
9245,0.31852266,0.3174399,0.0010827327
9246,0.31852177,0.31743687,0.001084894
9247,0.31852773,0.31744537,0.0010823694
9248,0.31853262,0.3174416,0.0010909953
9249,0.31853765,0.3174441,0.0010935595
9250,0.3185328,0.31743127,0.001101507
9251,0.31851557,0.3174334,0.0010821847
9252,0.31853044,0.31743622,0.0010942274
9253,0.31852072,0.31743667,0.001084035
9254,0.31851876,0.31743336,0.0010853976
9255,0.31850633,0.31742203,0.0010842977
9256,0.31852704,0.31743973,0.00108729
9257,0.31851652,0.31743228,0.0010842432
9258,0.3185149,0.31743234,0.0010825641
9259,0.318523,0.31743434,0.001088645
9260,0.31852293,0.31742933,0.0010935988
9261,0.31852117,0.31743184,0.0010893265
9262,0.31853527,0.31743437,0.0011008921
9263,0.31851333,0.31742528,0.0010880561
9264,0.31850293,0.3174143,0.0010886195
9265,0.31851688,0.31742695,0.0010899412
9266,0.3185021,0.31741148,0.0010906198
9267,0.31850657,0.3174156,0.001090969
9268,0.318522,0.31741723,0.0011047566
9269,0.3185163,0.31741193,0.0011043902
9270,0.31849405,0.31740794,0.0010861175
9271,0.3185216,0.3174117,0.0011099034
9272,0.3185468,0.31740892,0.0011378961
9273,0.31856215,0.31740823,0.0011538973
9274,0.31850913,0.31739086,0.0011182835
9275,0.31847835,0.3173913,0.001087035
9276,0.31849802,0.31739703,0.001101006
9277,0.3184988,0.31739867,0.0011001432
9278,0.3184825,0.3173852,0.0010972915
9279,0.31846842,0.31737313,0.0010952972
9280,0.31847706,0.31737006,0.0011070004
9281,0.31846273,0.3173719,0.001090836
9282,0.3184759,0.31736585,0.001110049
9283,0.31846577,0.31737456,0.0010912081
9284,0.3184643,0.31736135,0.001102959
9285,0.31846508,0.3173616,0.0011034694
9286,0.31845206,0.31735516,0.0010968929
9287,0.31845158,0.31736323,0.0010883514
9288,0.3184605,0.31735325,0.0011072687
9289,0.3184655,0.31736568,0.0010998088
9290,0.31851956,0.31734377,0.0011758015
9291,0.31871867,0.31741422,0.001304465
9292,0.31866324,0.31736237,0.0013008525
9293,0.31851137,0.317361,0.0011503405
9294,0.31845343,0.31734768,0.0011057641
9295,0.31852955,0.31738883,0.0011406906
9296,0.31863928,0.31736216,0.0012771165
9297,0.31874314,0.3173567,0.0013864301
9298,0.3187134,0.31737804,0.0013353366
9299,0.3185579,0.3173269,0.0012309763
9300,0.31843838,0.31732893,0.0011094507
9301,0.31843135,0.31733215,0.0010991966
9302,0.31852514,0.31732717,0.0011979782
9303,0.31866488,0.3173509,0.0013139758
9304,0.31865102,0.31733486,0.0013161551
9305,0.31847718,0.31731415,0.001163025
9306,0.31838536,0.31730482,0.0010805611
9307,0.31849492,0.3173096,0.0011853403
9308,0.3186023,0.31731156,0.0012907428
9309,0.31855264,0.31730798,0.0012446606
9310,0.31844088,0.3172996,0.0011412925
9311,0.3184562,0.31729895,0.0011572617
9312,0.3187054,0.31732884,0.0013765473
9313,0.3189066,0.3173213,0.0015853185
9314,0.31880438,0.31733596,0.0014684128
9315,0.31858978,0.31731465,0.0012751296
9316,0.31838632,0.3172779,0.001108408
9317,0.31855333,0.31732166,0.0012316697
9318,0.31863764,0.31728894,0.0013486942
9319,0.3185268,0.31731844,0.0012083543
9320,0.3184599,0.31728253,0.0011773664
9321,0.31855908,0.31728277,0.0012763019
9322,0.3189331,0.3173603,0.0015728002
9323,0.3189858,0.3173123,0.001673488
9324,0.31871098,0.31730115,0.0014098373
9325,0.31843862,0.3172869,0.0011516989
9326,0.31847164,0.3172579,0.0012137464
9327,0.31884912,0.31732157,0.0015275506
9328,0.31883258,0.31727806,0.0015545308
9329,0.318622,0.31726864,0.0013533719
9330,0.31837568,0.31724092,0.001134773
9331,0.31855074,0.3172446,0.0013061208
9332,0.3189518,0.31728658,0.0016652022
9333,0.3188825,0.31727415,0.0016083242
9334,0.31854454,0.31723666,0.0013078741
9335,0.31831545,0.3172102,0.0011052308
9336,0.31849918,0.31721523,0.001283956
9337,0.31878418,0.31726107,0.001523112
9338,0.3187451,0.31723362,0.0015114952
9339,0.31847584,0.3172186,0.0012572613
9340,0.31829575,0.31719524,0.0011005265
9341,0.31836134,0.31719446,0.0011668899
9342,0.31847826,0.31721503,0.0012632279
9343,0.31841853,0.31719217,0.0012263817
9344,0.3183282,0.31718794,0.0011402712
9345,0.31827384,0.31717208,0.0011017506
9346,0.31833142,0.3171837,0.0011477246
9347,0.31841883,0.31719258,0.0012262505
9348,0.3184081,0.31717584,0.0012322833
9349,0.31833255,0.31717703,0.0011555154
9350,0.31826273,0.31715503,0.0011076841
9351,0.31830275,0.31715938,0.0011433705
9352,0.31833553,0.31717288,0.0011626347
9353,0.31832895,0.31715396,0.0011749843
9354,0.31826138,0.3171398,0.0011215911
9355,0.31826752,0.3171568,0.0011107044
9356,0.31825522,0.31713334,0.0011218798
9357,0.31824574,0.31713623,0.001109499
9358,0.31823575,0.31713542,0.0011003254
9359,0.31822726,0.3171251,0.0011021541
9360,0.31823534,0.31714016,0.0010951923
9361,0.3182184,0.31713063,0.0010877872
9362,0.31820515,0.3171148,0.0010903436
9363,0.31820875,0.31711438,0.0010943648
9364,0.31820002,0.31710812,0.0010919146
9365,0.31820267,0.317112,0.0010906527
9366,0.31823763,0.31712624,0.0011114046
9367,0.3182749,0.31711617,0.0011587167
9368,0.31830546,0.31711927,0.0011862086
9369,0.31834364,0.31712562,0.0012180131
9370,0.3183087,0.3171289,0.0011797954
9371,0.31823167,0.3171107,0.0011210004
9372,0.31820935,0.3171155,0.0010938518
9373,0.31820303,0.31710747,0.0010955671
9374,0.31821004,0.31710112,0.0011089072
9375,0.3182078,0.31710318,0.0011046253
9376,0.31820598,0.31710178,0.0011042069
9377,0.31818324,0.31709087,0.0010923678
9378,0.31819576,0.31709236,0.0011034244
9379,0.31820166,0.31710425,0.0010973995
9380,0.31819025,0.31708613,0.001104123
9381,0.3182053,0.31710604,0.0010992682
9382,0.3181916,0.31709763,0.0010939497
9383,0.3181705,0.31708056,0.0010899445
9384,0.31818244,0.31708762,0.0010948095
9385,0.31817117,0.31708708,0.0010840895
9386,0.31815818,0.3170645,0.0010936882
9387,0.31824115,0.31710276,0.0011383943
9388,0.31824592,0.31708893,0.0011569775
9389,0.31818408,0.31707928,0.0011048247
9390,0.3181911,0.31708166,0.0011094479
9391,0.31823906,0.3170891,0.0011499601
9392,0.31827772,0.31707412,0.0012035877
9393,0.31826246,0.31707117,0.0011912889
9394,0.318202,0.31707627,0.001125722
9395,0.31814954,0.31705981,0.0010897331
9396,0.31815735,0.31706956,0.0010877622
9397,0.3181665,0.31705436,0.0011121423
9398,0.31818914,0.3170453,0.0011438554
9399,0.31818932,0.31706136,0.0011279581
9400,0.31812608,0.31704322,0.0010828649
9401,0.31816265,0.31704786,0.00111477
9402,0.31815022,0.31705084,0.001099353
9403,0.31812817,0.31702918,0.0010990046
9404,0.31811833,0.31703222,0.001086122
9405,0.31815934,0.31706664,0.0010927081
9406,0.3181692,0.31702664,0.0011425822
9407,0.31826073,0.317073,0.0011877624
9408,0.31823802,0.31704164,0.0011963577
9409,0.31814885,0.31701893,0.0011299219
9410,0.31812477,0.31703922,0.0010855596
9411,0.31812578,0.31701243,0.00111336
9412,0.31819355,0.3170337,0.0011598248
9413,0.31815758,0.31701413,0.0011434513
9414,0.31811056,0.31701213,0.0010984242
9415,0.3180804,0.31700015,0.0010802291
9416,0.31810278,0.31701717,0.0010856033
9417,0.3181029,0.3169986,0.00110429
9418,0.31809267,0.31699502,0.001097668
9419,0.31809196,0.3169881,0.0011038652
9420,0.31807637,0.31698647,0.0010899035
9421,0.31806988,0.31698275,0.0010871448
9422,0.3180707,0.3169836,0.0010870954
9423,0.31806168,0.3169806,0.0010810862
9424,0.31805855,0.31697914,0.001079408
9425,0.3180562,0.31697395,0.0010822525
9426,0.31805578,0.3169726,0.0010831652
9427,0.3180432,0.3169572,0.0010860214
9428,0.31804776,0.31696036,0.0010874138
9429,0.31805548,0.31696892,0.0010865682
9430,0.3180489,0.31696424,0.0010846527
9431,0.3180513,0.3169598,0.0010915275
9432,0.31804904,0.31695595,0.0010931089
9433,0.3180332,0.3169465,0.0010866707
9434,0.31803092,0.31693774,0.0010931713
9435,0.31802234,0.31693444,0.0010879205
9436,0.31802973,0.31693855,0.0010912027
9437,0.31802103,0.31693128,0.0010897515
9438,0.3180161,0.3169288,0.0010873062
9439,0.3180107,0.3169233,0.001087392
9440,0.31800428,0.31691712,0.0010871665
9441,0.3179919,0.31690782,0.0010840939
9442,0.31799537,0.3169103,0.0010850714
9443,0.31799775,0.31690484,0.0010929189
9444,0.31801894,0.31691635,0.0011025934
9445,0.31802556,0.3169031,0.0011224418
9446,0.31803426,0.3168973,0.0011369658
9447,0.318007,0.31689963,0.0011073487
9448,0.3179915,0.31689075,0.0011007584
9449,0.31797913,0.31689015,0.0010889706
9450,0.31797087,0.31688353,0.001087357
9451,0.31796598,0.31687647,0.0010895005
9452,0.31796086,0.31687355,0.0010873188
9453,0.3179548,0.31686875,0.0010860702
9454,0.3179509,0.31686616,0.0010847433
9455,0.317953,0.316867,0.0010859916
9456,0.31794944,0.31686762,0.0010818269
9457,0.31793946,0.3168586,0.0010808617
9458,0.31793618,0.31685886,0.0010773375
9459,0.31793466,0.31685218,0.001082485
9460,0.3179352,0.31685108,0.0010841098
9461,0.3179369,0.3168557,0.0010812138
9462,0.31793556,0.31685203,0.0010835105
9463,0.31794026,0.31685263,0.0010876306
9464,0.31793597,0.3168483,0.0010876659
9465,0.3179263,0.31684467,0.001081622
9466,0.3179214,0.31684157,0.0010798171
9467,0.31792462,0.31683776,0.0010868416
9468,0.31792432,0.31683588,0.0010884355
9469,0.31790787,0.31682107,0.0010868036
9470,0.31791428,0.31683007,0.0010842303
9471,0.31790578,0.31682312,0.0010826597
9472,0.31789958,0.31681678,0.0010827978
9473,0.31790426,0.31681648,0.0010878014
9474,0.31790188,0.3168139,0.0010879773
9475,0.31790307,0.31681716,0.0010859026
9476,0.31788895,0.3168026,0.0010863318
9477,0.31788468,0.31680146,0.0010832318
9478,0.31789288,0.31680843,0.0010844227
9479,0.31797147,0.31679848,0.0011729862
9480,0.31860802,0.31684706,0.001760976
9481,0.32053432,0.3170046,0.003529727
9482,0.32401097,0.31731653,0.0066944435
9483,0.32820693,0.31780815,0.01039877
9484,0.33036008,0.31809652,0.012263574
9485,0.3268323,0.31767732,0.009154981
9486,0.3199448,0.31698638,0.0029584419
9487,0.3182587,0.31683123,0.0014274672
9488,0.323077,0.31728005,0.005796938
9489,0.3256058,0.3175477,0.008058119
9490,0.32094598,0.31707036,0.0038756113
9491,0.31787515,0.31675765,0.0011174937
9492,0.3210428,0.31709984,0.003942958
9493,0.3229132,0.3172556,0.005657602
9494,0.3198022,0.3169463,0.002855897
9495,0.31789166,0.31675127,0.0011404022
9496,0.32033765,0.31698748,0.0033501629
9497,0.32121864,0.31714204,0.004076594
9498,0.31860346,0.3168339,0.0017695369
9499,0.31816941,0.31676894,0.0014004735
9500,0.31999493,0.31700516,0.0029897608
9501,0.31932884,0.31692103,0.0024078086
9502,0.31786638,0.31674513,0.0011212794
9503,0.31860146,0.31681493,0.0017865353
9504,0.31920508,0.31689733,0.002307733
9505,0.31819254,0.31678715,0.001405369
9506,0.31793717,0.31673333,0.0012038195
9507,0.3187793,0.31681672,0.0019625747
9508,0.3186857,0.31684753,0.001838174
9509,0.31783137,0.31670332,0.0011280675
9510,0.31822285,0.31677106,0.001451785
9511,0.31879023,0.31685993,0.0019302799
9512,0.3181774,0.31673795,0.0014394461
9513,0.31781483,0.31670296,0.0011118449
9514,0.3183944,0.31678748,0.0016069252
9515,0.318395,0.31675318,0.0016417995
9516,0.31785807,0.3167078,0.0011502883
9517,0.31799546,0.31673092,0.0012645588
9518,0.3183749,0.31674546,0.0016294403
9519,0.3181027,0.31671995,0.0013827205
9520,0.31778044,0.3166885,0.0010919168
9521,0.3180051,0.31669387,0.0013112535
9522,0.31813422,0.31672212,0.0014121024
9523,0.3178482,0.31669086,0.0011573546
9524,0.31782642,0.31668022,0.0011462043
9525,0.3179988,0.3166938,0.0013049924
9526,0.31788796,0.31667718,0.0012107629
9527,0.31778768,0.31667957,0.0011081009
9528,0.31789708,0.3166836,0.0012135004
9529,0.31794477,0.31668893,0.0012558457
9530,0.31782684,0.3166861,0.0011407501
9531,0.31776696,0.31665644,0.0011105172
9532,0.3178725,0.31667614,0.0011963672
9533,0.3178379,0.31667295,0.0011649386
9534,0.3177306,0.31664214,0.0010884672
9535,0.31779838,0.31666154,0.0011368457
9536,0.3178144,0.316668,0.0011463931
9537,0.31772357,0.3166313,0.0010922941
9538,0.31775945,0.31665018,0.0011092629
9539,0.31777337,0.3166406,0.0011327846
9540,0.31773248,0.31663707,0.0010954178
9541,0.3177211,0.31662932,0.001091779
9542,0.317757,0.31663463,0.0011223886
9543,0.31773674,0.3166221,0.0011146216
9544,0.3177149,0.3166232,0.0010916757
9545,0.31771943,0.3166201,0.001099339
9546,0.3177478,0.31662402,0.0011238005
9547,0.31775707,0.31662107,0.0011360168
9548,0.31771567,0.31661266,0.0011030029
9549,0.31769514,0.31660548,0.0010896442
9550,0.31771654,0.31661606,0.0011004747
9551,0.3177165,0.31660196,0.0011145724
9552,0.3177359,0.31661,0.0011258909
9553,0.31773153,0.31660262,0.0011289038
9554,0.31771484,0.31660283,0.0011120198
9555,0.3177032,0.3166033,0.0010998616
9556,0.31769276,0.316599,0.0010937424
9557,0.3177083,0.31659767,0.0011106601
9558,0.3177101,0.31659088,0.0011192282
9559,0.3176989,0.31659663,0.001102265
9560,0.31768656,0.3165944,0.0010921743
9561,0.31770104,0.3165935,0.0011075542
9562,0.3177239,0.316597,0.0011268675
9563,0.3177078,0.31658053,0.0011272719
9564,0.3176778,0.31657666,0.0011011189
9565,0.31767988,0.31658232,0.0010975621
9566,0.31768072,0.3165692,0.0011115009
9567,0.31766936,0.3165669,0.0011024305
9568,0.3176761,0.3165788,0.0010972943
9569,0.3176845,0.31657356,0.0011109238
9570,0.31768468,0.31656954,0.0011151544
9571,0.31767258,0.3165736,0.001098984
9572,0.3176634,0.31656504,0.0010983509
9573,0.3176691,0.31656092,0.0011081875
9574,0.31765872,0.3165548,0.0011038868
9575,0.3176545,0.31655407,0.0011004147
9576,0.31763664,0.31653854,0.0010980917
9577,0.31765628,0.31655082,0.0011054528
9578,0.3176528,0.3165427,0.0011100541
9579,0.3176454,0.31654245,0.0011029663
9580,0.31764114,0.31654236,0.0010987686
9581,0.31765026,0.3165451,0.0011051586
9582,0.3176423,0.31653804,0.0011042465
9583,0.31763303,0.31653708,0.0010959366
9584,0.317635,0.3165378,0.0010971938
9585,0.31763247,0.3165307,0.0011017736
9586,0.31762758,0.31652674,0.0011008158
9587,0.31762272,0.3165252,0.0010975121
9588,0.3176184,0.31652278,0.0010956333
9589,0.31760892,0.3165137,0.0010952428
9590,0.31761467,0.3165171,0.0010975561
9591,0.31760383,0.31650662,0.0010971923
9592,0.31760728,0.3165097,0.0010976134
9593,0.31761375,0.31650877,0.0011049855
9594,0.31761795,0.31650656,0.0011113919
9595,0.31761774,0.31650084,0.001116902
9596,0.3175999,0.31649488,0.0011050332
9597,0.31759328,0.31649497,0.0010982931
9598,0.31760263,0.31650037,0.0011022754
9599,0.31759617,0.31649402,0.0011021498
9600,0.31760785,0.31649554,0.0011123238
9601,0.31759533,0.31648958,0.001105746
9602,0.31763193,0.3164857,0.0011462129
9603,0.31767246,0.31651154,0.0011609175
9604,0.31768796,0.3165002,0.0011877568
9605,0.31764182,0.31650004,0.0011417704
9606,0.3176078,0.3165042,0.0011035849
9607,0.31776178,0.31649393,0.00126785
9608,0.31782702,0.3165357,0.0012913079
9609,0.317657,0.31650683,0.001150164
9610,0.31764317,0.31646666,0.0011765121
9611,0.31788632,0.3165042,0.0013821241
9612,0.318017,0.3165369,0.0014800976
9613,0.3177723,0.3165028,0.0012694849
9614,0.31757465,0.31647983,0.001094808
9615,0.31774008,0.31647956,0.0012605251
9616,0.31788644,0.3164954,0.001391064
9617,0.31766206,0.31647176,0.0011902878
9618,0.3175532,0.31644672,0.0011064551
9619,0.3176767,0.31647792,0.0011987621
9620,0.3175685,0.31645593,0.0011125787
9621,0.31757644,0.31643412,0.0011423067
9622,0.31764042,0.31645176,0.0011886624
9623,0.3175916,0.31645313,0.0011385061
9624,0.31752738,0.3164235,0.0011038628
9625,0.3176085,0.31644133,0.0011671783
9626,0.3176697,0.3164439,0.001225798
9627,0.31753218,0.31642866,0.001103535
9628,0.31754014,0.31641757,0.0011225678
9629,0.31758013,0.31644702,0.0011331091
9630,0.3175051,0.31641057,0.0010945124
9631,0.31759265,0.3164195,0.0011731331
9632,0.31767285,0.3164323,0.0012405567
9633,0.3175395,0.31641567,0.0011238344
9634,0.31750232,0.3163975,0.0011048492
9635,0.31759834,0.31642324,0.0011750918
9636,0.31754595,0.31641063,0.0011353241
9637,0.31748614,0.31639642,0.0010897227
9638,0.31755152,0.31641304,0.0011384841
9639,0.31757554,0.3164157,0.0011598484
9640,0.31750894,0.3163881,0.0011208399
9641,0.31747118,0.31638086,0.0010903084
9642,0.31748262,0.31637505,0.0011075735
9643,0.3174994,0.3163802,0.0011192041
9644,0.31748646,0.31637356,0.0011129004
9645,0.31745395,0.316362,0.00109195
9646,0.31745592,0.31636605,0.001089845
9647,0.3174712,0.3163669,0.0011042849
9648,0.31746295,0.316368,0.0010949434
9649,0.31744683,0.3163603,0.0010865162
9650,0.31745073,0.31635693,0.0010938244
9651,0.3174578,0.31635898,0.0010987965
9652,0.31745225,0.31635222,0.0011000388
9653,0.31745476,0.3163589,0.0010958377
9654,0.31743494,0.31634086,0.0010940876
9655,0.31745082,0.3163509,0.0010999165
9656,0.31745437,0.31634662,0.0011077594
9657,0.31744957,0.31633955,0.0011100252
9658,0.31743756,0.31632873,0.0011088124
9659,0.31744632,0.31634238,0.0011039235
9660,0.31743482,0.31633893,0.0010958898
9661,0.3174273,0.31633028,0.0010970175
9662,0.31742868,0.31633052,0.0010981626
9663,0.31743428,0.31633863,0.0010956519
9664,0.31742775,0.31632626,0.001101509
9665,0.317433,0.31633306,0.0010999687
9666,0.3174302,0.31633085,0.0010993658
9667,0.31742117,0.31632102,0.0011001732
9668,0.31742257,0.31631538,0.0011071726
9669,0.31741783,0.31630644,0.0011113695
9670,0.31740737,0.31630826,0.0010990929
9671,0.3174339,0.31630826,0.0011256583
9672,0.31747568,0.3163176,0.0011580822
9673,0.31742617,0.31630933,0.0011168502
9674,0.3174487,0.31630546,0.0011432406
9675,0.3175948,0.31632876,0.0012660095
9676,0.317625,0.31633493,0.0012900492
9677,0.31750473,0.3163376,0.0011671396
9678,0.31741723,0.31630388,0.0011133545
9679,0.317555,0.3163112,0.0012437988
9680,0.31760678,0.3163596,0.0012471399
9681,0.3174402,0.31631324,0.0011269985
9682,0.31746536,0.31628844,0.0011769185
9683,0.3176837,0.31636527,0.0013184339
9684,0.31759736,0.31632552,0.0012718656
9685,0.3173973,0.31627756,0.00111975
9686,0.3175009,0.3163196,0.001181267
9687,0.3177612,0.31634,0.0014212088
9688,0.31774163,0.31630254,0.0014390965
9689,0.31744176,0.31628338,0.0011583724
9690,0.31752974,0.31628376,0.001245989
9691,0.31794813,0.3163289,0.0016192312
9692,0.31782305,0.31628817,0.001534879
9693,0.31744263,0.3162541,0.001188536
9694,0.31738535,0.31624952,0.0011358411
9695,0.31770188,0.31626374,0.001438144
9696,0.31779838,0.31630296,0.0014954262
9697,0.31746385,0.31624943,0.0012144087
9698,0.3173525,0.31623673,0.0011157696
9699,0.31745574,0.31624603,0.0012096908
9700,0.3175272,0.31624034,0.0012868738
9701,0.31745496,0.31625667,0.0011982957
9702,0.31733164,0.31621987,0.0011117666
9703,0.3173959,0.3162389,0.0011569723
9704,0.3175442,0.31624255,0.0013016267
9705,0.31756005,0.3162382,0.0013218436
9706,0.317419,0.31621137,0.0012076201
9707,0.3173191,0.31620386,0.0011152101
9708,0.31732216,0.31621048,0.001111707
9709,0.31740284,0.31621844,0.0011844033
9710,0.3174294,0.31621104,0.0012183355
9711,0.31736976,0.31621277,0.0011569739
9712,0.31730735,0.31619573,0.0011116074
9713,0.31729582,0.31620187,0.0010939592
9714,0.31732902,0.3162065,0.0011224953
9715,0.31738037,0.3162049,0.0011754526
9716,0.31735888,0.31620124,0.0011576188
9717,0.3173305,0.31620544,0.0011250752
9718,0.3172819,0.316192,0.0010899066
9719,0.317293,0.31619,0.0011029955
9720,0.31731015,0.31618357,0.0011265811
9721,0.31730995,0.31617245,0.0011374885
9722,0.31728393,0.3161749,0.0011090282
9723,0.31727555,0.3161847,0.0010908662
9724,0.31731194,0.3161809,0.0011310114
9725,0.31735563,0.31618348,0.0011721358
9726,0.31733987,0.31618556,0.0011543023
9727,0.31725314,0.3161643,0.0010888233
9728,0.31731987,0.31617752,0.0011423676
9729,0.3173898,0.3161885,0.0012012692
9730,0.31735176,0.31615397,0.0011977891
9731,0.31725222,0.3161545,0.0010977051
9732,0.31728598,0.31615758,0.0011284009
9733,0.3173888,0.31616288,0.0012259348
9734,0.31746554,0.3161764,0.0012891137
9735,0.3174176,0.31615305,0.0012645193
9736,0.31727025,0.31614983,0.0011204336
9737,0.31726393,0.31613454,0.0011293882
9738,0.31747925,0.31616467,0.0013145873
9739,0.31762174,0.31618294,0.0014387997
9740,0.31746212,0.31617567,0.0012864547
9741,0.31723404,0.31614032,0.001093708
9742,0.31729802,0.31614742,0.0011505935
9743,0.3174023,0.31616318,0.0012391206
9744,0.3172971,0.3161418,0.0011553024
9745,0.3172044,0.31612173,0.0010826776
9746,0.31732857,0.3161405,0.0011880972
9747,0.31745225,0.31615892,0.001293324
9748,0.3173472,0.3161293,0.001217887
9749,0.3172195,0.31612054,0.0010989576
9750,0.3172177,0.31610978,0.0011079331
9751,0.31734762,0.3161123,0.001235299
9752,0.3174608,0.31612974,0.0013310624
9753,0.317312,0.3160979,0.0012141197
9754,0.31718424,0.31609678,0.001087467
9755,0.31726325,0.31609675,0.0011664989
9756,0.31733525,0.31609884,0.0012364087
9757,0.31730354,0.31610695,0.0011966012
9758,0.31721458,0.31609577,0.0011188
9759,0.31717214,0.31609166,0.0010804997
9760,0.3172514,0.31609705,0.0011543384
9761,0.31726444,0.31610775,0.0011566875
9762,0.3171897,0.31608924,0.001100451
9763,0.31716976,0.31608897,0.0010807915
9764,0.31719393,0.3160816,0.0011123033
9765,0.317181,0.3160732,0.0011077906
9766,0.31716943,0.31607413,0.0010953059
9767,0.31718558,0.3160775,0.0011080669
9768,0.31724834,0.31606886,0.0011794907
9769,0.31720218,0.3160714,0.0011307693
9770,0.31715915,0.31606698,0.0010921626
9771,0.31716156,0.31606835,0.0010931938
9772,0.31719488,0.3160682,0.0011267001
9773,0.31718594,0.3160616,0.0011243483
9774,0.31715012,0.31605196,0.0010981377
9775,0.31713808,0.31605288,0.0010851717
9776,0.31715792,0.31605855,0.0010993929
9777,0.3171649,0.3160455,0.0011194136
9778,0.3171535,0.3160409,0.001112625
9779,0.31713855,0.31604344,0.0010951386
9780,0.31712934,0.31604853,0.0010808259
9781,0.31713176,0.31604528,0.0010864728
9782,0.31712365,0.31603178,0.0010918474
9783,0.31714955,0.31604072,0.0011088365
9784,0.31712615,0.31602564,0.0011005269
9785,0.31712657,0.31603095,0.0010956161
9786,0.31710678,0.3160233,0.0010835038
9787,0.3170934,0.3160159,0.0010774977
9788,0.3170885,0.31600767,0.0010808328
9789,0.31711426,0.31601894,0.001095331
9790,0.31710806,0.3160146,0.0010934656
9791,0.31709874,0.31600678,0.0010919382
9792,0.31708896,0.3160008,0.0010881595
9793,0.31708148,0.31599596,0.001085509
9794,0.31707698,0.3160005,0.0010764867
9795,0.31707197,0.31598794,0.0010840085
9796,0.3170854,0.31598744,0.0010979399
9797,0.31709582,0.31599334,0.0011024934
9798,0.31706488,0.31598362,0.0010812429
9799,0.31707415,0.31599268,0.0010814585
9800,0.3170819,0.31597918,0.0011027164
9801,0.31710094,0.31600058,0.0011003548
9802,0.3170819,0.31599063,0.001091277
9803,0.31704995,0.31596914,0.0010808101
9804,0.31706288,0.31597584,0.0010870406
9805,0.3170861,0.31598732,0.0010987956
9806,0.31705064,0.31597036,0.0010802716
9807,0.3170482,0.3159707,0.0010774988
9808,0.31707418,0.31596798,0.0011061983
9809,0.31707567,0.31597796,0.0010977084
9810,0.31702578,0.3159517,0.0010740933
9811,0.3170422,0.3159471,0.0010951078
9812,0.31705266,0.31594706,0.0011056246
9813,0.31702027,0.31594256,0.0010776941
9814,0.31701928,0.31593338,0.0010858902
9815,0.31705317,0.31594753,0.001105646
9816,0.31702092,0.31593558,0.0010853556
9817,0.3170042,0.31592563,0.0010785765
9818,0.31703433,0.3159301,0.0011042313
9819,0.3170602,0.31592688,0.0011333281
9820,0.31705123,0.31593117,0.0011200584
9821,0.3170174,0.31592262,0.0010948034
9822,0.31699345,0.31591013,0.00108331
9823,0.31700715,0.3159152,0.001091953
9824,0.31702283,0.31591105,0.0011117962
9825,0.31702617,0.31591472,0.0011114607
9826,0.3169972,0.31590235,0.0010948641
9827,0.31698668,0.3159031,0.0010835798
9828,0.3169961,0.31590292,0.0010931843
9829,0.31700295,0.31589696,0.0011059998
9830,0.3170097,0.31590125,0.0011084238
9831,0.3169872,0.3158902,0.0010970144
9832,0.31698123,0.31589034,0.0010908756
9833,0.31697434,0.31589216,0.0010821868
9834,0.31696278,0.3158804,0.0010823925
9835,0.31696075,0.31587505,0.0010857098
9836,0.31696862,0.3158799,0.0010887207
9837,0.31695724,0.31586826,0.0010889827
9838,0.31694055,0.31585652,0.0010840487
9839,0.31694597,0.31586155,0.0010844191
9840,0.3169379,0.31585333,0.0010845473
9841,0.31693065,0.31585023,0.0010804458
9842,0.3169377,0.31585252,0.0010851871
9843,0.3169225,0.31583795,0.0010845347
9844,0.31693888,0.31584403,0.0010948388
9845,0.31695157,0.3158464,0.001105157
9846,0.3169435,0.31583136,0.0011121307
9847,0.3169467,0.31583735,0.0011093231
9848,0.31691858,0.31582513,0.0010934434
9849,0.3169041,0.31582016,0.0010839397
9850,0.3168993,0.31581557,0.001083724
9851,0.3169035,0.31581327,0.001090228
9852,0.31691092,0.3158134,0.0010975298
9853,0.31690928,0.31582245,0.0010868369
9854,0.3168863,0.31580618,0.0010801533
9855,0.31687376,0.3157968,0.0010769491
9856,0.31689128,0.3158073,0.0010839634
9857,0.3169013,0.3158112,0.0010901114
9858,0.31690255,0.31581384,0.0010887109
9859,0.31688526,0.3158055,0.0010797726
9860,0.31687036,0.315795,0.0010753531
9861,0.31688136,0.31579638,0.0010849893
9862,0.3168938,0.31580237,0.0010914108
9863,0.31687933,0.3157906,0.0010887446
9864,0.31686828,0.31579337,0.0010748982
9865,0.3168597,0.31578562,0.0010740582
9866,0.3168625,0.3157853,0.0010772237
9867,0.31687206,0.31579143,0.0010806294
9868,0.31686398,0.315784,0.001079963
9869,0.3168506,0.31578103,0.0010695899
9870,0.3168539,0.31577912,0.001074794
9871,0.31686452,0.3157755,0.0010890074
9872,0.31686634,0.31577635,0.0010899802
9873,0.31683666,0.3157557,0.0010809551
9874,0.31683373,0.31576234,0.0010713979
9875,0.3168416,0.31576478,0.0010768318
9876,0.31685334,0.3157618,0.0010915517
9877,0.31684378,0.3157618,0.0010819648
9878,0.3168186,0.3157473,0.0010712958
9879,0.3168275,0.31574997,0.0010775242
9880,0.3168473,0.3157614,0.0010859219
9881,0.31684497,0.31574926,0.0010957018
9882,0.31684843,0.31576303,0.0010853992
9883,0.31684232,0.31575346,0.0010888556
9884,0.31682917,0.31574965,0.0010795391
9885,0.31681466,0.31574035,0.0010743106
9886,0.3168191,0.31574422,0.0010748875
9887,0.31681466,0.31573924,0.0010754305
9888,0.31682807,0.31574303,0.0010850547
9889,0.31685314,0.3157462,0.0011069386
9890,0.31687358,0.31573504,0.0011385388
9891,0.3169046,0.31574425,0.0011603598
9892,0.31691563,0.3157456,0.0011700222
9893,0.316873,0.31573027,0.0011427331
9894,0.31682083,0.31572685,0.0010939775
9895,0.31679323,0.31572044,0.0010728049
9896,0.31682527,0.31573042,0.0010948479
9897,0.31685793,0.3157204,0.0011375204
9898,0.3168773,0.31572235,0.0011549689
9899,0.31683424,0.31571603,0.001118202
9900,0.31680045,0.31571287,0.0010875592
9901,0.31678846,0.31570354,0.0010849223
9902,0.31681183,0.31571057,0.0011012678
9903,0.31680283,0.3157018,0.0011009921
9904,0.31679082,0.31570423,0.0010866113
9905,0.31681755,0.3157147,0.0011028737
9906,0.3168018,0.3156982,0.0011035713
9907,0.31679142,0.3156976,0.001093803
9908,0.31677744,0.31568924,0.001088225
9909,0.31680223,0.31569332,0.0011089133
9910,0.31683093,0.31569055,0.0011403841
9911,0.3168034,0.31569114,0.0011122491
9912,0.31677055,0.31567982,0.0010907368
9913,0.31679127,0.31568286,0.0011084119
9914,0.3168374,0.3156886,0.0011487992
9915,0.31682682,0.3156718,0.0011550132
9916,0.31681433,0.31568223,0.0011321038
9917,0.31679562,0.31567344,0.0011221757
9918,0.31678632,0.3156743,0.0011119952
9919,0.3167577,0.31565133,0.001106384
9920,0.3167725,0.3156612,0.001111294
9921,0.31678247,0.31566036,0.0011221255
9922,0.316771,0.31564853,0.0011224769
9923,0.31678548,0.3156533,0.001132187
9924,0.31680083,0.31564838,0.001152466
9925,0.31681544,0.31565067,0.0011647644
9926,0.31679878,0.315631,0.001167771
9927,0.31681463,0.31564277,0.0011718537
9928,0.31679848,0.3156372,0.0011612782
9929,0.3167812,0.315632,0.0011492271
9930,0.3167527,0.3156263,0.0011264291
9931,0.31673044,0.31562027,0.0011101598
9932,0.31671628,0.31561673,0.0010995794
9933,0.31671086,0.3156151,0.0010957739
9934,0.31671408,0.31561553,0.001098539
9935,0.31671312,0.31561103,0.0011020878
9936,0.3167223,0.31560585,0.0011164693
9937,0.31675506,0.31559688,0.0011581704
9938,0.3168485,0.31559625,0.0012522452
9939,0.31694433,0.31562507,0.0013192515
9940,0.3168975,0.31559864,0.0012988637
9941,0.31679365,0.31559962,0.0011940117
9942,0.31671765,0.31559125,0.0011263904
9943,0.31667277,0.31557503,0.0010977325
9944,0.31665894,0.31556466,0.0010942965
9945,0.31667194,0.31557173,0.0011002349
9946,0.31671062,0.31557614,0.0011344885
9947,0.31676513,0.31558555,0.0011795547
9948,0.31678784,0.31558746,0.0012003804
9949,0.31678212,0.31557974,0.0012023731
9950,0.316741,0.31557342,0.0011675551
9951,0.31670448,0.31556278,0.0011416923
9952,0.31666812,0.31555828,0.0011098362
9953,0.31664973,0.31555367,0.0010960667
9954,0.3166359,0.3155502,0.0010856797
9955,0.31662303,0.3155383,0.0010847348
9956,0.31665125,0.31554756,0.0011036806
9957,0.31667674,0.3155458,0.0011309213
9958,0.3167617,0.31554645,0.0012152505
9959,0.3168642,0.3155608,0.0013034019
9960,0.3170009,0.31556863,0.0014322668
9961,0.31702325,0.31557295,0.0014502972
9962,0.3169084,0.31554624,0.0013621415
9963,0.31674552,0.31553572,0.0012098027
9964,0.31663662,0.31551778,0.0011188469
9965,0.31659088,0.3155075,0.0010833753
9966,0.3165903,0.31550723,0.0010830925
9967,0.31660414,0.31549922,0.001104912
9968,0.31664887,0.31550217,0.0011467012
9969,0.31670576,0.3155016,0.0012041692
9970,0.31676987,0.315513,0.0012568287
9971,0.31686416,0.31552613,0.0013380221
9972,0.3169687,0.31553155,0.0014371395
9973,0.31707934,0.31554627,0.001533051
9974,0.3171381,0.3155474,0.0015907232
9975,0.31711194,0.3155361,0.0015758198
9976,0.31701303,0.31552145,0.0014915891
9977,0.31690076,0.31550494,0.0013958409
9978,0.3167769,0.3154893,0.0012876128
9979,0.31667897,0.31548795,0.0011910399
9980,0.31660077,0.3154729,0.0011278454
9981,0.31655416,0.31546855,0.0010856142
9982,0.31652313,0.31545022,0.0010729006
9983,0.31655544,0.3154579,0.0010975066
9984,0.3166081,0.3154618,0.0011462756
9985,0.31666407,0.31546593,0.0011981477
9986,0.31669158,0.31546593,0.0012256631
9987,0.31668875,0.3154602,0.0012285302
9988,0.316646,0.31544673,0.0011992842
9989,0.31661803,0.31544086,0.0011771617
9990,0.31656918,0.31543446,0.0011347182
9991,0.31652588,0.3154317,0.0010941466
9992,0.31650743,0.3154313,0.0010761243
9993,0.31651056,0.31542557,0.001084985
9994,0.31653532,0.31542805,0.0011072961
9995,0.3165876,0.31541935,0.0011682474
9996,0.31675276,0.31545132,0.0013014248
9997,0.3169601,0.31544834,0.0015117617
9998,0.31724027,0.31547856,0.0017617125
9999,0.31743634,0.31548953,0.0019468216
10000,0.31754553,0.31552294,0.0020225781
10001,0.31746116,0.3154963,0.0019648748
10002,0.3172488,0.3155032,0.0017455902
10003,0.31695816,0.31543717,0.0015209953
10004,0.31675872,0.31543455,0.00132417
10005,0.31660047,0.3154015,0.0011989811
10006,0.3165547,0.31541768,0.0011369996
10007,0.31649426,0.3154097,0.0010845808
10008,0.3164822,0.31539914,0.0010830469
10009,0.31663156,0.31540802,0.0012235515
10010,0.31695276,0.3154186,0.0015341823
10011,0.3172881,0.31545535,0.0018327531
10012,0.31758296,0.3154883,0.0020946295
10013,0.31776014,0.31553236,0.0022277676
10014,0.3176383,0.3155051,0.0021332297
10015,0.31724015,0.31544808,0.0017920472
10016,0.31682608,0.31538597,0.0014400843
10017,0.31651926,0.31537592,0.0011433476
10018,0.31644693,0.3153611,0.0010858234
10019,0.31666675,0.31537586,0.0012908806
10020,0.31698734,0.3154116,0.0015757361
10021,0.3172112,0.31541532,0.0017958904
10022,0.31734902,0.3154405,0.0019085197
10023,0.317298,0.31543082,0.0018671907
10024,0.3170787,0.3154087,0.0016700078
10025,0.31672615,0.31537196,0.0013541835
10026,0.31645307,0.31533518,0.0011178984
10027,0.31643167,0.31533045,0.0011012056
10028,0.31665763,0.31534243,0.0013152079
10029,0.3169281,0.31537673,0.001551355
10030,0.31698775,0.3153803,0.001607437
10031,0.31687155,0.31537357,0.0014979907
10032,0.31669533,0.31534824,0.0013471004
10033,0.31654218,0.3153411,0.0012011096
10034,0.31640324,0.3153164,0.0010868225
10035,0.3163909,0.3153027,0.0010881998
10036,0.31653005,0.31532437,0.001205666
10037,0.3166497,0.31533632,0.001313388
10038,0.31664947,0.3153375,0.0013119619
10039,0.31650555,0.3153175,0.0011880377
10040,0.31637692,0.3152983,0.0010786554
10041,0.3163906,0.31528944,0.0011011793
10042,0.31649727,0.31529993,0.0011973188
10043,0.3165323,0.315308,0.0012243075
10044,0.3164542,0.3152851,0.0011691168
10045,0.31634662,0.31526437,0.0010822337
10046,0.316352,0.31526694,0.0010850815
10047,0.31641594,0.31527442,0.0011415262
10048,0.3163971,0.31527016,0.0011269262
10049,0.31633455,0.31525964,0.0010748974
10050,0.31632787,0.31525815,0.0010697196
10051,0.31637892,0.31526616,0.0011127542
10052,0.31639105,0.31526074,0.0011303279
10053,0.31634173,0.31524208,0.0010996535
10054,0.31630662,0.31524134,0.0010652704
10055,0.31633464,0.3152437,0.0010909338
10056,0.3163826,0.31524098,0.0011416017
10057,0.31636474,0.31524393,0.0011208181
10058,0.3163231,0.31524324,0.0010798369
10059,0.31630135,0.31523693,0.0010644009
10060,0.31631744,0.3152316,0.0010858694
10061,0.31634027,0.31523764,0.0011026353
10062,0.31630948,0.31523147,0.001078008
10063,0.3162821,0.31521824,0.0010638407
10064,0.31629986,0.31522527,0.0010746028
10065,0.31631055,0.31522912,0.0010814543
10066,0.3162809,0.3152156,0.0010653175
10067,0.31627578,0.31521606,0.0010597224
10068,0.31628686,0.31520954,0.0010773169
10069,0.31629878,0.31521925,0.0010795328
10070,0.31627375,0.31521258,0.0010611995
10071,0.31626266,0.31520563,0.0010570107
10072,0.31628177,0.31520644,0.001075336
10073,0.3162783,0.31520134,0.0010769737
10074,0.31626925,0.31520617,0.001063088
10075,0.31626165,0.3151991,0.0010625415
10076,0.31627554,0.3152042,0.0010713516
10077,0.316258,0.31519407,0.0010639612
10078,0.31625012,0.31519258,0.0010575436
10079,0.31625912,0.3151935,0.0010656031
10080,0.31627002,0.3151938,0.0010762294
10081,0.31625363,0.31519037,0.0010632528
10082,0.31623855,0.3151828,0.0010557494
10083,0.31624648,0.31518415,0.0010623375
10084,0.3162466,0.3151875,0.001059076
10085,0.3162222,0.3151672,0.0010550164
10086,0.31622767,0.3151707,0.0010569796
10087,0.31622165,0.3151658,0.0010558625
10088,0.31622133,0.3151611,0.0010602294
10089,0.31622413,0.31517133,0.0010527985
10090,0.3162106,0.3151556,0.0010550187
10091,0.31621698,0.31515604,0.0010609187
10092,0.31621134,0.31515375,0.0010575888
10093,0.31619978,0.31514707,0.0010527099
10094,0.31620884,0.31514594,0.0010628946
10095,0.31622195,0.3151536,0.0010683332
10096,0.3162014,0.31514388,0.001057517
10097,0.31619555,0.31513858,0.0010569548
10098,0.31620225,0.3151416,0.0010606749
10099,0.31620178,0.3151363,0.0010654634
10100,0.31618893,0.31512827,0.001060641
10101,0.31617996,0.31512314,0.0010568209
10102,0.316191,0.3151297,0.0010612936
10103,0.31621274,0.31513795,0.0010747908
10104,0.3161932,0.31512442,0.0010687738
10105,0.31617266,0.3151144,0.0010582495
10106,0.3161622,0.31510782,0.0010543981
10107,0.31619436,0.31510282,0.00109154
10108,0.31632262,0.31512976,0.001192867
10109,0.31646863,0.31510815,0.0013604958
10110,0.31663635,0.31514663,0.0014897321
10111,0.31670487,0.315164,0.0015408545
10112,0.3166074,0.3151676,0.0014397622
10113,0.31662697,0.31513137,0.0014955869
10114,0.31665063,0.31517148,0.0014791621
10115,0.31655157,0.3151254,0.0014261567
10116,0.31637192,0.3151221,0.0012498046
10117,0.31618616,0.3150968,0.0010893834
10118,0.31615403,0.31508827,0.0010657642
10119,0.31628212,0.31510893,0.0011732068
10120,0.31633627,0.31509364,0.0012426612
10121,0.31631902,0.3150978,0.00122119
10122,0.31625718,0.31509727,0.0011599032
10123,0.31616256,0.3150798,0.0010827521
10124,0.3161212,0.31506386,0.0010573204
10125,0.3162012,0.3150845,0.0011167097
10126,0.31627136,0.31508973,0.0011816322
10127,0.31629556,0.3150714,0.001224171
10128,0.31633285,0.31507045,0.0012624009
10129,0.3164062,0.31506392,0.0013422646
10130,0.31646162,0.31507027,0.0013913462
10131,0.31651175,0.3150906,0.001421144
10132,0.31650046,0.3150978,0.0014026407
10133,0.31645015,0.31508395,0.0013662145
10134,0.3163831,0.3150667,0.0013163971
10135,0.31632054,0.31504956,0.0012709807
10136,0.3162087,0.31504163,0.001167031
10137,0.31609514,0.31502905,0.0010660989
10138,0.3161064,0.31502682,0.0010795802
10139,0.31619126,0.31502548,0.0011657716
10140,0.3162963,0.31504217,0.0012541574
10141,0.3163861,0.31506565,0.0013204541
10142,0.31645045,0.315062,0.0013884634
10143,0.31646788,0.3150433,0.0014245957
10144,0.31645912,0.3150323,0.0014268307
10145,0.31638756,0.31503385,0.0013537074
10146,0.31633738,0.31502423,0.0013131473
10147,0.3163418,0.31502646,0.0013153544
10148,0.31642053,0.31502685,0.0013936525
10149,0.31650987,0.3150255,0.0014843823
10150,0.3166274,0.31504503,0.0015823817
10151,0.31662926,0.31505287,0.0015763795
10152,0.31652197,0.3150297,0.001492277
10153,0.31638163,0.31501842,0.0013632226
10154,0.31627175,0.31499735,0.0012744162
10155,0.31622773,0.31498992,0.001237813
10156,0.31622484,0.31497696,0.001247867
10157,0.31626132,0.314999,0.0012622976
10158,0.31628537,0.31498718,0.0012982002
10159,0.31632295,0.3150087,0.0013142475
10160,0.3162792,0.31499052,0.0012886731
10161,0.31621557,0.31498626,0.001229315
10162,0.3161291,0.3149635,0.001165597
10163,0.31607983,0.31497252,0.0011073255
10164,0.31600583,0.314942,0.0010638215
10165,0.3160092,0.31495374,0.0010554554
10166,0.31602335,0.3149492,0.0010741379
10167,0.3160359,0.31494927,0.0010866192
10168,0.31604668,0.31495315,0.0010935458
10169,0.31601128,0.3149418,0.0010694856
10170,0.316013,0.3149496,0.0010633834
10171,0.31600142,0.31494245,0.0010589529
10172,0.31611368,0.31493977,0.0011739078
10173,0.31649286,0.31501558,0.0014772797
10174,0.3170066,0.3150362,0.0019703624
10175,0.3173469,0.3151123,0.0022346186
10176,0.3173948,0.3151172,0.0022775922
10177,0.31714123,0.31506342,0.002077796
10178,0.31672812,0.3149998,0.0017283373
10179,0.31640837,0.31496477,0.0014435804
10180,0.31611648,0.3149341,0.0011823921
10181,0.31599417,0.31493425,0.0010599045
10182,0.31604403,0.31491828,0.0011257755
10183,0.31621692,0.314935,0.0012819185
10184,0.31632626,0.31494588,0.001380405
10185,0.31632295,0.3149634,0.001359551
10186,0.31620044,0.31495416,0.0012462672
10187,0.3160137,0.31490967,0.0011040412
10188,0.31595013,0.31489706,0.0010530809
10189,0.31602547,0.3149065,0.0011189668
10190,0.31616545,0.314919,0.0012464583
10191,0.3162275,0.3149376,0.0012898962
10192,0.31610122,0.3148962,0.0012050348
10193,0.31596947,0.31488526,0.0010842095
10194,0.31592178,0.31487316,0.001048628
10195,0.3159722,0.31487775,0.0010944566
10196,0.3160728,0.31489944,0.0011733572
10197,0.3160291,0.31488648,0.0011426213
10198,0.31593996,0.3148754,0.0010645672
10199,0.31591627,0.3148546,0.0010616586
10200,0.31599388,0.31486937,0.0011244996
10201,0.31604803,0.3148826,0.0011654266
10202,0.31603605,0.31486103,0.001175005
10203,0.3160038,0.31485862,0.0011452048
10204,0.3159777,0.3148504,0.0011273229
10205,0.31595728,0.3148567,0.0011005709
10206,0.31591767,0.31484917,0.0010685172
10207,0.31589285,0.3148432,0.001049632
10208,0.3159441,0.3148474,0.0010966832
10209,0.31609678,0.31485304,0.0012437623
10210,0.31626704,0.31488037,0.001386657
10211,0.31631556,0.31487963,0.0014359427
10212,0.3162417,0.31487384,0.0013678729
10213,0.31610298,0.31484258,0.0012604207
10214,0.31595397,0.31483412,0.0011198638
10215,0.31587517,0.31481922,0.0010559662
10216,0.31599605,0.3148131,0.0011829557
10217,0.31622866,0.31484112,0.0013875266
10218,0.31645137,0.3148739,0.0015774466
10219,0.31641027,0.31487235,0.0015379172
10220,0.31618285,0.31481957,0.0013632694
10221,0.31596702,0.3148193,0.0011477254
10222,0.31586015,0.3148059,0.0010542592
10223,0.31592733,0.31481302,0.0011143151
10224,0.31603312,0.3148119,0.0012212383
10225,0.3162086,0.31480107,0.0014075518
10226,0.31659678,0.31486523,0.0017315557
10227,0.31710118,0.31489992,0.0022012542
10228,0.3177114,0.31491506,0.0027963477
10229,0.31865293,0.3150248,0.0036281378
10230,0.3197789,0.3151385,0.00464038
10231,0.32059154,0.31519112,0.0054004267
10232,0.32024458,0.31519067,0.0050538997
10233,0.3184421,0.3149866,0.0034555136
10234,0.3165828,0.31485277,0.0017300177
10235,0.31580436,0.3147605,0.0010438694
10236,0.31669292,0.31483874,0.001854175
10237,0.3188954,0.3150403,0.0038551285
10238,0.3207057,0.31519416,0.0055115456
10239,0.32010612,0.31513286,0.004973238
10240,0.31762978,0.31491628,0.0027134987
10241,0.3158996,0.31475914,0.0011404548
10242,0.31618348,0.3147769,0.0014065875
10243,0.3177897,0.31491756,0.0028721404
10244,0.31889498,0.31502548,0.0038694926
10245,0.31818345,0.31495953,0.0032239307
10246,0.31673566,0.31480348,0.001932177
10247,0.31587583,0.31474862,0.0011271917
10248,0.3159529,0.3147737,0.0011791755
10249,0.316695,0.31483898,0.0018560231
10250,0.31759858,0.31485915,0.002739438
10251,0.31788772,0.31487122,0.0030164837
10252,0.3170908,0.31482378,0.0022670166
10253,0.31611907,0.3147619,0.0013571756
10254,0.31579632,0.31474534,0.0010510052
10255,0.31595784,0.31475034,0.0012075016
10256,0.3162329,0.3147601,0.001472821
10257,0.31653315,0.31479174,0.0017414273
10258,0.31667575,0.31480032,0.0018754185
10259,0.3165523,0.31476375,0.001788561
10260,0.31614235,0.31473306,0.0014092784
10261,0.3157667,0.3147035,0.0010632041
10262,0.3158671,0.31470937,0.0011577427
10263,0.3163974,0.31474096,0.001656428
10264,0.31679174,0.31477168,0.002020081
10265,0.31657663,0.31476563,0.001810999
10266,0.31605002,0.31474742,0.0013026086
10267,0.31573528,0.31469432,0.0010409425
10268,0.3160551,0.31472766,0.0013274519
10269,0.3163801,0.31475136,0.0016287558
10270,0.3161123,0.31471878,0.0013935224
10271,0.31576574,0.31468502,0.0010807256
10272,0.3158041,0.31468895,0.0011151622
10273,0.31608215,0.31471586,0.0013662803
10274,0.31618267,0.31471178,0.0014709173
10275,0.31596726,0.31469256,0.0012747087
10276,0.31572393,0.31466374,0.0010601908
10277,0.3157848,0.31467444,0.0011103968
10278,0.31601372,0.31468102,0.0013327157
10279,0.31612393,0.31469095,0.0014329943
10280,0.31595775,0.3146808,0.0012769508
10281,0.31574124,0.3146637,0.0010775139
10282,0.31573322,0.31466264,0.0010705913
10283,0.31586364,0.31466916,0.001194488
10284,0.31591025,0.31466976,0.0012404941
10285,0.31578296,0.31465745,0.0011255279
10286,0.31569222,0.3146518,0.0010404283
10287,0.31581146,0.31465575,0.0011557161
10288,0.31596196,0.31466523,0.001296744
10289,0.31591186,0.31467894,0.0012329165
10290,0.3157097,0.31463984,0.0010698528
10291,0.31570423,0.31463897,0.0010652778
10292,0.31589133,0.31465727,0.0012340716
10293,0.31604818,0.31466702,0.0013811662
10294,0.315988,0.31467408,0.0013139038
10295,0.31575724,0.31463262,0.0011246257
10296,0.3156808,0.31461692,0.0010638852
10297,0.31572455,0.31461117,0.0011133869
10298,0.31584692,0.3146341,0.0012128017
10299,0.31574455,0.31462297,0.0011215758
10300,0.31567353,0.3146137,0.0010598197
10301,0.315644,0.31458992,0.0010540907
10302,0.31565812,0.3146034,0.0010547098
10303,0.31565157,0.3146047,0.0010468762
10304,0.31563252,0.31458753,0.0010449935
10305,0.3156309,0.31458783,0.0010430595
10306,0.31563702,0.31458795,0.0010490669
10307,0.3156423,0.31458598,0.0010563089
10308,0.31564552,0.31457874,0.0010667702
10309,0.31566596,0.31458947,0.0010764909
10310,0.31563342,0.31457594,0.0010574794
10311,0.3156184,0.3145768,0.0010416026
10312,0.31562236,0.31457496,0.0010474019
10313,0.31560224,0.31456077,0.0010414704
10314,0.31561798,0.3145705,0.0010474802
10315,0.3156137,0.31456578,0.0010478991
10316,0.31560335,0.31455567,0.0010476556
10317,0.3156154,0.31455374,0.0010616431
10318,0.3156251,0.31455773,0.0010673609
10319,0.3156078,0.31455392,0.0010538707
10320,0.31559798,0.31455415,0.0010438116
10321,0.31559855,0.3145458,0.001052748
10322,0.31560043,0.31454614,0.0010542802
10323,0.31559426,0.31454977,0.0010444953
10324,0.31558892,0.3145431,0.0010458279
10325,0.31558797,0.3145404,0.0010475932
10326,0.3155753,0.31453243,0.0010428474
10327,0.31557196,0.31452343,0.0010485221
10328,0.31558794,0.3145329,0.0010550332
10329,0.3155661,0.3145182,0.001047886
10330,0.31558174,0.31453475,0.0010469977
10331,0.31557578,0.31452236,0.0010534015
10332,0.31556416,0.3145095,0.0010546464
10333,0.31556305,0.31450936,0.0010537041
10334,0.3155631,0.31451362,0.0010494909
10335,0.3155412,0.31449348,0.0010477203
10336,0.31555378,0.3145062,0.0010476066
10337,0.31556353,0.31450775,0.001055759
10338,0.31554323,0.31449473,0.0010485128
10339,0.3155468,0.3145025,0.0010442847
10340,0.31553817,0.3144967,0.001041466
10341,0.31553388,0.3144885,0.0010453986
10342,0.31554043,0.31448987,0.0010505774
10343,0.3155469,0.31448895,0.0010579502
10344,0.3155402,0.31447902,0.001061148
10345,0.31553027,0.31449044,0.0010398186
10346,0.31555322,0.3144922,0.0010610016
10347,0.31557724,0.31448194,0.0010953082
10348,0.31560037,0.31448802,0.0011123316
10349,0.3155721,0.31449455,0.0010775601
10350,0.31551495,0.31447718,0.0010377628
10351,0.31554314,0.3144705,0.0010726502
10352,0.3155989,0.31449097,0.0011079236
10353,0.31552455,0.31447557,0.0010489898
10354,0.3155091,0.31446177,0.0010473488
10355,0.31556955,0.31447017,0.0010993779
10356,0.31559217,0.31447515,0.0011170175
10357,0.3155341,0.31444913,0.0010849948
10358,0.31548774,0.31443954,0.0010482182
10359,0.31549236,0.31444994,0.0010424291
10360,0.31551316,0.3144489,0.0010642636
10361,0.3155478,0.31443608,0.0011117015
10362,0.31555498,0.31444204,0.0011129424
10363,0.31551126,0.31443685,0.0010744242
10364,0.31546316,0.31442612,0.0010370181
10365,0.31549945,0.31443432,0.0010651269
10366,0.31554976,0.31442624,0.0011235283
10367,0.31553265,0.3144359,0.0010967457
10368,0.31546316,0.3144185,0.0010446447
10369,0.31548572,0.31441715,0.0010685513
10370,0.31551662,0.31442526,0.0010913716
10371,0.31551114,0.31442463,0.0010864969
10372,0.31546348,0.31441605,0.0010474336
10373,0.31544876,0.31440726,0.0010414909
10374,0.31548992,0.31441793,0.0010719879
10375,0.31553966,0.31443524,0.0011044148
10376,0.31551695,0.31441697,0.0010999881
10377,0.31546235,0.31440192,0.0010604141
10378,0.3154387,0.31439832,0.001040359
10379,0.31543925,0.31440178,0.0010374645
10380,0.315428,0.31439373,0.0010342667
10381,0.3154414,0.31438088,0.0010605125
10382,0.31545508,0.31439114,0.0010639455
10383,0.31545654,0.31439078,0.0010657834
10384,0.31542504,0.31438386,0.0010411668
10385,0.31540093,0.31437564,0.0010252929
10386,0.31540895,0.31437096,0.0010379842
10387,0.31544384,0.314382,0.0010618584
10388,0.31543446,0.31437492,0.0010595184
10389,0.31540045,0.31436643,0.0010340004
10390,0.315395,0.31436884,0.0010261631
10391,0.31542075,0.314366,0.0010547249
10392,0.31545326,0.31436795,0.0010853282
10393,0.31542167,0.31436327,0.0010583926
10394,0.31538627,0.3143542,0.0010320462
10395,0.31548932,0.31436744,0.001121865
10396,0.31545895,0.31435466,0.0011043149
10397,0.3153873,0.31435513,0.0010321668
10398,0.3155942,0.3143744,0.0012198159
10399,0.31570312,0.31436628,0.0013368411
10400,0.31550276,0.3143688,0.0011339547
10401,0.31543812,0.3143643,0.0010738062
10402,0.31560138,0.3143498,0.0012515804
10403,0.3156442,0.31438628,0.0012579476
10404,0.31550932,0.31436986,0.0011394672
10405,0.31536728,0.31433505,0.0010322342
10406,0.31540707,0.31434163,0.0010654323
10407,0.3154963,0.31436646,0.001129864
10408,0.31544524,0.3143588,0.0010864303
10409,0.31534335,0.31431466,0.0010286941
10410,0.3154092,0.3143307,0.0010785374
10411,0.315482,0.314362,0.0011200237
10412,0.31535867,0.31431192,0.001046766
10413,0.31534907,0.31430167,0.0010474185
10414,0.31540856,0.31431702,0.0010915186
10415,0.31536815,0.3143044,0.0010637373
10416,0.3153199,0.31429964,0.0010202562
10417,0.31534132,0.3142988,0.0010425146
10418,0.3153548,0.31429714,0.0010576532
10419,0.31533238,0.31429306,0.001039331
10420,0.31531125,0.3142881,0.0010231675
10421,0.31530285,0.31427652,0.0010263234
10422,0.31534788,0.31428844,0.0010594514
10423,0.315452,0.31429818,0.0011538332
10424,0.3155782,0.31429577,0.0012824255
10425,0.3157877,0.31430647,0.0014812339
10426,0.3159788,0.31434375,0.0016350506
10427,0.31591785,0.31434366,0.0015741913
10428,0.31560993,0.31429833,0.0013115791
10429,0.31534255,0.3142735,0.0010690282
10430,0.31531623,0.3142706,0.0010456217
10431,0.3156993,0.31430385,0.0013954586
10432,0.31614974,0.31434953,0.0018002024
10433,0.3159861,0.3143501,0.0016359978
10434,0.3155514,0.31428555,0.0012658613
10435,0.3152921,0.31426895,0.0010231601
10436,0.31544662,0.3142829,0.0011637376
10437,0.31582415,0.31431112,0.0015130447
10438,0.3158698,0.31432918,0.0015406332
10439,0.31572396,0.3142945,0.0014294856
10440,0.31551412,0.314311,0.0012031032
10441,0.3153179,0.31426,0.0010578902
10442,0.31538543,0.31424826,0.0011371587
10443,0.31571713,0.3142802,0.0014369207
10444,0.3156369,0.3142617,0.0013751999
10445,0.3153831,0.31425607,0.0011270336
10446,0.31527996,0.31425303,0.001026918
10447,0.31552935,0.31424502,0.0012843545
10448,0.31579134,0.31428558,0.0015057737
10449,0.31564045,0.31425923,0.0013812038
10450,0.31530008,0.3142425,0.0010575658
10451,0.31548202,0.31423897,0.0012430375
10452,0.31592497,0.31431517,0.0016097883
10453,0.3158033,0.31430212,0.0015011693
10454,0.31536648,0.31421223,0.001154238
10455,0.315271,0.31421477,0.0010562215
10456,0.3154944,0.31424457,0.0012498212
10457,0.3156051,0.31424835,0.0013567685
10458,0.31540462,0.31421462,0.0011900043
10459,0.31522906,0.31420025,0.0010288099
10460,0.3152908,0.31418684,0.0011039648
10461,0.3154483,0.3142201,0.0012281972
10462,0.31539205,0.31419373,0.0011983218
10463,0.31523812,0.31417692,0.0010611892
10464,0.31520504,0.3141753,0.0010297152
10465,0.31527597,0.3141845,0.0010914833
10466,0.31523317,0.31418136,0.0010517942
10467,0.31519645,0.31416917,0.0010272989
10468,0.31521854,0.31416604,0.0010524879
10469,0.3152386,0.31418434,0.0010542509
10470,0.3151936,0.3141629,0.0010307048
10471,0.31520027,0.31416473,0.0010355574
10472,0.31526244,0.31417328,0.001089182
10473,0.3154002,0.31416154,0.0012386681
10474,0.3153778,0.3141696,0.0012082066
10475,0.3152204,0.31414315,0.0010772296
10476,0.31515273,0.31412697,0.0010257587
10477,0.31524035,0.31414506,0.0010952987
10478,0.3153151,0.3141416,0.0011734811
10479,0.31525058,0.31414396,0.0011066126
10480,0.3151493,0.31411818,0.001031112
10481,0.31515008,0.31411138,0.001038708
10482,0.31520882,0.3141237,0.0010851126
10483,0.31521815,0.3141219,0.0010962567
10484,0.31514838,0.31411424,0.001034148
10485,0.3151214,0.3141023,0.001019113
10486,0.3151633,0.3141,0.0010633073
10487,0.31517535,0.31409967,0.0010756825
10488,0.31514603,0.31410113,0.0010449132
10489,0.31511047,0.31409428,0.0010162201
10490,0.3151331,0.31410038,0.0010327083
10491,0.31515902,0.314099,0.0010600087
10492,0.31514835,0.31409147,0.0010568615
10493,0.31512183,0.3140833,0.001038511
10494,0.3151076,0.31408563,0.0010219795
10495,0.3150977,0.3140777,0.0010199754
10496,0.3151121,0.3140844,0.00102771
10497,0.31511503,0.31408042,0.0010346158
10498,0.31510666,0.3140785,0.0010281479
10499,0.3151031,0.314078,0.0010251192
10500,0.31509936,0.3140752,0.0010241626
10501,0.3150993,0.31407076,0.0010285374
10502,0.31510398,0.3140724,0.0010315673
10503,0.31509906,0.3140677,0.0010313753
10504,0.3151788,0.31407082,0.0011079988
10505,0.31530288,0.31408936,0.0012135442
10506,0.31518456,0.314062,0.0011225513
10507,0.31509376,0.3140556,0.001038168
10508,0.31518528,0.31406668,0.0011186022
10509,0.31512272,0.31405398,0.0010687532
10510,0.31508645,0.3140509,0.0010355664
10511,0.31513217,0.31405294,0.0010792271
10512,0.3151372,0.3140489,0.0010883281
10513,0.31511503,0.31405327,0.0010617606
10514,0.3150785,0.31404898,0.0010295077
10515,0.31506798,0.31403488,0.0010330996
10516,0.31510496,0.314053,0.0010519561
10517,0.31511882,0.31406662,0.0010521866
10518,0.31505445,0.31402934,0.0010251161
10519,0.31508723,0.31404698,0.0010402387
10520,0.31514362,0.31406495,0.0010786483
10521,0.31512892,0.314041,0.001087941
10522,0.3151068,0.3140256,0.0010812093
10523,0.31507117,0.31401974,0.00105143
10524,0.3150379,0.3140156,0.0010223164
10525,0.31504256,0.31401566,0.0010269072
10526,0.3150602,0.31401938,0.001040796
10527,0.31506684,0.31401837,0.0010484727
10528,0.31507817,0.31403515,0.0010430205
10529,0.3150435,0.31401333,0.0010301765
10530,0.31501663,0.3140031,0.0010135167
10531,0.3150344,0.31401148,0.0010228811
10532,0.31504554,0.31401372,0.0010318256
10533,0.3150267,0.31400323,0.0010234746
10534,0.31501755,0.31399244,0.0010251045
10535,0.3150185,0.31399515,0.0010233496
10536,0.3150267,0.31400084,0.0010258574
10537,0.31504163,0.31399336,0.0010482657
10538,0.3150794,0.31399152,0.0010878626
10539,0.3150962,0.3139893,0.0011068878
10540,0.3151044,0.3140222,0.0010821873
10541,0.31505814,0.31400618,0.0010519512
10542,0.31501156,0.3139813,0.0010302505
10543,0.31502348,0.3139852,0.001038296
10544,0.31501836,0.3139726,0.0010457622
10545,0.3150407,0.31397563,0.0010650812
10546,0.3150503,0.3139707,0.0010795944
10547,0.3151822,0.31399965,0.0011825785
10548,0.315277,0.3140368,0.0012402071
10549,0.31540596,0.31403008,0.0013759041
10550,0.31547344,0.31400725,0.0014661846
10551,0.31552202,0.31399137,0.0015306504
10552,0.31541103,0.31401345,0.0013975523
10553,0.31523246,0.31399566,0.0012367873
10554,0.3151522,0.31399807,0.0011540963
10555,0.3150267,0.31395888,0.0010677946
10556,0.31504545,0.31397155,0.001073889
10557,0.315007,0.31395307,0.0010539421
10558,0.31500128,0.3139626,0.001038662
10559,0.31498235,0.31394753,0.0010348271
10560,0.31498536,0.31394872,0.0010366384
10561,0.31497383,0.31394398,0.0010298595
10562,0.31497282,0.3139374,0.0010354083
10563,0.31500915,0.31395525,0.0010538937
10564,0.31499645,0.31392452,0.0010719468
10565,0.3150907,0.313937,0.0011536821
10566,0.31517258,0.31395173,0.0012208379
10567,0.3151803,0.3139489,0.0012314001
10568,0.315067,0.31397808,0.0010889398
10569,0.3149946,0.31392968,0.0010649251
10570,0.31512684,0.3139303,0.0011965443
10571,0.31543192,0.3139979,0.0014340153
10572,0.31546086,0.3139874,0.0014734555
10573,0.31516054,0.31391495,0.0012455864
10574,0.315015,0.31390065,0.0011143411
10575,0.31491974,0.31389472,0.0010250331
10576,0.31491998,0.3138851,0.0010348824
10577,0.31498638,0.31388658,0.0010997953
10578,0.31504533,0.31389228,0.001153043
10579,0.31512508,0.3138968,0.001228259
10580,0.3152619,0.31391957,0.0013423128
10581,0.31542033,0.31393898,0.0014813509
10582,0.31549403,0.3139243,0.0015697244
10583,0.31541595,0.31391218,0.0015037607
10584,0.3151908,0.3138811,0.0013096932
10585,0.3149834,0.31387088,0.0011125315
10586,0.31487086,0.31384844,0.0010224229
10587,0.31492078,0.31385717,0.00106363
10588,0.3150984,0.3138683,0.001230086
10589,0.31527534,0.31390482,0.0013705173
10590,0.3151192,0.31386042,0.0012587903
10591,0.31489018,0.3138361,0.0010540901
10592,0.31488827,0.31383255,0.0010557177
10593,0.3150658,0.3138583,0.0012074874
10594,0.31513655,0.31386498,0.0012715785
10595,0.31498262,0.31384203,0.0011405884
10596,0.3148636,0.3138347,0.0010288795
10597,0.31492674,0.31383955,0.0010871977
10598,0.31504852,0.3138508,0.0011977332
10599,0.3150356,0.31384346,0.0011921702
10600,0.31489885,0.3138258,0.0010730636
10601,0.314836,0.3138063,0.0010296877
10602,0.3149188,0.313825,0.0010937586
10603,0.3149627,0.3138276,0.0011350877
10604,0.31490025,0.31382784,0.0010724146
10605,0.31482932,0.31380305,0.0010262951
10606,0.31486323,0.31380472,0.0010585177
10607,0.31492817,0.313814,0.0011141517
10608,0.31492728,0.31380588,0.0011213956
10609,0.3148604,0.31380352,0.0010568599
10610,0.31481493,0.31378403,0.0010309161
10611,0.31488523,0.313796,0.0010892119
10612,0.3148275,0.31378257,0.0010449402
10613,0.31482592,0.31377965,0.0010462652
10614,0.31488177,0.3137995,0.0010822729
10615,0.31498984,0.31380498,0.0011848345
10616,0.314959,0.31378552,0.0011734754
10617,0.31490365,0.31378597,0.0011176884
10618,0.31482652,0.31379065,0.0010358577
10619,0.31485286,0.31377062,0.0010822546
10620,0.31483635,0.31378385,0.0010524825
10621,0.31480137,0.3137521,0.0010492575
10622,0.3148423,0.31377485,0.001067455
10623,0.31498465,0.3137535,0.0012311616
10624,0.31507322,0.31377184,0.0013013885
10625,0.315002,0.31376308,0.0012389154
10626,0.31498182,0.3137915,0.0011902846
10627,0.31489545,0.31374297,0.0011524818
10628,0.3149061,0.31376174,0.0011443703
10629,0.3149157,0.3137457,0.0011699689
10630,0.31501028,0.3137783,0.0012319618
10631,0.31506336,0.3137434,0.0013199511
10632,0.31520748,0.3137868,0.0014206816
10633,0.3151894,0.31375703,0.0014323648
10634,0.3150791,0.313769,0.0013100911
10635,0.3149295,0.31372225,0.0012072304
10636,0.31485882,0.3137234,0.0011354362
10637,0.3147984,0.31371424,0.0010841833
10638,0.31477016,0.31372026,0.0010498835
10639,0.31476906,0.31370926,0.001059803
10640,0.31480208,0.31370518,0.001096891
10641,0.3148403,0.31370747,0.0011328127
10642,0.3148536,0.3137086,0.0011450043
10643,0.31487563,0.313713,0.0011626225
10644,0.31486565,0.31371078,0.0011548821
10645,0.31481484,0.31369066,0.0011241774
10646,0.31476858,0.3136972,0.001071369
10647,0.31471425,0.31368598,0.0010282538
10648,0.3147265,0.31368864,0.0010378634
10649,0.31471935,0.31368977,0.0010295894
10650,0.31470564,0.31367522,0.0010304067
10651,0.31471914,0.31368375,0.0010353929
10652,0.31477255,0.31369105,0.0010814887
10653,0.3148389,0.3137076,0.00113132
10654,0.31484166,0.3136916,0.0011500907
10655,0.3147762,0.31368294,0.0010932509
10656,0.31469676,0.3136695,0.0010272495
10657,0.3148992,0.3137111,0.0011881115
10658,0.31508693,0.31370533,0.0013816017
10659,0.31509843,0.31372276,0.0013756752
10660,0.3148333,0.31368297,0.0011503214
10661,0.31467992,0.31365162,0.0010282851
10662,0.31490356,0.31370157,0.0012019682
10663,0.31511164,0.31368384,0.0014277918
10664,0.3150559,0.31370893,0.0013469808
10665,0.3147471,0.3136587,0.0010883868
10666,0.31468692,0.31365278,0.0010341436
10667,0.31486833,0.31366754,0.0012007887
10668,0.31533378,0.31368536,0.001648414
10669,0.3160462,0.3138074,0.0022387994
10670,0.31594497,0.31381175,0.0021332044
10671,0.3151602,0.31367314,0.001487079
10672,0.31470698,0.31365153,0.0010554226
10673,0.31570047,0.31368303,0.0020174563
10674,0.31735122,0.31393534,0.0034158942
10675,0.31795695,0.31399137,0.0039655706
10676,0.3168999,0.31390417,0.0029957152
10677,0.3153041,0.31373447,0.0015696449
10678,0.31465718,0.31361714,0.0010400491
10679,0.3157328,0.31379542,0.0019374067
10680,0.3172487,0.3139176,0.0033310861
10681,0.31740016,0.31389636,0.0035038036
10682,0.31610605,0.3137478,0.0023582745
10683,0.31475645,0.31362677,0.0011297002
10684,0.31520292,0.31366718,0.0015357303
10685,0.31674248,0.3138029,0.0029396066
10686,0.31702608,0.31379977,0.0032263086
10687,0.31576747,0.31370553,0.002061933
10688,0.31467536,0.3136139,0.0010614824
10689,0.31556767,0.3136382,0.0019294545
10690,0.3170263,0.3138443,0.0031819853
10691,0.31627887,0.31384298,0.002435893
10692,0.3147064,0.31360042,0.0011059468
10693,0.3153392,0.31364307,0.0016961619
10694,0.317169,0.3138295,0.0033394904
10695,0.31714314,0.31387886,0.0032642703
10696,0.3151427,0.31365922,0.0014834634
10697,0.3149066,0.31364062,0.0012659861
10698,0.3160282,0.31376386,0.00226436
10699,0.31538674,0.31367996,0.0017068051
10700,0.31459594,0.31355408,0.0010418302
10701,0.31539133,0.31370264,0.0016887039
10702,0.31522042,0.31367427,0.0015461402
10703,0.3146379,0.31358883,0.0010490477
10704,0.3149213,0.31359112,0.0013301695
10705,0.3151104,0.31364664,0.0014637208
10706,0.31478482,0.31363174,0.0011530862
10707,0.31466177,0.31354246,0.0011193233
10708,0.31512564,0.31363273,0.0014929171
10709,0.31493255,0.31361085,0.0013217109
10710,0.31455365,0.31352085,0.0010327905
10711,0.3148252,0.31359327,0.0012319402
10712,0.31493676,0.31358883,0.0013479363
10713,0.31464282,0.3135545,0.0010883335
10714,0.31464237,0.31353194,0.001110438
10715,0.31483406,0.31357753,0.0012565202
10716,0.3146709,0.31353745,0.0011334398
10717,0.3145475,0.31350833,0.001039197
10718,0.31471732,0.31354317,0.0011741493
10719,0.3147024,0.3135697,0.0011326761
10720,0.31452942,0.31349993,0.001029501
10721,0.3145763,0.3135215,0.0010547929
10722,0.31458673,0.3135156,0.0010711069
10723,0.31453568,0.31349564,0.0010400187
10724,0.3145449,0.3135095,0.0010353678
10725,0.3145462,0.3135174,0.0010287837
10726,0.31451634,0.31348884,0.0010274876
10727,0.3145463,0.3135136,0.0010326952
10728,0.31453326,0.31349716,0.0010361158
10729,0.31450656,0.31348056,0.0010259921
10730,0.31453055,0.31349188,0.001038659
10731,0.31452617,0.3134884,0.0010377758
10732,0.31450957,0.3134758,0.0010337753
10733,0.31449702,0.3134739,0.0010231236
10734,0.3145198,0.31347927,0.0010405139
10735,0.3145018,0.31346706,0.0010347327
10736,0.31450555,0.31347018,0.0010353492
10737,0.3145119,0.31346807,0.0010438128
10738,0.31449687,0.31346014,0.0010367234
10739,0.31450126,0.3134595,0.0010417702
10740,0.3144815,0.31345206,0.0010294311
10741,0.31450477,0.313458,0.0010467531
10742,0.3145251,0.31346408,0.0010610487
10743,0.3145176,0.3134572,0.0010604054
10744,0.31448865,0.31345177,0.0010369003
10745,0.31446412,0.3134385,0.0010256064
10746,0.3144758,0.31344473,0.0010310845
10747,0.31447813,0.31344047,0.0010376663
10748,0.3145268,0.3134433,0.0010834895
10749,0.31457096,0.31345698,0.0011139925
10750,0.31454995,0.31343517,0.0011147987
10751,0.31447995,0.31342998,0.0010499479
10752,0.3144543,0.31343034,0.0010239413
10753,0.3144803,0.31343845,0.0010418724
10754,0.31450567,0.31344062,0.001065044
10755,0.31445694,0.31342664,0.001030286
10756,0.31446424,0.3134186,0.0010456571
10757,0.31454492,0.31343165,0.001113244
10758,0.31455302,0.31344643,0.0011065943
10759,0.31446025,0.3134214,0.0010388453
10760,0.31447104,0.3134288,0.0010422429
10761,0.31445447,0.3134144,0.0010400659
10762,0.3144632,0.31342274,0.0010404446
10763,0.31445125,0.31341863,0.0010326086
10764,0.3144514,0.31342676,0.0010246548
10765,0.31444794,0.313413,0.0010349448
10766,0.3145057,0.31340292,0.0011027779
10767,0.31454498,0.3134268,0.0011181755
10768,0.31452516,0.31341287,0.0011123003
10769,0.31451845,0.3134029,0.0011155694
10770,0.3145263,0.31342414,0.0011021536
10771,0.31446365,0.3133951,0.0010685215
10772,0.31441203,0.3133806,0.0010314179
10773,0.3144305,0.31339896,0.0010315327
10774,0.31441987,0.3133811,0.0010387718
10775,0.31446305,0.31338826,0.0010747688
10776,0.31444588,0.3133862,0.0010596749
10777,0.31442928,0.31336966,0.0010596333
10778,0.31441978,0.31337976,0.0010399977
10779,0.31441006,0.313371,0.0010390441
10780,0.3143926,0.3133697,0.0010228965
10781,0.31438032,0.31336153,0.0010187853
10782,0.3143974,0.31337175,0.0010256327
10783,0.31438714,0.3133631,0.0010240332
10784,0.31439134,0.31336167,0.0010296827
10785,0.31436968,0.31334135,0.0010283182
10786,0.31437135,0.3133465,0.0010248712
10787,0.31437996,0.31335178,0.0010281833
10788,0.31436712,0.31334642,0.0010207217
10789,0.31436276,0.3133408,0.0010219287
10790,0.31437513,0.3133415,0.0010336401
10791,0.3143798,0.313333,0.0010468019
10792,0.3143889,0.31334668,0.0010422103
10793,0.31436256,0.31332996,0.0010325741
10794,0.31436175,0.31333613,0.0010256169
10795,0.31434578,0.31332254,0.0010232262
10796,0.3143434,0.31332392,0.0010194669
10797,0.31435034,0.31332308,0.0010272617
10798,0.31435812,0.31331077,0.0010473555
10799,0.31437552,0.31332123,0.0010543016
10800,0.3143821,0.31331533,0.0010667971
10801,0.3143926,0.31332,0.0010725647
10802,0.3143569,0.31329823,0.0010586707
10803,0.3143494,0.3133107,0.0010386902
10804,0.31431967,0.31329733,0.0010223378
10805,0.3143229,0.31330138,0.0010214979
10806,0.31431577,0.31328875,0.0010270149
10807,0.31433928,0.31330213,0.0010371435
10808,0.31434995,0.3133001,0.0010498454
10809,0.31434715,0.31330314,0.001044011
10810,0.3143334,0.3132948,0.001038615
10811,0.3143045,0.3132816,0.0010229159
10812,0.31429243,0.31327784,0.0010145905
10813,0.31427768,0.313266,0.0010116444
10814,0.3142859,0.31327575,0.0010101391
10815,0.3142754,0.31326643,0.0010089695
10816,0.3142888,0.31327727,0.0010115225
10817,0.31428054,0.31326604,0.0010144818
10818,0.31430382,0.3132722,0.0010316164
10819,0.31432363,0.31327167,0.001051937
10820,0.314348,0.3132693,0.0010787083
10821,0.31434864,0.3132693,0.0010793466
10822,0.31432706,0.31326264,0.0010644275
10823,0.31429628,0.31325722,0.0010390615
10824,0.31426427,0.31324583,0.001018449
10825,0.31425774,0.31324822,0.0010095022
10826,0.3142653,0.31324866,0.0010166491
10827,0.31427717,0.3132448,0.0010324003
10828,0.31430367,0.31325617,0.001047482
10829,0.3142893,0.3132406,0.0010487249
10830,0.31426755,0.31324133,0.0010261999
10831,0.3142452,0.31322914,0.0010160666
10832,0.3142505,0.31322062,0.0010298826
10833,0.31427544,0.3132385,0.0010369433
10834,0.31424996,0.31322315,0.0010267941
10835,0.3142399,0.31322116,0.0010187262
10836,0.3142567,0.3132307,0.0010260064
10837,0.3142539,0.31321764,0.0010362568
10838,0.314261,0.31322828,0.0010327359
10839,0.31423557,0.31320813,0.0010274432
10840,0.31429762,0.31321898,0.0010786224
10841,0.3144936,0.31327057,0.0012230321
10842,0.31451797,0.31322023,0.0012977363
10843,0.31436363,0.3132293,0.0011343558
10844,0.31425416,0.313217,0.0010371536
10845,0.3142919,0.3132186,0.0010733234
10846,0.31439632,0.31323296,0.0011633809
10847,0.31439987,0.31323412,0.0011657464
10848,0.31427097,0.31320086,0.0010701193
10849,0.31421807,0.31319886,0.0010191951
10850,0.31427783,0.3132088,0.0010690617
10851,0.31431988,0.31320283,0.0011170431
10852,0.3143066,0.3132025,0.0011040935
10853,0.3142224,0.31318027,0.0010421415
10854,0.3141992,0.31317648,0.0010227477
10855,0.3142305,0.31316805,0.0010624515
10856,0.3142845,0.31318277,0.0011017392
10857,0.31431362,0.3131857,0.001127918
10858,0.31425396,0.31317526,0.0010787041
10859,0.3141955,0.31316417,0.0010313501
10860,0.3142025,0.3131641,0.0010384036
10861,0.31425652,0.3131688,0.0010877257
10862,0.3143397,0.3131963,0.0011433981
10863,0.3143173,0.31318948,0.0011278031
10864,0.3142331,0.31317204,0.0010610365
10865,0.3141739,0.31314895,0.0010249632
10866,0.3142128,0.31316346,0.0010493258
10867,0.31426212,0.31317696,0.0010851462
10868,0.31420895,0.3131609,0.0010480719
10869,0.31416354,0.31313533,0.0010281916
10870,0.314247,0.3131591,0.0010878856
10871,0.3142869,0.31316617,0.0011207315
10872,0.3142195,0.3131538,0.001065713
10873,0.31416398,0.313135,0.0010289776
10874,0.31426144,0.31315252,0.0011089174
10875,0.3143363,0.3131678,0.001168464
10876,0.31426996,0.31315705,0.0011129004
10877,0.31415772,0.31311774,0.0010399793
10878,0.3141325,0.31311494,0.0010175745
10879,0.31416932,0.31313285,0.0010364761
10880,0.31417298,0.31311482,0.0010581596
10881,0.31417182,0.31310034,0.0010714728
10882,0.31418994,0.31311268,0.0010772648
10883,0.31414542,0.31309754,0.0010478733
10884,0.31412748,0.31309524,0.001032247
10885,0.31411293,0.3130924,0.0010205369
10886,0.31410426,0.31308904,0.0010152087
10887,0.3141099,0.31308717,0.0010227017
10888,0.3141421,0.31309563,0.0010464598
10889,0.31422028,0.31308866,0.0011316084
10890,0.31436425,0.31308994,0.0012743254
10891,0.31452954,0.31309572,0.0014338336
10892,0.31459293,0.3131152,0.0014777264
10893,0.3145704,0.31312373,0.0014466615
10894,0.31447703,0.3131208,0.0013562299
10895,0.31436568,0.31308648,0.0012791959
10896,0.31427053,0.31307724,0.0011933002
10897,0.31420323,0.3130731,0.0011301287
10898,0.31417894,0.31306916,0.0011097826
10899,0.3141869,0.3130642,0.0011227139
10900,0.31424358,0.31307575,0.0011678211
10901,0.31426537,0.31306466,0.0012007072
10902,0.3142607,0.31305704,0.0012036692
10903,0.31422347,0.31306186,0.0011616123
10904,0.31415612,0.3130461,0.0011100289
10905,0.31412998,0.3130486,0.0010813947
10906,0.31411856,0.31304476,0.0010738175
10907,0.31414288,0.31304702,0.0010958614
10908,0.31416652,0.31303656,0.0011299778
10909,0.31423014,0.31304854,0.0011815907
10910,0.31422082,0.3130433,0.0011774985
10911,0.31418595,0.31304157,0.0011443641
10912,0.31412572,0.31302518,0.0011005398
10913,0.31406713,0.31302652,0.0010405926
10914,0.3140199,0.3130119,0.0010079902
10915,0.31406468,0.31301746,0.0010472244
10916,0.31416115,0.3130268,0.001134369
10917,0.31423655,0.31303924,0.0011973124
10918,0.3142354,0.31302097,0.0012144328
10919,0.31417954,0.31301522,0.0011643264
10920,0.31404984,0.31301165,0.0010381894
10921,0.31403154,0.31300366,0.0010278985
10922,0.31408185,0.31300196,0.0010798887
10923,0.31404892,0.31300128,0.00104762
10924,0.31403708,0.31301412,0.0010229617
10925,0.31403166,0.3130032,0.0010284482
10926,0.3140253,0.3130002,0.0010251035
10927,0.31404597,0.3130139,0.0010320442
10928,0.31401908,0.31299505,0.0010240126
10929,0.31400585,0.3129805,0.0010253303
10930,0.31404632,0.31299552,0.0010508166
10931,0.3140116,0.31297356,0.001038037
10932,0.31401196,0.312986,0.0010259523
10933,0.31404647,0.3129836,0.0010628608
10934,0.31403714,0.3129778,0.0010593722
10935,0.3140278,0.31299078,0.001036986
10936,0.3140568,0.31299305,0.0010637683
10937,0.3140675,0.3129801,0.0010874176
10938,0.31409192,0.31300753,0.001084416
10939,0.31405407,0.31299716,0.0010568994
10940,0.3139936,0.31295893,0.0010346838
10941,0.31408504,0.312981,0.0011040289
10942,0.31417155,0.31301266,0.0011588754
10943,0.31412157,0.31296805,0.0011535303
10944,0.3140711,0.3129515,0.0011195879
10945,0.31401753,0.3129578,0.0010597495
10946,0.313944,0.31292468,0.0010193442
10947,0.31399918,0.31293273,0.0010664411
10948,0.31407478,0.31295148,0.0011233069
10949,0.31408325,0.31293806,0.0011451916
10950,0.31406674,0.31294316,0.0011235612
10951,0.3140302,0.312939,0.0010912027
10952,0.31397194,0.31292742,0.0010445275
10953,0.3139407,0.31291237,0.0010283166
10954,0.31392765,0.31291333,0.0010143232
10955,0.31391993,0.31290215,0.0010177623
10956,0.3139144,0.31289515,0.0010192654
10957,0.31392464,0.3128985,0.0010261599
10958,0.31392822,0.31289467,0.0010335451
10959,0.31392735,0.31289622,0.0010311272
10960,0.3139221,0.3128882,0.0010339064
10961,0.31392,0.31288156,0.0010384396
10962,0.31395447,0.31289116,0.0010633336
10963,0.3139794,0.31289098,0.0010884113
10964,0.31401163,0.31288826,0.0011233697
10965,0.31400865,0.31289136,0.001117268
10966,0.31395224,0.3128815,0.001070736
10967,0.313901,0.31287062,0.0010303833
10968,0.31387547,0.3128595,0.0010159513
10969,0.3138797,0.31286418,0.0010155253
10970,0.31388465,0.31286234,0.001022327
10971,0.3139025,0.31286016,0.0010423255
10972,0.3139183,0.31286216,0.0010561364
10973,0.31391943,0.3128577,0.0010617392
10974,0.31389207,0.3128624,0.0010296674
10975,0.31387424,0.31285444,0.0010198113
10976,0.3138859,0.31284815,0.0010377363
10977,0.3138891,0.31286433,0.001024744
10978,0.31388906,0.31286463,0.0010244371
10979,0.31386045,0.31284755,0.0010129011
10980,0.31388593,0.31285554,0.0010303784
10981,0.31391308,0.31286335,0.0010497216
10982,0.3138923,0.31283557,0.0010567417
10983,0.313912,0.31285083,0.0010611856
10984,0.31386343,0.31283617,0.0010272542
10985,0.31383944,0.3128254,0.0010140407
10986,0.31386873,0.31285456,0.0010141723
10987,0.31384727,0.31283465,0.0010126429
10988,0.3138386,0.31283122,0.001007364
10989,0.31384474,0.31282943,0.0010152946
10990,0.31383288,0.31282613,0.0010067597
10991,0.31382933,0.31282234,0.0010069779
10992,0.31383452,0.31282434,0.0010101537
10993,0.3138157,0.31281492,0.001000793
10994,0.31381807,0.31281596,0.0010021005
10995,0.31381086,0.31280607,0.0010047862
10996,0.3138075,0.3128053,0.0010021727
10997,0.3138082,0.3128032,0.0010049881
10998,0.31381282,0.31280863,0.0010041904
10999,0.31380418,0.3127992,0.0010050011
11000,0.31380108,0.31279394,0.0010071422
11001,0.3138068,0.31280136,0.0010054307
11002,0.3138059,0.3127994,0.0010065266
11003,0.31379712,0.31278747,0.0010096492
11004,0.31380555,0.3127958,0.0010097588
11005,0.31380424,0.31278816,0.0010160888
11006,0.31379524,0.31277797,0.0010172899
11007,0.31379783,0.3127797,0.0010181323
11008,0.31378946,0.31277704,0.0010124098
11009,0.31378603,0.31277633,0.0010097123
11010,0.3137874,0.3127723,0.001015086
11011,0.31380618,0.3127675,0.0010386456
11012,0.31386715,0.31277037,0.0010967972
11013,0.31390604,0.31278044,0.0011256051
11014,0.31388208,0.3127706,0.0011114727
11015,0.31383252,0.31276566,0.0010668787
11016,0.31381664,0.31276366,0.0010529695
11017,0.31377625,0.3127504,0.0010258646
11018,0.3137638,0.31274495,0.0010188769
11019,0.31379196,0.31275722,0.0010347439
11020,0.31381762,0.31274757,0.0010700667
11021,0.3138756,0.31275243,0.0011231487
11022,0.31394374,0.3127526,0.001191137
11023,0.314148,0.31276354,0.0013844632
11024,0.31461406,0.31280196,0.001812101
11025,0.315389,0.31289065,0.0024983403
11026,0.31621745,0.3129848,0.0032326565
11027,0.31696093,0.31304392,0.003917017
11028,0.3175793,0.3131259,0.004453396
11029,0.31774,0.31308,0.0046599885
11030,0.31718358,0.31300673,0.004176865
11031,0.3157183,0.3129001,0.00281817
11032,0.31424406,0.31276524,0.0014788213
11033,0.31374535,0.31271487,0.0010304671
11034,0.31418857,0.31274495,0.0014436224
11035,0.31504092,0.3128297,0.002211204
11036,0.31543118,0.31286255,0.0025686529
11037,0.31482285,0.31283656,0.0019862833
11038,0.31385812,0.3127098,0.0011483135
11039,0.31385565,0.31270754,0.0011481037
11040,0.31472638,0.31279755,0.0019288596
11041,0.31532818,0.312819,0.0025091835
11042,0.31484044,0.31281853,0.0020219164
11043,0.31392878,0.31271622,0.0012125544
11044,0.3138066,0.31269348,0.0011131393
11045,0.31443033,0.31276178,0.001668532
11046,0.3148605,0.31277388,0.0020866184
11047,0.3144549,0.31275904,0.0016958916
11048,0.3138216,0.31268808,0.0011335533
11049,0.31377405,0.31269267,0.0010814046
11050,0.3141529,0.3127139,0.0014389876
11051,0.31429687,0.31274706,0.0015498002
11052,0.31382036,0.3126841,0.0011362601
11053,0.31375515,0.3126826,0.0010725688
11054,0.31412965,0.3127056,0.0014240235
11055,0.3142935,0.31274295,0.0015505377
11056,0.31388527,0.31269673,0.001188562
11057,0.3137399,0.31264934,0.0010905685
11058,0.3144129,0.31273258,0.0016803214
11059,0.31432915,0.3127362,0.001592933
11060,0.31383103,0.31266916,0.0011618899
11061,0.31370032,0.31264603,0.0010543005
11062,0.31403533,0.3126888,0.001346539
11063,0.31402305,0.3126851,0.0013379275
11064,0.31366673,0.312642,0.0010247382
11065,0.31394315,0.31264985,0.0012932837
11066,0.31434372,0.3126965,0.0016472384
11067,0.31424624,0.31270787,0.0015383589
11068,0.31382635,0.31263614,0.0011902194
11069,0.3136291,0.31261736,0.0010117283
11070,0.3138902,0.3126393,0.0012508776
11071,0.31445602,0.3126975,0.001758523
11072,0.31470424,0.3127021,0.0020021503
11073,0.31429455,0.31266597,0.0016285665
11074,0.31377202,0.3126134,0.001158618
11075,0.31362733,0.3126092,0.0010181491
11076,0.31385687,0.31261754,0.0012393413
11077,0.31423557,0.31264114,0.0015944109
11078,0.3144137,0.31267017,0.0017435469
11079,0.31418946,0.31265432,0.0015351437
11080,0.31380007,0.31261456,0.001185507
11081,0.3135945,0.31257766,0.0010168216
11082,0.3138029,0.312592,0.0012108975
11083,0.31427756,0.31264958,0.0016279917
11084,0.31454915,0.312666,0.0018831413
11085,0.31422967,0.3126446,0.001585074
11086,0.31374612,0.31257978,0.0011663542
11087,0.31359363,0.31256595,0.0010276621
11088,0.31387538,0.31258544,0.0012899204
11089,0.31430656,0.31263915,0.0016674189
11090,0.3143284,0.31264055,0.0016878385
11091,0.31390557,0.31258163,0.0013239406
11092,0.3135728,0.31255296,0.0010198371
11093,0.313945,0.31258634,0.0013586581
11094,0.3147586,0.3126856,0.0020729704
11095,0.31497377,0.3126945,0.0022792995
11096,0.31423843,0.31263128,0.0016071784
11097,0.31358886,0.31256413,0.0010247186
11098,0.31410846,0.3126028,0.0015056634
11099,0.31515738,0.31273794,0.0024194224
11100,0.31518668,0.3127539,0.002432784
11101,0.31410074,0.3126184,0.0014823375
11102,0.31354183,0.31251878,0.0010230786
11103,0.3141912,0.31264323,0.0015479589
11104,0.31459123,0.31266886,0.0019223901
11105,0.31416148,0.31261817,0.0015433077
11106,0.31359926,0.31251395,0.0010852918
11107,0.313612,0.31254146,0.0010705461
11108,0.31383103,0.31255966,0.0012713617
11109,0.31367603,0.31251,0.0011660184
11110,0.31352636,0.31250146,0.0010249077
11111,0.31368896,0.31252816,0.0011608091
11112,0.31373492,0.31251276,0.0012221371
11113,0.31358773,0.31249487,0.0010928682
11114,0.3135096,0.3124829,0.0010267243
11115,0.31363177,0.31248778,0.0011439907
11116,0.31378844,0.31249434,0.0012940922
11117,0.3138064,0.31251028,0.0012961216
11118,0.31360123,0.31249088,0.0011103556
11119,0.31350893,0.31247523,0.0010336954
11120,0.3136313,0.31248406,0.001147227
11121,0.31372413,0.3124902,0.0012339447
11122,0.31366548,0.31249222,0.001173264
11123,0.31353632,0.31248143,0.0010548917
11124,0.31349903,0.312459,0.0010400359
11125,0.3135943,0.31247237,0.0011219578
11126,0.31357723,0.31248322,0.0010940238
11127,0.31347114,0.31244984,0.0010212886
11128,0.31351367,0.31245452,0.0010591276
11129,0.31363153,0.3124664,0.0011651269
11130,0.3136605,0.31246516,0.0011953183
11131,0.3136211,0.31244552,0.0011755947
11132,0.3135203,0.31244725,0.0010730535
11133,0.31345263,0.31243974,0.0010129104
11134,0.31349367,0.31244338,0.0010502856
11135,0.31348222,0.3124375,0.0010447236
11136,0.3134621,0.31243917,0.001022943
11137,0.31346986,0.31243792,0.0010319636
11138,0.31346285,0.31242722,0.0010356118
11139,0.31345245,0.31242839,0.0010240444
11140,0.31346253,0.31243637,0.0010261594
11141,0.31345475,0.31241924,0.0010355165
11142,0.31349763,0.31243038,0.0010672645
11143,0.31352457,0.3124298,0.0010947682
11144,0.31355476,0.31241134,0.0011434171
11145,0.31355235,0.31242964,0.0011227065
11146,0.31344473,0.3124077,0.0010370153
11147,0.31343722,0.3124083,0.001028928
11148,0.3134801,0.31240466,0.0010754518
11149,0.31350583,0.31239957,0.0011062587
11150,0.3134909,0.3124046,0.0010862888
11151,0.31343344,0.31240374,0.0010297054
11152,0.3134069,0.31238666,0.001020252
11153,0.31362054,0.31239107,0.0012294593
11154,0.3140396,0.31246704,0.0015725344
11155,0.31408754,0.31243828,0.0016492645
11156,0.31373233,0.3124133,0.001318997
11157,0.31343263,0.3124024,0.0010302386
11158,0.3134923,0.31239906,0.0010932216
11159,0.31368813,0.31242225,0.0012658832
11160,0.31369913,0.31243387,0.0012652595
11161,0.31350875,0.31241876,0.0010899899
11162,0.31339687,0.31237254,0.0010243297
11163,0.31348544,0.3123963,0.0010891368
11164,0.31352276,0.3123996,0.0011231707
11165,0.3134202,0.31237808,0.0010421468
11166,0.31338507,0.31235802,0.0010270466
11167,0.31348687,0.3123969,0.0010899592
11168,0.3134908,0.31238925,0.0011015448
11169,0.31339332,0.31235588,0.0010374595
11170,0.31337366,0.3123523,0.0010213668
11171,0.3134019,0.3123686,0.0010332905
11172,0.3133641,0.312348,0.0010160739
11173,0.31335828,0.3123375,0.0010208052
11174,0.31337774,0.31235123,0.0010265018
11175,0.31337288,0.31234086,0.0010320379
11176,0.31335267,0.31233472,0.0010179636
11177,0.3133671,0.31234038,0.0010267049
11178,0.3133596,0.31232926,0.0010303084
11179,0.31335214,0.3123261,0.0010260121
11180,0.31334418,0.31232503,0.0010191319
11181,0.3133387,0.31231856,0.0010201416
11182,0.31334403,0.31232044,0.0010235881
11183,0.31334972,0.31232166,0.0010280538
11184,0.313342,0.31231812,0.0010238695
11185,0.31333646,0.3123142,0.001022275
11186,0.31333965,0.31231165,0.0010279969
11187,0.31334174,0.31231555,0.0010261834
11188,0.31333134,0.31230754,0.0010238012
11189,0.31332856,0.31230623,0.0010223419
11190,0.3133616,0.31230876,0.0010528086
11191,0.3134756,0.31231347,0.0011621509
11192,0.31378555,0.3123287,0.001456861
11193,0.31424692,0.31238297,0.0018639595
11194,0.31461188,0.3123818,0.0022300752
11195,0.3146953,0.3124008,0.0022945101
11196,0.31430954,0.31237715,0.0019323872
11197,0.31379148,0.31231874,0.0014727265
11198,0.31337875,0.31230208,0.0010766608
11199,0.3134484,0.3122972,0.0011512127
11200,0.31399128,0.31235304,0.0016382389
11201,0.31462976,0.31237617,0.0022535971
11202,0.31498337,0.312447,0.0025363467
11203,0.31458858,0.3123654,0.002223169
11204,0.31389004,0.31229538,0.001594664
11205,0.31337032,0.31228548,0.0010848282
11206,0.3133747,0.3122791,0.0010956026
11207,0.31377205,0.31229594,0.0014761232
11208,0.31428123,0.31231385,0.0019673589
11209,0.31454197,0.31239143,0.0021505184
11210,0.31425747,0.31232348,0.0019339833
11211,0.31379482,0.31227404,0.0015208024
11212,0.31342223,0.3122875,0.0011347147
11213,0.31328642,0.3122488,0.0010376192
11214,0.3134463,0.31225452,0.0011917729
11215,0.3135612,0.31226996,0.0012912552
11216,0.31350282,0.3123016,0.0012012136
11217,0.3133396,0.31226924,0.0010703225
11218,0.31329134,0.31224042,0.0010509318
11219,0.31339383,0.3122697,0.0011241417
11220,0.31338984,0.3122975,0.0010923484
11221,0.3132715,0.31223658,0.0010349327
11222,0.31332895,0.3122555,0.0010734344
11223,0.31339845,0.31230018,0.0010982685
11224,0.31330177,0.31226048,0.0010412906
11225,0.31327188,0.31223226,0.0010396091
11226,0.31346288,0.31230658,0.0011563195
11227,0.31364518,0.3123038,0.001341383
11228,0.31359732,0.31222975,0.001367578
11229,0.31342053,0.31223428,0.0011862566
11230,0.31326514,0.31222054,0.0010446077
11231,0.31369078,0.31225893,0.0014318491
11232,0.31409404,0.31230372,0.0017903174
11233,0.31358713,0.31223318,0.0013539642
11234,0.3132529,0.3122257,0.0010271871
11235,0.3135225,0.3122353,0.0012871722
11236,0.31375042,0.3122156,0.0015348457
11237,0.3137037,0.3122725,0.0014312044
11238,0.31337634,0.31225035,0.0011259842
11239,0.31326613,0.3122174,0.0010487044
11240,0.31344622,0.31221703,0.0012291826
11241,0.3135814,0.31225598,0.0013254344
11242,0.31343684,0.3122306,0.001206267
11243,0.31319344,0.3121623,0.0010311331
11244,0.31325257,0.312186,0.0010665808
11245,0.31335086,0.31218696,0.0011638906
11246,0.31335962,0.31217626,0.0011833579
11247,0.31324267,0.3121596,0.0010830781
11248,0.31316113,0.31215492,0.0010062184
11249,0.3132136,0.3121621,0.0010514794
11250,0.31322175,0.31214258,0.0010791685
11251,0.31323737,0.31215423,0.001083155
11252,0.31325412,0.31215784,0.0010962744
11253,0.31324622,0.3121468,0.0010994362
11254,0.31325668,0.31214592,0.0011107523
11255,0.3132497,0.31213972,0.0011100026
11256,0.31318057,0.312141,0.0010395764
11257,0.31316,0.31214666,0.0010133218
11258,0.31319293,0.3121379,0.0010550454
11259,0.31324935,0.31213334,0.00111598
11260,0.31335032,0.31215566,0.0011946695
11261,0.3133722,0.3121791,0.0011931334
11262,0.31326336,0.31213802,0.0011253296
11263,0.31318134,0.3121245,0.0010568248
11264,0.3131497,0.3121186,0.0010310976
11265,0.31311968,0.3121141,0.0010055915
11266,0.31313002,0.31211442,0.001015597
11267,0.31314602,0.3121101,0.001035914
11268,0.31315008,0.31211042,0.00103965
11269,0.31317306,0.31211242,0.0010606503
11270,0.31317943,0.31211072,0.001068718
11271,0.31319445,0.3121125,0.0010819436
11272,0.31314948,0.31210312,0.0010463607
11273,0.31310716,0.31209868,0.0010085056
11274,0.31311873,0.3121017,0.0010170197
11275,0.3131446,0.31210023,0.0010443646
11276,0.31311905,0.3121001,0.0010189181
11277,0.3131518,0.3121005,0.0010513025
11278,0.31333426,0.31210855,0.0012256943
11279,0.313457,0.31217206,0.0012849342
11280,0.31323934,0.31214654,0.0010927792
11281,0.31309557,0.31208348,0.0010120671
11282,0.31318897,0.31214073,0.0010482357
11283,0.31315988,0.31211075,0.0010491296
11284,0.31308472,0.31207252,0.0010122058
11285,0.31317055,0.3121136,0.001056932
11286,0.31310397,0.31207818,0.0010258043
11287,0.31308228,0.3120685,0.0010137638
11288,0.31312367,0.31208637,0.0010372757
11289,0.31307137,0.3120543,0.0010170761
11290,0.31311247,0.31206098,0.001051466
11291,0.31314033,0.31207108,0.0010692648
11292,0.31311184,0.31204492,0.001066907
11293,0.31320783,0.31210157,0.0011062413
11294,0.31322032,0.3120762,0.0011440942
11295,0.31321898,0.31204888,0.0011700918
11296,0.31316978,0.31204405,0.0011257408
11297,0.31309435,0.31203213,0.001062213
11298,0.31305715,0.31202763,0.0010295147
11299,0.31306586,0.31204012,0.0010257529
11300,0.31307223,0.3120221,0.0010501487
11301,0.31313428,0.31202462,0.0011096701
11302,0.31316206,0.31201443,0.001147635
11303,0.31319654,0.31202668,0.0011698643
11304,0.31319004,0.31203145,0.0011585947
11305,0.3131194,0.31201798,0.0011014318
11306,0.31315872,0.31200996,0.0011487718
11307,0.31321782,0.3120077,0.0012101164
11308,0.31327865,0.31201515,0.001263501
11309,0.31329092,0.31203434,0.0012565714
11310,0.31333944,0.31201968,0.0013197449
11311,0.31338033,0.31202996,0.0013503721
11312,0.31332353,0.31202036,0.0013031575
11313,0.31311792,0.31201908,0.0010988243
11314,0.31307396,0.3120148,0.0010591814
11315,0.313061,0.3120193,0.0010417204
11316,0.31307885,0.31198892,0.0010899203
11317,0.31327614,0.31201765,0.0012584829
11318,0.31355488,0.31203458,0.0015203273
11319,0.313903,0.3120702,0.0018328184
11320,0.31385645,0.31203166,0.0018247801
11321,0.31357002,0.31203386,0.0015361717
11322,0.31313404,0.31198525,0.0011487642
11323,0.31298295,0.31197095,0.0010119977
11324,0.3129794,0.31194746,0.0010319533
11325,0.31314734,0.31199706,0.0011502855
11326,0.31323716,0.31197363,0.0012635232
11327,0.31322488,0.31197053,0.0012543447
11328,0.3130975,0.3119488,0.0011487113
11329,0.31296566,0.31194615,0.0010194909
11330,0.31301966,0.31195357,0.0010661095
11331,0.31324208,0.31196144,0.0012806384
11332,0.31333286,0.3119841,0.0013487439
11333,0.31308842,0.31196398,0.0011244358
11334,0.31295946,0.3119524,0.001007031
11335,0.3130825,0.31195578,0.0011266917
11336,0.31318378,0.31196246,0.0012213395
11337,0.3130568,0.31194183,0.0011149578
11338,0.31293723,0.311932,0.0010052496
11339,0.31300068,0.31193808,0.0010625981
11340,0.31317392,0.31195226,0.0012216724
11341,0.31329286,0.31195062,0.0013422308
11342,0.31315726,0.31194812,0.00120916
11343,0.31294128,0.31192976,0.0010115387
11344,0.31302044,0.3119337,0.0010867274
11345,0.3132535,0.311936,0.001317513
11346,0.31332362,0.31194425,0.0013793895
11347,0.31309134,0.311934,0.0011573366
11348,0.3129128,0.3119148,0.000998001
11349,0.31307873,0.31192768,0.0011510558
11350,0.31326512,0.31194872,0.001316385
11351,0.31320974,0.31193653,0.001273208
11352,0.31297413,0.3119138,0.001060341
11353,0.31292444,0.31190377,0.0010206746
11354,0.31307867,0.31191218,0.0011665042
11355,0.31309727,0.31190822,0.0011890631
11356,0.31294703,0.3119008,0.00104624
11357,0.31289765,0.31188953,0.0010081159
11358,0.3130132,0.31190684,0.0011063522
11359,0.3130277,0.31190106,0.0011266334
11360,0.312951,0.31189537,0.0010556395
11361,0.31288958,0.31188756,0.0010020231
11362,0.31291786,0.31188774,0.001030099
11363,0.31296945,0.31188956,0.0010799002
11364,0.3129513,0.3118885,0.0010628359
11365,0.31290767,0.31187293,0.0010347409
11366,0.3128656,0.31187215,0.0009934471
11367,0.3128887,0.3118677,0.0010209954
11368,0.3129259,0.31188044,0.0010454472
11369,0.31287363,0.31185946,0.001014174
11370,0.31285965,0.31186134,0.0009983351
11371,0.31287724,0.31186154,0.0010156867
11372,0.3128775,0.3118606,0.001016917
11373,0.31286114,0.3118601,0.001001003
11374,0.3128588,0.31185782,0.0010009746
11375,0.31286347,0.31185097,0.0010125011
11376,0.31286827,0.3118552,0.0010130475
11377,0.3128539,0.3118515,0.0010023791
11378,0.3128417,0.31184497,0.0009967239
11379,0.31284377,0.3118367,0.0010070754
11380,0.31286436,0.31184453,0.0010198357
11381,0.3128532,0.31183797,0.0010152229
11382,0.3128401,0.31183952,0.0010006013
11383,0.31283465,0.31184375,0.0009908914
11384,0.31283805,0.3118357,0.0010023391
11385,0.31285465,0.31184098,0.0010136574
11386,0.31283936,0.31183326,0.0010060986
11387,0.31282756,0.3118349,0.0009926675
11388,0.3128313,0.311836,0.0009953033
11389,0.3128442,0.31182826,0.0010159413
11390,0.31283927,0.31182787,0.001011412
11391,0.31280565,0.31181344,0.0009922085
11392,0.31281266,0.31182238,0.0009902762
11393,0.31280583,0.31181034,0.0009954674
11394,0.3127977,0.3118087,0.0009889929
11395,0.31282398,0.3118211,0.001002863
11396,0.3128474,0.31181228,0.0010351306
11397,0.31283808,0.31180632,0.0010317571
11398,0.31281665,0.31180716,0.0010095168
11399,0.31280014,0.3118112,0.0009889466
11400,0.312796,0.31179935,0.000996653
11401,0.31281742,0.31180438,0.001013055
11402,0.31279972,0.31179038,0.0010093481
11403,0.31277868,0.3117858,0.0009928851
11404,0.3127743,0.31178844,0.0009858536
11405,0.31277803,0.31178305,0.0009949816
11406,0.31278494,0.31178445,0.0010004769
11407,0.3127789,0.3117815,0.0009973954
11408,0.31276834,0.31177807,0.0009902639
11409,0.3127606,0.3117712,0.0009893529
11410,0.31276074,0.31176937,0.0009913791
11411,0.3127621,0.31177214,0.000989958
11412,0.31276006,0.31176624,0.0009938186
11413,0.31275505,0.31176278,0.0009922867
11414,0.31275794,0.31176293,0.0009949871
11415,0.31276414,0.31177202,0.0009921276
11416,0.31274873,0.31175196,0.0009967567
11417,0.31274906,0.31176034,0.0009887277
11418,0.31273958,0.31175086,0.0009887229
11419,0.31273702,0.31175137,0.0009856597
11420,0.31272617,0.31174335,0.0009828093
11421,0.31272888,0.31174454,0.000984329
11422,0.31272542,0.31174067,0.0009847551
11423,0.31273004,0.3117428,0.0009872264
11424,0.31271416,0.3117291,0.0009850725
11425,0.3127239,0.31173548,0.0009884249
11426,0.31272033,0.31173256,0.0009877629
11427,0.3127206,0.31173247,0.0009881184
11428,0.3127073,0.31171674,0.0009905933
11429,0.31271216,0.3117213,0.0009908517
11430,0.3127088,0.31171986,0.0009889537
11431,0.31272784,0.3117202,0.0010076462
11432,0.31280833,0.31172454,0.0010837797
11433,0.31304106,0.31174785,0.001293197
11434,0.3134618,0.31176478,0.0016970614
11435,0.31393468,0.31183213,0.0021025427
11436,0.3140461,0.3118437,0.0022024151
11437,0.31378758,0.31180546,0.001982123
11438,0.3133701,0.31175283,0.0016173047
11439,0.31307018,0.31172967,0.0013405108
11440,0.31296527,0.31172344,0.0012418285
11441,0.31301552,0.3117221,0.0012934093
11442,0.31323743,0.31173423,0.0015031958
11443,0.31362224,0.31176844,0.0018537936
11444,0.31403375,0.31179506,0.0022387004
11445,0.31414235,0.3118221,0.0023202554
11446,0.3138078,0.31176388,0.002043898
11447,0.31342164,0.31176493,0.0016566941
11448,0.31312478,0.31171438,0.0014104068
11449,0.3130082,0.3117096,0.0012985813
11450,0.31301126,0.31170145,0.0013098186
11451,0.3131059,0.31171235,0.0013935321
11452,0.3132832,0.31171647,0.001566741
11453,0.31349987,0.3117463,0.00175358
11454,0.31374863,0.31173941,0.0020092286
11455,0.3140385,0.31180766,0.0022308403
11456,0.31418565,0.31179652,0.0023891274
11457,0.3139965,0.31179628,0.002200219
11458,0.31350866,0.31173143,0.0017772156
11459,0.31314158,0.31170258,0.0014389877
11460,0.31291792,0.31168807,0.001229855
11461,0.31281558,0.31166723,0.0011483326
11462,0.31273443,0.31166112,0.0010733036
11463,0.31269738,0.31166258,0.0010347895
11464,0.31274,0.3116581,0.0010818926
11465,0.31291077,0.31167942,0.0012313683
11466,0.3132853,0.31168136,0.001603929
11467,0.31375578,0.3117458,0.0020100093
11468,0.3140208,0.31176397,0.0022568575
11469,0.31393123,0.31178674,0.0021444736
11470,0.31355748,0.3117109,0.0018465624
11471,0.3131898,0.31168228,0.0015075182
11472,0.31277987,0.31164214,0.0011377439
11473,0.31260303,0.3116222,0.0009808094
11474,0.31267866,0.31162935,0.0010493014
11475,0.3128534,0.31161842,0.001235003
11476,0.31305525,0.3116697,0.0013855245
11477,0.31306976,0.31165758,0.0014121861
11478,0.31287935,0.31163418,0.0012451744
11479,0.31272742,0.3116204,0.001107025
11480,0.3126346,0.31161502,0.0010195645
11481,0.31257913,0.31160474,0.00097438635
11482,0.31267437,0.3116091,0.0010652915
11483,0.31298634,0.3116335,0.0013528505
11484,0.31342208,0.31164196,0.0017801268
11485,0.31375447,0.3117172,0.0020372616
11486,0.31366694,0.3116866,0.001980359
11487,0.31323406,0.31165996,0.0015741062
11488,0.31269613,0.3116015,0.0010946353
11489,0.312598,0.31159225,0.0010057528
11490,0.31292292,0.311611,0.0013119396
11491,0.3131445,0.3116062,0.0015382944
11492,0.31295404,0.31163442,0.0013196294
11493,0.3126289,0.31158546,0.001043435
11494,0.31255522,0.31157252,0.0009827109
11495,0.31261548,0.31157538,0.0010400924
11496,0.31270713,0.31157994,0.0011271628
11497,0.31276706,0.3115926,0.001174457
11498,0.31264767,0.31157005,0.0010776222
11499,0.3125232,0.3115505,0.00097270374
11500,0.31260544,0.3115572,0.0010482381
11501,0.31276223,0.31155613,0.0012060988
11502,0.31284305,0.31158686,0.0012561921
11503,0.31275865,0.31157318,0.0011854714
11504,0.31260937,0.31155166,0.0010577047
11505,0.31252313,0.31154725,0.00097587064
11506,0.31257498,0.31155336,0.0010216178
11507,0.3126233,0.3115462,0.0010770855
11508,0.3126,0.31153566,0.0010643431
11509,0.3125535,0.31152958,0.0010239249
11510,0.31251565,0.31152627,0.0009893903
11511,0.3124935,0.31151652,0.0009769999
11512,0.31252292,0.3115247,0.0009982054
11513,0.31256327,0.31151506,0.0010482062
11514,0.31259602,0.31152764,0.001068406
11515,0.31261736,0.3115175,0.0010998531
11516,0.31261963,0.31152457,0.0010950642
11517,0.31255415,0.3115134,0.0010407495
11518,0.3124854,0.31150568,0.0009797246
11519,0.3125051,0.31151047,0.0009946215
11520,0.31259072,0.3115085,0.0010821956
11521,0.31268927,0.31153113,0.0011581356
11522,0.31272262,0.311517,0.0012056323
11523,0.3126714,0.31152356,0.001147824
11524,0.31258526,0.31151342,0.0010718303
11525,0.3125003,0.31149355,0.001006769
11526,0.31247696,0.3114894,0.0009875835
11527,0.31248158,0.3114952,0.0009863843
11528,0.31250402,0.31148967,0.0010143378
11529,0.31257093,0.31149784,0.0010730847
11530,0.3126648,0.311507,0.0011578237
11531,0.31267542,0.31150284,0.0011725773
11532,0.31260914,0.31149083,0.0011182999
11533,0.31251606,0.31148687,0.0010292084
11534,0.31245932,0.3114681,0.0009912312
11535,0.31243944,0.3114659,0.00097356143
11536,0.31243467,0.3114606,0.0009740408
11537,0.3124505,0.31146085,0.0009896471
11538,0.31244335,0.31145915,0.00098418
11539,0.3124312,0.3114532,0.0009779719
11540,0.31243044,0.311456,0.000974435
11541,0.3124284,0.3114541,0.00097432267
11542,0.3124271,0.31144896,0.0009781475
11543,0.3124273,0.31145012,0.0009772016
11544,0.31242582,0.31144473,0.0009810815
11545,0.312428,0.31144404,0.0009839736
11546,0.31242377,0.3114444,0.0009793544
11547,0.31241357,0.3114347,0.0009788877
11548,0.31241104,0.311427,0.0009840394
11549,0.31242374,0.31143674,0.0009869932
11550,0.31240538,0.31142467,0.0009807192
11551,0.31241927,0.31143326,0.000985994
11552,0.31240252,0.31142092,0.0009816033
11553,0.31239837,0.3114156,0.0009827451
11554,0.31239814,0.31141448,0.0009836397
11555,0.31240103,0.3114143,0.0009867289
11556,0.3123866,0.31140423,0.0009823897
11557,0.31238776,0.31140497,0.0009828054
11558,0.31239522,0.31140813,0.0009870775
11559,0.31238753,0.31140092,0.0009865891
11560,0.31238312,0.31140125,0.0009818827
11561,0.31237867,0.31139427,0.000984398
11562,0.3123793,0.31139556,0.0009837449
11563,0.3123773,0.31139553,0.000981782
11564,0.3123857,0.31140113,0.0009845871
11565,0.31237707,0.31139198,0.0009850883
11566,0.31235206,0.31136972,0.0009823606
11567,0.3123637,0.31138083,0.0009828585
11568,0.31236193,0.31137756,0.0009843762
11569,0.31235716,0.3113699,0.0009872608
11570,0.31236538,0.3113753,0.0009901014
11571,0.31235626,0.31136546,0.0009908112
11572,0.31236517,0.31137115,0.0009940099
11573,0.31237113,0.3113735,0.0009976305
11574,0.31234726,0.31135753,0.0009897166
11575,0.31234482,0.31135896,0.0009858607
11576,0.31234995,0.31136164,0.0009882782
11577,0.31234738,0.31136242,0.0009849513
11578,0.31233746,0.31135386,0.0009836003
11579,0.3123318,0.311348,0.0009837935
11580,0.3123294,0.31134555,0.0009838461
11581,0.3123455,0.31134757,0.0009979282
11582,0.3124061,0.31134567,0.001060414
11583,0.31254998,0.3113598,0.0011901985
11584,0.3126407,0.31136888,0.0012718162
11585,0.3126117,0.31137338,0.0012383147
11586,0.31247225,0.31134972,0.0011225219
11587,0.3123334,0.3113415,0.0009919086
11588,0.31237042,0.31134167,0.0010287587
11589,0.31247723,0.31134546,0.0011317551
11590,0.31250426,0.31134775,0.0011565186
11591,0.3124792,0.31134602,0.0011331756
11592,0.31243998,0.31134978,0.0010902068
11593,0.31237212,0.3113287,0.0010434131
11594,0.31232867,0.3113259,0.0010027587
11595,0.31231126,0.31131962,0.0009916269
11596,0.31232288,0.31131515,0.0010077211
11597,0.3124168,0.3113233,0.0010935199
11598,0.3126297,0.31134698,0.001282738
11599,0.3128323,0.3113585,0.0014737893
11600,0.3128424,0.31134054,0.0015018622
11601,0.31273696,0.31134602,0.001390955
11602,0.31253955,0.31131452,0.0012250241
11603,0.31234905,0.31131035,0.0010386851
11604,0.3122974,0.31130642,0.0009909616
11605,0.31241497,0.311309,0.001105966
11606,0.31260753,0.31131515,0.0012923543
11607,0.3127098,0.31133562,0.0013741847
11608,0.3126244,0.31132972,0.0012946625
11609,0.31240776,0.31128806,0.0011197166
11610,0.31227937,0.31128162,0.0009977476
11611,0.3123406,0.31128478,0.001055815
11612,0.31263706,0.31131104,0.001326022
11613,0.3128391,0.31131634,0.0015227441
11614,0.3126959,0.3113138,0.001382094
11615,0.31233448,0.3112804,0.0010540811
11616,0.31230542,0.3112649,0.0010405234
11617,0.3125486,0.3112951,0.0012535274
11618,0.3126227,0.31131768,0.00130502
11619,0.31245357,0.3112956,0.0011579794
11620,0.3122532,0.31125066,0.0010025643
11621,0.31237486,0.31126904,0.0011058396
11622,0.31282938,0.31130108,0.0015282885
11623,0.31307027,0.31133172,0.0017385524
11624,0.31275013,0.3112908,0.0014593566
11625,0.3123186,0.311242,0.0010765973
11626,0.31223845,0.3112357,0.001002765
11627,0.31240258,0.3112594,0.0011431864
11628,0.3125266,0.3112815,0.0012450904
11629,0.31245014,0.31126392,0.0011862043
11630,0.3122827,0.3112409,0.0010418029
11631,0.31222507,0.31122345,0.0010016224
11632,0.31241244,0.3112613,0.001151139
11633,0.31247336,0.31124336,0.0012300002
11634,0.31233194,0.31123444,0.0010975059
11635,0.31219724,0.31121016,0.0009870946
11636,0.31227037,0.3112166,0.0010537839
11637,0.31241205,0.31124178,0.0011702589
11638,0.31234357,0.3112303,0.0011132682
11639,0.31219319,0.31119564,0.0009975306
11640,0.31221277,0.3111902,0.001022565
11641,0.31244102,0.31123555,0.0012054848
11642,0.3124702,0.31123105,0.0012391408
11643,0.31232187,0.3112122,0.0011096718
11644,0.3121961,0.31118864,0.0010074622
11645,0.31215855,0.31118533,0.00097323087
11646,0.3122004,0.31119114,0.001009265
11647,0.31221354,0.31118542,0.0010281245
11648,0.31217504,0.31118658,0.0009884663
11649,0.3121314,0.31116134,0.0009700673
11650,0.3121803,0.3111766,0.0010037136
11651,0.31217834,0.3111723,0.001006019
11652,0.31214502,0.31116354,0.0009814779
11653,0.31213573,0.31116486,0.0009708547
11654,0.31214464,0.31116664,0.0009780048
11655,0.31214914,0.31116542,0.0009837148
11656,0.31213436,0.31116062,0.00097373436
11657,0.31212744,0.3111568,0.0009706432
11658,0.312126,0.3111474,0.0009786263
11659,0.312131,0.3111503,0.0009806722
11660,0.31212324,0.31114867,0.0009745754
11661,0.31211045,0.3111352,0.0009752555
11662,0.31212074,0.31114724,0.0009735138
11663,0.31212148,0.31113574,0.0009857478
11664,0.31217143,0.31114343,0.0010280025
11665,0.31227842,0.31115207,0.0011263472
11666,0.31234533,0.31114754,0.0011977657
11667,0.31240764,0.3111771,0.001230539
11668,0.31234893,0.3111592,0.0011897166
11669,0.31226692,0.31114194,0.00112497
11670,0.3122014,0.3111351,0.0010662952
11671,0.3121492,0.31112716,0.0010220231
11672,0.31215626,0.31113818,0.0010180622
11673,0.31220976,0.31113464,0.0010751087
11674,0.31231338,0.3111387,0.0011747056
11675,0.31246048,0.31113937,0.0013211219
11676,0.3125857,0.31115383,0.0014318619
11677,0.31262195,0.31115684,0.0014651087
11678,0.31258002,0.3111705,0.0014095452
11679,0.31248745,0.31115213,0.001335335
11680,0.31238115,0.31113297,0.0012481839
11681,0.31234798,0.31111878,0.001229201
11682,0.3123168,0.31111863,0.0011981738
11683,0.31230998,0.31110308,0.0012069166
11684,0.31237215,0.31113338,0.0012387575
11685,0.31244054,0.3111181,0.0013224351
11686,0.3125668,0.31113133,0.0014354562
11687,0.31264937,0.31112766,0.0015217056
11688,0.31265175,0.31113818,0.001513572
11689,0.31255916,0.31112978,0.0014293613
11690,0.31243485,0.31111586,0.0013189785
11691,0.3123166,0.31109655,0.001220051
11692,0.3122339,0.31109738,0.0011365134
11693,0.3121847,0.31108063,0.0011040721
11694,0.312188,0.31108168,0.0011063061
11695,0.3122353,0.31108642,0.0011488817
11696,0.31227985,0.311095,0.001184841
11697,0.312295,0.31108323,0.0012117589
11698,0.31225628,0.31107792,0.0011783757
11699,0.31218264,0.3110669,0.001115754
11700,0.31210577,0.31106007,0.001045706
11701,0.31206843,0.31104824,0.001020198
11702,0.31205276,0.31105164,0.0010011245
11703,0.31205887,0.311044,0.0010148693
11704,0.31207004,0.31105074,0.0010193189
11705,0.31209958,0.31104133,0.0010582446
11706,0.3121332,0.31105033,0.0010828491
11707,0.312181,0.3110479,0.0011330819
11708,0.31218728,0.31104672,0.0011405477
11709,0.31216234,0.311034,0.0011283433
11710,0.31209174,0.31102443,0.0010673106
11711,0.31205022,0.31101182,0.0010383853
11712,0.31202763,0.31101245,0.0010151847
11713,0.31204823,0.31101155,0.0010366456
11714,0.3120853,0.31101927,0.0010660335
11715,0.31213412,0.3110229,0.0011112092
11716,0.31214043,0.3110263,0.001114141
11717,0.31210998,0.31101468,0.001095285
11718,0.31206504,0.31101567,0.0010493789
11719,0.31202677,0.31100938,0.0010174083
11720,0.31201285,0.311013,0.0009998314
11721,0.31201833,0.31100494,0.0010133901
11722,0.31204963,0.31100887,0.0010407551
11723,0.31210312,0.31101373,0.0010894038
11724,0.3121022,0.31100962,0.0010925763
11725,0.3120888,0.31101298,0.0010758151
11726,0.3120417,0.31100264,0.0010390544
11727,0.31200492,0.31099105,0.0010138621
11728,0.31199607,0.31099588,0.0010002137
11729,0.31199822,0.31098396,0.0010142752
11730,0.31205696,0.3109909,0.0010660482
11731,0.31221047,0.31100953,0.001200919
11732,0.31240478,0.31101045,0.0013943325
11733,0.3125668,0.31103656,0.0015302103
11734,0.31250462,0.31102526,0.0014793533
11735,0.31230602,0.31101108,0.0012949302
11736,0.31207135,0.31098288,0.0010884695
11737,0.31195626,0.31096542,0.0009908277
11738,0.31192943,0.31095555,0.0009738893
11739,0.3120091,0.3109548,0.0010543007
11740,0.31234697,0.310987,0.0013599668
11741,0.31303447,0.3110602,0.001974292
11742,0.31366923,0.31110427,0.0025649935
11743,0.3138455,0.3111401,0.002705418
11744,0.3134098,0.31112087,0.002288932
11745,0.31271636,0.31104422,0.0016721252
11746,0.31228596,0.31094953,0.0013364188
11747,0.3120062,0.3109643,0.0010418994
11748,0.31195125,0.31095162,0.0009996442
11749,0.31211004,0.31095576,0.0011542921
11750,0.3120818,0.31094354,0.0011382945
11751,0.3119459,0.3109361,0.0010097951
11752,0.31191945,0.31092653,0.0009929276
11753,0.31199366,0.3109372,0.0010564651
11754,0.31198436,0.31093374,0.0010506278
11755,0.31191137,0.31093273,0.0009786622
11756,0.31190366,0.3109234,0.0009802551
11757,0.31193617,0.31093135,0.0010048073
11758,0.3119359,0.31092295,0.0010129738
11759,0.31189173,0.31090528,0.0009864455
11760,0.31188896,0.31091478,0.0009741656
11761,0.31189123,0.31090027,0.0009909451
11762,0.31190673,0.31089848,0.0010082254
11763,0.31189868,0.3108993,0.0009994113
11764,0.3118707,0.3108963,0.0009743699
11765,0.31186986,0.31089148,0.0009783638
11766,0.31187037,0.3108842,0.0009861493
11767,0.3118791,0.31088912,0.0009899975
11768,0.31185725,0.31088755,0.0009697103
11769,0.31186482,0.31088683,0.0009779725
11770,0.3118733,0.31088358,0.0009897124
11771,0.31186122,0.31088525,0.0009759581
11772,0.31190643,0.31087723,0.001029189
11773,0.31197134,0.31090328,0.0010680677
11774,0.31192237,0.31087115,0.0010511935
11775,0.31186035,0.3108882,0.0009721459
11776,0.31186754,0.31087312,0.0009944162
11777,0.31189993,0.31087616,0.001023791
11778,0.31192172,0.31087178,0.0010499349
11779,0.31195346,0.3108828,0.0010706438
11780,0.31193942,0.31089336,0.0010460583
11781,0.31185773,0.31086197,0.000995753
11782,0.311822,0.31085047,0.0009715149
11783,0.31187823,0.3108662,0.0010120275
11784,0.31185853,0.3108571,0.001001444
11785,0.31183487,0.3108617,0.0009731585
11786,0.3118569,0.31086177,0.0009951321
11787,0.3118381,0.31085446,0.0009836212
11788,0.3118312,0.3108519,0.0009793022
11789,0.31182668,0.31085044,0.0009762209
11790,0.3118249,0.3108421,0.0009827953
11791,0.31182897,0.3108546,0.0009743536
11792,0.31180686,0.31083465,0.00097222655
11793,0.31181625,0.31084323,0.00097300916
11794,0.3118114,0.31083944,0.0009719517
11795,0.3117934,0.31082332,0.0009700378
11796,0.3117854,0.31081834,0.0009670641
11797,0.3117964,0.31082594,0.00097046513
11798,0.3117829,0.31081066,0.00097225385
11799,0.31178635,0.31081587,0.00097047427
11800,0.31179735,0.31082448,0.0009728484
11801,0.31178212,0.31080967,0.00097246177
11802,0.3117673,0.3107981,0.00096921093
11803,0.3117688,0.3107971,0.0009717165
11804,0.31176883,0.31079918,0.00096963777
11805,0.31175244,0.3107825,0.00096993754
11806,0.31175572,0.31078532,0.00097039435
11807,0.31174305,0.3107733,0.0009697334
11808,0.31175023,0.31078342,0.0009668163
11809,0.31174192,0.3107742,0.0009677004
11810,0.3117442,0.31077656,0.0009676625
11811,0.31174272,0.31077623,0.00096650206
11812,0.31174138,0.31077236,0.0009690268
11813,0.31173372,0.3107658,0.00096793455
11814,0.31173798,0.31077212,0.00096588966
11815,0.31173545,0.31076968,0.00096578506
11816,0.31172234,0.31075644,0.0009658903
11817,0.31173074,0.31076226,0.00096849445
11818,0.31173912,0.31076902,0.00097009336
11819,0.31171983,0.3107505,0.00096930424
11820,0.31172505,0.31075874,0.0009663178
11821,0.31171465,0.3107498,0.0009648415
11822,0.31170812,0.31074387,0.00096423447
11823,0.31171542,0.3107523,0.00096310547
11824,0.31171766,0.31075245,0.00096522254
11825,0.31170937,0.310748,0.0009613436
11826,0.31170377,0.31074363,0.00096013583
11827,0.31170514,0.31073913,0.00096601236
11828,0.3117024,0.31073594,0.00096644816
11829,0.3117002,0.31073865,0.00096154044
11830,0.31169865,0.31073344,0.00096519233
11831,0.31170216,0.31073034,0.0009718258
11832,0.3116946,0.31071845,0.00097615935
11833,0.3117032,0.31072652,0.0009766826
11834,0.3116958,0.3107215,0.0009743172
11835,0.31168023,0.31071225,0.0009679623
11836,0.31169087,0.31071177,0.0009790927
11837,0.3117201,0.31071097,0.0010091546
11838,0.31178233,0.310695,0.0010873477
11839,0.31195676,0.31073037,0.0012263985
11840,0.31205118,0.3107299,0.0013212829
11841,0.31194705,0.3107292,0.0012178543
11842,0.3117672,0.3106866,0.0010805994
11843,0.31166664,0.3106836,0.0009830256
11844,0.31166077,0.31068495,0.0009758359
11845,0.31173196,0.310686,0.001045955
11846,0.31183368,0.3107016,0.0011320964
11847,0.3118598,0.31069756,0.0011622331
11848,0.31176773,0.31069002,0.0010777095
11849,0.3116652,0.31068134,0.0009838488
11850,0.311635,0.31066436,0.0009706339
11851,0.31170526,0.31068346,0.0010217841
11852,0.31173736,0.31068233,0.0010550537
11853,0.3117304,0.31069583,0.0010345879
11854,0.31166998,0.31067124,0.0009987099
11855,0.31163177,0.31066495,0.00096683705
11856,0.31162938,0.31066716,0.00096223445
11857,0.3116456,0.3106755,0.0009701077
11858,0.31165472,0.31066152,0.0009931994
11859,0.31167147,0.3106537,0.0010177996
11860,0.3116883,0.31065926,0.0010290428
11861,0.31168374,0.31065786,0.0010258732
11862,0.31165832,0.3106557,0.0010026222
11863,0.31161904,0.31063923,0.0009798149
11864,0.31159925,0.31064206,0.00095718226
11865,0.31158856,0.31063998,0.00094859675
11866,0.31158358,0.31063294,0.0009506455
11867,0.31159174,0.31063613,0.00095561956
11868,0.31159887,0.3106366,0.00096224045
11869,0.31158066,0.31062925,0.00095139677
11870,0.31160074,0.3106277,0.00097306026
11871,0.31168368,0.3106285,0.0010551957
11872,0.31170684,0.31065091,0.0010559313
11873,0.31162962,0.31063375,0.0009958595
11874,0.31159064,0.31063044,0.0009601781
11875,0.3115861,0.3106225,0.00096361944
11876,0.3116273,0.31062147,0.001005808
11877,0.31166974,0.31063926,0.0010304628
11878,0.31165597,0.3106245,0.001031456
11879,0.31160906,0.3106116,0.0009974551
11880,0.31158158,0.31060368,0.0009779127
11881,0.31156132,0.31060615,0.0009551782
11882,0.3115495,0.3106017,0.00094780547
11883,0.311555,0.31059122,0.0009637697
11884,0.31159452,0.31059808,0.0009964432
11885,0.3116111,0.3106055,0.001005599
11886,0.31159657,0.3105958,0.0010007462
11887,0.31158698,0.31060317,0.0009838281
11888,0.31157872,0.3106076,0.00097109436
11889,0.31153905,0.31057718,0.0009618571
11890,0.31153053,0.3105762,0.0009543185
11891,0.31153992,0.3105849,0.0009550213
11892,0.31154454,0.31058782,0.00095671584
11893,0.31153616,0.31057712,0.00095905724
11894,0.31153488,0.3105763,0.0009586072
11895,0.31153572,0.31057677,0.0009589411
11896,0.31154376,0.31058335,0.00096041075
11897,0.3115301,0.31056765,0.00096247846
11898,0.3115277,0.3105706,0.0009571204
11899,0.3115338,0.31057504,0.0009587759
11900,0.31152806,0.3105699,0.0009581592
11901,0.31151342,0.3105609,0.00095250766
11902,0.31152147,0.310568,0.00095347007
11903,0.3115152,0.31056395,0.0009512793
11904,0.3115148,0.31056356,0.00095120596
11905,0.31151643,0.31056154,0.0009548897
11906,0.3115143,0.31055444,0.0009598513
11907,0.3115052,0.31054515,0.0009600716
11908,0.31151393,0.31055516,0.000958769
11909,0.31150654,0.31054255,0.0009639881
11910,0.31151327,0.3105477,0.0009655861
11911,0.31152973,0.31053877,0.0009909766
11912,0.31156465,0.3105346,0.0010300502
11913,0.31163248,0.3105464,0.0010860821
11914,0.3116718,0.3105463,0.0011254767
11915,0.31163278,0.3105535,0.001079275
11916,0.3115383,0.31054553,0.0009927806
11917,0.31147102,0.31051672,0.00095427857
11918,0.3114808,0.31051368,0.0009671226
11919,0.31152987,0.3105174,0.0010124947
11920,0.31160173,0.31055984,0.001041897
11921,0.3115978,0.31053844,0.0010593578
11922,0.31157178,0.310519,0.0010527944
11923,0.31157413,0.3105147,0.0010594324
11924,0.3115475,0.31050065,0.00104685
11925,0.311473,0.3104909,0.0009821001
11926,0.31144574,0.31048363,0.00096210727
11927,0.31145573,0.31049874,0.00095699093
11928,0.3114274,0.3104748,0.0009526272
11929,0.31142342,0.3104677,0.00095574895
11930,0.3114439,0.31048697,0.0009569358
11931,0.31143257,0.31047633,0.0009562474
11932,0.31142008,0.31047115,0.00094892195
11933,0.31143996,0.3104835,0.00095647323
11934,0.31143323,0.3104777,0.00095550687
11935,0.31139737,0.3104536,0.0009437831
11936,0.3114274,0.31046954,0.0009578677
11937,0.31143767,0.31047648,0.00096118404
11938,0.31140864,0.31045938,0.00094924576
11939,0.31140456,0.31045774,0.00094682927
11940,0.31140694,0.3104566,0.0009503456
11941,0.311392,0.31044516,0.0009468496
11942,0.31139728,0.31044868,0.0009486068
11943,0.31139114,0.31044498,0.00094614446
11944,0.3113842,0.31043682,0.00094741397
11945,0.31138757,0.31044447,0.00094309135
11946,0.31138405,0.3104401,0.00094395096
11947,0.3113815,0.31043646,0.00094501785
11948,0.3113636,0.31042254,0.00094108644
11949,0.31137404,0.31043115,0.00094290765
11950,0.31136832,0.310428,0.00094034075
11951,0.3113777,0.31042895,0.0009487787
11952,0.3114527,0.31043452,0.0010181674
11953,0.31164226,0.31043538,0.0012068845
11954,0.3118762,0.31047383,0.0014023822
11955,0.31215754,0.31050047,0.001657069
11956,0.3124223,0.31055924,0.0018630549
11957,0.31247976,0.31055155,0.0019282156
11958,0.3123706,0.3105135,0.0018570807
11959,0.31218395,0.31048048,0.0017034732
11960,0.31196308,0.31045607,0.001507021
11961,0.31168965,0.31041983,0.0012698134
11962,0.3114373,0.31040615,0.0010311358
11963,0.31132707,0.31038722,0.000939821
11964,0.3113683,0.31037015,0.000998156
11965,0.31159598,0.31043035,0.0011656504
11966,0.31181824,0.31044304,0.0013751952
11967,0.31198084,0.3104489,0.00153192
11968,0.31183073,0.31042695,0.001403776
11969,0.31147766,0.31038707,0.00109056
11970,0.31129414,0.31035784,0.0009362828
11971,0.31140324,0.31036156,0.0010416871
11972,0.31159437,0.31039694,0.0011974453
11973,0.31162614,0.31040868,0.0012174742
11974,0.3115423,0.31039825,0.0011440612
11975,0.31139484,0.31036863,0.0010262283
11976,0.3112979,0.31034854,0.00094937254
11977,0.3112743,0.31033486,0.0009394245
11978,0.3113252,0.3103424,0.000982794
11979,0.31140238,0.31036064,0.0010417247
11980,0.31137708,0.31033802,0.0010390751
11981,0.31133106,0.31034294,0.0009881206
11982,0.3112623,0.31031477,0.0009475155
11983,0.31124693,0.31031537,0.0009315619
11984,0.31124786,0.31030762,0.0009402519
11985,0.31127197,0.31031573,0.00095622503
11986,0.31125867,0.31030717,0.0009515129
11987,0.3112486,0.31030753,0.0009410644
11988,0.31123427,0.31030375,0.00093052443
11989,0.31122783,0.31029972,0.00092810934
11990,0.31122544,0.31029376,0.00093169
11991,0.31123406,0.31029832,0.0009357471
11992,0.3112304,0.31028998,0.0009404166
11993,0.3112225,0.31028995,0.0009325283
11994,0.31122512,0.3102852,0.0009398898
11995,0.311207,0.31027827,0.00092871545
11996,0.31121057,0.31027594,0.0009346154
11997,0.31120545,0.3102745,0.00093092956
11998,0.3112056,0.3102746,0.00093098934
11999,0.31120333,0.3102744,0.0009289601
12000,0.31120813,0.31027278,0.0009353496
12001,0.3112347,0.31027424,0.00096048025
12002,0.31124637,0.31027365,0.0009727072
12003,0.31121123,0.31027445,0.0009368006
12004,0.31121546,0.31027082,0.00094465015
12005,0.31122252,0.31026262,0.00095991587
12006,0.3112467,0.31027117,0.0009755373
12007,0.3112389,0.31027094,0.00096797553
12008,0.31119782,0.31025475,0.00094307214
12009,0.3111972,0.31025246,0.0009447214
12010,0.3112396,0.3102637,0.00097589986
12011,0.3112832,0.31026605,0.0010171452
12012,0.31133166,0.3102664,0.0010652358
12013,0.31134707,0.3102693,0.0010777519
12014,0.31130007,0.31024638,0.0010536934
12015,0.3112612,0.3102586,0.0010026343
12016,0.3112419,0.3102599,0.0009819821
12017,0.31120545,0.31023762,0.00096785015
12018,0.31121457,0.31023693,0.0009776523
12019,0.311208,0.3102311,0.0009769037
12020,0.31122416,0.3102389,0.0009852619
12021,0.3112112,0.31025302,0.0009581889
12022,0.31119695,0.31022692,0.00097001455
12023,0.311185,0.31023934,0.00094566477
12024,0.31119275,0.31023282,0.0009599196
12025,0.31117204,0.31022942,0.00094264204
12026,0.31115592,0.31021374,0.00094217213
12027,0.31116447,0.3102186,0.00094588066
12028,0.31116205,0.31022403,0.0009380216
12029,0.31115058,0.31020752,0.00094307587
12030,0.3111509,0.3102101,0.0009407902
12031,0.3111546,0.31021264,0.0009419648
12032,0.3112377,0.31021538,0.0010223221
12033,0.31148604,0.31023908,0.0012469685
12034,0.311745,0.31025684,0.0014881212
12035,0.3121636,0.31027904,0.001884561
12036,0.31293666,0.31035382,0.0025828548
12037,0.31408614,0.31045938,0.003626749
12038,0.31549218,0.3105996,0.0048925793
12039,0.31653184,0.3106227,0.00590917
12040,0.31619567,0.3106808,0.005514884
12041,0.31461588,0.31056452,0.0040513575
12042,0.31265065,0.31031904,0.0023316187
12043,0.31139806,0.31019926,0.0011987772
12044,0.31114858,0.31018177,0.0009668086
12045,0.31159204,0.31024286,0.0013491845
12046,0.31234163,0.31028372,0.0020579027
12047,0.31274155,0.31031498,0.0024265724
12048,0.31242293,0.3103049,0.0021180278
12049,0.31163698,0.31021997,0.0014170089
12050,0.31117296,0.31018367,0.00098929
12051,0.31126082,0.31018913,0.0010716941
12052,0.31172773,0.31020674,0.0015210119
12053,0.31223935,0.3103019,0.0019374624
12054,0.31230217,0.31033814,0.0019640352
12055,0.31176758,0.31024188,0.0015256874
12056,0.31124115,0.31016922,0.0010719397
12057,0.3111162,0.31017098,0.0009452258
12058,0.3112609,0.31017545,0.0010854605
12059,0.31147295,0.31018284,0.0012901202
12060,0.31156114,0.3101789,0.0013822477
12061,0.31147882,0.3101778,0.0013010025
12062,0.31124663,0.31014368,0.0011029367
12063,0.31107628,0.31014392,0.0009323517
12064,0.3112223,0.31013083,0.0010914725
12065,0.3116235,0.3101773,0.001446232
12066,0.31180498,0.3102276,0.0015773633
12067,0.3116178,0.31019336,0.0014244143
12068,0.3112135,0.31013948,0.0010739899
12069,0.3110534,0.31011784,0.0009355595
12070,0.31120062,0.3101485,0.0010521157
12071,0.31128547,0.3101362,0.0011492675
12072,0.31123284,0.3101371,0.0010957202
12073,0.31106722,0.31010827,0.0009589537
12074,0.31104857,0.31010446,0.00094410684
12075,0.31116894,0.31012812,0.001040839
12076,0.31117156,0.3101019,0.0010696463
12077,0.31111214,0.31010062,0.0010115376
12078,0.31102765,0.31008998,0.000937674
12079,0.31103754,0.31008852,0.0009490155
12080,0.31111452,0.3100973,0.0010172179
12081,0.31111798,0.31008813,0.0010298721
12082,0.31108588,0.310091,0.0009948973
12083,0.31103444,0.3100826,0.0009518277
12084,0.31101513,0.3100744,0.0009407375
12085,0.3110499,0.31007797,0.0009719295
12086,0.31106016,0.31007436,0.0009858004
12087,0.3110873,0.31009302,0.0009942984
12088,0.31103614,0.31006756,0.0009685821
12089,0.31100988,0.31006688,0.000943015
12090,0.31100878,0.31006825,0.0009405101
12091,0.31103045,0.31007,0.0009604303
12092,0.31102747,0.31006747,0.00096000184
12093,0.31101465,0.310062,0.00095265487
12094,0.31100547,0.31006426,0.000941227
12095,0.31100413,0.31005898,0.0009451479
12096,0.31103337,0.31005427,0.000979115
12097,0.31105325,0.31005466,0.0009985991
12098,0.3110303,0.31005156,0.000978735
12099,0.31098166,0.31003767,0.0009439789
12100,0.31099215,0.3100457,0.00094646
12101,0.31099132,0.3100263,0.0009650518
12102,0.31101897,0.31004605,0.00097292475
12103,0.31100407,0.3100407,0.00096336735
12104,0.31097645,0.31003502,0.00094141345
12105,0.31096542,0.3100243,0.0009411527
12106,0.31099015,0.310029,0.0009611659
12107,0.31102112,0.31004223,0.0009789052
12108,0.31099987,0.31001985,0.0009800153
12109,0.31097144,0.31000796,0.00096348784
12110,0.31096575,0.31001887,0.0009468701
12111,0.31095192,0.31001148,0.00094044814
12112,0.31095862,0.31000262,0.00095600076
12113,0.3109708,0.3100121,0.00095869787
12114,0.31093988,0.30999222,0.0009476792
12115,0.31093463,0.30999324,0.0009413894
12116,0.31096187,0.31000346,0.0009584062
12117,0.31096238,0.30999172,0.0009706498
12118,0.31092706,0.30998546,0.00094159984
12119,0.3109416,0.30999,0.0009516267
12120,0.31096128,0.3099794,0.0009818648
12121,0.3109549,0.3099917,0.0009632047
12122,0.3109338,0.30997923,0.00095456745
12123,0.3109129,0.30997348,0.0009394558
12124,0.31090495,0.30996853,0.0009364007
12125,0.31091702,0.3099689,0.0009481089
12126,0.3109344,0.3099779,0.0009565181
12127,0.3109402,0.30996835,0.0009718373
12128,0.31094533,0.30997384,0.00097149116
12129,0.3109121,0.3099506,0.0009614988
12130,0.31089997,0.30995974,0.0009402352
12131,0.31089967,0.30996317,0.00093649735
12132,0.31089646,0.30995154,0.0009449141
12133,0.3108948,0.30995128,0.00094353
12134,0.31088457,0.3099502,0.00093436596
12135,0.3108764,0.30993822,0.0009381833
12136,0.31088936,0.309944,0.0009453672
12137,0.31087208,0.30993795,0.00093413563
12138,0.31087762,0.30993873,0.000938904
12139,0.3108732,0.30993772,0.00093546684
12140,0.31088445,0.30994254,0.0009419067
12141,0.3108669,0.30992812,0.00093879347
12142,0.31087333,0.30993167,0.00094167405
12143,0.31087682,0.30993286,0.0009439597
12144,0.31087354,0.30992705,0.0009464957
12145,0.31086245,0.30991748,0.0009449716
12146,0.31086272,0.3099147,0.00094800687
12147,0.3108726,0.30992362,0.00094899087
12148,0.3108737,0.30992362,0.0009500625
12149,0.3108633,0.3099142,0.00094907533
12150,0.3108483,0.30990914,0.00093916117
12151,0.3108546,0.30991542,0.00093918433
12152,0.3108563,0.30991134,0.00094496104
12153,0.3108438,0.30989665,0.00094713375
12154,0.31085515,0.30990785,0.00094730675
12155,0.31084445,0.30989733,0.00094713614
12156,0.31083792,0.3098952,0.0009427308
12157,0.31083077,0.3098917,0.00093905645
12158,0.31081906,0.30988133,0.00093775487
12159,0.31082684,0.30988112,0.00094573444
12160,0.31085172,0.3098961,0.00095560297
12161,0.31085482,0.3098821,0.0009727124
12162,0.31086168,0.30989522,0.0009664666
12163,0.31082165,0.3098776,0.0009440541
12164,0.31082213,0.309877,0.00094512093
12165,0.31086305,0.3098903,0.00097276736
12166,0.3108736,0.3098717,0.0010018756
12167,0.31087536,0.30988544,0.0009899118
12168,0.31082273,0.309867,0.000955738
12169,0.31079856,0.3098611,0.0009374609
12170,0.3108088,0.30986148,0.00094731373
12171,0.31082347,0.30984932,0.00097415445
12172,0.31084552,0.30986077,0.0009847516
12173,0.31082752,0.30985606,0.000971459
12174,0.31079358,0.3098488,0.00094478467
12175,0.31079522,0.3098496,0.000945632
12176,0.31080824,0.30984208,0.0009661572
12177,0.31085378,0.3098626,0.000991143
12178,0.3108486,0.3098486,0.0009999698
12179,0.3108311,0.30984393,0.0009871881
12180,0.31079328,0.3098316,0.0009616943
12181,0.3107712,0.3098249,0.00094626285
12182,0.31076315,0.30982688,0.0009362865
12183,0.31077027,0.3098321,0.0009381926
12184,0.31077734,0.30982962,0.00094770675
12185,0.31077707,0.30982405,0.00095299707
12186,0.31078368,0.3098298,0.0009538699
12187,0.31076613,0.3098233,0.0009428306
12188,0.3107573,0.30982178,0.00093553716
12189,0.31074953,0.3098183,0.00093122234
12190,0.310752,0.3098162,0.0009357844
12191,0.3107505,0.30980325,0.000947267
12192,0.31075826,0.30980933,0.0009489356
12193,0.31076372,0.3098146,0.0009491054
12194,0.31072837,0.30979416,0.00093421683
12195,0.3107237,0.30979386,0.0009298202
12196,0.31073162,0.3097945,0.00093712553
12197,0.31074086,0.3097958,0.0009450428
12198,0.31074578,0.30980006,0.0009456888
12199,0.31073526,0.30980173,0.0009335236
12200,0.3107128,0.3097833,0.00092951057
12201,0.31072077,0.30978706,0.0009337111
12202,0.31072956,0.3097897,0.00093987456
12203,0.3107696,0.30978194,0.0009876417
12204,0.31095442,0.30982643,0.0011279982
12205,0.3109578,0.3098177,0.001140069
12206,0.310932,0.30981985,0.0011121773
12207,0.31097752,0.30981177,0.001165747
12208,0.31129315,0.30982935,0.0014638178
12209,0.311787,0.30986753,0.0019194921
12210,0.31182855,0.30991745,0.0019110932
12211,0.31143653,0.3098339,0.0016026072
12212,0.31106907,0.30987123,0.0011978333
12213,0.31082883,0.30984583,0.0009829948
12214,0.31074974,0.30977347,0.00097625225
12215,0.31094056,0.30980927,0.0011313071
12216,0.31118035,0.30987254,0.0013078215
12217,0.3110887,0.30986908,0.0012196299
12218,0.310822,0.30976567,0.0010563397
12219,0.3107301,0.30978617,0.00094393454
12220,0.310842,0.30979696,0.001045066
12221,0.3110133,0.30979106,0.0012222368
12222,0.31108144,0.30978528,0.0012961705
12223,0.3109723,0.30977994,0.0011923664
12224,0.31074083,0.30975175,0.0009890713
12225,0.31067422,0.30973518,0.0009390424
12226,0.31078666,0.30975097,0.0010356848
12227,0.31087598,0.3097503,0.0011256742
12228,0.31097323,0.309748,0.0012252366
12229,0.31106248,0.30977255,0.0012899224
12230,0.3110944,0.30980185,0.0012925537
12231,0.31095758,0.30976215,0.0011954287
12232,0.3108894,0.30973378,0.0011556346
12233,0.31091768,0.3097329,0.0011847652
12234,0.31090716,0.30975708,0.0011500685
12235,0.3107922,0.30973497,0.0010572337
12236,0.31077325,0.3097372,0.0010360242
12237,0.3108028,0.30974495,0.0010578237
12238,0.3108587,0.30974603,0.0011126732
12239,0.31099805,0.30973855,0.0012594911
12240,0.3112294,0.30977434,0.0014550597
12241,0.31124547,0.30974793,0.0014975651
12242,0.3109944,0.30975914,0.0012352301
12243,0.31073895,0.3097196,0.0010193455
12244,0.31067985,0.3097087,0.00097116287
12245,0.31068805,0.30970585,0.000982176
12246,0.31078863,0.30972782,0.0010608062
12247,0.31077948,0.30972838,0.0010511078
12248,0.31068388,0.3096948,0.0009890771
12249,0.31067866,0.30970633,0.000972352
12250,0.31090975,0.30973208,0.0011776721
12251,0.31132513,0.30976525,0.0015598977
12252,0.3113726,0.30977464,0.0015979626
12253,0.31099355,0.30973417,0.0012593751
12254,0.31069764,0.30968487,0.0010127823
12255,0.3106381,0.30968028,0.0009578309
12256,0.3106408,0.3096853,0.00095554657
12257,0.3106704,0.30967954,0.0009908905
12258,0.31070817,0.30967948,0.0010287014
12259,0.31081647,0.30968836,0.001128108
12260,0.31082353,0.30967182,0.0011517223
12261,0.3108473,0.3096933,0.0011540074
12262,0.31078616,0.30966142,0.0011247143
12263,0.31079414,0.3096575,0.001136623
12264,0.31077015,0.30968133,0.001088816
12265,0.3107026,0.30965555,0.0010470524
12266,0.31065986,0.3096561,0.0010037376
12267,0.31061313,0.30964255,0.0009705556
12268,0.31060284,0.30963853,0.00096431084
12269,0.31058556,0.30961907,0.00096648606
12270,0.3106117,0.30964386,0.00096782827
12271,0.3105952,0.3096289,0.00096629997
12272,0.31065983,0.30962145,0.0010383696
12273,0.31072262,0.30962798,0.0010946539
12274,0.3108787,0.30967486,0.0012038111
12275,0.31090975,0.3096644,0.001245373
12276,0.31091735,0.30965593,0.0012614034
12277,0.31092232,0.30964842,0.0012738804
12278,0.31087193,0.3096527,0.0012192342
12279,0.3108746,0.30963972,0.0012349036
12280,0.31094706,0.3096567,0.0012903613
12281,0.31121796,0.30963722,0.0015807397
12282,0.31183416,0.3097032,0.0021309678
12283,0.31287292,0.30982774,0.0030451876
12284,0.3138052,0.30993226,0.0038729399
12285,0.313856,0.30990347,0.003952552
12286,0.31290045,0.309841,0.0030594533
12287,0.31148714,0.30971342,0.0017737176
12288,0.3105782,0.30958933,0.000988864
12289,0.310691,0.3095975,0.0010935164
12290,0.31135124,0.3096873,0.0016639555
12291,0.31182444,0.30973667,0.0020877547
12292,0.31227097,0.3097066,0.0025643962
12293,0.3124372,0.3097132,0.002723993
12294,0.31221908,0.30974358,0.0024754955
12295,0.3115808,0.30966935,0.0019114682
12296,0.31103605,0.309595,0.0014410609
12297,0.31060743,0.3096039,0.0010035431
12298,0.31061137,0.309569,0.0010423777
12299,0.3111298,0.30961984,0.0015099607
12300,0.31188917,0.30970034,0.0021888255
12301,0.3126654,0.30976203,0.0029033583
12302,0.31305632,0.30976784,0.0032884777
12303,0.31267947,0.30971706,0.0029624223
12304,0.31184494,0.30966705,0.0021779153
12305,0.31100473,0.30960196,0.0014027555
12306,0.3105192,0.309551,0.0009681795
12307,0.3105845,0.3095695,0.0010149805
12308,0.31090778,0.30956692,0.001340885
12309,0.31137684,0.3096304,0.0017464481
12310,0.31176588,0.3096243,0.002141567
12311,0.3120212,0.30967307,0.0023481147
12312,0.31191853,0.30964234,0.0022761782
12313,0.31163663,0.30963895,0.001997703
12314,0.3112877,0.30958238,0.0017053088
12315,0.31099692,0.30955327,0.0014436662
12316,0.31082612,0.30954334,0.0012827994
12317,0.3106702,0.3095295,0.0011406844
12318,0.31065258,0.3095251,0.0011274784
12319,0.3106342,0.30952254,0.0011116599
12320,0.31059977,0.3095211,0.0010786848
12321,0.31053355,0.30951747,0.0010160984
12322,0.31050903,0.30951017,0.0009988606
12323,0.31054163,0.30951813,0.0010234842
12324,0.31050962,0.30950278,0.00100684
12325,0.31053635,0.3095184,0.0010179705
12326,0.31052345,0.30949727,0.0010261778
12327,0.3107623,0.30951944,0.0012428497
12328,0.31104794,0.30953613,0.0015118162
12329,0.311559,0.30959663,0.0019623695
12330,0.3118616,0.30962726,0.002234343
12331,0.3117844,0.30961344,0.002170931
12332,0.31134152,0.30955216,0.0017893482
12333,0.31076807,0.3095154,0.0012526703
12334,0.31046888,0.30949876,0.0009701507
12335,0.31051257,0.30947274,0.0010398512
12336,0.3110351,0.30953002,0.0015050626
12337,0.31158105,0.30954584,0.002035213
12338,0.3116529,0.30962572,0.002027162
12339,0.3111236,0.30953288,0.0015907111
12340,0.31058803,0.3094817,0.0011063399
12341,0.31039587,0.3094505,0.00094537064
12342,0.31048584,0.30947214,0.0010136941
12343,0.31077212,0.30947155,0.0013005603
12344,0.31106442,0.3094775,0.0015869224
12345,0.31077108,0.30950183,0.0012692627
12346,0.31057012,0.30947042,0.001099707
12347,0.3109004,0.30946544,0.0014349644
12348,0.3117264,0.30963823,0.0020881582
12349,0.3113333,0.30961156,0.0017217227
12350,0.310905,0.30953383,0.0013711762
12351,0.3105649,0.3094598,0.0011051107
12352,0.31056193,0.30947542,0.001086498
12353,0.3109761,0.3095497,0.0014264205
12354,0.31090176,0.30944532,0.0014564482
12355,0.3109721,0.30952206,0.0014500308
12356,0.31055912,0.30942765,0.0011314988
12357,0.31044737,0.3094377,0.0010096713
12358,0.31043115,0.3094192,0.0010119496
12359,0.31061718,0.3094237,0.0011934697
12360,0.31065392,0.3094523,0.0012016182
12361,0.31052533,0.30943173,0.0010936118
12362,0.31035486,0.30940682,0.00094801467
12363,0.310464,0.3094127,0.0010512915
12364,0.31066737,0.30944335,0.001224008
12365,0.31069753,0.30944562,0.0012519235
12366,0.31043723,0.30939415,0.001043068
12367,0.31033093,0.30938464,0.00094627746
12368,0.31049117,0.3094031,0.001088095
12369,0.31063166,0.30941096,0.0012207072
12370,0.31048164,0.30938998,0.0010916444
12371,0.31031868,0.30937925,0.0009394328
12372,0.3104019,0.3093726,0.0010292847
12373,0.31050825,0.30938637,0.0011218714
12374,0.31038624,0.3093785,0.0010077327
12375,0.3103175,0.3093756,0.00094187807
12376,0.31037968,0.3093716,0.0010080745
12377,0.3104781,0.30939937,0.0010787392
12378,0.31039286,0.3093785,0.0010143546
12379,0.3103051,0.30935818,0.00094690267
12380,0.3103209,0.30935436,0.0009665316
12381,0.3104145,0.30937415,0.0010403332
12382,0.31039423,0.30936044,0.0010337787
12383,0.31030616,0.3093394,0.00096676283
12384,0.3102745,0.3093339,0.0009406224
12385,0.31031296,0.30933365,0.000979306
12386,0.3103567,0.30934513,0.0010115854
12387,0.31033045,0.30934274,0.000987693
12388,0.3102687,0.30932853,0.0009401721
12389,0.31026545,0.30932733,0.00093810016
12390,0.3102976,0.3093277,0.0009699205
12391,0.31028968,0.30932316,0.0009665232
12392,0.31025115,0.3093091,0.0009420449
12393,0.31024802,0.30931056,0.000937475
12394,0.31026408,0.30931097,0.00095312484
12395,0.3102587,0.30930498,0.00095371436
12396,0.31023595,0.3093022,0.0009337375
12397,0.31023324,0.30929783,0.0009353988
12398,0.3102521,0.30930027,0.0009518204
12399,0.3102511,0.3093036,0.00094748975
12400,0.310233,0.30929303,0.00093994726
12401,0.31022272,0.30929115,0.0009315385
12402,0.3102329,0.30929652,0.0009363879
12403,0.310232,0.30929068,0.0009413349
12404,0.31023058,0.3092965,0.00093409634
12405,0.3102232,0.3092893,0.0009338894
12406,0.31022727,0.3092882,0.000939092
12407,0.31022692,0.3092907,0.0009362241
12408,0.31022054,0.30928743,0.0009331096
12409,0.31021842,0.30928162,0.0009367958
12410,0.3102174,0.30927643,0.0009409731
12411,0.31022033,0.30928174,0.00093858095
12412,0.3102123,0.30927497,0.0009373458
12413,0.31021345,0.3092778,0.0009356334
12414,0.31020942,0.30927324,0.00093616854
12415,0.3102044,0.3092689,0.0009354983
12416,0.31019863,0.30926138,0.0009372592
12417,0.31020686,0.30926526,0.00094160513
12418,0.31020296,0.30926308,0.0009398848
12419,0.31020153,0.3092627,0.00093883334
12420,0.31019998,0.30926386,0.0009361372
12421,0.31019992,0.3092636,0.0009363152
12422,0.31019986,0.30926237,0.0009374797
12423,0.31019527,0.30925688,0.0009383856
12424,0.3101847,0.30924565,0.00093903876
12425,0.31018817,0.30925202,0.00093616254
12426,0.31018418,0.3092464,0.00093780237
12427,0.3101845,0.30924752,0.0009369773
12428,0.31018302,0.30924365,0.000939367
12429,0.31018797,0.3092491,0.0009388592
12430,0.31017965,0.30923927,0.00094039144
12431,0.31018233,0.30924007,0.0009422662
12432,0.3101823,0.3092402,0.0009421205
12433,0.31017643,0.3092374,0.00093904306
12434,0.31018054,0.30923885,0.0009416933
12435,0.31017604,0.30923206,0.0009439903
12436,0.31018445,0.30923793,0.00094651105
12437,0.31017157,0.30922908,0.0009424986
12438,0.31016102,0.3092219,0.000939116
12439,0.3101742,0.3092309,0.0009433022
12440,0.31016618,0.30921555,0.0009506332
12441,0.3101682,0.30921468,0.00095352094
12442,0.31015953,0.3092095,0.00095003954
12443,0.3101533,0.30920935,0.0009439586
12444,0.31015232,0.30920807,0.00094424916
12445,0.3101591,0.30921146,0.0009476071
12446,0.31015745,0.3092022,0.0009552633
12447,0.31015468,0.3091997,0.00095498806
12448,0.31014812,0.3091981,0.0009500145
12449,0.31014207,0.30920032,0.00094175467
12450,0.31013808,0.3091957,0.00094237307
12451,0.31015235,0.30920428,0.0009480774
12452,0.31014538,0.30919972,0.0009456549
12453,0.31013054,0.30918682,0.0009437056
12454,0.31012326,0.30918258,0.00094067474
12455,0.31012434,0.30918437,0.00093997625
12456,0.3101123,0.30916926,0.00094304455
12457,0.31011137,0.30917233,0.00093903893
12458,0.3101048,0.30916348,0.00094131584
12459,0.3101023,0.30916175,0.00094058533
12460,0.31010494,0.3091634,0.00094153837
12461,0.31009665,0.30915734,0.0009393217
12462,0.31010544,0.30916667,0.00093877764
12463,0.31009993,0.30916002,0.0009399055
12464,0.31009632,0.30915555,0.00094075676
12465,0.31009543,0.309156,0.0009394238
12466,0.31008968,0.3091507,0.00093897834
12467,0.31008884,0.30914986,0.00093896466
12468,0.31009108,0.30915043,0.00094065705
12469,0.31008586,0.30914566,0.00094021
12470,0.3100867,0.30914944,0.0009372726
12471,0.31007615,0.30913642,0.00093973865
12472,0.3100746,0.30913177,0.00094282685
12473,0.3100719,0.30912715,0.0009447321
12474,0.3100798,0.30913448,0.00094533677
12475,0.31007627,0.30913368,0.00094257516
12476,0.31006274,0.3091241,0.0009386319
12477,0.31006742,0.30912548,0.00094193703
12478,0.31007072,0.30912063,0.0009501137
12479,0.31006718,0.30911732,0.0009498816
12480,0.31006268,0.30912066,0.000942035
12481,0.3100573,0.30911916,0.0009381684
12482,0.3100661,0.3091196,0.00094649673
12483,0.31007004,0.30911556,0.00095448503
12484,0.3100682,0.30911562,0.00095257256
12485,0.31006387,0.3091161,0.00094776636
12486,0.31004697,0.30910546,0.00094150705
12487,0.3100475,0.3091091,0.00093841815
12488,0.31004477,0.30910435,0.0009404037
12489,0.31003934,0.3090923,0.00094702374
12490,0.3100519,0.30910233,0.0009495832
12491,0.31004035,0.30909386,0.0009464871
12492,0.31002635,0.309085,0.0009413287
12493,0.31002727,0.30908462,0.0009426583
12494,0.31003305,0.30908093,0.00095213216
12495,0.31004253,0.30908442,0.0009580968
12496,0.31003934,0.30907604,0.000963293
12497,0.31004944,0.30907735,0.0009720955
12498,0.31005263,0.30906644,0.0009861967
12499,0.31007126,0.30908027,0.0009910081
12500,0.3100485,0.3090692,0.0009793054
12501,0.31003278,0.30907547,0.0009573065
12502,0.31001294,0.30906835,0.0009445925
12503,0.31001255,0.30906168,0.00095087773
12504,0.31004304,0.30906954,0.00097350794
12505,0.31011337,0.3090716,0.0010417902
12506,0.31026524,0.3090855,0.001179768
12507,0.31047785,0.30907992,0.0013979258
12508,0.31058797,0.30910087,0.0014871114
12509,0.3105231,0.30910492,0.0014181852
12510,0.3103915,0.3090973,0.0012941926
12511,0.31029603,0.30906948,0.0012265425
12512,0.31027272,0.309076,0.0011967247
12513,0.31029293,0.30907202,0.0012209113
12514,0.31034812,0.3090796,0.0012685226
12515,0.31038567,0.3090782,0.0013074868
12516,0.3103416,0.30908257,0.0012590085
12517,0.3102703,0.30905887,0.0012114529
12518,0.31026545,0.30906075,0.0012046949
12519,0.310279,0.30904835,0.0012306578
12520,0.31026503,0.3090592,0.0012058315
12521,0.31021118,0.30904636,0.0011648207
12522,0.31018507,0.3090556,0.0011294556
12523,0.3101343,0.30902663,0.0011076633
12524,0.31010023,0.30903366,0.0010665827
12525,0.31004283,0.30901018,0.0010326512
12526,0.3099989,0.30900908,0.0009898145
12527,0.30999494,0.30900833,0.0009866207
12528,0.31005815,0.30901116,0.0010470027
12529,0.31013882,0.30902046,0.001118344
12530,0.31012592,0.3090225,0.0011034498
12531,0.31005996,0.30901498,0.0010449855
12532,0.30997145,0.30900663,0.00096483866
12533,0.3099329,0.30899304,0.00093986606
12534,0.31000966,0.3089962,0.0010134313
12535,0.310092,0.30901748,0.0010744997
12536,0.31008944,0.3090196,0.0010698584
12537,0.310002,0.3090037,0.000998273
12538,0.30991867,0.30897906,0.00093962735
12539,0.3100633,0.30900025,0.0010630587
12540,0.31022075,0.30902815,0.0011925807
12541,0.31013304,0.30902445,0.0011085828
12542,0.30996096,0.30899292,0.00096804666
12543,0.30989605,0.30896345,0.00093260343
12544,0.31006378,0.30900007,0.0010637196
12545,0.31027198,0.30902934,0.0012426334
12546,0.31030396,0.3090109,0.0012930585
12547,0.31013772,0.30900073,0.0011369716
12548,0.30990365,0.30896214,0.00094151526
12549,0.30997345,0.3089611,0.0010123631
12550,0.31027624,0.3089883,0.0012879462
12551,0.31043023,0.30900455,0.0014256856
12552,0.310256,0.30900162,0.0012543967
12553,0.3099116,0.3089529,0.00095871056
12554,0.3101638,0.30897042,0.0011933884
12555,0.31103647,0.30906805,0.0019684038
12556,0.31143436,0.30911905,0.0023152921
12557,0.31098968,0.30908537,0.0019042969
12558,0.31011075,0.3089613,0.0011494516
12559,0.3098873,0.30893227,0.00095501245
12560,0.31037617,0.30901572,0.0013604249
12561,0.31054106,0.30901617,0.001524911
12562,0.31035164,0.3089758,0.0013758454
12563,0.31007725,0.30895558,0.0011216713
12564,0.30988345,0.30892307,0.00096038234
12565,0.30993065,0.308928,0.0010026435
12566,0.31036478,0.30896237,0.0014024044
12567,0.31089094,0.30900094,0.0018900067
12568,0.31108922,0.30902058,0.0020686295
12569,0.3108707,0.30903962,0.0018310923
12570,0.31035334,0.3089764,0.0013769299
12571,0.30992398,0.3089203,0.0010036852
12572,0.3098516,0.30889785,0.00095373654
12573,0.31018817,0.3089526,0.001235602
12574,0.3104943,0.3089902,0.0015040928
12575,0.31037608,0.30895016,0.0014259064
12576,0.3100713,0.30892313,0.0011481729
12577,0.30983523,0.30889007,0.00094514387
12578,0.30982128,0.30888364,0.00093765353
12579,0.30995992,0.30889767,0.0010622548
12580,0.31007993,0.30890793,0.0011720087
12581,0.31006876,0.308903,0.0011657308
12582,0.3099278,0.30889723,0.0010305725
12583,0.30982736,0.308884,0.0009433424
12584,0.30980107,0.30887896,0.00092211657
12585,0.30981666,0.30887914,0.000937503
12586,0.30989113,0.30888715,0.0010040026
12587,0.30992657,0.30888692,0.0010396314
12588,0.30990055,0.30888584,0.0010147331
12589,0.30984566,0.30887675,0.00096890173
12590,0.30980206,0.3088677,0.00093436026
12591,0.3097818,0.30886495,0.00091685203
12592,0.30978027,0.30886096,0.0009193045
12593,0.3097816,0.30886108,0.0009205345
12594,0.30978966,0.3088612,0.00092846865
12595,0.30978295,0.30885923,0.0009237187
12596,0.3097795,0.3088543,0.0009251792
12597,0.3097656,0.30884787,0.0009177197
12598,0.30977088,0.30885372,0.00091716927
12599,0.30975986,0.3088383,0.0009215396
12600,0.3097529,0.3088348,0.0009181464
12601,0.30975077,0.30883384,0.00091692526
12602,0.3097653,0.30884048,0.0009248199
12603,0.30975133,0.30883417,0.0009171554
12604,0.30975974,0.30884224,0.000917494
12605,0.30975145,0.3088335,0.0009179354
12606,0.30973628,0.3088184,0.0009178806
12607,0.30973598,0.3088209,0.000915103
12608,0.3097245,0.30881155,0.0009129526
12609,0.3097256,0.30881235,0.00091326295
12610,0.30974275,0.30882162,0.00092113425
12611,0.30974838,0.30881596,0.00093245116
12612,0.30978844,0.3088203,0.00096813485
12613,0.30980498,0.3088193,0.0009856905
12614,0.3097957,0.3088137,0.0009820169
12615,0.30978435,0.3088313,0.00095304346
12616,0.30975553,0.30881885,0.0009366999
12617,0.3097157,0.3087925,0.0009231974
12618,0.30974108,0.3087992,0.0009418769
12619,0.30980444,0.30881867,0.000985754
12620,0.30986395,0.30882472,0.0010392374
12621,0.3097977,0.30880046,0.0009972267
12622,0.3097614,0.3087944,0.00096699706
12623,0.3097377,0.30879635,0.0009413821
12624,0.30970928,0.30877948,0.0009298131
12625,0.30971792,0.3087866,0.0009313255
12626,0.30972275,0.30878428,0.00093847903
12627,0.3097059,0.30878162,0.0009243082
12628,0.3096842,0.3087662,0.0009179794
12629,0.3097112,0.30877686,0.0009343326
12630,0.30969024,0.30876368,0.00092654227
12631,0.30968735,0.3087607,0.00092664576
12632,0.30967665,0.30875477,0.0009218588
12633,0.30970073,0.30877125,0.00092947186
12634,0.30967423,0.30874357,0.00093067146
12635,0.30967495,0.30875388,0.00092105084
12636,0.30967674,0.30875158,0.0009251751
12637,0.30966625,0.30873966,0.0009265717
12638,0.30967838,0.30875197,0.000926416
12639,0.30965534,0.30873182,0.0009235178
12640,0.3096524,0.30872476,0.0009276302
12641,0.3096755,0.30873996,0.0009355273
12642,0.30966458,0.30872446,0.00094009686
12643,0.30966476,0.3087305,0.0009342572
12644,0.3096599,0.30872062,0.0009392742
12645,0.30966467,0.30873108,0.00093359035
12646,0.30965513,0.3087277,0.00092742185
12647,0.3096401,0.3087161,0.00092402083
12648,0.3096455,0.30871767,0.00092785637
12649,0.30964506,0.30871773,0.00092732103
12650,0.30964857,0.30872136,0.0009272146
12651,0.30963868,0.30871183,0.00092683395
12652,0.3096337,0.30871177,0.0009219378
12653,0.30963817,0.3087147,0.00092349236
12654,0.309653,0.30870345,0.00094953924
12655,0.30975834,0.30871618,0.0010421558
12656,0.30994093,0.30872673,0.001214206
12657,0.3101465,0.30873653,0.0014099821
12658,0.31033093,0.3087598,0.001571114
12659,0.3104204,0.30877632,0.0016440812
12660,0.31032202,0.3087701,0.0015519349
12661,0.31013787,0.3087637,0.0013741695
12662,0.3099252,0.30872276,0.0012024468
12663,0.30976915,0.3086999,0.0010692332
12664,0.30969587,0.3086985,0.0009973673
12665,0.30964985,0.30868858,0.0009612736
12666,0.30965006,0.3086842,0.0009658546
12667,0.30968088,0.30868095,0.0009999542
12668,0.30978894,0.30868408,0.001104865
12669,0.30989617,0.30869675,0.0011994335
12670,0.30995175,0.30869025,0.0012614947
12671,0.30990666,0.30869952,0.0012071335
12672,0.30996767,0.30867842,0.0012892442
12673,0.3102505,0.30872187,0.0015286094
12674,0.31078765,0.30873194,0.0020557255
12675,0.31154495,0.3088052,0.0027397678
12676,0.31241173,0.30887988,0.0035318532
12677,0.31347683,0.3089783,0.0044985483
12678,0.3141024,0.3090491,0.0050532995
12679,0.31304547,0.30906773,0.0039777434
12680,0.3108378,0.30875733,0.0020804715
12681,0.30965066,0.3086486,0.0010020736
12682,0.30983245,0.30866256,0.0011699076
12683,0.31056464,0.3087583,0.001806359
12684,0.3106771,0.308781,0.0018961101
12685,0.31008545,0.30867764,0.0014077949
12686,0.30960947,0.30864102,0.00096845964
12687,0.3096762,0.3086396,0.0010366167
12688,0.31006175,0.30868128,0.0013804631
12689,0.31005552,0.3086839,0.0013716107
12690,0.30972165,0.3086365,0.0010851753
12691,0.30956912,0.30862558,0.0009435482
12692,0.3098223,0.30864716,0.0011751435
12693,0.3101337,0.30867052,0.001463184
12694,0.30996522,0.3086612,0.0013040474
12695,0.309615,0.3086076,0.0010073709
12696,0.30961144,0.30860233,0.001009079
12697,0.30990764,0.30864796,0.0012596946
12698,0.30993748,0.30864635,0.0012911374
12699,0.30962786,0.30862033,0.0010075091
12700,0.30955172,0.30858937,0.00096234307
12701,0.30978057,0.30862886,0.0011517007
12702,0.30979526,0.30863813,0.0011571336
12703,0.3095802,0.30859372,0.0009865002
12704,0.30955207,0.30859265,0.00095941557
12705,0.30967686,0.3086184,0.0010584372
12706,0.30963567,0.3085988,0.0010368761
12707,0.3095097,0.3085736,0.0009360844
12708,0.3095389,0.3085796,0.0009592987
12709,0.3096176,0.3085934,0.0010242021
12710,0.30955082,0.30856824,0.000982573
12711,0.3094837,0.3085558,0.0009279046
12712,0.30956337,0.30856827,0.0009950983
12713,0.30960876,0.30856904,0.0010397045
12714,0.30954596,0.30856714,0.0009788281
12715,0.30948898,0.3085616,0.00092736806
12716,0.30953854,0.3085687,0.0009698613
12717,0.30954343,0.30856225,0.0009811858
12718,0.30949172,0.3085536,0.0009381318
12719,0.30952334,0.30857047,0.0009528543
12720,0.30957493,0.30856347,0.0010114684
12721,0.30955514,0.30855477,0.0010003897
12722,0.30949044,0.3085464,0.00094405917
12723,0.30946842,0.30853847,0.00092996954
12724,0.30951026,0.30854723,0.00096303114
12725,0.30950367,0.30854318,0.00096050336
12726,0.30947456,0.30853754,0.00093700027
12727,0.3094683,0.30854034,0.0009279349
12728,0.3094837,0.30854386,0.0009398508
12729,0.30946827,0.3085336,0.00093467766
12730,0.3094692,0.3085382,0.00093099364
12731,0.30945256,0.30851924,0.00093331514
12732,0.30946094,0.3085238,0.00093714276
12733,0.30945885,0.30852193,0.0009369057
12734,0.30946696,0.30852038,0.0009465576
12735,0.30948618,0.3085168,0.0009693556
12736,0.30947563,0.308516,0.0009596368
12737,0.3094319,0.30850977,0.0009221146
12738,0.30945396,0.30851358,0.0009403859
12739,0.3094931,0.30852747,0.00096562656
12740,0.30944833,0.30850494,0.00094340026
12741,0.30944747,0.30850023,0.0009472442
12742,0.30944115,0.30850932,0.0009318361
12743,0.30942944,0.30850095,0.00092846854
12744,0.30945104,0.30850786,0.0009431945
12745,0.30947962,0.30851,0.0009696184
12746,0.30941272,0.30848446,0.0009282514
12747,0.30945405,0.30849686,0.00095720694
12748,0.30946147,0.30852923,0.0009322621
12749,0.30940568,0.30847713,0.00092854706
12750,0.30944577,0.30850878,0.0009370028
12751,0.30948797,0.30850083,0.0009871607
12752,0.3094031,0.308478,0.0009250775
12753,0.30945387,0.3084965,0.0009573588
12754,0.30947512,0.30854028,0.0009348242
12755,0.309403,0.30846766,0.0009353431
12756,0.30942127,0.30848566,0.0009356105
12757,0.309456,0.30850327,0.00095272454
12758,0.3094068,0.3084677,0.00093909295
12759,0.30941796,0.30847722,0.00094073603
12760,0.30944505,0.30850428,0.00094077626
12761,0.3093982,0.30846077,0.0009374436
12762,0.3094459,0.30848023,0.00096566434
12763,0.3094098,0.30846536,0.0009444539
12764,0.30941573,0.30845314,0.0009625979
12765,0.30946904,0.30847877,0.0009902695
12766,0.30942616,0.30848002,0.00094612857
12767,0.30942822,0.30845022,0.0009780023
12768,0.30954152,0.30849946,0.0010420592
12769,0.3094595,0.3084649,0.000994596
12770,0.30938843,0.3084512,0.0009372216
12771,0.30951297,0.308471,0.0010419542
12772,0.30959886,0.30847272,0.001126163
12773,0.30947682,0.30846965,0.001007175
12774,0.30936763,0.30843836,0.0009292529
12775,0.30942985,0.3084303,0.0009995492
12776,0.30954283,0.30844575,0.0010970812
12777,0.30957562,0.30846924,0.0011063765
12778,0.30946025,0.30843097,0.001029281
12779,0.30936697,0.3084261,0.00094085897
12780,0.30935523,0.30841473,0.00094050093
12781,0.30940068,0.30842048,0.0009802163
12782,0.30942446,0.30841488,0.0010095943
12783,0.3093979,0.30840957,0.0009883429
12784,0.30934218,0.30840316,0.00093901966
12785,0.30933645,0.308409,0.0009274506
12786,0.30934063,0.30839908,0.00094154745
12787,0.30936372,0.30840644,0.0009572798
12788,0.30936605,0.30839396,0.0009721007
12789,0.3093528,0.30839333,0.00095945055
12790,0.30933654,0.3083947,0.0009418214
12791,0.30931708,0.30839285,0.0009242272
12792,0.30932212,0.3083949,0.00092720875
12793,0.30933017,0.30838582,0.00094434724
12794,0.30933836,0.3083777,0.00096066995
12795,0.3093414,0.30836868,0.0009727174
12796,0.3093357,0.30837572,0.00095997116
12797,0.309324,0.30836627,0.0009577096
12798,0.30931747,0.30837384,0.0009436315
12799,0.3092974,0.3083648,0.0009325886
12800,0.30929723,0.30836996,0.0009272713
12801,0.30930528,0.30836856,0.0009367373
12802,0.3093255,0.3083624,0.00096307846
12803,0.30932498,0.30836797,0.0009569889
12804,0.30928943,0.30835423,0.00093520526
12805,0.30930567,0.30836233,0.00094331725
12806,0.3093392,0.30836394,0.0009752674
12807,0.30936065,0.3083684,0.0009922277
12808,0.30930552,0.3083617,0.00094381196
12809,0.3092879,0.30835313,0.0009347886
12810,0.30930704,0.30834398,0.0009630748
12811,0.3093162,0.30835897,0.0009572332
12812,0.30930355,0.308358,0.0009455336
12813,0.30927902,0.30834946,0.00092957576
12814,0.30929098,0.3083476,0.0009433577
12815,0.30930698,0.30834126,0.000965716
12816,0.30928797,0.3083437,0.0009442649
12817,0.30927178,0.3083388,0.00093298
12818,0.3093011,0.30833176,0.0009693685
12819,0.30931184,0.30833602,0.00097582693
12820,0.309292,0.30833027,0.0009617043
12821,0.30926588,0.3083303,0.0009355818
12822,0.30925533,0.30832002,0.0009353034
12823,0.30925724,0.3083202,0.00093704433
12824,0.30925187,0.30830747,0.0009444028
12825,0.30927908,0.3083208,0.00095827633
12826,0.30926672,0.30831525,0.00095147715
12827,0.30924883,0.30830714,0.0009416964
12828,0.3092375,0.30831113,0.00092639576
12829,0.30923927,0.30830646,0.0009328192
12830,0.30923194,0.3082924,0.00093956257
12831,0.30923685,0.30830145,0.00093540875
12832,0.3092144,0.30828732,0.0009270886
12833,0.30922067,0.30829164,0.000929032
12834,0.30922195,0.3082858,0.0009361746
12835,0.30921438,0.30827856,0.0009357985
12836,0.30919853,0.30826992,0.0009285868
12837,0.30920485,0.30827647,0.00092838006
12838,0.30921322,0.30827716,0.00093603955
12839,0.30920318,0.3082695,0.0009336794
12840,0.30919382,0.30826676,0.0009270388
12841,0.3091972,0.30827007,0.00092710165
12842,0.309199,0.3082689,0.0009301057
12843,0.3091944,0.30826294,0.00093141815
12844,0.30917528,0.30825284,0.0009224553
12845,0.30918136,0.30825862,0.00092271937
12846,0.30919144,0.3082599,0.0009315362
12847,0.3091934,0.30825937,0.00093402027
12848,0.30918002,0.3082517,0.00092829467
12849,0.30917826,0.3082508,0.0009274561
12850,0.30918184,0.3082454,0.0009364523
12851,0.30919632,0.30825138,0.0009449255
12852,0.30916938,0.30823344,0.000935936
12853,0.3091659,0.3082349,0.0009310059
12854,0.30924308,0.3082425,0.0010005789
12855,0.30929,0.30825356,0.0010364371
12856,0.30918425,0.30823556,0.00094871514
12857,0.30920303,0.30823347,0.0009695521
12858,0.3093123,0.30824557,0.0010667238
12859,0.30921397,0.3082403,0.0009736471
12860,0.30917004,0.3082274,0.00094264076
12861,0.30920282,0.30822045,0.0009823618
12862,0.30920723,0.30821925,0.0009879736
12863,0.30919543,0.30822152,0.0009739181
12864,0.30914372,0.30821085,0.00093285367
12865,0.30933204,0.30822146,0.0011105884
12866,0.3095529,0.30827382,0.0012790881
12867,0.3095049,0.30826887,0.0012360268
12868,0.30927372,0.30822814,0.0010456027
12869,0.30913362,0.30820152,0.000932103
12870,0.30915985,0.30821267,0.00094717497
12871,0.30929577,0.3082304,0.0010653845
12872,0.30954227,0.30821905,0.0013232109
12873,0.30998608,0.30828652,0.0016995504
12874,0.31034425,0.30828604,0.0020582092
12875,0.3103208,0.30829775,0.0020230473
12876,0.3100127,0.30827945,0.0017332413
12877,0.309582,0.3082679,0.0013141003
12878,0.30919534,0.3081918,0.0010035557
12879,0.30911013,0.3081799,0.0009302503
12880,0.3092477,0.30820638,0.0010413171
12881,0.309426,0.30821455,0.0012114572
12882,0.309583,0.3082382,0.0013448019
12883,0.30966732,0.3082113,0.0014560444
12884,0.3096367,0.30822235,0.0014143648
12885,0.30949786,0.30820194,0.0012959079
12886,0.30928442,0.3081852,0.0010992195
12887,0.30911797,0.30816308,0.00095490384
12888,0.3090925,0.30815938,0.0009330957
12889,0.3091932,0.30817872,0.0010144722
12890,0.30930248,0.30817318,0.001129281
12891,0.3093353,0.30819714,0.0011381602
12892,0.30918935,0.30816293,0.0010264321
12893,0.30907914,0.30815718,0.00092197827
12894,0.3091282,0.30815932,0.00096886634
12895,0.3092593,0.30815354,0.0011057494
12896,0.30934858,0.30817744,0.0011711424
12897,0.30927813,0.30815485,0.001123274
12898,0.30915847,0.30814,0.0010184577
12899,0.30906355,0.30812025,0.0009432992
12900,0.3090483,0.30812833,0.0009199624
12901,0.30907446,0.30812746,0.0009470022
12902,0.30910638,0.30812094,0.0009854676
12903,0.30913538,0.30813146,0.0010039377
12904,0.3091643,0.308124,0.0010402834
12905,0.30927947,0.30813485,0.001144606
12906,0.30947933,0.30814245,0.0013368893
12907,0.30979165,0.30819014,0.0016015336
12908,0.31003705,0.30819643,0.0018406151
12909,0.31011254,0.3082272,0.0018853296
12910,0.3099421,0.30819413,0.001747949
12911,0.30965418,0.30817226,0.0014819164
12912,0.3093638,0.30813187,0.0012319474
12913,0.3092363,0.30811977,0.0011165075
12914,0.30920973,0.3081005,0.0011092352
12915,0.30922788,0.3081152,0.001112659
12916,0.30919975,0.3081005,0.0010992698
12917,0.30921096,0.30813798,0.0010729715
12918,0.30919766,0.30813435,0.0010633237
12919,0.30916226,0.30812025,0.001042019
12920,0.30913028,0.3080969,0.0010333834
12921,0.30912957,0.30810016,0.0010293921
12922,0.30910468,0.30808356,0.0010211216
12923,0.30909148,0.30809042,0.0010010775
12924,0.30907467,0.30808723,0.0009874515
12925,0.30905357,0.30807877,0.0009748001
12926,0.3090313,0.30807528,0.0009560327
12927,0.30902025,0.3080764,0.00094384496
12928,0.30900076,0.3080608,0.0009399615
12929,0.3089831,0.30806032,0.0009227583
12930,0.3089775,0.3080596,0.0009178931
12931,0.30897343,0.3080569,0.0009165288
12932,0.30897793,0.30805394,0.0009240004
12933,0.3089972,0.30805796,0.00093924394
12934,0.30900037,0.30804655,0.0009538424
12935,0.30901185,0.30805016,0.00096166955
12936,0.30901212,0.30804756,0.0009645689
12937,0.3090023,0.3080456,0.00095672236
12938,0.30898583,0.30804178,0.0009440258
12939,0.30896917,0.30803946,0.0009297179
12940,0.30894884,0.30802873,0.0009201113
12941,0.30894628,0.30803797,0.0009083161
12942,0.30893824,0.30803004,0.0009082019
12943,0.3089268,0.30801684,0.0009099506
12944,0.30893272,0.30802104,0.00091168436
12945,0.30894008,0.30802658,0.0009134989
12946,0.3089369,0.30802536,0.00091155496
12947,0.30892548,0.3080198,0.0009056952
12948,0.30892476,0.3080186,0.0009061651
12949,0.30892828,0.3080191,0.00090917444
12950,0.30893654,0.30802187,0.0009146603
12951,0.3089189,0.30800697,0.0009119192
12952,0.30891895,0.30801088,0.0009080842
12953,0.3089025,0.30799702,0.0009055011
12954,0.30891025,0.3080019,0.000908329
12955,0.30891824,0.3079991,0.0009191395
12956,0.30894256,0.30800313,0.00093942566
12957,0.30898812,0.3080222,0.0009659288
12958,0.30900255,0.3080153,0.000987261
12959,0.30899355,0.3080025,0.0009910269
12960,0.3089712,0.30799764,0.000973532
12961,0.30893528,0.30798203,0.000953258
12962,0.30891457,0.30798522,0.0009293642
12963,0.3088828,0.30797362,0.0009091748
12964,0.30886918,0.3079689,0.00090026873
12965,0.30887574,0.30796945,0.0009063065
12966,0.30889544,0.30797067,0.0009247487
12967,0.30892235,0.30797145,0.000950915
12968,0.30893904,0.3079633,0.00097573624
12969,0.3089663,0.30797264,0.0009936626
12970,0.308968,0.30797243,0.0009955822
12971,0.30896005,0.30797824,0.000981801
12972,0.30894357,0.30797037,0.00097320275
12973,0.30893883,0.3079724,0.0009664381
12974,0.3089296,0.3079683,0.0009612829
12975,0.3089122,0.30796322,0.0009489579
12976,0.30889916,0.30795768,0.0009414911
12977,0.30888215,0.3079509,0.0009312403
12978,0.3088659,0.30794203,0.0009238892
12979,0.30885795,0.30793938,0.0009185771
12980,0.30885363,0.30794042,0.00091319764
12981,0.30885002,0.30794087,0.00090914295
12982,0.30885038,0.30793843,0.00091196503
12983,0.308856,0.30794618,0.0009098494
12984,0.3088629,0.30793604,0.0009268558
12985,0.30894604,0.30793676,0.0010092824
12986,0.3091489,0.30794704,0.0012018742
12987,0.30940363,0.30797634,0.0014272726
12988,0.30977872,0.30800962,0.0017690973
12989,0.3103827,0.3081059,0.0022768048
12990,0.31118846,0.3081453,0.003043137
12991,0.31198028,0.30821207,0.0037682145
12992,0.31211066,0.30820835,0.003902321
12993,0.3113957,0.30814397,0.0032517079
12994,0.3099938,0.3080199,0.0019739042
12995,0.30895868,0.3079371,0.0010216091
12996,0.3089668,0.30791232,0.0010544645
12997,0.3097321,0.30798653,0.0017455935
12998,0.31045184,0.3081477,0.0023041428
12999,0.31048903,0.30810913,0.0023799147
13000,0.3100433,0.30802676,0.0020165702
13001,0.30934608,0.30792668,0.0014193989
13002,0.30886388,0.30789363,0.0009702446
13003,0.3088829,0.3078917,0.0009911816
13004,0.30926606,0.30791166,0.0013544033
13005,0.3095708,0.30796158,0.0016092088
13006,0.30957857,0.30793178,0.001646809
13007,0.30945864,0.30796212,0.0014965498
13008,0.3091484,0.3079208,0.0012275958
13009,0.3088597,0.30787146,0.0009882577
13010,0.30877218,0.3078613,0.00091088115
13011,0.30883735,0.30787456,0.00096280436
13012,0.30897364,0.3078968,0.0010768623
13013,0.30910504,0.30789295,0.0012121091
13014,0.30917403,0.30790415,0.0012698679
13015,0.3090889,0.30788103,0.0012078576
13016,0.30891296,0.30787662,0.0010363476
13017,0.30876046,0.30784628,0.00091417914
13018,0.30881295,0.307856,0.0009569274
13019,0.30903655,0.30787843,0.0011581202
13020,0.30929345,0.30791447,0.001378979
13021,0.30935043,0.30792975,0.0014206914
13022,0.30914026,0.30787832,0.0012619377
13023,0.308882,0.30785936,0.00102263
13024,0.3087266,0.30782595,0.0009006513
13025,0.3088196,0.3078338,0.0009857917
13026,0.30901968,0.3078478,0.0011718767
13027,0.30916694,0.30787843,0.0012884864
13028,0.309185,0.30788234,0.0013026457
13029,0.3090331,0.3078532,0.001179901
13030,0.30883753,0.30784443,0.0009931043
13031,0.30871287,0.30781043,0.0009024363
13032,0.3088156,0.30782768,0.000987902
13033,0.30903617,0.30784023,0.0011959318
13034,0.3092262,0.30787292,0.0013532946
13035,0.3092028,0.30786154,0.0013412556
13036,0.3089695,0.3078269,0.0011425882
13037,0.30875182,0.30781642,0.0009353993
13038,0.3087344,0.30781645,0.0009179393
13039,0.3088625,0.30782276,0.0010397284
13040,0.3089113,0.30782747,0.0010838294
13041,0.3088085,0.30782002,0.000988481
13042,0.30869117,0.3077877,0.00090348034
13043,0.3087337,0.30780223,0.0009314736
13044,0.30879536,0.30780926,0.0009861047
13045,0.30881158,0.3078108,0.0010007647
13046,0.3087423,0.30778927,0.0009530418
13047,0.3086924,0.3077826,0.0009098103
13048,0.30868867,0.30778113,0.00090752466
13049,0.30870122,0.30777353,0.00092766527
13050,0.30871806,0.30778003,0.00093802344
13051,0.30869716,0.3077662,0.00093096576
13052,0.30866906,0.30776215,0.0009069153
13053,0.3086529,0.30775166,0.0009012523
13054,0.30870366,0.3077709,0.00093277125
13055,0.30880418,0.30776596,0.0010382157
13056,0.3090871,0.3077955,0.0012916166
13057,0.3096604,0.30785584,0.0018045359
13058,0.31039417,0.30791485,0.0024793325
13059,0.31102383,0.3079597,0.0030641332
13060,0.31137618,0.30795476,0.003421419
13061,0.31135544,0.30800715,0.0033483065
13062,0.31091365,0.30793792,0.0029757486
13063,0.31021863,0.30789953,0.002319099
13064,0.30932537,0.30780968,0.0015156695
13065,0.30869848,0.3077508,0.0009476615
13066,0.30887046,0.3077697,0.0011007804
13067,0.3094216,0.30778646,0.0016351391
13068,0.30946997,0.30786645,0.0016035007
13069,0.30899507,0.3078068,0.0011882784
13070,0.30864924,0.30773926,0.0009099737
13071,0.3088458,0.30776957,0.0010762231
13072,0.30919945,0.30780387,0.0013955869
13073,0.30925018,0.3078276,0.0014225779
13074,0.30893615,0.30775484,0.0011812977
13075,0.30867696,0.30773395,0.000943015
13076,0.30863667,0.30772677,0.0009099152
13077,0.3087155,0.30772355,0.0009919379
13078,0.30875617,0.30772123,0.0010349471
13079,0.30874085,0.30771926,0.0010215725
13080,0.3086462,0.307704,0.000942206
13081,0.30861098,0.3077109,0.0009000873
13082,0.3086282,0.30770555,0.00092262926
13083,0.30867395,0.30770564,0.0009683192
13084,0.30867535,0.30770794,0.00096741726
13085,0.30862364,0.30769804,0.0009256023
13086,0.3085844,0.30768946,0.00089494156
13087,0.30860764,0.3077047,0.0009029495
13088,0.30861875,0.30769217,0.000926582
13089,0.30860606,0.30769,0.0009160739
13090,0.30858594,0.30768633,0.0008995963
13091,0.30857533,0.30768353,0.0008918092
13092,0.3085895,0.3076899,0.0008995772
13093,0.30858606,0.307678,0.00090805703
13094,0.3085782,0.3076728,0.00090540777
13095,0.30856422,0.30767068,0.0008935438
13096,0.30855602,0.30766433,0.00089168735
13097,0.308572,0.307672,0.0008999736
13098,0.30857098,0.30765808,0.00091293006
13099,0.3085716,0.30766648,0.00090510474
13100,0.30855134,0.3076541,0.0008972177
13101,0.30854997,0.30765855,0.0008914244
13102,0.30854806,0.30765513,0.0008929353
13103,0.30856553,0.30765036,0.00091517885
13104,0.30867085,0.30769104,0.0009798164
13105,0.3087327,0.30766338,0.0010693182
13106,0.30869704,0.30768317,0.001013878
13107,0.30865923,0.30770057,0.0009586484
13108,0.3085828,0.30767202,0.0009107976
13109,0.30854657,0.3076476,0.00089898676
13110,0.3086344,0.30768412,0.00095028104
13111,0.3087048,0.30774212,0.00096268253
13112,0.308618,0.3076731,0.00094490824
13113,0.30851662,0.30762818,0.0008884389
13114,0.3085656,0.30765456,0.00091103127
13115,0.30864972,0.30767542,0.00097429845
13116,0.30879655,0.3076506,0.0011459617
13117,0.30897483,0.30765983,0.0013149932
13118,0.30907223,0.30767798,0.0013942521
13119,0.30909124,0.30768484,0.0014064085
13120,0.30896306,0.30771747,0.0012456116
13121,0.3087977,0.3076976,0.0011000792
13122,0.30866536,0.30763942,0.0010259278
13123,0.30861226,0.30761746,0.0009947817
13124,0.30855918,0.30762345,0.00093570864
13125,0.308518,0.30760378,0.0009142222
13126,0.30861905,0.30760816,0.0010108746
13127,0.30879912,0.3076317,0.0011674131
13128,0.30880716,0.30763084,0.0011763452
13129,0.3087965,0.30765343,0.0011430896
13130,0.30879876,0.30766568,0.0011330901
13131,0.30867466,0.30761728,0.0010573871
13132,0.30858535,0.30760962,0.00097573147
13133,0.3085119,0.3076016,0.0009103177
13134,0.30847657,0.30759522,0.0008813512
13135,0.30851048,0.30759045,0.00092004857
13136,0.3085856,0.30761006,0.0009755404
13137,0.3085991,0.30760315,0.0009959491
13138,0.3085798,0.30759993,0.0009798713
13139,0.3085581,0.3076091,0.00094897056
13140,0.30850384,0.3075914,0.0009124372
13141,0.30846348,0.3075698,0.0008937021
13142,0.30845484,0.30756974,0.00088510494
13143,0.30845776,0.30757883,0.00087891734
13144,0.30844793,0.30756485,0.00088305894
13145,0.30845934,0.30757007,0.00088925066
13146,0.30845237,0.30756015,0.00089223275
13147,0.3084576,0.30755886,0.0008987301
13148,0.3084485,0.30755603,0.0008924456
13149,0.30844536,0.30755228,0.00089307706
13150,0.3084332,0.3075504,0.00088280253
13151,0.30843225,0.30754957,0.0008826754
13152,0.308431,0.30754852,0.00088246557
13153,0.3084395,0.30755737,0.000882129
13154,0.30843368,0.3075517,0.00088196126
13155,0.30843192,0.30755177,0.00088013674
13156,0.3084213,0.30754173,0.00087958074
13157,0.30841503,0.30753422,0.0008808202
13158,0.30842775,0.30754733,0.0008804118
13159,0.30841273,0.30753323,0.0008795036
13160,0.30840695,0.30752853,0.00087844115
13161,0.3084127,0.3075335,0.0008791958
13162,0.30841497,0.30753133,0.00088362314
13163,0.308404,0.30751976,0.00088420865
13164,0.30839938,0.30751663,0.0008827437
13165,0.30840322,0.307522,0.0008812275
13166,0.30840528,0.30752435,0.0008809509
13167,0.30840108,0.3075172,0.0008838945
13168,0.30840456,0.30752337,0.00088121276
13169,0.30839282,0.30751055,0.00088227587
13170,0.30839193,0.30751273,0.00087919587
13171,0.30839464,0.30751485,0.00087979797
13172,0.30838385,0.307503,0.0008808542
13173,0.30839854,0.30751842,0.00088010856
13174,0.3083902,0.3075116,0.00087860634
13175,0.30838874,0.30750972,0.00087901053
13176,0.3083937,0.3075104,0.0008832844
13177,0.30838746,0.30750236,0.0008851113
13178,0.3083955,0.30750802,0.0008874886
13179,0.30838048,0.30749866,0.00088181003
13180,0.30837744,0.30749914,0.000878305
13181,0.3083791,0.30749983,0.00087927945
13182,0.3083715,0.30749035,0.0008811392
13183,0.30836466,0.3074845,0.0008801554
13184,0.3083609,0.30748263,0.0008782566
13185,0.30836722,0.30748993,0.00087729504
13186,0.30835667,0.3074806,0.0008760883
13187,0.30835235,0.30747598,0.0008763494
13188,0.30835563,0.30747795,0.0008776728
13189,0.3083538,0.3074723,0.0008814993
13190,0.30836096,0.30747062,0.00089036825
13191,0.3083716,0.30746406,0.0009075675
13192,0.30839324,0.30747595,0.000917303
13193,0.30835962,0.3074565,0.0009031279
13194,0.30835852,0.30746257,0.0008959682
13195,0.30833817,0.30744466,0.00089350605
13196,0.30835292,0.3074579,0.00089500844
13197,0.30834243,0.30744684,0.00089561177
13198,0.30832818,0.30743733,0.00089087366
13199,0.30832747,0.30743837,0.0008890998
13200,0.3083383,0.3074488,0.0008895157
13201,0.30832902,0.3074405,0.0008885502
13202,0.3083246,0.30743578,0.00088880735
13203,0.30832225,0.30743495,0.0008873163
13204,0.30832404,0.30743566,0.00088838564
13205,0.308325,0.30743316,0.00089182146
13206,0.30835313,0.30743533,0.0009177766
13207,0.30850294,0.3074462,0.0010567361
13208,0.30879506,0.3074638,0.0013312539
13209,0.30909565,0.30750096,0.0015946772
13210,0.3091307,0.3075107,0.0016199868
13211,0.30892044,0.30748686,0.0014335713
13212,0.3086386,0.30744782,0.0011907854
13213,0.30841103,0.3074216,0.000989433
13214,0.30829707,0.30740768,0.0008893936
13215,0.30839238,0.30740637,0.0009860048
13216,0.3088159,0.30746773,0.0013481909
13217,0.30913025,0.30747193,0.0016582999
13218,0.30900207,0.30747476,0.0015273017
13219,0.308679,0.30745518,0.0012238498
13220,0.30844143,0.30743456,0.0010068861
13221,0.30830577,0.30739927,0.0009064882
13222,0.30831483,0.30740222,0.0009125867
13223,0.30844474,0.30741683,0.0010279167
13224,0.30855957,0.30739862,0.0011609374
13225,0.308582,0.30742246,0.001159565
13226,0.3084376,0.30739042,0.0010471568
13227,0.30830425,0.30738577,0.0009184802
13228,0.30827698,0.3073864,0.00089059846
13229,0.30838066,0.30738154,0.0009991055
13230,0.30864084,0.30742523,0.0012155953
13231,0.30889156,0.30741462,0.0014769502
13232,0.30898815,0.30743647,0.0015516902
13233,0.30883577,0.3074118,0.0014239787
13234,0.30854246,0.30740488,0.0011375974
13235,0.30853143,0.30736315,0.0011683056
13236,0.30900648,0.30740997,0.0015965123
13237,0.31028253,0.30751616,0.0027663826
13238,0.3125316,0.30767906,0.0048525273
13239,0.31524363,0.30797297,0.007270659
13240,0.31654698,0.30813676,0.008410223
13241,0.31475258,0.3079092,0.0068434
13242,0.31083256,0.30763075,0.0032018311
13243,0.30830824,0.30734438,0.0009638445
13244,0.3091264,0.3074361,0.0016902806
13245,0.3109667,0.30759427,0.0033724215
13246,0.31082264,0.30761683,0.0032058195
13247,0.30888614,0.30739993,0.0014862369
13248,0.3082986,0.30734795,0.0009506126
13249,0.3092818,0.30743665,0.0018451393
13250,0.3097835,0.30748498,0.0022985064
13251,0.309018,0.30739135,0.001626632
13252,0.30824664,0.30732316,0.00092349283
13253,0.30862737,0.30735677,0.0012706209
13254,0.30946964,0.3074349,0.0020347454
13255,0.30921796,0.3074283,0.0017896533
13256,0.30830926,0.30733228,0.0009769766
13257,0.3084657,0.30734316,0.0011225278
13258,0.3092278,0.30741963,0.001808177
13259,0.30918163,0.30744153,0.0017401153
13260,0.30844584,0.30735138,0.0010944826
13261,0.30825952,0.30733076,0.00092877576
13262,0.3086707,0.30738568,0.0012850091
13263,0.30856857,0.30735463,0.0012139484
13264,0.3082071,0.30730852,0.0008985841
13265,0.30834836,0.30732626,0.0010221048
13266,0.30852,0.30735138,0.0011686252
13267,0.30830592,0.3073117,0.0009942035
13268,0.30818462,0.30727598,0.0009086326
13269,0.3084573,0.30732673,0.0011305659
13270,0.30840102,0.30731013,0.001090873
13271,0.30818054,0.30728757,0.0008929718
13272,0.30831212,0.30731514,0.0009969774
13273,0.3084718,0.3073431,0.0011287094
13274,0.30825415,0.3072934,0.0009607739
13275,0.30819032,0.3072887,0.0009016035
13276,0.30832642,0.3072905,0.0010359486
13277,0.3083289,0.30731368,0.0010152321
13278,0.3081579,0.3072683,0.0008895995
13279,0.30829757,0.30727974,0.001017844
13280,0.3083227,0.3072981,0.0010246104
13281,0.3081733,0.30727658,0.0008967408
13282,0.30817187,0.30726278,0.0009090913
13283,0.3082411,0.30730444,0.0009366395
13284,0.30817696,0.30727535,0.00090162194
13285,0.30812454,0.30724055,0.0008839965
13286,0.3081848,0.3072801,0.0009046996
13287,0.3081725,0.30726236,0.00091013673
13288,0.30814642,0.30724472,0.00090171734
13289,0.30814508,0.30725965,0.00088543043
13290,0.30813214,0.30724055,0.0008915913
13291,0.30817685,0.30724978,0.0009270644
13292,0.30816528,0.30723554,0.00092973944
13293,0.30813456,0.3072417,0.00089285383
13294,0.30814242,0.3072545,0.00088792044
13295,0.30811775,0.30723068,0.00088704657
13296,0.30811417,0.3072294,0.0008847503
13297,0.30813202,0.30724117,0.00089084555
13298,0.30810177,0.30721676,0.0008850189
13299,0.30810168,0.30722135,0.00088035176
13300,0.30810648,0.30722016,0.0008863
13301,0.30810842,0.30721724,0.0008911848
13302,0.30813012,0.3071996,0.0009305274
13303,0.3082178,0.30722108,0.0009966947
13304,0.30826455,0.307218,0.0010465651
13305,0.3082521,0.30722398,0.0010281311
13306,0.30819592,0.30721357,0.0009823489
13307,0.30813938,0.30720976,0.00092959654
13308,0.30810237,0.30719638,0.00090597774
13309,0.30807704,0.30719405,0.0008829739
13310,0.3080748,0.30719298,0.0008818172
13311,0.308086,0.3071877,0.00089827523
13312,0.30811,0.3071924,0.0009176081
13313,0.30813754,0.30719346,0.0009440586
13314,0.30820128,0.3071999,0.0010013876
13315,0.308261,0.30719605,0.001064955
13316,0.308312,0.30720976,0.0011022474
13317,0.3083005,0.30718493,0.0011155836
13318,0.30825058,0.30718762,0.0010629818
13319,0.308182,0.30718434,0.0009976627
13320,0.30810145,0.30718535,0.00091610756
13321,0.30804855,0.30717024,0.00087830535
13322,0.30805898,0.30716506,0.0008939385
13323,0.30808592,0.3071608,0.0009251245
13324,0.30809268,0.30716985,0.00092282833
13325,0.3080869,0.30716357,0.0009233233
13326,0.30809143,0.30715263,0.00093880726
13327,0.30813614,0.30717498,0.0009611533
13328,0.30814224,0.30714884,0.0009933996
13329,0.30818522,0.30717644,0.0010087884
13330,0.30815127,0.3071534,0.0009978731
13331,0.30808342,0.307159,0.000924416
13332,0.30801976,0.30714482,0.00087492727
13333,0.30806595,0.30714086,0.0009251038
13334,0.3082302,0.3071713,0.0010589047
13335,0.30836377,0.30717337,0.0011903879
13336,0.30838254,0.30717412,0.0012084187
13337,0.30825785,0.30716425,0.0010935911
13338,0.30804878,0.30714798,0.00090079504
13339,0.30801773,0.30712914,0.00088857097
13340,0.30814877,0.3071344,0.00101438
13341,0.30825654,0.30713937,0.0011171687
13342,0.30824578,0.3071478,0.0010979996
13343,0.3080851,0.30712673,0.00095838774
13344,0.3079808,0.30711472,0.0008660866
13345,0.30805328,0.30710563,0.00094763376
13346,0.30810714,0.30713668,0.00097046763
13347,0.307991,0.3070967,0.000894309
13348,0.30796975,0.3070979,0.0008718295
13349,0.30806443,0.307113,0.0009514466
13350,0.30805025,0.30710083,0.000949411
13351,0.30798203,0.30710456,0.00087745703
13352,0.30799675,0.30710644,0.0008903414
13353,0.30799493,0.30708018,0.0009147498
13354,0.3079847,0.30709246,0.0008922581
13355,0.3079649,0.30709815,0.00086671923
13356,0.30796432,0.30708107,0.00088324444
13357,0.3079801,0.30709663,0.0008834431
13358,0.3079529,0.30708352,0.00086938904
13359,0.30794236,0.3070773,0.00086507807
13360,0.30796278,0.30708382,0.0008789669
13361,0.30795306,0.30707628,0.0008767975
13362,0.3079415,0.30707535,0.00086612365
13363,0.3079289,0.30706263,0.00086626987
13364,0.30792323,0.30705693,0.00086627126
13365,0.30793008,0.30706096,0.0008691296
13366,0.30792245,0.30705976,0.00086269306
13367,0.30792162,0.30705738,0.0008642452
13368,0.3079271,0.30706403,0.00086308504
13369,0.30792233,0.30705452,0.0008678222
13370,0.3079221,0.30705377,0.0008683241
13371,0.30792117,0.30705547,0.0008657143
13372,0.30791864,0.30705324,0.0008653874
13373,0.30790523,0.30703908,0.0008661463
13374,0.30791238,0.30704504,0.0008673368
13375,0.30791667,0.3070487,0.00086796645
13376,0.30791306,0.3070485,0.0008645894
13377,0.30790034,0.30703554,0.00086482783
13378,0.30790722,0.30703825,0.00086896884
13379,0.30790603,0.307041,0.00086505327
13380,0.3078924,0.3070272,0.0008652486
13381,0.30788562,0.30702132,0.00086430705
13382,0.30789322,0.30703115,0.0008620649
13383,0.307885,0.30702087,0.0008641252
13384,0.30788314,0.30701998,0.00086317555
13385,0.30788204,0.30701843,0.00086361833
13386,0.30788115,0.30701885,0.0008623116
13387,0.3078764,0.3070136,0.0008627942
13388,0.30787838,0.30701405,0.00086433685
13389,0.30787653,0.3070133,0.0008632207
13390,0.30786785,0.30700582,0.0008620578
13391,0.30786404,0.30700144,0.0008625984
13392,0.30785704,0.30699518,0.00086183206
13393,0.30786434,0.30700082,0.00086351176
13394,0.3078668,0.30700505,0.00086177717
13395,0.30785337,0.3069934,0.0008599628
13396,0.30786005,0.30699772,0.0008623286
13397,0.30784503,0.30698627,0.00085877103
13398,0.30785492,0.306994,0.00086094195
13399,0.30784997,0.30699253,0.0008574537
13400,0.30784428,0.3069892,0.0008551107
13401,0.3078506,0.30699298,0.00085760886
13402,0.30784398,0.30699039,0.0008535877
13403,0.30784038,0.3069863,0.0008540958
13404,0.3078363,0.30697972,0.0008565859
13405,0.3078314,0.3069728,0.000858579
13406,0.30783442,0.30697522,0.0008592177
13407,0.30784678,0.3069743,0.0008724956
13408,0.30794287,0.30698544,0.0009574123
13409,0.30821347,0.30697078,0.001242714
13410,0.30889818,0.3070301,0.0018680766
13411,0.30964142,0.30710995,0.0025314526
13412,0.30989015,0.3071359,0.0027542305
13413,0.30936235,0.3071015,0.0022608577
13414,0.30849248,0.3070328,0.0014596928
13415,0.30786327,0.30696765,0.0008956436
13416,0.3080873,0.30696517,0.0011221196
13417,0.30918342,0.3070728,0.002110629
13418,0.31011528,0.3071775,0.0029377635
13419,0.30990404,0.30714402,0.0027600075
13420,0.30893978,0.30701628,0.0019235198
13421,0.3081086,0.30695325,0.0011553479
13422,0.30780077,0.30693346,0.0008672909
13423,0.30824414,0.30696616,0.0012779674
13424,0.30931586,0.30704865,0.0022672205
13425,0.31007966,0.30709866,0.0029810276
13426,0.30970863,0.30708188,0.002626766
13427,0.3086672,0.3069975,0.0016697093
13428,0.30794397,0.30694884,0.0009951553
13429,0.30779684,0.3069099,0.0008869689
13430,0.30816808,0.30696473,0.0012033763
13431,0.3085623,0.30698064,0.0015816826
13432,0.30872577,0.30697092,0.0017548522
13433,0.30870768,0.30697572,0.0017319365
13434,0.30850083,0.30694336,0.0015574698
13435,0.3082677,0.30694103,0.0013266926
13436,0.3080463,0.30692926,0.0011170605
13437,0.3078427,0.30690405,0.00093863846
13438,0.30775768,0.30689245,0.0008652216
13439,0.30778995,0.30689254,0.000897389
13440,0.30789727,0.30690596,0.0009913078
13441,0.30795896,0.3069089,0.0010500435
13442,0.3079247,0.30690664,0.0010180562
13443,0.3078092,0.30688927,0.00091995124
13444,0.3077503,0.3068715,0.0008788048
13445,0.30775905,0.30687818,0.0008808458
13446,0.30779973,0.306878,0.00092173135
13447,0.30789086,0.30689117,0.0009996877
13448,0.30797026,0.30688736,0.0010828979
13449,0.30796814,0.30688903,0.0010791363
13450,0.30788904,0.3068833,0.001005751
13451,0.30779782,0.30686674,0.00093106215
13452,0.3077303,0.30686146,0.00086882
13453,0.30773157,0.30686256,0.0008690186
13454,0.30777237,0.30686098,0.0009113904
13455,0.3078284,0.30685928,0.0009691265
13456,0.30788514,0.3068737,0.0010114219
13457,0.30787173,0.30686846,0.001003254
13458,0.30781475,0.3068595,0.00095525366
13459,0.3077387,0.30685836,0.00088034477
13460,0.30771273,0.30684164,0.00087107776
13461,0.30776826,0.3068409,0.0009273598
13462,0.30783978,0.30684185,0.0009979209
13463,0.30789044,0.30686018,0.0010302762
13464,0.3078642,0.30685014,0.0010140322
13465,0.30781034,0.3068449,0.0009654233
13466,0.30771285,0.3068323,0.0008805382
13467,0.3077002,0.3068347,0.00086549984
13468,0.30775088,0.30683374,0.00091714924
13469,0.30773586,0.30682057,0.00091529236
13470,0.30770046,0.30682454,0.00087592436
13471,0.30769125,0.30682445,0.0008668121
13472,0.3077075,0.30681595,0.00089151657
13473,0.30771738,0.30682173,0.0008956397
13474,0.3076888,0.3068192,0.00086959393
13475,0.30768272,0.3068168,0.00086595525
13476,0.30769515,0.30681625,0.0008788974
13477,0.30768168,0.30681044,0.00087123195
13478,0.30766347,0.30679655,0.00086691993
13479,0.30768663,0.30680615,0.0008804825
13480,0.30770433,0.3068052,0.0008991343
13481,0.3077512,0.30681044,0.00094077195
13482,0.30786884,0.30680782,0.0010610113
13483,0.3080606,0.3068152,0.0012453712
13484,0.30830744,0.3068423,0.0014651277
13485,0.30853093,0.306835,0.0016959317
13486,0.30871698,0.3068872,0.0018297624
13487,0.30875027,0.30685523,0.0018950396
13488,0.30860272,0.30685645,0.0017462537
13489,0.30836067,0.30682907,0.0015316128
13490,0.3080344,0.306811,0.0012233958
13491,0.30781576,0.3067928,0.0010229688
13492,0.30768886,0.30678985,0.00089900626
13493,0.307661,0.30678082,0.0008801942
13494,0.30772936,0.3067897,0.0009396596
13495,0.30776122,0.30677623,0.0009849927
13496,0.30784956,0.306787,0.001062528
13497,0.30789697,0.30681112,0.0010858459
13498,0.3076983,0.30677485,0.0009234704
13499,0.30767235,0.30677804,0.00089427864
13500,0.30785075,0.30676904,0.0010817043
13501,0.30800796,0.30680326,0.0012047171
13502,0.30784443,0.30679533,0.001049107
13503,0.3076495,0.30676013,0.0008893466
13504,0.30771852,0.3067872,0.00093134213
13505,0.3078635,0.30679366,0.0010698301
13506,0.3079495,0.30679363,0.0011558832
13507,0.3079402,0.30678427,0.0011559601
13508,0.30792153,0.3067727,0.0011488104
13509,0.30786806,0.30677372,0.0010943593
13510,0.30773687,0.3067799,0.00095697783
13511,0.30761576,0.30674753,0.0008682404
13512,0.30768913,0.3067703,0.00091884256
13513,0.3077995,0.30676362,0.0010358748
13514,0.30789956,0.3067593,0.0011402688
13515,0.307988,0.30676875,0.0012192361
13516,0.307968,0.3067689,0.0011990962
13517,0.30783796,0.30675283,0.0010851206
13518,0.3077387,0.30674016,0.0009985415
13519,0.3076605,0.3067316,0.0009288568
13520,0.3076176,0.3067372,0.00088038965
13521,0.30760232,0.30673108,0.0008712448
13522,0.30760035,0.3067329,0.00086745375
13523,0.30760717,0.3067279,0.00087930524
13524,0.30765605,0.30672565,0.00093039416
13525,0.30776018,0.3067368,0.0010233747
13526,0.30785677,0.30673686,0.0011199142
13527,0.30789077,0.30674648,0.0011442932
13528,0.3078018,0.3067202,0.0010816046
13529,0.30769882,0.30671152,0.0009872968
13530,0.30763355,0.30669606,0.0009374828
13531,0.30766606,0.3067072,0.000958871
13532,0.30773628,0.3066989,0.0010374076
13533,0.3078057,0.30671087,0.0010948159
13534,0.3077656,0.30670556,0.0010600516
13535,0.30766702,0.30669412,0.0009728765
13536,0.3075886,0.3066871,0.00090151874
13537,0.30755836,0.30668804,0.0008703014
13538,0.30754212,0.3066785,0.0008636044
13539,0.30758858,0.306679,0.0009095612
13540,0.30770943,0.30668676,0.0010226753
13541,0.30785033,0.3066872,0.0011631104
13542,0.30792883,0.30670652,0.0012223024
13543,0.307859,0.30669436,0.00116464
13544,0.30774045,0.30667865,0.0010618076
13545,0.30765048,0.3066563,0.0009941643
13546,0.3076374,0.3066556,0.0009818003
13547,0.30762365,0.30666277,0.0009608697
13548,0.30758736,0.30666316,0.00092421786
13549,0.30752945,0.30665675,0.0008727057
13550,0.30760187,0.30665407,0.0009478135
13551,0.30775097,0.3066774,0.0010735644
13552,0.30786157,0.3066774,0.0011841882
13553,0.3078733,0.30670354,0.0011697642
13554,0.30772603,0.30667093,0.0010551016
13555,0.30762357,0.30665419,0.0009693781
13556,0.30758467,0.30664107,0.0009435946
13557,0.30756202,0.30665475,0.00090725033
13558,0.3075322,0.30663392,0.00089826406
13559,0.30763367,0.30665174,0.0009819395
13560,0.30765316,0.30666202,0.0009911114
13561,0.30771166,0.30664396,0.0010677058
13562,0.30778834,0.30666253,0.0011258215
13563,0.30768046,0.30666733,0.0010131365
13564,0.307544,0.30662572,0.0009182898
13565,0.3075793,0.3066624,0.00091688754
13566,0.30757985,0.30662632,0.0009535225
13567,0.30766326,0.30662772,0.0010355534
13568,0.30779725,0.30667374,0.001123492
13569,0.30771655,0.3066494,0.0010671683
13570,0.30764997,0.30663982,0.0010101512
13571,0.30764243,0.30665812,0.0009843158
13572,0.30765337,0.3066213,0.001032049
13573,0.3078044,0.30664977,0.0011546321
13574,0.30792165,0.30664775,0.0012738917
13575,0.30803335,0.30664775,0.0013855813
13576,0.30809787,0.3066804,0.0014174681
13577,0.30794802,0.30665883,0.0012891794
13578,0.30775973,0.3066115,0.0011482129
13579,0.30761886,0.30661017,0.0010086898
13580,0.30750465,0.3065887,0.0009159682
13581,0.30744463,0.30657676,0.00086787203
13582,0.30744782,0.30658355,0.00086426863
13583,0.30743358,0.30657917,0.00085440587
13584,0.30743694,0.3065805,0.00085641455
13585,0.3074436,0.30658293,0.00086067675
13586,0.30743098,0.30657026,0.0008607099
13587,0.30744892,0.3065756,0.0008733226
13588,0.3075029,0.3065782,0.00092469435
13589,0.3075708,0.3065757,0.0009951245
13590,0.30770993,0.3065704,0.0011395245
13591,0.3079235,0.3066048,0.001318698
13592,0.30801925,0.30660054,0.0014187321
13593,0.3079836,0.30660626,0.001377366
13594,0.3078121,0.30659628,0.0012158158
13595,0.30764496,0.3065772,0.0010677588
13596,0.30754852,0.30655694,0.0009915929
13597,0.3075432,0.30654973,0.0009934632
13598,0.3075734,0.3065492,0.0010242331
13599,0.30770808,0.3065718,0.0011362719
13600,0.30787402,0.30658752,0.001286506
13601,0.3079881,0.30659473,0.0013933557
13602,0.30831373,0.30657136,0.0017423399
13603,0.30922166,0.306654,0.0025676594
13604,0.31035513,0.30676332,0.0035918008
13605,0.31079113,0.30680612,0.003985011
13606,0.31013203,0.30682287,0.0033091817
13607,0.3086225,0.30669436,0.001928138
13608,0.30748814,0.3065296,0.00095855526
13609,0.30760962,0.30655462,0.0010550052
13610,0.30848095,0.30667242,0.001808509
13611,0.30888516,0.30669588,0.0021892884
13612,0.30830264,0.30660284,0.0016998217
13613,0.30753368,0.30654478,0.0009888812
13614,0.30742413,0.30652004,0.00090408296
13615,0.30781606,0.3065658,0.0012502733
13616,0.3079567,0.30657467,0.001382036
13617,0.30770633,0.30656517,0.0011411341
13618,0.30740643,0.30651426,0.0008921785
13619,0.30740768,0.3065133,0.0008943755
13620,0.307632,0.30654547,0.0010865213
13621,0.3077634,0.30653426,0.0012291431
13622,0.30761784,0.30651662,0.0011012192
13623,0.30740094,0.30649364,0.00090730283
13624,0.30735874,0.30648637,0.00087238924
13625,0.30752474,0.3064887,0.0010360348
13626,0.30780393,0.30652297,0.0012809562
13627,0.30777183,0.30653587,0.0012359588
13628,0.3074926,0.3065037,0.0009889264
13629,0.30734354,0.3064781,0.0008654421
13630,0.3075258,0.3064946,0.0010312144
13631,0.30783236,0.30653542,0.0012969462
13632,0.30774218,0.3065232,0.0012189727
13633,0.30742666,0.30647838,0.0009482881
13634,0.30733514,0.30646285,0.0008722952
13635,0.30753234,0.30648193,0.0010504165
13636,0.30772367,0.30651155,0.0012121346
13637,0.30758688,0.30648878,0.001098107
13638,0.30737108,0.30646253,0.00090856914
13639,0.30732882,0.30646333,0.00086548214
13640,0.30745193,0.3064734,0.0009785295
13641,0.3076403,0.3064856,0.0011547172
13642,0.3076852,0.3064981,0.001187081
13643,0.30748573,0.30646592,0.0010198202
13644,0.30731794,0.30645376,0.00086417666
13645,0.3074509,0.30646095,0.0009899635
13646,0.30774423,0.30648136,0.0012628596
13647,0.3078306,0.30651033,0.001320248
13648,0.30762208,0.30649403,0.0011280604
13649,0.3073668,0.30644783,0.0009189391
13650,0.30731142,0.30644378,0.0008676259
13651,0.30733103,0.3064584,0.00087263156
13652,0.30735064,0.30645028,0.00090035255
13653,0.30746666,0.30646333,0.0010033291
13654,0.30750364,0.30645746,0.0010461732
13655,0.30740485,0.30643928,0.0009655552
13656,0.3073049,0.30643,0.00087486766
13657,0.30738026,0.3064398,0.00094048976
13658,0.30762976,0.3064578,0.0011719877
13659,0.30779102,0.30649298,0.0012980523
13660,0.30763745,0.30650645,0.0011310016
13661,0.307312,0.30642283,0.0008891687
13662,0.30743426,0.30643407,0.0010002104
13663,0.30795345,0.30649403,0.0014594037
13664,0.3080338,0.30650136,0.0015324235
13665,0.3075773,0.30643398,0.0011433393
13666,0.307259,0.3064027,0.0008563024
13667,0.30758289,0.3064321,0.0011507916
13668,0.3081228,0.3064762,0.0016466012
13669,0.30803552,0.30648738,0.0015481199
13670,0.30743647,0.30640787,0.0010285865
13671,0.307273,0.30638772,0.00088527316
13672,0.30770496,0.30643684,0.0012681476
13673,0.3079949,0.30647486,0.0015200396
13674,0.30769092,0.3064561,0.0012348043
13675,0.3072857,0.3063916,0.00089408533
13676,0.30732578,0.3063893,0.00093648315
13677,0.30759272,0.3064507,0.0011419989
13678,0.30749106,0.3064184,0.001072675
13679,0.30727038,0.30639866,0.0008717184
13680,0.30742103,0.30640274,0.0010182713
13681,0.30786103,0.3064642,0.001396864
13682,0.30783054,0.30644906,0.0013814948
13683,0.30741957,0.30638158,0.0010379794
13684,0.30724943,0.30637753,0.00087190454
13685,0.30751103,0.3064144,0.0010966507
13686,0.30761638,0.30640414,0.0012122391
13687,0.3073206,0.30636778,0.0009528245
13688,0.3072669,0.30637014,0.0008967348
13689,0.30744776,0.30637532,0.0010724235
13690,0.30746144,0.30637774,0.0010836949
13691,0.30733138,0.30636147,0.0009699296
13692,0.30722278,0.3063558,0.00086698384
13693,0.30725142,0.3063559,0.0008955356
13694,0.30729344,0.3063478,0.00094567926
13695,0.30724066,0.3063525,0.00088816136
13696,0.3072175,0.30634293,0.0008745592
13697,0.307255,0.30634436,0.000910654
13698,0.30725035,0.30635732,0.00089304394
13699,0.30720618,0.306336,0.0008702019
13700,0.3072214,0.3063402,0.00088122825
13701,0.30724192,0.306355,0.0008869356
13702,0.30720678,0.3063322,0.00087460113
13703,0.30719635,0.30632728,0.00086906075
13704,0.3072084,0.30633613,0.0008722488
13705,0.30719072,0.30632266,0.00086805655
13706,0.30719388,0.30632117,0.0008726988
13707,0.30718282,0.30631337,0.00086943246
13708,0.30717978,0.30631077,0.0008690048
13709,0.30720454,0.30632108,0.000883483
13710,0.307201,0.30631977,0.000881207
13711,0.30718103,0.30631298,0.0008680789
13712,0.30718338,0.30630141,0.0008819533
13713,0.307205,0.3063079,0.0008970715
13714,0.30719233,0.30630422,0.00088812615
13715,0.3071779,0.30630305,0.00087484735
13716,0.30716774,0.30629727,0.0008704463
13717,0.307188,0.30628976,0.0008982282
13718,0.3072059,0.30629295,0.00091292243
13719,0.3071844,0.30629218,0.00089222024
13720,0.30714947,0.30628115,0.0008683138
13721,0.30717507,0.3062928,0.0008822715
13722,0.30717778,0.30629423,0.00088356214
13723,0.30715224,0.30628204,0.0008701755
13724,0.30715707,0.3062871,0.00086995325
13725,0.3071557,0.30628166,0.00087402575
13726,0.30715483,0.3062818,0.0008730256
13727,0.3071479,0.30627894,0.0008689426
13728,0.30714,0.30627108,0.0008689073
13729,0.30714124,0.3062751,0.000866145
13730,0.30714154,0.30627462,0.0008669028
13731,0.3071302,0.30626372,0.00086647907
13732,0.30713895,0.3062719,0.0008670343
13733,0.30712137,0.3062574,0.00086397084
13734,0.30713287,0.30626857,0.000864279
13735,0.30712003,0.30625558,0.0008644538
13736,0.30712658,0.30626175,0.0008648292
13737,0.30712017,0.30625728,0.0008628808
13738,0.3071255,0.30626056,0.0008649541
13739,0.30713153,0.30626526,0.00086623785
13740,0.30712125,0.30625612,0.00086512713
13741,0.30712774,0.30626324,0.00086450356
13742,0.30712306,0.30625907,0.00086400483
13743,0.30711368,0.30625036,0.00086329447
13744,0.30712458,0.30626133,0.0008632514
13745,0.3071215,0.30625686,0.0008646298
13746,0.30712005,0.30625442,0.00086563465
13747,0.30711418,0.306247,0.00086718687
13748,0.30711257,0.30624694,0.00086563674
13749,0.30710953,0.30624285,0.00086666795
13750,0.30710194,0.30623388,0.00086804974
13751,0.30709705,0.30623084,0.0008662062
13752,0.30708313,0.30621886,0.00086426653
13753,0.30708915,0.3062248,0.00086433877
13754,0.3070877,0.30622154,0.00086615793
13755,0.30708304,0.30621794,0.00086510426
13756,0.3070746,0.30620924,0.0008653557
13757,0.3070786,0.30621487,0.00086372887
13758,0.30707675,0.30621272,0.00086403155
13759,0.3070611,0.30619693,0.00086417154
13760,0.30706176,0.30619764,0.0008641227
13761,0.3070588,0.30619296,0.0008658366
13762,0.3070529,0.3061888,0.0008641103
13763,0.3070569,0.30618995,0.0008669355
13764,0.30706003,0.30618984,0.0008701887
13765,0.30705264,0.30618167,0.0008709727
13766,0.3070526,0.3061805,0.0008720992
13767,0.307042,0.30617172,0.0008702901
13768,0.30704984,0.30617663,0.00087320415
13769,0.3070554,0.3061817,0.00087369495
13770,0.30705234,0.3061762,0.0008761633
13771,0.30705214,0.30617565,0.0008764812
13772,0.307046,0.30617008,0.00087593804
13773,0.30704427,0.30616787,0.0008763969
13774,0.30703962,0.3061623,0.0008773051
13775,0.30703947,0.30615875,0.00088071765
13776,0.3070378,0.3061576,0.00088022277
13777,0.3070384,0.3061586,0.0008798017
13778,0.30703163,0.30615652,0.0008751272
13779,0.3070281,0.30615252,0.00087556907
13780,0.3070234,0.30614963,0.00087379257
13781,0.3070282,0.30615243,0.00087574637
13782,0.30702537,0.30615148,0.0008739013
13783,0.30701733,0.30614543,0.0008719113
13784,0.30700877,0.30613828,0.0008704847
13785,0.30700916,0.30613437,0.0008747921
13786,0.30702043,0.30614412,0.0008763095
13787,0.30700943,0.30613312,0.0008763303
13788,0.307008,0.30613706,0.00087094854
13789,0.30701205,0.30614367,0.0008683853
13790,0.30700833,0.30614033,0.0008679942
13791,0.30699873,0.30612943,0.0008692898
13792,0.3069949,0.30612606,0.00086882507
13793,0.30700043,0.30612984,0.0008705938
13794,0.30699426,0.30612403,0.0008702498
13795,0.30699334,0.306122,0.00087133294
13796,0.3069895,0.30611816,0.00087134156
13797,0.3069893,0.3061158,0.0008735124
13798,0.30698606,0.30611408,0.00087198487
13799,0.30699053,0.3061185,0.0008720307
13800,0.30697536,0.30610496,0.0008703933
13801,0.30697885,0.30610725,0.0008716012
13802,0.306978,0.30610523,0.0008727516
13803,0.3069725,0.30610022,0.0008722728
13804,0.3069656,0.30609417,0.0008714291
13805,0.30696693,0.30609417,0.0008727683
13806,0.30696398,0.30608842,0.000875579
13807,0.30696332,0.30608648,0.00087685185
13808,0.30697456,0.30608732,0.00088723795
13809,0.30702356,0.30609494,0.00092861505
13810,0.30714324,0.30610245,0.0010408005
13811,0.3073329,0.3061303,0.0012025845
13812,0.30748928,0.30613562,0.0013536417
13813,0.30773103,0.30617735,0.0015537061
13814,0.30796465,0.30616704,0.001797614
13815,0.30809054,0.306199,0.0018915202
13816,0.30775955,0.30616146,0.0015980877
13817,0.30729714,0.30611673,0.0011804061
13818,0.30706438,0.3060834,0.0009809803
13819,0.30705056,0.30607605,0.0009745184
13820,0.30717608,0.30608776,0.0010883253
13821,0.30746114,0.3060938,0.0013673225
13822,0.30786222,0.30614397,0.0017182477
13823,0.30818325,0.30621773,0.0019655512
13824,0.30820602,0.30620772,0.0019983153
13825,0.30783498,0.30615604,0.0016789634
13826,0.30729115,0.30607888,0.0012122699
13827,0.30696222,0.30606455,0.0008976848
13828,0.30711162,0.30606326,0.0010483472
13829,0.30768847,0.30612794,0.0015605167
13830,0.307926,0.30613938,0.001786639
13831,0.30769882,0.30616072,0.0015380767
13832,0.3072537,0.30609563,0.0011580611
13833,0.30693325,0.3060301,0.0009031672
13834,0.30698845,0.3060713,0.00091713417
13835,0.30722672,0.30609423,0.0011324827
13836,0.30753264,0.30609,0.0014426548
13837,0.30761915,0.30609933,0.0015198449
13838,0.307292,0.30605143,0.0012405985
13839,0.306934,0.30602038,0.0009136141
13840,0.306927,0.3060144,0.00091261213
13841,0.30708733,0.30602005,0.0010672978
13842,0.30715495,0.30605295,0.0011019965
13843,0.3071312,0.3060854,0.0010458088
13844,0.30698723,0.3060191,0.0009681176
13845,0.30690426,0.30598968,0.000914556
13846,0.3068915,0.30601743,0.0008740622
13847,0.3068911,0.30599988,0.00089124666
13848,0.30694792,0.3059999,0.000947983
13849,0.30694157,0.30600086,0.000940698
13850,0.3068709,0.30599895,0.0008719664
13851,0.30687177,0.30599672,0.0008750463
13852,0.30692714,0.30598345,0.00094371184
13853,0.30704567,0.30600938,0.0010362773
13854,0.30715013,0.306048,0.0011021014
13855,0.3070744,0.30602208,0.0010523417
13856,0.3069117,0.305986,0.0009257205
13857,0.3068601,0.30599222,0.0008678713
13858,0.30694622,0.30599597,0.000950229
13859,0.30706948,0.30599156,0.0010779093
13860,0.307108,0.30600715,0.0011008742
13861,0.30702507,0.30599147,0.001033589
13862,0.30691582,0.3059809,0.0009349405
13863,0.30684003,0.30597156,0.0008684749
13864,0.30685034,0.30596563,0.0008847097
13865,0.30688757,0.3059748,0.00091276236
13866,0.30686256,0.3059709,0.0008916439
13867,0.3068363,0.30596715,0.0008691664
13868,0.30684513,0.30597562,0.00086951425
13869,0.30683503,0.30595505,0.00087994523
13870,0.30684724,0.305969,0.0008782563
13871,0.30682883,0.3059662,0.00086262234
13872,0.30682296,0.30595416,0.00086879043
13873,0.3068309,0.30595368,0.00087725575
13874,0.30684224,0.30596593,0.0008763244
13875,0.3068094,0.30594045,0.00086895766
13876,0.30680707,0.30594596,0.0008611015
13877,0.3068378,0.30594912,0.00088864693
13878,0.30696738,0.30595875,0.0010086267
13879,0.3071244,0.30594978,0.001174623
13880,0.30713522,0.3059613,0.0011739132
13881,0.30696747,0.30594644,0.001021022
13882,0.30683398,0.30592325,0.0009107537
13883,0.30678028,0.3059192,0.00086108746
13884,0.30682436,0.30593005,0.00089429447
13885,0.3068698,0.30592915,0.00094065256
13886,0.3068845,0.3059344,0.00095008797
13887,0.30688965,0.3059175,0.0009721498
13888,0.30689687,0.30592042,0.00097644643
13889,0.30689165,0.30590513,0.0009864916
13890,0.30682504,0.30591416,0.0009108782
13891,0.30676994,0.30590728,0.00086265086
13892,0.30679986,0.3058958,0.00090405904
13893,0.30690536,0.30591106,0.0009942835
13894,0.3070024,0.3059217,0.0010806947
13895,0.3070087,0.30592033,0.0010883703
13896,0.30690813,0.30589676,0.001011376
13897,0.30678964,0.3058947,0.0008949585
13898,0.306764,0.30589822,0.0008657744
13899,0.30680954,0.30589253,0.00091699744
13900,0.30689633,0.3058814,0.0010149318
13901,0.30701575,0.30590913,0.0011066075
13902,0.30699274,0.3059029,0.0010898227
13903,0.30688608,0.30588335,0.0010027206
13904,0.30675393,0.3058766,0.00087731256
13905,0.30673757,0.30586982,0.00086776464
13906,0.3068255,0.30587292,0.00095255615
13907,0.3069086,0.30588078,0.0010278119
13908,0.3069252,0.3058782,0.0010469948
13909,0.3068058,0.30587772,0.0009280626
13910,0.30672622,0.30586374,0.00086245296
13911,0.3068169,0.30586427,0.0009526452
13912,0.30692354,0.3058685,0.0010550339
13913,0.30692196,0.30587578,0.0010461865
13914,0.30680457,0.30586228,0.00094231137
13915,0.30671772,0.30585426,0.00086347136
13916,0.30676746,0.30584958,0.00091788697
13917,0.30681053,0.3058598,0.00095074234
13918,0.3067458,0.30584756,0.000898224
13919,0.30671838,0.3058516,0.0008667529
13920,0.30674362,0.30584478,0.0008988439
13921,0.30674338,0.30583838,0.00090502825
13922,0.30672735,0.30584544,0.0008819139
13923,0.30669734,0.30583453,0.0008627983
13924,0.30670315,0.30583367,0.0008694739
13925,0.30672693,0.3058413,0.0008856248
13926,0.30674112,0.30584055,0.00090057636
13927,0.30676502,0.3058358,0.00092922617
13928,0.30678463,0.30583307,0.0009515535
13929,0.30683857,0.30583474,0.0010038267
13930,0.3068826,0.3058237,0.0010588693
13931,0.30695787,0.30584428,0.0011136129
13932,0.3070298,0.3058486,0.0011812182
13933,0.30708697,0.30585575,0.0012312141
13934,0.3070936,0.30585647,0.0012371219
13935,0.30698532,0.30583555,0.0011497962
13936,0.30687463,0.3058271,0.0010475141
13937,0.30671397,0.30581492,0.00089904235
13938,0.30668122,0.30581233,0.0008688816
13939,0.30678484,0.3058169,0.00096794777
13940,0.30691567,0.3058152,0.0011004986
13941,0.30707029,0.3058519,0.0012183508
13942,0.3070784,0.30582842,0.0012499724
13943,0.30698416,0.3058162,0.0011679467
13944,0.3068001,0.30581874,0.0009813668
13945,0.3066706,0.3057871,0.000883511
13946,0.3066508,0.30578938,0.00086142553
13947,0.30671686,0.30578318,0.00093367306
13948,0.30691117,0.30582234,0.0010888535
13949,0.30697867,0.30580455,0.0011741415
13950,0.30691108,0.30579743,0.001113677
13951,0.30676475,0.3057862,0.0009785558
13952,0.30667314,0.305775,0.00089817913
13953,0.30664176,0.30577055,0.00087119534
13954,0.30662528,0.3057667,0.00085855916
13955,0.30662268,0.30576673,0.0008559398
13956,0.30662358,0.30576473,0.0008588287
13957,0.3066635,0.30577403,0.0008894557
13958,0.3066651,0.30577278,0.0008923119
13959,0.30666754,0.30577382,0.00089373253
13960,0.30666727,0.3057853,0.0008819572
13961,0.3066484,0.3057751,0.000873309
13962,0.3066459,0.30577213,0.00087377836
13963,0.30665073,0.30577585,0.0008748943
13964,0.3067198,0.30577585,0.0009439623
13965,0.30686715,0.30579782,0.001069343
13966,0.30681983,0.30580318,0.0010166395
13967,0.30662534,0.30574974,0.00087560917
13968,0.3066913,0.30578065,0.0009106381
13969,0.30690202,0.3057952,0.0011068323
13970,0.3069958,0.30580536,0.0011904427
13971,0.306828,0.30580574,0.0010222511
13972,0.30661714,0.30575854,0.00085861486
13973,0.30679563,0.305762,0.0010336267
13974,0.3070793,0.3058658,0.0012134982
13975,0.30695146,0.3057985,0.0011529771
13976,0.3066717,0.30574897,0.00092273374
13977,0.30662572,0.30574587,0.0008798627
13978,0.30679712,0.30576402,0.0010330956
13979,0.3070057,0.30580676,0.0011989584
13980,0.3069541,0.30576792,0.0011861792
13981,0.3067244,0.3057416,0.0009827923
13982,0.30656403,0.30571374,0.00085030496
13983,0.30673113,0.30572832,0.0010028376
13984,0.30697292,0.30573824,0.0012346616
13985,0.30702555,0.30575258,0.0012729814
13986,0.30681664,0.30573854,0.0010780971
13987,0.30655047,0.30569357,0.0008569017
13988,0.3066901,0.30570439,0.0009857342
13989,0.30710852,0.30573794,0.0013705662
13990,0.30728045,0.30578977,0.0014906719
13991,0.30687684,0.30573815,0.0011386786
13992,0.30653426,0.30568424,0.0008500344
13993,0.3067542,0.305723,0.0010311913
13994,0.30717006,0.3057507,0.0014193489
13995,0.30735055,0.30578873,0.0015618108
13996,0.3071091,0.3057467,0.0013623873
13997,0.30667287,0.30568555,0.0009873027
13998,0.30653518,0.3056883,0.0008469047
13999,0.3066878,0.30567935,0.0010084634
14000,0.3068329,0.30570832,0.0011245733
14001,0.30668253,0.30569196,0.0009905573
14002,0.3065464,0.30567768,0.0008687267
14003,0.30675402,0.3056785,0.0010755239
14004,0.30694878,0.30572584,0.0012229498
14005,0.30680603,0.30574608,0.0010599532
14006,0.30655947,0.30568084,0.0008786122
14007,0.30667922,0.30566576,0.0010134622
14008,0.30691743,0.30574536,0.0011720762
14009,0.30682325,0.30578947,0.001033791
14010,0.30655035,0.30565703,0.0008933356
14011,0.30652916,0.3056697,0.0008594716
14012,0.3066305,0.3057069,0.0009236112
14013,0.30660462,0.30565464,0.0009499518
14014,0.30662626,0.30564085,0.0009853996
14015,0.3066442,0.30565876,0.0009854654
14016,0.30656698,0.30562788,0.0009390899
14017,0.30656853,0.30564693,0.0009216113
14018,0.30657116,0.30565286,0.0009182792
14019,0.30649784,0.30562037,0.0008774588
14020,0.30648455,0.3056163,0.00086824596
14021,0.30651754,0.3056397,0.0008778304
14022,0.30649266,0.30562887,0.00086378894
14023,0.30646798,0.30561867,0.000849296
14024,0.30648637,0.3056361,0.0008502683
14025,0.30646303,0.30561247,0.00085056183
14026,0.30645013,0.30560622,0.0008439321
14027,0.3064774,0.3056194,0.00085801043
14028,0.30647108,0.30561367,0.0008574184
14029,0.30650112,0.30559716,0.00090396655
14030,0.3066427,0.30562243,0.0010202813
14031,0.30677286,0.30562428,0.0011485845
14032,0.30678856,0.30562222,0.0011663486
14033,0.3067368,0.3056364,0.0011003936
14034,0.30662385,0.30562702,0.0009968255
14035,0.306485,0.3055862,0.0008987854
14036,0.30643132,0.30558762,0.00084370945
14037,0.30646992,0.30559653,0.0008734025
14038,0.30655342,0.3055998,0.00095361436
14039,0.30664864,0.30560154,0.0010471118
14040,0.30671218,0.30559206,0.0011201478
14041,0.3066671,0.30559826,0.0010688582
14042,0.30653584,0.30559957,0.000936282
14043,0.30643982,0.30558437,0.0008554418
14044,0.30646086,0.3055757,0.0008851394
14045,0.30659592,0.30558145,0.0010144562
14046,0.30679396,0.30565518,0.0011387647
14047,0.30685946,0.30564073,0.0012187377
14048,0.30669674,0.30558795,0.001108798
14049,0.30649018,0.30556864,0.0009215732
14050,0.3064168,0.30555964,0.00085718825
14051,0.30657512,0.3055705,0.0010046086
14052,0.3067959,0.30559093,0.0012049808
14053,0.30689967,0.30562443,0.0012752466
14054,0.30683336,0.3055994,0.0012339621
14055,0.30666277,0.30558792,0.0010748397
14056,0.3064755,0.30555874,0.00091676356
14057,0.30639073,0.30554205,0.0008486902
14058,0.3064291,0.30554384,0.00088522676
14059,0.30653897,0.30556616,0.0009728115
14060,0.3065736,0.30558878,0.0009848066
14061,0.3065363,0.3055717,0.00096458493
14062,0.3064289,0.30553332,0.0008955907
14063,0.3063845,0.30553418,0.00085032487
14064,0.3063806,0.30553266,0.0008479323
14065,0.3064146,0.30554542,0.0008691961
14066,0.306428,0.30554345,0.00088450394
14067,0.3063839,0.30552015,0.0008637517
14068,0.30636108,0.30551416,0.0008469125
14069,0.30636442,0.3055092,0.0008552039
14070,0.30637687,0.30551076,0.0008661131
14071,0.30640334,0.30551788,0.0008854674
14072,0.3063924,0.30552796,0.0008644401
14073,0.3063671,0.30551514,0.0008519398
14074,0.30636153,0.30550864,0.000852893
14075,0.30636412,0.3055076,0.00085652183
14076,0.306384,0.30552247,0.00086152507
14077,0.3063628,0.30550885,0.00085394515
14078,0.30636826,0.3055055,0.0008627318
14079,0.3063683,0.30550525,0.00086306443
14080,0.30636972,0.30550823,0.00086148625
14081,0.3063487,0.3054964,0.00085234066
14082,0.30634964,0.3054933,0.00085634773
14083,0.3063517,0.30549756,0.0008541139
14084,0.3063491,0.30548868,0.00086041295
14085,0.3063288,0.30547935,0.00084946956
14086,0.30632463,0.30547243,0.0008521959
14087,0.30632976,0.30547386,0.00085590046
14088,0.3063464,0.30548477,0.00086162577
14089,0.30634356,0.3054792,0.0008643397
14090,0.3063267,0.30546647,0.00086021237
14091,0.30632102,0.30546892,0.0008521004
14092,0.30632344,0.30546755,0.0008558902
14093,0.30632076,0.30546105,0.00085969514
14094,0.30633122,0.30546793,0.0008632821
14095,0.306316,0.30546132,0.00085467316
14096,0.3063234,0.3054668,0.00085659476
14097,0.30631912,0.30545208,0.0008670265
14098,0.3063168,0.30545184,0.0008649526
14099,0.30629462,0.30543378,0.0008608353
14100,0.30629775,0.30544144,0.00085631496
14101,0.3062897,0.30543414,0.00085556536
14102,0.30630141,0.30543905,0.0008623543
14103,0.3063007,0.30543917,0.00086151843
14104,0.30631766,0.30543503,0.0008826254
14105,0.30636784,0.3054328,0.0009350648
14106,0.30647123,0.30545074,0.0010204777
14107,0.30654117,0.30544877,0.0010923969
14108,0.30659103,0.30546585,0.0011252
14109,0.30654517,0.30546254,0.0010826205
14110,0.30648258,0.30544198,0.0010406233
14111,0.30640697,0.30542424,0.0009827317
14112,0.30637902,0.3054296,0.0009494064
14113,0.3062815,0.3054048,0.0008766948
14114,0.30632386,0.30541196,0.0009118881
14115,0.3065677,0.30544248,0.001125215
14116,0.30691168,0.30548853,0.0014231511
14117,0.30689844,0.3054854,0.0014130289
14118,0.30667096,0.30545,0.001220969
14119,0.30641973,0.3054415,0.0009782274
14120,0.30629346,0.30540767,0.00088577985
14121,0.3063457,0.3054234,0.0009222662
14122,0.3065064,0.30544758,0.0010588244
14123,0.30656698,0.30544528,0.001121679
14124,0.3064549,0.30542594,0.0010289301
14125,0.30630064,0.30539417,0.000906475
14126,0.30626705,0.30539995,0.0008671022
14127,0.30637762,0.30542713,0.0009504729
14128,0.3064862,0.30542526,0.0010609182
14129,0.3065268,0.30543754,0.0010892581
14130,0.30638695,0.30538917,0.0009977978
14131,0.30627638,0.30538383,0.00089254696
14132,0.30624616,0.30536866,0.0008774848
14133,0.30631232,0.30537474,0.0009375637
14134,0.30639258,0.30538505,0.0010075337
14135,0.3063373,0.30536237,0.0009749204
14136,0.30627564,0.30536962,0.00090602774
14137,0.30621737,0.30535477,0.0008625801
14138,0.30624136,0.30535477,0.0008865891
14139,0.3062864,0.30535477,0.0009316293
14140,0.30632928,0.30536023,0.0009690646
14141,0.306308,0.30535513,0.0009528635
14142,0.30627483,0.3053553,0.0009195067
14143,0.30621064,0.3053284,0.00088224804
14144,0.30619004,0.30533034,0.00085970137
14145,0.30620724,0.3053384,0.00086882355
14146,0.30621803,0.3053235,0.00089451764
14147,0.30624127,0.30533648,0.0009047923
14148,0.30622214,0.30532464,0.0008974813
14149,0.30619237,0.3053159,0.00087646476
14150,0.30618247,0.30532157,0.0008608961
14151,0.30616874,0.3053084,0.0008603232
14152,0.3061949,0.30531442,0.0008804866
14153,0.30625463,0.30531374,0.00094090775
14154,0.30632094,0.30531558,0.0010053343
14155,0.306342,0.30533034,0.0010116855
14156,0.3062682,0.30532104,0.0009471271
14157,0.30616966,0.30530328,0.0008663781
14158,0.3061753,0.30530378,0.0008714918
14159,0.30619287,0.3053086,0.00088426966
14160,0.3062114,0.305322,0.0008894317
14161,0.30618873,0.30530474,0.0008839982
14162,0.3061653,0.30530217,0.0008631262
14163,0.3061893,0.30530617,0.00088312465
14164,0.30619785,0.30530217,0.00089567306
14165,0.30622593,0.30533284,0.00089309056
14166,0.3061956,0.30530456,0.0008910113
14167,0.30616188,0.30529135,0.0008705395
14168,0.3061724,0.30530304,0.0008693794
14169,0.30618262,0.30528808,0.0008945453
14170,0.3062848,0.30531818,0.0009666259
14171,0.3062784,0.30530563,0.00097276235
14172,0.30620316,0.3052811,0.0009220533
14173,0.306182,0.30530334,0.0008786766
14174,0.30617672,0.30528453,0.00089218374
14175,0.30639315,0.30529413,0.0010990191
14176,0.3067182,0.30533195,0.0013862597
14177,0.30705333,0.30537668,0.0016766461
14178,0.30728954,0.30546787,0.0018216532
14179,0.30731222,0.3054576,0.0018546261
14180,0.30706197,0.30537233,0.0016896557
14181,0.3068155,0.3053526,0.0014629088
14182,0.30642894,0.3053139,0.0011150307
14183,0.30611947,0.30525953,0.0008599351
14184,0.30626982,0.30529484,0.0009749746
14185,0.30664036,0.30529496,0.00134539
14186,0.30698833,0.30533227,0.0016560412
14187,0.3071087,0.30535126,0.001757443
14188,0.30693358,0.30538866,0.0015449189
14189,0.30653003,0.30531153,0.0012184882
14190,0.3062499,0.30526313,0.0009867484
14191,0.30617368,0.30525118,0.0009224823
14192,0.30615687,0.30524877,0.00090810005
14193,0.3062081,0.30525696,0.00095112063
14194,0.30628932,0.30525583,0.0010334996
14195,0.3064243,0.30526656,0.0011577257
14196,0.30657238,0.30528894,0.0012834439
14197,0.30655533,0.3052897,0.001265649
14198,0.3064519,0.3052529,0.001198974
14199,0.30633965,0.3052464,0.0010932632
14200,0.3062499,0.30523825,0.0010116219
14201,0.30616897,0.3052351,0.00093388685
14202,0.30610746,0.30523622,0.00087125675
14203,0.30610335,0.30523437,0.0008689601
14204,0.3061351,0.30522925,0.0009058321
14205,0.3061899,0.30522713,0.0009627695
14206,0.3062614,0.30522686,0.001034547
14207,0.3063734,0.30524054,0.0011328325
14208,0.30641654,0.3052463,0.0011702372
14209,0.30637324,0.30522093,0.0011523219
14210,0.30630994,0.30521446,0.0010954773
14211,0.30623782,0.30521342,0.001024383
14212,0.3061545,0.30520275,0.0009517259
14213,0.30611366,0.30521008,0.0009035786
14214,0.30610174,0.30521563,0.00088610203
14215,0.30607563,0.30519536,0.00088029244
14216,0.30609858,0.30518928,0.0009093046
14217,0.30618718,0.30520067,0.0009865081
14218,0.30624834,0.30519384,0.0010544808
14219,0.3063511,0.3051987,0.0011523839
14220,0.30651405,0.30522266,0.0012914068
14221,0.30673286,0.30525783,0.001475052
14222,0.3068471,0.30526358,0.0015835126
14223,0.3067928,0.30523613,0.0015566738
14224,0.30663043,0.30520847,0.0014219498
14225,0.30643114,0.30518043,0.0012507343
14226,0.306303,0.30517605,0.0011269473
14227,0.30621883,0.3051692,0.0010496404
14228,0.3061725,0.30515948,0.0010130184
14229,0.3061399,0.3051603,0.0009795884
14230,0.3061266,0.30515513,0.00097147917
14231,0.30614716,0.30515566,0.0009915044
14232,0.30619746,0.30517253,0.0010249242
14233,0.30624375,0.30515924,0.0010845228
14234,0.306318,0.30518275,0.0011352479
14235,0.3063666,0.30519044,0.00117614
14236,0.30638677,0.3051819,0.0012048953
14237,0.3063474,0.30516633,0.0011810801
14238,0.30630824,0.30516005,0.0011482104
14239,0.3062565,0.3051546,0.0011019312
14240,0.30618787,0.3051437,0.0010441759
14241,0.3061527,0.30514345,0.0010092666
14242,0.30615655,0.30514342,0.0010131372
14243,0.30619577,0.30514634,0.0010494428
14244,0.30626288,0.30515403,0.0011088464
14245,0.30629927,0.30514702,0.0011522569
14246,0.3063798,0.30516848,0.0012113287
14247,0.30652687,0.3051563,0.0013705561
14248,0.3068674,0.3051883,0.0016790964
14249,0.30735022,0.30521554,0.0021346784
14250,0.3078982,0.30526897,0.0026292228
14251,0.30813938,0.30528432,0.00285508
14252,0.307999,0.30532303,0.0026759764
14253,0.30757362,0.3052686,0.0023050313
14254,0.30714506,0.30520752,0.0019375455
14255,0.30671296,0.3051387,0.0015742525
14256,0.3064286,0.30512992,0.0012987016
14257,0.30627137,0.3051029,0.0011684729
14258,0.30626065,0.30512646,0.0011341792
14259,0.30634335,0.3051131,0.0012302342
14260,0.30653864,0.30513424,0.0014044003
14261,0.3067669,0.30514035,0.0016265472
14262,0.30698004,0.30516014,0.0018198981
14263,0.30705374,0.30516142,0.0018923376
14264,0.30697277,0.30515042,0.001822361
14265,0.30674788,0.30513185,0.001616012
14266,0.30652067,0.30512086,0.0013998394
14267,0.3063669,0.30510998,0.0012569006
14268,0.30622372,0.3051001,0.0011236087
14269,0.30607507,0.30508184,0.0009932204
14270,0.30598232,0.30507618,0.0009061393
14271,0.30592328,0.30506504,0.00085824693
14272,0.30593565,0.3050736,0.00086205883
14273,0.30599698,0.30508223,0.00091473607
14274,0.30607915,0.30507132,0.0010078141
14275,0.30620164,0.30509216,0.0011094848
14276,0.30624026,0.30507666,0.0011636212
14277,0.30618817,0.3050901,0.0010980865
14278,0.3060544,0.3050596,0.0009947947
14279,0.3059822,0.30505487,0.0009273014
14280,0.30592108,0.30505112,0.0008699487
14281,0.30590138,0.30504566,0.0008557307
14282,0.30594254,0.30504927,0.00089326606
14283,0.30594537,0.30504,0.00090535294
14284,0.30590653,0.30503714,0.00086939416
14285,0.30588457,0.30502838,0.0008561815
14286,0.30591092,0.30503052,0.00088039954
14287,0.30591995,0.30503702,0.00088292453
14288,0.30588958,0.30503076,0.00085881056
14289,0.30588543,0.30502927,0.000856172
14290,0.30590492,0.3050325,0.0008724568
14291,0.3059048,0.30503756,0.00086723885
14292,0.3058746,0.3050224,0.00085220614
14293,0.3058604,0.30500892,0.00085147173
14294,0.3058928,0.30502015,0.0008726157
14295,0.3058892,0.3050243,0.00086488016
14296,0.3058773,0.30502006,0.0008572477
14297,0.30585697,0.30500954,0.0008474297
14298,0.3058491,0.30499452,0.00085455424
14299,0.30588928,0.30501172,0.00087753346
14300,0.30587763,0.3050057,0.00087190757
14301,0.3058571,0.30500087,0.000856228
14302,0.30585557,0.3050032,0.0008523682
14303,0.30587792,0.30499512,0.00088281895
14304,0.30590406,0.3049957,0.0009083676
14305,0.30587164,0.30500296,0.0008686863
14306,0.3058406,0.30499107,0.0008495323
14307,0.30586964,0.30499405,0.0008756144
14308,0.30586895,0.30499214,0.0008768138
14309,0.30586708,0.30500758,0.0008595114
14310,0.30584368,0.3049905,0.00085316756
14311,0.3058631,0.3049922,0.00087092275
14312,0.30588752,0.3050012,0.0008863125
14313,0.30584997,0.30498713,0.00086285605
14314,0.30583185,0.3049813,0.0008505648
14315,0.3058632,0.30499247,0.0008707348
14316,0.30587658,0.30499336,0.00088322413
14317,0.3058703,0.30498663,0.00088366604
14318,0.3058342,0.30497983,0.0008543635
14319,0.30582523,0.3049729,0.0008523463
14320,0.30583405,0.30497313,0.0008609543
14321,0.3058628,0.30496535,0.00089746306
14322,0.30589402,0.30497217,0.00092183874
14323,0.30587307,0.30496925,0.00090379297
14324,0.305844,0.30496365,0.0008803721
14325,0.30581698,0.30496013,0.00085686997
14326,0.30580732,0.3049579,0.00084943074
14327,0.30579758,0.30495313,0.0008444516
14328,0.30579725,0.30495295,0.0008443132
14329,0.30581468,0.30496448,0.00085018564
14330,0.30581078,0.30495632,0.0008544599
14331,0.30581185,0.30495617,0.0008556714
14332,0.30580387,0.30495456,0.00084929896
14333,0.30580324,0.30495542,0.00084782916
14334,0.305804,0.3049573,0.00084672833
14335,0.30579782,0.30494925,0.00084855023
14336,0.30578947,0.30494007,0.00084939395
14337,0.3057889,0.3049401,0.0008488057
14338,0.3057857,0.3049347,0.00085096975
14339,0.30578423,0.3049297,0.00085451046
14340,0.3057835,0.30492738,0.0008561509
14341,0.30577192,0.3049216,0.0008503207
14342,0.30577126,0.3049216,0.0008496441
14343,0.30577606,0.304925,0.00085105235
14344,0.30576673,0.30491623,0.00085050456
14345,0.30577302,0.30492568,0.0008473266
14346,0.30576164,0.30491236,0.00084927434
14347,0.30576065,0.30491406,0.00084660976
14348,0.30574906,0.30490384,0.00084524474
14349,0.30576023,0.30491635,0.0008438905
14350,0.30575046,0.30490553,0.00084490346
14351,0.30575672,0.30490488,0.00085184723
14352,0.30575475,0.30490258,0.0008521557
14353,0.30576128,0.30490455,0.0008567212
14354,0.3057386,0.30489078,0.00084783335
14355,0.3057373,0.3048927,0.00084458274
14356,0.3057432,0.3048944,0.0008487964
14357,0.30574787,0.30489722,0.0008506544
14358,0.30574155,0.30489084,0.00085072
14359,0.3057376,0.304889,0.00084864197
14360,0.30573782,0.30489266,0.0008451663
14361,0.30573043,0.30488423,0.0008462101
14362,0.3057222,0.30487594,0.00084627734
14363,0.3057234,0.30487552,0.0008478841
14364,0.30571404,0.30486888,0.0008451687
14365,0.3057178,0.30487543,0.0008423647
14366,0.30571347,0.3048675,0.0008459706
14367,0.30570787,0.30485663,0.00085125613
14368,0.30570334,0.30485195,0.0008513918
14369,0.30570662,0.3048574,0.00084919983
14370,0.3056967,0.30485696,0.00083973724
14371,0.30569544,0.3048606,0.0008348551
14372,0.30568644,0.30484772,0.00083871174
14373,0.3056887,0.30484912,0.00083960936
14374,0.30569738,0.3048447,0.0008526666
14375,0.30571303,0.30485493,0.0008580949
14376,0.30570525,0.3048356,0.0008696484
14377,0.30571565,0.30484208,0.00087355933
14378,0.30571353,0.3048282,0.0008853482
14379,0.30571744,0.30483764,0.0008797763
14380,0.30569625,0.30482826,0.0008679925
14381,0.30567345,0.304819,0.000854465
14382,0.30565497,0.3048076,0.00084735657
14383,0.30565473,0.30481377,0.00084098394
14384,0.30564907,0.30481237,0.00083669194
14385,0.3056492,0.3048123,0.0008368703
14386,0.3056489,0.30481106,0.00083781284
14387,0.3056675,0.3048265,0.00084097515
14388,0.30569404,0.30481833,0.00087572
14389,0.3057953,0.30482244,0.00097285036
14390,0.3058445,0.30484265,0.001001846
14391,0.30575073,0.30484703,0.00090369734
14392,0.30570197,0.30482453,0.0008774409
14393,0.3058944,0.30482012,0.0010742755
14394,0.30618536,0.30491787,0.0012675126
14395,0.30618206,0.30496657,0.0012155067
14396,0.3058984,0.3048793,0.001019078
14397,0.30570787,0.3048077,0.0009001756
14398,0.30573392,0.30484784,0.0008860825
14399,0.3057258,0.30484676,0.00087906775
14400,0.30569577,0.3047941,0.00090166496
14401,0.3058359,0.30480146,0.0010344523
14402,0.3059241,0.30481786,0.0011062544
14403,0.3058574,0.30479437,0.0010630034
14404,0.3060237,0.30486313,0.0011605585
14405,0.3063879,0.30495223,0.0014356675
14406,0.30681226,0.30491412,0.0018981285
14407,0.30724654,0.30491775,0.0023287795
14408,0.307476,0.30491775,0.0025582805
14409,0.30736163,0.3049194,0.0024422556
14410,0.3068036,0.30495355,0.0018500413
14411,0.30610043,0.30489185,0.0012085562
14412,0.3056604,0.30478823,0.000872182
14413,0.30587345,0.30478725,0.0010862087
14414,0.30658442,0.30495167,0.0016327422
14415,0.30697364,0.3049864,0.0019872566
14416,0.30678248,0.3048958,0.0018866882
14417,0.30628324,0.30480242,0.0014808213
14418,0.30582684,0.30477306,0.001053782
14419,0.30556893,0.30473083,0.00083811453
14420,0.30579206,0.3047598,0.001032263
14421,0.3062345,0.30480605,0.0014284552
14422,0.3065706,0.30486372,0.0017068784
14423,0.30662388,0.30491596,0.0017078964
14424,0.30617467,0.30486867,0.0013060141
14425,0.30567855,0.30475357,0.0009249973
14426,0.30560428,0.30475113,0.0008531616
14427,0.30590236,0.3047974,0.0011049522
14428,0.3062822,0.3048181,0.0014641052
14429,0.30634734,0.30480665,0.0015406754
14430,0.30608565,0.30478206,0.0013035849
14431,0.30579206,0.30474007,0.0010519973
14432,0.30560246,0.30474356,0.0008589292
14433,0.3056252,0.304729,0.0008962035
14434,0.3058216,0.3047531,0.0010684865
14435,0.30602872,0.3047957,0.0012330078
14436,0.30603507,0.30480382,0.0012312664
14437,0.3057824,0.30474338,0.0010390183
14438,0.30559987,0.304715,0.00088486244
14439,0.30555966,0.30471045,0.00084919727
14440,0.30573034,0.30473387,0.00099645
14441,0.30589113,0.30474326,0.0011478757
14442,0.30586147,0.3047318,0.0011296776
14443,0.3057129,0.30472916,0.0009837543
14444,0.3055795,0.30471653,0.00086298736
14445,0.3055577,0.3047134,0.00084428245
14446,0.30557403,0.3047123,0.0008617473
14447,0.30560058,0.3047069,0.00089368515
14448,0.30556786,0.3047042,0.00086367957
14449,0.30554676,0.30470073,0.0008460324
14450,0.30554926,0.30469534,0.000853923
14451,0.30563346,0.30469707,0.0009363694
14452,0.3057264,0.3047035,0.0010228945
14453,0.30573183,0.3047082,0.0010236207
14454,0.3056235,0.3046911,0.00093238446
14455,0.30554464,0.3046807,0.0008639324
14456,0.3055261,0.30467466,0.0008514367
14457,0.30557168,0.30467668,0.0008950038
14458,0.30570963,0.30469173,0.0010179095
14459,0.3058171,0.30469567,0.0011214295
14460,0.3058071,0.3046881,0.0011190344
14461,0.30569157,0.30468115,0.0010104009
14462,0.30558166,0.3046771,0.00090456
14463,0.30549607,0.30465817,0.0008378787
14464,0.30549347,0.3046504,0.0008430602
14465,0.30556875,0.30466396,0.00090480305
14466,0.30563372,0.3046707,0.000963017
14467,0.3057214,0.30468547,0.0010359401
14468,0.30573457,0.30467412,0.0010604577
14469,0.30573753,0.30467606,0.0010614663
14470,0.3056738,0.30466974,0.0010040486
14471,0.30560425,0.304662,0.0009422591
14472,0.30552414,0.30463707,0.0008870574
14473,0.30549467,0.3046431,0.00085156097
14474,0.30549216,0.30463824,0.0008539251
14475,0.30556756,0.3046463,0.0009212452
14476,0.30575296,0.3046633,0.0010896755
14477,0.30584055,0.3046568,0.001183749
14478,0.30576035,0.30464682,0.0011135385
14479,0.3056156,0.30464453,0.0009710975
14480,0.30552706,0.3046372,0.00088986073
14481,0.30548415,0.30463162,0.0008525242
14482,0.3054629,0.3046238,0.0008391013
14483,0.3055018,0.3046274,0.0008744101
14484,0.30557305,0.30462068,0.00095236645
14485,0.30572227,0.30463722,0.001085019
14486,0.30579537,0.3046473,0.0011480976
14487,0.30578876,0.30464798,0.0011407647
14488,0.30569592,0.30464035,0.0010555551
14489,0.30560118,0.3046222,0.0009789957
14490,0.30551076,0.30460432,0.00090643513
14491,0.30546024,0.3045986,0.0008616539
14492,0.30542263,0.30458242,0.0008401896
14493,0.30542976,0.30459243,0.0008373085
14494,0.30541497,0.30458167,0.00083329994
14495,0.30543178,0.3045846,0.0008471691
14496,0.3054578,0.3045871,0.0008707231
14497,0.30550718,0.3045896,0.00091757457
14498,0.30558485,0.304602,0.0009828579
14499,0.3055901,0.30459476,0.0009953425
14500,0.3055854,0.3046013,0.0009841021
14501,0.30555493,0.30458817,0.0009667596
14502,0.30554235,0.3045851,0.00095725374
14503,0.30550388,0.30457538,0.00092849636
14504,0.30544242,0.30457044,0.00087199203
14505,0.3053888,0.3045549,0.00083389226
14506,0.30538556,0.30455247,0.0008330913
14507,0.30541354,0.30455375,0.0008597981
14508,0.3054404,0.3045467,0.00089368934
14509,0.30547583,0.30455822,0.00091763213
14510,0.30544803,0.30455896,0.0008890709
14511,0.30539507,0.30454946,0.0008456145
14512,0.30535626,0.30453444,0.0008218313
14513,0.30537114,0.30453637,0.00083476846
14514,0.30541098,0.3045409,0.0008700777
14515,0.30541655,0.30454114,0.0008754205
14516,0.30539227,0.30453637,0.00085588323
14517,0.30535445,0.30452874,0.00082573236
14518,0.3053367,0.30451372,0.0008230138
14519,0.305371,0.30453366,0.00083732215
14520,0.30536622,0.30452856,0.0008376536
14521,0.3053586,0.30453587,0.00082273193
14522,0.305369,0.30452687,0.00084213354
14523,0.30538028,0.3045229,0.000857375
14524,0.30538058,0.30453962,0.0008409751
14525,0.30536684,0.30453116,0.0008356899
14526,0.3053716,0.30453077,0.0008408387
14527,0.3053478,0.3045146,0.00083320495
14528,0.30537176,0.30453068,0.00084108365
14529,0.30539256,0.30453748,0.0008550915
14530,0.30534825,0.3045047,0.00084357074
14531,0.30538356,0.30451825,0.0008653002
14532,0.3054471,0.3045579,0.0008891955
14533,0.30540717,0.30452815,0.00087903364
14534,0.30532795,0.304492,0.0008359641
14535,0.30532968,0.30450854,0.00082114106
14536,0.30533302,0.3044952,0.0008378133
14537,0.3053522,0.30448985,0.00086235226
14538,0.30535215,0.3044909,0.0008612373
14539,0.30535814,0.3044832,0.00087492296
14540,0.30536604,0.30449787,0.000868162
14541,0.30531895,0.30448738,0.0008315708
14542,0.3053143,0.30449033,0.00082398474
14543,0.305302,0.3044823,0.0008196879
14544,0.30530336,0.30447552,0.00082785357
14545,0.30532414,0.3044645,0.0008596404
14546,0.30538538,0.3044829,0.0009024703
14547,0.30541214,0.3044785,0.0009336562
14548,0.3054339,0.3044872,0.0009467093
14549,0.30537906,0.3044698,0.000909251
14550,0.30533758,0.3044607,0.0008768771
14551,0.30530277,0.30445865,0.00084413216
14552,0.30528027,0.30445522,0.00082504685
14553,0.30526844,0.30445358,0.00081484474
14554,0.30527335,0.3044538,0.0008195797
14555,0.30527753,0.30445024,0.00082727184
14556,0.30525348,0.3044332,0.00082026643
14557,0.30525315,0.30443567,0.0008174839
14558,0.30526698,0.3044474,0.00081957487
14559,0.30525014,0.30442876,0.000821384
14560,0.3052484,0.30443496,0.00081346405
14561,0.30524528,0.3044269,0.00081837026
14562,0.305255,0.30443183,0.000823145
14563,0.3052465,0.30442554,0.0008209627
14564,0.30524793,0.30442834,0.00081960217
14565,0.3052415,0.3044203,0.00082118844
14566,0.30524474,0.30442473,0.0008199973
14567,0.3052371,0.30441597,0.0008211426
14568,0.30523166,0.30441472,0.00081695186
14569,0.30523384,0.30441576,0.0008180665
14570,0.30523455,0.30441108,0.000823466
14571,0.3052416,0.30441403,0.0008275869
14572,0.30524358,0.30441216,0.0008314013
14573,0.30524072,0.30441642,0.0008243013
14574,0.30523324,0.30441308,0.0008201472
14575,0.30523986,0.30440906,0.0008308083
14576,0.30524668,0.30440956,0.00083712564
14577,0.3052605,0.30442515,0.0008353579
14578,0.30523315,0.30440065,0.0008324703
14579,0.3052279,0.30439755,0.00083033834
14580,0.30521655,0.3043877,0.0008288681
14581,0.30522233,0.30439195,0.00083038025
14582,0.30521777,0.3043894,0.0008283855
14583,0.3052118,0.3043837,0.00082812516
14584,0.30521655,0.30438417,0.000832388
14585,0.3052169,0.30438656,0.0008303627
14586,0.3052207,0.30438963,0.0008310497
14587,0.30520824,0.30437484,0.0008333929
14588,0.3052047,0.30437365,0.00083105
14589,0.30521047,0.30436736,0.0008430875
14590,0.30524147,0.30436492,0.0008765644
14591,0.30528975,0.30438116,0.0009085889
14592,0.30521783,0.30434924,0.0008685888
14593,0.30523235,0.30436927,0.00086305925
14594,0.30520633,0.3043664,0.00083991606
14595,0.3052032,0.3043585,0.00084467756
14596,0.3052301,0.30437997,0.00085011555
14597,0.3052363,0.3043651,0.0008712261
14598,0.30520597,0.30436188,0.0008440899
14599,0.3051783,0.30434877,0.0008295658
14600,0.30518264,0.30434892,0.0008337047
14601,0.3051844,0.30434588,0.0008385191
14602,0.3051901,0.3043522,0.0008378988
14603,0.30522105,0.30435404,0.0008670075
14604,0.30534795,0.3043566,0.0009913526
14605,0.3054264,0.30436623,0.0010601663
14606,0.30532217,0.30435354,0.00096863013
14607,0.30520493,0.30434045,0.00086447236
14608,0.30516723,0.30432838,0.0008388365
14609,0.30522582,0.30433017,0.000895647
14610,0.30528948,0.30433735,0.0009521252
14611,0.30530125,0.30433017,0.0009710911
14612,0.3052452,0.30434144,0.0009037674
14613,0.30516526,0.3043181,0.0008471694
14614,0.30513868,0.30430672,0.00083193666
14615,0.30519736,0.30432597,0.00087136496
14616,0.30521595,0.30431265,0.00090329896
14617,0.30520877,0.30431947,0.0008892858
14618,0.3051551,0.304309,0.0008460971
14619,0.30513877,0.30430508,0.0008336765
14620,0.30513135,0.3042967,0.00083462184
14621,0.30512795,0.30430272,0.00082521944
14622,0.305132,0.30430114,0.0008308484
14623,0.3051353,0.30430263,0.000832659
14624,0.30512926,0.3042963,0.00083294447
14625,0.30511945,0.30429628,0.0008231637
14626,0.3051208,0.3042972,0.0008236041
14627,0.30512258,0.3042941,0.00082845974
14628,0.30512485,0.30429357,0.00083126186
14629,0.30512223,0.304295,0.0008272325
14630,0.30510405,0.30428123,0.00082279247
14631,0.30512938,0.3042973,0.00083208457
14632,0.30509937,0.30427474,0.00082461955
14633,0.30512422,0.30428344,0.00084077567
14634,0.30523202,0.30429596,0.00093606004
14635,0.30542618,0.30430993,0.0011162711
14636,0.3057006,0.3043374,0.001363173
14637,0.30597383,0.3043602,0.0016136154
14638,0.30624485,0.3044224,0.0018224558
14639,0.30628416,0.3044197,0.0018644591
14640,0.3061231,0.30440727,0.0017158507
14641,0.30571625,0.30432555,0.0013907213
14642,0.30536535,0.3042795,0.0010858411
14643,0.30511805,0.3042661,0.00085194164
14644,0.3051716,0.30425856,0.0009130755
14645,0.30573,0.30432266,0.0014073346
14646,0.30638236,0.3043663,0.0020160663
14647,0.30671015,0.30444786,0.0022623003
14648,0.306466,0.3044878,0.0019781995
14649,0.30586755,0.3044134,0.001454144
14650,0.30527544,0.30426997,0.0010054603
14651,0.3051515,0.30427206,0.0008794374
14652,0.3051917,0.30431196,0.00087972975
14653,0.30511028,0.30426496,0.0008453244
14654,0.30510122,0.30425107,0.000850157
14655,0.3051273,0.30426866,0.000858642
14656,0.30510163,0.3042496,0.0008520201
14657,0.305114,0.30423623,0.0008777695
14658,0.30527937,0.3042576,0.0010217592
14659,0.30565813,0.3043039,0.0013542224
14660,0.30612946,0.30436003,0.001769421
14661,0.3065104,0.30435255,0.0021578593
14662,0.3066625,0.3043876,0.0022749181
14663,0.30648682,0.30438942,0.0020974125
14664,0.30614966,0.304355,0.0017946769
14665,0.30573845,0.30430058,0.0014378659
14666,0.3053535,0.3042344,0.0011191202
14667,0.30511755,0.30422077,0.00089677033
14668,0.3050464,0.30421168,0.0008347329
14669,0.30526564,0.30422214,0.0010434764
14670,0.30597627,0.30428573,0.0016905308
14671,0.30706972,0.30442458,0.0026451142
14672,0.30774137,0.3044789,0.003262454
14673,0.30737355,0.30449256,0.0028809898
14674,0.30631194,0.30436674,0.0019451939
14675,0.30542582,0.30425313,0.0011727042
14676,0.30504203,0.3041955,0.0008465357
14677,0.3051883,0.30423695,0.0009513401
14678,0.3055871,0.3042808,0.0013063268
14679,0.30605215,0.304281,0.0017711455
14680,0.30633223,0.30431888,0.00201333
14681,0.30618572,0.3042834,0.0019022921
14682,0.30574363,0.3042459,0.0014977321
14683,0.3053283,0.30421963,0.0011086921
14684,0.30510688,0.304192,0.0009148824
14685,0.3050173,0.30417353,0.0008437581
14686,0.30502334,0.30417758,0.00084576197
14687,0.30502185,0.3041815,0.00084036496
14688,0.30506667,0.30416718,0.00089949573
14689,0.30531457,0.3041986,0.0011159747
14690,0.30561098,0.3042196,0.0013914019
14691,0.30554083,0.30420232,0.0013385012
14692,0.305378,0.3042059,0.0011720962
14693,0.3052481,0.304209,0.0010391164
14694,0.30509663,0.30416963,0.00092701835
14695,0.30499536,0.3041522,0.00084316236
14696,0.3050397,0.30417338,0.0008663119
14697,0.3050623,0.30416107,0.0009012162
14698,0.3050699,0.30414528,0.000924616
14699,0.30510408,0.30416864,0.0009354524
14700,0.30503783,0.3041501,0.0008877213
14701,0.30497074,0.3041349,0.0008358528
14702,0.3050166,0.30416748,0.0008491276
14703,0.3049798,0.30413824,0.00084155303
14704,0.3049759,0.3041375,0.0008383946
14705,0.30499712,0.304132,0.0008651086
14706,0.3049737,0.3041243,0.0008493836
14707,0.304959,0.3041229,0.0008361189
14708,0.3050289,0.30413797,0.00089091825
14709,0.30500647,0.30411938,0.000887097
14710,0.3049647,0.30412892,0.0008357675
14711,0.3049548,0.30411857,0.00083622395
14712,0.304928,0.30409974,0.00082825206
14713,0.30495977,0.3041129,0.0008468571
14714,0.30499452,0.30412477,0.00086975255
14715,0.30495128,0.30410853,0.0008427645
14716,0.3049314,0.30410215,0.00082924764
14717,0.30495602,0.3041004,0.00085563073
14718,0.3050041,0.3041095,0.00089456077
14719,0.30503336,0.3041084,0.0009249499
14720,0.3050415,0.30411002,0.00093146786
14721,0.30492935,0.30410144,0.00082790555
14722,0.3049827,0.30410784,0.0008748548
14723,0.30500886,0.30410764,0.0009012228
14724,0.30493176,0.3040936,0.00083815027
14725,0.30492404,0.3040982,0.000825868
14726,0.30494142,0.30408776,0.00085367233
14727,0.3049372,0.30408904,0.00084818265
14728,0.30491945,0.30408865,0.00083080353
14729,0.30490574,0.30408058,0.0008251575
14730,0.30493265,0.3040844,0.0008482795
14731,0.30501264,0.30409136,0.0009212786
14732,0.30494905,0.30408198,0.0008670449
14733,0.30491084,0.3040768,0.0008340596
14734,0.30506274,0.30409747,0.0009652449
14735,0.30497485,0.30407012,0.00090474205
14736,0.30493212,0.30409104,0.0008410701
14737,0.30506283,0.30410868,0.0009541331
14738,0.30494225,0.30407894,0.00086330046
14739,0.30493405,0.3040725,0.00086156453
14740,0.3050264,0.3040915,0.00093490526
14741,0.3048742,0.30404955,0.0008246418
14742,0.3049779,0.3040715,0.0009064082
14743,0.30504355,0.30407947,0.0009640679
14744,0.30493423,0.30405238,0.00088185945
14745,0.3048813,0.30405056,0.00083072495
14746,0.30492315,0.3040649,0.00085824484
14747,0.3048931,0.3040339,0.00085918326
14748,0.30494246,0.30407298,0.0008694812
14749,0.30492744,0.3040683,0.0008591313
14750,0.30486384,0.30403638,0.0008274486
14751,0.3048691,0.30403855,0.00083052646
14752,0.30489004,0.3040385,0.00085156533
14753,0.30488142,0.3040324,0.0008490469
14754,0.30491787,0.30403128,0.0008865943
14755,0.30492416,0.30403554,0.00088862155
14756,0.30485627,0.30401185,0.0008443965
14757,0.3048516,0.30401766,0.000833939
14758,0.30485436,0.30402264,0.0008317411
14759,0.30483362,0.30400077,0.00083284854
14760,0.30486646,0.304021,0.00084546517
14761,0.30488244,0.30401412,0.00086833304
14762,0.30489963,0.30400696,0.00089267327
14763,0.30492574,0.30400655,0.00091919786
14764,0.30490157,0.30400014,0.000901433
14765,0.30488628,0.30400318,0.00088308007
14766,0.30486077,0.30400336,0.0008574078
14767,0.3048448,0.3039921,0.000852718
14768,0.30482337,0.3039757,0.0008476771
14769,0.30483776,0.3039864,0.00085138745
14770,0.3048201,0.3039678,0.00085231196
14771,0.30483904,0.30398,0.00085905474
14772,0.30487296,0.3039921,0.0008808736
14773,0.3049202,0.30399266,0.0009275369
14774,0.3049777,0.30398372,0.0009939477
14775,0.3050492,0.30398723,0.0010620027
14776,0.3050744,0.3039918,0.0010826087
14777,0.3050485,0.30399677,0.0010517228
14778,0.30497757,0.30399093,0.0009866536
14779,0.30491576,0.30398646,0.00092929055
14780,0.30483368,0.3039683,0.00086536165
14781,0.30478543,0.30395013,0.0008352803
14782,0.3048122,0.30395523,0.0008569794
14783,0.3048568,0.3039635,0.00089331495
14784,0.3048774,0.30397025,0.00090716203
14785,0.30483812,0.30395484,0.000883284
14786,0.30478957,0.30393764,0.0008519263
14787,0.30477592,0.3039415,0.0008344349
14788,0.30480003,0.30395293,0.00084712094
14789,0.30483708,0.3039467,0.00089036615
14790,0.3048662,0.30394986,0.00091634336
14791,0.30487227,0.30394867,0.0009235883
14792,0.3048335,0.30395174,0.0008817654
14793,0.30479485,0.3039396,0.0008552267
14794,0.3047806,0.30394116,0.00083945005
14795,0.30476668,0.30392763,0.0008390501
14796,0.30476296,0.30392602,0.00083693414
14797,0.3047555,0.30391985,0.0008356791
14798,0.3047494,0.30391544,0.0008339671
14799,0.3047601,0.30392617,0.0008339342
14800,0.3047467,0.30391574,0.0008309546
14801,0.30474627,0.30391532,0.0008309424
14802,0.30474648,0.30391565,0.000830829
14803,0.30474418,0.30391526,0.0008289001
14804,0.30474368,0.30391243,0.00083126
14805,0.30474368,0.3039136,0.000830073
14806,0.30474055,0.3039104,0.0008301662
14807,0.30473423,0.30390006,0.0008341673
14808,0.30473343,0.30390304,0.0008303674
14809,0.3047284,0.30389762,0.0008307591
14810,0.30471703,0.30388558,0.0008314683
14811,0.304722,0.30388853,0.000833493
14812,0.30472848,0.30389532,0.0008331635
14813,0.3047149,0.30388063,0.00083423255
14814,0.3047174,0.30388385,0.00083352777
14815,0.30471876,0.30388504,0.0008337099
14816,0.30471945,0.30388546,0.00083398866
14817,0.30471694,0.30388182,0.000835145
14818,0.30471206,0.30387816,0.0008339031
14819,0.30471042,0.30387798,0.0008324433
14820,0.30471203,0.30387872,0.00083329994
14821,0.30471453,0.30388084,0.000833699
14822,0.30470425,0.30387133,0.0008329005
14823,0.30470455,0.30387065,0.0008339003
14824,0.30470106,0.3038672,0.0008338945
14825,0.30469412,0.30385977,0.0008343571
14826,0.30469763,0.30386233,0.00083530985
14827,0.3046968,0.30386275,0.000834036
14828,0.30469817,0.3038637,0.0008344495
14829,0.30469298,0.3038553,0.0008376998
14830,0.30469447,0.30385637,0.00083812064
14831,0.3046973,0.30385697,0.00084033684
14832,0.30469126,0.3038523,0.0008389717
14833,0.30469003,0.3038511,0.0008389309
14834,0.30468282,0.30384418,0.00083865237
14835,0.3046842,0.30384567,0.0008384983
14836,0.30467987,0.30384037,0.0008395101
14837,0.30468917,0.30384997,0.0008392116
14838,0.30467418,0.3038352,0.0008389638
14839,0.30466983,0.30383143,0.000838379
14840,0.30467862,0.30383632,0.0008423206
14841,0.3046716,0.30382755,0.000844026
14842,0.30467707,0.3038355,0.0008415644
14843,0.3046786,0.3038334,0.00084520516
14844,0.304673,0.3038296,0.00084337156
14845,0.30467215,0.30382767,0.00084447983
14846,0.30466893,0.30382517,0.00084375386
14847,0.30467024,0.30382493,0.00084533694
14848,0.30465615,0.3038131,0.00084304187
14849,0.30466938,0.30382064,0.0008487351
14850,0.30470136,0.30383846,0.0008629145
14851,0.30468315,0.3038221,0.00086103065
14852,0.30467752,0.3038154,0.00086214393
14853,0.30467162,0.30380955,0.00086208386
14854,0.30467868,0.30381268,0.00086598285
14855,0.30466315,0.30380186,0.0008612829
14856,0.30467665,0.3038094,0.00086724514
14857,0.3046882,0.30381534,0.00087286404
14858,0.30468974,0.30380985,0.0008798822
14859,0.30467635,0.3037978,0.0008785557
14860,0.30467632,0.3037969,0.0008794358
14861,0.30466753,0.303788,0.0008795238
14862,0.3046423,0.30378905,0.0008532593
14863,0.304648,0.30378443,0.0008635645
14864,0.30478936,0.3038057,0.0009836634
14865,0.30485415,0.30380723,0.0010469469
14866,0.30487347,0.30383164,0.0010418438
14867,0.30485582,0.3038449,0.0010109025
14868,0.30473837,0.3037976,0.00094076263
14869,0.30461124,0.30376354,0.00084769895
14870,0.3046761,0.30378538,0.0008907191
14871,0.3048424,0.30380726,0.0010351585
14872,0.30499893,0.30379865,0.0012002651
14873,0.30515295,0.3038052,0.0013477653
14874,0.30529422,0.30382228,0.0014719397
14875,0.30547395,0.3038463,0.0016276479
14876,0.30561224,0.3038599,0.0017523661
14877,0.30580488,0.3039016,0.0019032832
14878,0.30593452,0.303914,0.0020205167
14879,0.3059728,0.30390605,0.0020667487
14880,0.30579168,0.30388004,0.0019116247
14881,0.30553088,0.30386224,0.0016686379
14882,0.3051894,0.30378872,0.0014007019
14883,0.30498594,0.30377087,0.0012150515
14884,0.3048542,0.3037586,0.0010956258
14885,0.3047579,0.30374134,0.0010165443
14886,0.3046778,0.30373147,0.00094633794
14887,0.30464396,0.3037303,0.0009136295
14888,0.3046315,0.30372173,0.0009097563
14889,0.30463755,0.30373,0.0009075335
14890,0.3046652,0.3037295,0.00093569123
14891,0.3047458,0.30372825,0.0010175426
14892,0.30482587,0.30375153,0.0010743483
14893,0.304883,0.30376402,0.0011189854
14894,0.30488706,0.30373687,0.0011502091
14895,0.3048617,0.30373597,0.0011257321
14896,0.30479842,0.30373076,0.001067667
14897,0.3046747,0.30371645,0.0009582689
14898,0.30456135,0.30370438,0.00085698545
14899,0.30452567,0.3036902,0.0008354996
14900,0.3046454,0.30369595,0.0009494515
14901,0.30491066,0.30373785,0.0011727897
14902,0.30509487,0.30377868,0.0013161834
14903,0.30494606,0.30373856,0.0012074753
14904,0.30478027,0.3037186,0.0010616835
14905,0.30461296,0.30369407,0.0009188842
14906,0.30455,0.30369666,0.0008533079
14907,0.3045268,0.30367902,0.000847778
14908,0.30463064,0.30371448,0.0009161676
14909,0.30465662,0.30369177,0.00096484215
14910,0.30463713,0.30371207,0.0009250504
14911,0.30455792,0.3036831,0.0008748045
14912,0.30450812,0.3036717,0.0008364128
14913,0.3045643,0.30369535,0.00086895784
14914,0.30459046,0.30367857,0.00091189507
14915,0.30461395,0.3036919,0.0009220502
14916,0.3046022,0.30368975,0.00091245753
14917,0.3045066,0.3036482,0.00085838634
14918,0.3045078,0.30367184,0.0008359629
14919,0.30448803,0.3036469,0.00084113685
14920,0.3045433,0.303649,0.0008942845
14921,0.30457518,0.30365765,0.00091754145
14922,0.30454043,0.30365023,0.00089017383
14923,0.3044896,0.3036395,0.0008501041
14924,0.30446807,0.3036433,0.00082477846
14925,0.30446145,0.3036289,0.0008325464
14926,0.30449337,0.30364314,0.0008502348
14927,0.30450967,0.30364284,0.0008668419
14928,0.3044937,0.30363443,0.0008592747
14929,0.30447602,0.30363718,0.0008388523
14930,0.30444798,0.30362082,0.0008271681
14931,0.30444622,0.30362284,0.00082337874
14932,0.30443498,0.3036104,0.0008245758
14933,0.30444878,0.30361828,0.0008304772
14934,0.30442968,0.3036055,0.00082419236
14935,0.3044252,0.30360493,0.00082028133
14936,0.30443165,0.30361298,0.00081867166
14937,0.30442283,0.30359966,0.0008231661
14938,0.3044138,0.30358717,0.0008266289
14939,0.3044146,0.30359182,0.00082276354
14940,0.30441156,0.30359244,0.0008191134
14941,0.3044193,0.30359718,0.00082214817
14942,0.30442262,0.30359042,0.00083220954
14943,0.30442262,0.30359516,0.0008274461
14944,0.30441236,0.30358514,0.0008272214
14945,0.30440196,0.30358312,0.0008188542
14946,0.30439645,0.30357784,0.0008186046
14947,0.30439094,0.30357474,0.00081621186
14948,0.304385,0.3035715,0.0008135095
14949,0.3043926,0.30357578,0.000816814
14950,0.30438653,0.30357155,0.00081497
14951,0.304386,0.30357373,0.00081227254
14952,0.30437508,0.30356544,0.00080964575
14953,0.3043691,0.3035582,0.0008108743
14954,0.30437592,0.30356193,0.00081400183
14955,0.30437383,0.30355722,0.00081662054
14956,0.30437928,0.3035549,0.00082440925
14957,0.30437234,0.30355474,0.00081759103
14958,0.30435744,0.30354264,0.0008147997
14959,0.30436182,0.30355456,0.0008072475
14960,0.30435285,0.3035442,0.00080864335
14961,0.3043537,0.30354154,0.00081216655
14962,0.30435285,0.30354032,0.0008125274
14963,0.30434546,0.3035362,0.0008092552
14964,0.30434015,0.30353203,0.0008081074
14965,0.3043414,0.30352944,0.0008119758
14966,0.30435354,0.30353326,0.0008202892
14967,0.30435455,0.30353758,0.00081699
14968,0.30433518,0.30352402,0.0008111546
14969,0.30433705,0.3035241,0.00081293564
14970,0.30435285,0.3035354,0.0008174494
14971,0.30435368,0.303535,0.0008186796
14972,0.3043411,0.3035273,0.00081380754
14973,0.30433497,0.30352002,0.0008149325
14974,0.30435932,0.30351755,0.00084179296
14975,0.3043874,0.30352676,0.0008606346
14976,0.30435017,0.30351508,0.0008350882
14977,0.30432785,0.30351207,0.00081577693
14978,0.30432147,0.30350098,0.00082049024
14979,0.3043526,0.30350667,0.00084594387
14980,0.30438498,0.30351022,0.0008747523
14981,0.30440578,0.30351636,0.00088941865
14982,0.3043788,0.30350843,0.00087037793
14983,0.3043367,0.3035015,0.0008352306
14984,0.30431455,0.3035003,0.0008142834
14985,0.3042988,0.30348068,0.00081812247
14986,0.30432448,0.30349025,0.0008342549
14987,0.30433914,0.3034842,0.0008549215
14988,0.30435783,0.30348954,0.000868302
14989,0.3043462,0.30348843,0.0008577813
14990,0.3043293,0.3034893,0.00084000936
14991,0.30428687,0.30346835,0.00081852096
14992,0.30428565,0.30347025,0.00081538846
14993,0.30429512,0.30347687,0.0008182535
14994,0.30427843,0.3034619,0.00081654044
14995,0.3042859,0.30346575,0.000820157
14996,0.30428365,0.30346498,0.0008186884
14997,0.30427825,0.30346042,0.00081784214
14998,0.3042705,0.30345428,0.0008162322
14999,0.3042703,0.30345428,0.00081602234
15000,0.3042729,0.30345535,0.0008175469
15001,0.30427185,0.30345547,0.00081635936
15002,0.30426553,0.3034491,0.00081642345
15003,0.30426815,0.30345082,0.00081733894
15004,0.30426797,0.30345234,0.0008156389
15005,0.3042613,0.303447,0.00081428856
15006,0.3042587,0.3034448,0.0008139055
15007,0.3042619,0.30344623,0.00081567524
15008,0.3042682,0.303451,0.0008172159
15009,0.3042573,0.30343515,0.0008221574
15010,0.30426082,0.3034349,0.00082589465
15011,0.30426916,0.30343935,0.00082980114
15012,0.30426112,0.30343074,0.00083039684
15013,0.304263,0.3034366,0.00082640146
15014,0.30426,0.30343583,0.000824144
15015,0.30425063,0.30342057,0.00083003205
15016,0.3042646,0.30342907,0.0008355595
15017,0.30427682,0.30342293,0.00085389277
15018,0.30429107,0.30342504,0.0008660499
15019,0.30431145,0.30342722,0.00088424626
15020,0.30430356,0.3034249,0.0008786876
15021,0.3042776,0.30341315,0.00086442754
15022,0.30425835,0.30341908,0.0008392632
15023,0.30423325,0.3034065,0.00082673953
15024,0.30422342,0.3034035,0.0008199021
15025,0.30423397,0.3034105,0.0008234695
15026,0.30423126,0.30340186,0.0008293794
15027,0.30423325,0.30340198,0.000831297
15028,0.30421713,0.30338973,0.00082740106
15029,0.30421466,0.3033902,0.00082444993
15030,0.30421057,0.30338717,0.00082341285
15031,0.3042114,0.30338874,0.0008226607
15032,0.30420953,0.30338606,0.0008234776
15033,0.30420473,0.30338275,0.00082195865
15034,0.30419853,0.3033765,0.00082205684
15035,0.30419824,0.30337563,0.00082260044
15036,0.30419973,0.3033703,0.0008294213
15037,0.3042131,0.30338138,0.00083170756
15038,0.30421147,0.30337557,0.00083589123
15039,0.3042108,0.30337363,0.00083719846
15040,0.3042058,0.3033826,0.00082320377
15041,0.30421266,0.3033707,0.000841946
15042,0.30421445,0.303389,0.0008254632
15043,0.30421087,0.30337545,0.0008354002
15044,0.30426687,0.30338457,0.00088228856
15045,0.30438417,0.303376,0.0010081972
15046,0.3045361,0.30340573,0.0011303697
15047,0.30440193,0.30339777,0.0010041583
15048,0.3043027,0.30342126,0.00088144524
15049,0.30427837,0.30341712,0.0008612604
15050,0.30422878,0.30336356,0.00086521916
15051,0.30431774,0.30342034,0.0008974039
15052,0.30435216,0.30346137,0.0008907878
15053,0.3042,0.30336747,0.0008325164
15054,0.30419025,0.30335516,0.00083508977
15055,0.30434597,0.3034454,0.000900566
15056,0.304313,0.30340126,0.0009117525
15057,0.30421114,0.30333924,0.0008718822
15058,0.30432114,0.3034318,0.0008893309
15059,0.3043062,0.30340022,0.0009060028
15060,0.30422863,0.30333212,0.00089651905
15061,0.30437532,0.3034012,0.00097410765
15062,0.30451047,0.30345395,0.0010564972
15063,0.3045164,0.30338207,0.0011343093
15064,0.30451098,0.30335227,0.0011587131
15065,0.30442148,0.30335766,0.0010638187
15066,0.3042693,0.30332407,0.0009452434
15067,0.30420658,0.30333382,0.0008727815
15068,0.30417234,0.30333602,0.00083630544
15069,0.30414194,0.30331612,0.0008258219
15070,0.3041264,0.3033064,0.00081998965
15071,0.30414504,0.3033163,0.0008287562
15072,0.30411428,0.30330014,0.00081413053
15073,0.30410287,0.30329207,0.00081078743
15074,0.30411756,0.3032978,0.0008197571
15075,0.30410278,0.30328807,0.0008146955
15076,0.30409768,0.3032857,0.0008120114
15077,0.30410275,0.3032896,0.0008131517
15078,0.3041114,0.3032915,0.00081987504
15079,0.3041086,0.30328456,0.0008240227
15080,0.30414358,0.30328122,0.0008623816
15081,0.30420426,0.30328208,0.00092216424
15082,0.3042994,0.30329344,0.0010059845
15083,0.3044474,0.30332196,0.0011254527
15084,0.3046267,0.30332276,0.0013039443
15085,0.30493897,0.3033775,0.0015614858
15086,0.30528337,0.3034056,0.0018777322
15087,0.30548275,0.30342904,0.0020537109
15088,0.3053537,0.30339438,0.001959342
15089,0.30506885,0.30336484,0.0017040137
15090,0.30472568,0.30332145,0.0014042296
15091,0.30439016,0.3032902,0.0010999913
15092,0.30418494,0.3032506,0.00093432545
15093,0.30409294,0.3032415,0.0008514528
15094,0.30406612,0.30323058,0.00083553966
15095,0.30405375,0.30323198,0.0008217713
15096,0.30405614,0.30322692,0.0008292256
15097,0.30407274,0.30323216,0.00084057404
15098,0.30411878,0.303227,0.0008917631
15099,0.3042356,0.30324295,0.0009926411
15100,0.30440357,0.30325055,0.0011530147
15101,0.3046533,0.30327207,0.0013812246
15102,0.30499232,0.30333105,0.0016612506
15103,0.30533728,0.30340743,0.0019298464
15104,0.30541775,0.3034009,0.002016832
15105,0.30513018,0.30336356,0.0017666422
15106,0.30473468,0.3032899,0.001444769
15107,0.3044354,0.30325153,0.0011838519
15108,0.3042203,0.3032283,0.0009919979
15109,0.30408755,0.30320862,0.0008789344
15110,0.30400568,0.3031868,0.0008188814
15111,0.30399472,0.30319273,0.00080199586
15112,0.304024,0.30319935,0.000824658
15113,0.30404094,0.3031949,0.00084601145
15114,0.30406365,0.3032049,0.0008587389
15115,0.30404282,0.30319443,0.0008483948
15116,0.30403164,0.30319396,0.0008376764
15117,0.30399153,0.30317983,0.0008117147
15118,0.30398574,0.30318192,0.00080382905
15119,0.30398047,0.30317897,0.00080149464
15120,0.3039768,0.30316886,0.0008079265
15121,0.3039912,0.30317426,0.00081694685
15122,0.3039915,0.30317518,0.0008163218
15123,0.3039694,0.30315837,0.00081103184
15124,0.30396903,0.30315945,0.00080959423
15125,0.3039656,0.30315802,0.00080757216
15126,0.30395752,0.30314964,0.0008078944
15127,0.30395707,0.30314577,0.00081132323
15128,0.30397272,0.30315787,0.00081486086
15129,0.3039706,0.30315173,0.00081886444
15130,0.3039521,0.30314094,0.0008111655
15131,0.30395854,0.30314928,0.0008092547
15132,0.30395973,0.30314794,0.0008118022
15133,0.30394325,0.3031374,0.0008058537
15134,0.3039544,0.30314067,0.00081373716
15135,0.30397448,0.30315205,0.000822421
15136,0.3039635,0.30314478,0.00081874727
15137,0.30394927,0.30313188,0.0008173708
15138,0.3039561,0.30313626,0.0008198399
15139,0.30394393,0.30312634,0.00081760844
15140,0.3039448,0.30313453,0.0008102673
15141,0.30395842,0.30314404,0.0008143736
15142,0.3039347,0.30313164,0.0008030544
15143,0.30392215,0.30311978,0.0008023884
15144,0.3039191,0.30311865,0.00080044044
15145,0.30391586,0.3031194,0.00079647393
15146,0.30390522,0.3031109,0.0007943365
15147,0.3039225,0.3031267,0.000795824
15148,0.30390814,0.30311087,0.0007972618
15149,0.30391818,0.30311993,0.00079825165
15150,0.30391905,0.3031095,0.00080953364
15151,0.3039637,0.30312452,0.0008391781
15152,0.304017,0.30312896,0.0008880737
15153,0.30407414,0.3031235,0.0009506287
15154,0.304124,0.30313003,0.0009939477
15155,0.30431825,0.30311793,0.0012003251
15156,0.30508366,0.30321893,0.0018647339
15157,0.30698863,0.30342054,0.0035680726
15158,0.3106531,0.30382046,0.0068326322
15159,0.31509313,0.30441374,0.010679402
15160,0.3170075,0.30449948,0.012508033
15161,0.31325325,0.30402076,0.009232498
15162,0.30611545,0.30335706,0.0027583838
15163,0.30424207,0.30315727,0.0010848052
15164,0.3085372,0.30353144,0.005005735
15165,0.31100288,0.30388275,0.007120146
15166,0.30768794,0.30361754,0.004070419
15167,0.30405888,0.30315024,0.0009086382
15168,0.30573422,0.303291,0.0024432146
15169,0.30835614,0.3037267,0.004629423
15170,0.30627123,0.30356342,0.0027078004
15171,0.30394223,0.30309957,0.0008426391
15172,0.3049433,0.3032954,0.0016479036
15173,0.30630082,0.30348498,0.0028158394
15174,0.30528036,0.30324996,0.0020304145
15175,0.30394903,0.3031022,0.0008468494
15176,0.30515817,0.30323425,0.0019239184
15177,0.3066418,0.30334505,0.003296734
15178,0.3052208,0.30319777,0.0020230294
15179,0.30388376,0.30307665,0.00080708566
15180,0.30462554,0.303132,0.0014935493
15181,0.30523717,0.30322787,0.0020092768
15182,0.30447266,0.3031676,0.0013050397
15183,0.30388284,0.30307382,0.0008090312
15184,0.30455628,0.3031306,0.0014256791
15185,0.30515024,0.30324364,0.0019066061
15186,0.3044895,0.30312517,0.0013642975
15187,0.3038745,0.30305997,0.00081453874
15188,0.3040876,0.30311033,0.0009772803
15189,0.304369,0.30312398,0.0012450407
15190,0.3042091,0.30308717,0.0011219484
15191,0.30389723,0.3030582,0.0008390326
15192,0.30391634,0.30305105,0.00086526544
15193,0.3041499,0.3030682,0.00108171
15194,0.30412176,0.3030653,0.0010564497
15195,0.30392513,0.30305135,0.00087376655
15196,0.30384746,0.3030513,0.0007961706
15197,0.30386776,0.3030374,0.00083034317
15198,0.3039542,0.3030575,0.00089672825
15199,0.30396,0.30304465,0.0009153405
15200,0.3038634,0.3030343,0.00082912715
15201,0.30384257,0.3030362,0.00080635835
15202,0.30390698,0.3030312,0.0008757891
15203,0.30390066,0.30303946,0.00086122175
15204,0.30384308,0.30303356,0.00080951524
15205,0.30383408,0.3030245,0.00080958364
15206,0.30385566,0.30303392,0.00082172063
15207,0.30382234,0.30302334,0.0007990027
15208,0.30382732,0.30301997,0.0008073497
15209,0.3038435,0.3030264,0.0008171103
15210,0.30382013,0.3030161,0.0008040146
15211,0.30382666,0.30302244,0.0008042193
15212,0.3038313,0.30301967,0.000811624
15213,0.30382094,0.30301356,0.0008073815
15214,0.30380678,0.30301008,0.0007967148
15215,0.30381203,0.30301034,0.00080168585
15216,0.3038086,0.30300197,0.00080664887
15217,0.30379373,0.30299965,0.00079408986
15218,0.30382237,0.3029915,0.00083085103
15219,0.30388454,0.30300543,0.0008791171
15220,0.30388862,0.30299652,0.0008921083
15221,0.30384296,0.30299267,0.0008503029
15222,0.30379564,0.3029924,0.00080323184
15223,0.30379075,0.30298898,0.0008017797
15224,0.3038204,0.30297726,0.000843142
15225,0.30383512,0.30298042,0.0008546816
15226,0.30379507,0.30297065,0.0008244155
15227,0.30377907,0.30298153,0.00079755497
15228,0.30379713,0.30297032,0.0008268066
15229,0.3037929,0.3029663,0.0008266034
15230,0.30375838,0.30295247,0.00080589764
15231,0.30376977,0.30296418,0.00080560363
15232,0.30378282,0.30296275,0.00082008017
15233,0.30377424,0.3029628,0.00081144244
15234,0.3037535,0.3029547,0.0007988014
15235,0.30376565,0.3029542,0.00081146864
15236,0.30378067,0.3029464,0.00083428
15237,0.3037578,0.30294234,0.0008154355
15238,0.3037445,0.30294415,0.000800357
15239,0.3037448,0.30294055,0.00080422655
15240,0.30376247,0.30294052,0.0008219391
15241,0.3037688,0.30294514,0.00082367443
15242,0.30373523,0.3029345,0.0008007052
15243,0.30372846,0.30293113,0.0007973267
15244,0.30374426,0.30293348,0.00081077573
15245,0.3037322,0.3029243,0.00080789963
15246,0.30372158,0.3029191,0.0008024823
15247,0.30372164,0.3029256,0.00079603924
15248,0.30373147,0.30291766,0.00081380643
15249,0.3037494,0.30292574,0.00082367397
15250,0.30371675,0.30290702,0.00080973003
15251,0.303717,0.30291897,0.0007980416
15252,0.30371702,0.30291557,0.00080144685
15253,0.30371556,0.30290407,0.0008114798
15254,0.3037219,0.30290332,0.0008185885
15255,0.30371493,0.30290806,0.0008068752
15256,0.30370304,0.30290538,0.00079765683
15257,0.3037046,0.30290672,0.0007978607
15258,0.30369946,0.30289644,0.00080299994
15259,0.30370542,0.30290017,0.00080525654
15260,0.30369085,0.3028921,0.0007987628
15261,0.3036919,0.30289695,0.00079495244
15262,0.30368444,0.30288914,0.00079530885
15263,0.30369216,0.3028894,0.0008027648
15264,0.30370256,0.30289823,0.0008043172
15265,0.30369794,0.30289227,0.00080568687
15266,0.3036838,0.30289215,0.0007916184
15267,0.30368963,0.3028847,0.0008049224
15268,0.3037059,0.30288565,0.0008202575
15269,0.30369347,0.3028855,0.00080798555
15270,0.30367845,0.30288222,0.0007962238
15271,0.3036827,0.30287918,0.00080354046
15272,0.30369106,0.30287084,0.00082021503
15273,0.3036929,0.30286783,0.00082505494
15274,0.3036692,0.3028639,0.0008053095
15275,0.30365452,0.3028619,0.00079263316
15276,0.30367023,0.30286828,0.0008019543
15277,0.30368012,0.30286306,0.0008170586
15278,0.30367452,0.30285898,0.00081555295
15279,0.3036537,0.3028577,0.0007959881
15280,0.30364114,0.3028515,0.0007896428
15281,0.3036465,0.3028479,0.00079860183
15282,0.30365148,0.30284548,0.00080601696
15283,0.3036442,0.30284566,0.0007985652
15284,0.30363986,0.3028468,0.00079305674
15285,0.3036348,0.3028432,0.0007915914
15286,0.30362844,0.30283466,0.0007937804
15287,0.30362216,0.30283353,0.00078861753
15288,0.303619,0.3028317,0.0007872923
15289,0.3036115,0.30282417,0.00078732223
15290,0.30362415,0.30283445,0.000789701
15291,0.30361393,0.30282646,0.0007874506
15292,0.30360308,0.30281538,0.0007877019
15293,0.30360794,0.30282167,0.00078629097
15294,0.30360982,0.3028239,0.0007859144
15295,0.3036086,0.30282083,0.000787773
15296,0.3036048,0.302818,0.0007868047
15297,0.30360302,0.30281645,0.0007865742
15298,0.30361053,0.30281928,0.0007912504
15299,0.3036073,0.30282,0.00078731525
15300,0.3036059,0.30281922,0.0007867042
15301,0.3036001,0.30281457,0.0007855431
15302,0.30360067,0.3028165,0.0007841727
15303,0.30360487,0.30282006,0.0007848215
15304,0.30360177,0.3028167,0.0007850643
15305,0.3035945,0.30280787,0.0007866228
15306,0.30359948,0.30281296,0.0007865187
15307,0.30358955,0.30280215,0.0007873803
15308,0.30359057,0.30280492,0.0007856622
15309,0.3035914,0.3028022,0.00078920496
15310,0.3035906,0.30280396,0.0007866308
15311,0.303588,0.30279782,0.00079017767
15312,0.30359033,0.30279928,0.0007910139
15313,0.3035893,0.3027947,0.00079463964
15314,0.30358493,0.30279395,0.00079098623
15315,0.3035855,0.3027953,0.00079020794
15316,0.3035727,0.3027838,0.000788931
15317,0.30357534,0.30278254,0.000792798
15318,0.30357808,0.30278474,0.00079335144
15319,0.3035646,0.3027697,0.0007948937
15320,0.3035706,0.3027751,0.00079546764
15321,0.30356836,0.3027726,0.000795756
15322,0.30357024,0.3027729,0.00079734006
15323,0.30356655,0.3027692,0.00079732266
15324,0.30356023,0.3027649,0.0007953274
15325,0.30355182,0.3027598,0.000792027
15326,0.30354568,0.3027526,0.00079307053
15327,0.3035556,0.30276588,0.00078971405
15328,0.3035399,0.30275258,0.0007873008
15329,0.30353072,0.30274433,0.00078639155
15330,0.30354154,0.30275494,0.00078659813
15331,0.30354574,0.30275783,0.0007879107
15332,0.3035396,0.30274564,0.00079397776
15333,0.30355197,0.3027591,0.00079288206
15334,0.30354124,0.3027481,0.0007931272
15335,0.30354458,0.3027515,0.00079308514
15336,0.30353156,0.30274358,0.00078795105
15337,0.30353212,0.30274606,0.0007860671
15338,0.30352584,0.3027398,0.000786024
15339,0.30353045,0.3027413,0.0007891759
15340,0.30353272,0.3027269,0.0008058289
15341,0.30363145,0.30275476,0.00087669806
15342,0.3037901,0.30275828,0.0010318032
15343,0.30388835,0.30275846,0.0011299079
15344,0.30387554,0.3027516,0.0011239225
15345,0.30373317,0.30274245,0.0009907372
15346,0.30354849,0.3027168,0.00083167106
15347,0.30351478,0.3027184,0.00079635746
15348,0.30362296,0.30273572,0.00088726403
15349,0.30373695,0.30273357,0.0010033991
15350,0.30382386,0.3027531,0.0010707601
15351,0.3038617,0.30276033,0.0011013739
15352,0.30374983,0.30272734,0.0010225049
15353,0.3036597,0.3027247,0.000935008
15354,0.3035559,0.30270517,0.0008507421
15355,0.30351922,0.30271164,0.00080756267
15356,0.3034877,0.3026986,0.0007890515
15357,0.30350333,0.30270064,0.0008027026
15358,0.3035363,0.30270997,0.00082633866
15359,0.3035234,0.30271125,0.0008121482
15360,0.30349064,0.30269662,0.0007940287
15361,0.30348027,0.30268994,0.0007903306
15362,0.30348787,0.30268332,0.0008045245
15363,0.3035135,0.3026923,0.00082119636
15364,0.30349058,0.3026815,0.0008090753
15365,0.3034798,0.30268693,0.0007928509
15366,0.3034753,0.30268532,0.0007899641
15367,0.30347478,0.30268052,0.0007942496
15368,0.3034839,0.30268595,0.0007979682
15369,0.30345276,0.3026657,0.00078705576
15370,0.30346107,0.30267513,0.00078594836
15371,0.30345985,0.3026702,0.00078964856
15372,0.30345622,0.30266887,0.00078734674
15373,0.30346888,0.3026801,0.0007887849
15374,0.30345973,0.30267125,0.00078847783
15375,0.30344614,0.3026598,0.00078631454
15376,0.30344936,0.3026624,0.00078694324
15377,0.3034388,0.30265284,0.0007859934
15378,0.30344462,0.30265906,0.0007855881
15379,0.30344552,0.30265772,0.0007877842
15380,0.30343044,0.30264464,0.0007857982
15381,0.30343646,0.30264783,0.00078862143
15382,0.30344102,0.3026561,0.00078491616
15383,0.30342922,0.30264288,0.00078631955
15384,0.3034366,0.3026421,0.0007945193
15385,0.3034513,0.30264598,0.0008053149
15386,0.303445,0.30264655,0.0007984539
15387,0.30344063,0.30264783,0.0007927959
15388,0.30358177,0.3026451,0.00093668874
15389,0.30395898,0.30268404,0.0012749488
15390,0.30436587,0.3027334,0.0016324868
15391,0.3043866,0.30272648,0.0016601048
15392,0.30406898,0.3026811,0.0013878919
15393,0.3036991,0.3026539,0.0010452066
15394,0.30348885,0.30264223,0.00084664783
15395,0.30342484,0.30263263,0.00079219945
15396,0.30344757,0.30262107,0.0008265165
15397,0.30376384,0.30265352,0.0011103026
15398,0.3043243,0.30270824,0.0016160732
15399,0.3046965,0.30271316,0.0019833364
15400,0.30467466,0.302739,0.0019356553
15401,0.30445433,0.3027256,0.0017287176
15402,0.30426413,0.30266464,0.001599481
15403,0.30435553,0.30268416,0.001671375
15404,0.30418873,0.302714,0.0014747349
15405,0.30373487,0.3026485,0.0010863703
15406,0.3034534,0.30263627,0.000817124
15407,0.303429,0.30262163,0.0008073679
15408,0.30355284,0.30263188,0.00092093897
15409,0.30362377,0.30266193,0.0009618411
15410,0.30350262,0.30265194,0.00085066364
15411,0.30337608,0.30259278,0.0007833004
15412,0.30346707,0.30264875,0.0008183209
15413,0.30352932,0.3026469,0.0008824173
15414,0.30344728,0.30261415,0.00083312544
15415,0.30338684,0.3025999,0.0007869441
15416,0.30345508,0.30261588,0.0008392191
15417,0.3034765,0.3026094,0.00086711056
15418,0.30340385,0.3025889,0.0008149507
15419,0.3033831,0.30258653,0.0007965874
15420,0.30340934,0.30258578,0.00082357565
15421,0.30341652,0.30259055,0.0008259762
15422,0.3033746,0.30257758,0.00079701125
15423,0.30336672,0.30256855,0.0007981456
15424,0.3034015,0.30257887,0.0008226529
15425,0.30335286,0.30256373,0.00078914326
15426,0.3033774,0.3025586,0.0008188101
15427,0.30342934,0.3025824,0.0008469162
15428,0.30341598,0.30258098,0.00083499943
15429,0.30335602,0.30256,0.0007960087
15430,0.30343574,0.30257222,0.00086352497
15431,0.3034494,0.3025731,0.0008762643
15432,0.30335927,0.30256355,0.00079572835
15433,0.30346477,0.30257243,0.0008923368
15434,0.30344594,0.30257165,0.00087428105
15435,0.3033975,0.30258158,0.0008159292
15436,0.3034308,0.3025594,0.0008713889
15437,0.30350235,0.30259362,0.0009087378
15438,0.30347595,0.3026276,0.00084834767
15439,0.30336857,0.3025581,0.0008104591
15440,0.3034083,0.30256316,0.0008451552
15441,0.3034687,0.30262196,0.00084673706
15442,0.3033808,0.30256355,0.0008172317
15443,0.30338383,0.3025538,0.00083001127
15444,0.30348504,0.30260924,0.00087581016
15445,0.30340922,0.30256104,0.0008482002
15446,0.3033174,0.30251732,0.00080008106
15447,0.30337116,0.30255562,0.00081553636
15448,0.30335236,0.30253592,0.00081644114
15449,0.3033483,0.30252227,0.00082601875
15450,0.30336908,0.30253592,0.00083315896
15451,0.3033217,0.30252096,0.00080073683
15452,0.30334148,0.3025231,0.0008183892
15453,0.30337572,0.30252373,0.0008519899
15454,0.30331543,0.30250844,0.00080697826
15455,0.30330056,0.30250883,0.0007917242
15456,0.3033405,0.3025178,0.0008227096
15457,0.3033805,0.3025106,0.0008698832
15458,0.30344215,0.30251682,0.0009253334
15459,0.30355155,0.30252585,0.0010257041
15460,0.30370116,0.30254164,0.0011595177
15461,0.30379745,0.30253062,0.0012668412
15462,0.30379152,0.30253723,0.0012543036
15463,0.30366895,0.30251178,0.0011571564
15464,0.30352545,0.3025066,0.0010188548
15465,0.3033951,0.30247912,0.00091595564
15466,0.30333662,0.3024805,0.0008561406
15467,0.30333096,0.30247945,0.0008515086
15468,0.3033849,0.30248725,0.0008976306
15469,0.30347,0.3024894,0.0009805753
15470,0.30352673,0.30249503,0.0010316992
15471,0.30352733,0.3024919,0.0010354322
15472,0.30344647,0.3024857,0.00096077414
15473,0.3033872,0.30248195,0.00090524385
15474,0.30333483,0.30248266,0.0008521721
15475,0.30332145,0.30246806,0.0008533917
15476,0.30330694,0.30245915,0.0008477862
15477,0.30335718,0.30247974,0.00087742915
15478,0.3034176,0.30249867,0.0009189153
15479,0.30342817,0.30246508,0.00096309476
15480,0.30346107,0.30248007,0.000981005
15481,0.30341265,0.3024569,0.00095574337
15482,0.3033707,0.30247307,0.00089765043
15483,0.30331028,0.30245474,0.0008555334
15484,0.30331323,0.30245948,0.0008537693
15485,0.30336183,0.30244586,0.000915952
15486,0.30348086,0.30247638,0.0010044764
15487,0.30349794,0.3024532,0.0010447523
15488,0.30350646,0.3024693,0.0010371406
15489,0.30345812,0.30245212,0.0010060177
15490,0.30341926,0.30245352,0.0009657514
15491,0.3033966,0.30244273,0.00095388124
15492,0.30338567,0.3024325,0.00095317326
15493,0.30343083,0.30243975,0.0009910648
15494,0.30345482,0.30244118,0.00101362
15495,0.30348217,0.30244532,0.0010368534
15496,0.3034648,0.30244008,0.0010247382
15497,0.30341575,0.3024248,0.000990971
15498,0.30335963,0.3024302,0.0009294221
15499,0.3032849,0.30241516,0.0008697502
15500,0.3032434,0.30240884,0.0008345585
15501,0.30325237,0.30240184,0.00085053116
15502,0.30330843,0.30241367,0.0008947714
15503,0.30337468,0.30241996,0.00095472514
15504,0.30345377,0.30241954,0.0010342306
15505,0.3035033,0.30241334,0.0010899471
15506,0.30348444,0.30241868,0.0010657636
15507,0.30338198,0.3024122,0.00096978544
15508,0.30327433,0.30238914,0.00088519574
15509,0.30321586,0.3023825,0.0008333658
15510,0.30319342,0.30238125,0.0008121558
15511,0.3031976,0.3023753,0.00082229916
15512,0.30323946,0.30237454,0.0008649252
15513,0.3033158,0.3023773,0.00093845755
15514,0.3033852,0.30238318,0.0010020072
15515,0.30337188,0.3023825,0.0009893912
15516,0.3032973,0.30236956,0.0009277399
15517,0.30319908,0.30235824,0.0008408514
15518,0.303146,0.3023489,0.0007970914
15519,0.30321306,0.30235136,0.0008616835
15520,0.30341527,0.30236533,0.0010499295
15521,0.3035778,0.30237308,0.0012047123
15522,0.3035235,0.30237067,0.0011528481
15523,0.30334002,0.30235997,0.0009800296
15524,0.30317268,0.30233285,0.0008398088
15525,0.3031261,0.30233216,0.00079394237
15526,0.30322865,0.30233532,0.0008933257
15527,0.30341512,0.3023683,0.0010468132
15528,0.303345,0.30235305,0.0009919344
15529,0.3031542,0.30232936,0.00082486094
15530,0.30315334,0.3023326,0.0008207241
15531,0.30332142,0.30235395,0.0009674703
15532,0.30338356,0.30235416,0.0010293849
15533,0.3032271,0.30234185,0.0008852617
15534,0.3031137,0.3023174,0.0007962965
15535,0.3032497,0.30233714,0.00091253425
15536,0.30337927,0.3023589,0.0010203838
15537,0.3032752,0.30232194,0.0009532703
15538,0.30314294,0.3023171,0.0008258227
15539,0.30312407,0.3023148,0.0008092554
15540,0.30320653,0.3023214,0.0008851405
15541,0.30322382,0.30231398,0.0009098388
15542,0.3031537,0.30231464,0.00083906314
15543,0.3030865,0.30229154,0.00079495425
15544,0.30313972,0.30230612,0.0008336216
15545,0.30317774,0.30231252,0.00086522603
15546,0.30312967,0.30230173,0.0008279262
15547,0.30310175,0.30230558,0.00079614983
15548,0.30312857,0.30230117,0.00082740455
15549,0.3031484,0.3022991,0.0008492799
15550,0.3031187,0.3022986,0.000820096
15551,0.30308667,0.3022898,0.00079684204
15552,0.303077,0.30227694,0.00080006535
15553,0.30310395,0.30228683,0.00081710453
15554,0.3030956,0.30228576,0.0008098568
15555,0.3030728,0.302269,0.00080377515
15556,0.30306947,0.30226827,0.00080121204
15557,0.3030642,0.30226395,0.00080024486
15558,0.30308,0.30227464,0.00080535654
15559,0.3030833,0.30227196,0.00081133406
15560,0.30306342,0.3022575,0.00080589467
15561,0.30305207,0.30225274,0.0007993226
15562,0.30306068,0.30226117,0.0007994812
15563,0.30304903,0.30224934,0.0007997025
15564,0.30303746,0.30223888,0.00079858943
15565,0.30304015,0.30224162,0.00079849997
15566,0.30304304,0.30224624,0.0007967962
15567,0.30304393,0.30224532,0.0007986091
15568,0.30305007,0.30225182,0.0007982304
15569,0.3030399,0.30224407,0.0007958426
15570,0.3030516,0.30225316,0.0007984207
15571,0.30304608,0.30224758,0.00079850556
15572,0.3030327,0.30223647,0.0007962204
15573,0.30304033,0.30224282,0.0007975126
15574,0.30303806,0.3022428,0.0007952655
15575,0.3030297,0.30223322,0.00079645973
15576,0.3030347,0.30223945,0.0007952467
15577,0.3030399,0.30224118,0.0007987475
15578,0.303035,0.30223548,0.0007995012
15579,0.30304205,0.30223167,0.0008103993
15580,0.3030485,0.3022427,0.0008057713
15581,0.30303004,0.30222702,0.00080299826
15582,0.30302763,0.30223215,0.00079547206
15583,0.3030218,0.302229,0.000792805
15584,0.30303255,0.3022346,0.0007979732
15585,0.3030334,0.3022333,0.0008001163
15586,0.30302984,0.30222535,0.00080446916
15587,0.30302823,0.30222985,0.00079836824
15588,0.30301744,0.30222392,0.00079353974
15589,0.3030083,0.30221376,0.0007945222
15590,0.303019,0.30222195,0.0007970389
15591,0.30301762,0.30222327,0.00079435704
15592,0.30300602,0.30221334,0.00079269736
15593,0.30300403,0.3022087,0.00079531205
15594,0.3030123,0.3022141,0.0007982316
15595,0.30300376,0.30220982,0.0007939404
15596,0.30299538,0.30220312,0.0007922669
15597,0.3029958,0.30220553,0.000790269
15598,0.3029887,0.3021968,0.00079191104
15599,0.3029809,0.30218992,0.00079098967
15600,0.3029859,0.30219373,0.0007921934
15601,0.3029808,0.30218434,0.00079647236
15602,0.3029788,0.30218548,0.00079334696
15603,0.30298713,0.30219263,0.0007944986
15604,0.30297872,0.30218136,0.00079736096
15605,0.30297554,0.3021817,0.0007938712
15606,0.30297232,0.3021765,0.0007957979
15607,0.30296826,0.3021749,0.00079335255
15608,0.30296662,0.30217445,0.00079219154
15609,0.30295926,0.30216703,0.00079223746
15610,0.30296442,0.3021723,0.00079212215
15611,0.3029571,0.3021658,0.0007912861
15612,0.30295956,0.3021666,0.00079295353
15613,0.30296412,0.30217096,0.0007931561
15614,0.30294818,0.3021565,0.00079167326
15615,0.30294585,0.30215397,0.00079187594
15616,0.30295712,0.30216497,0.0007921356
15617,0.302948,0.30215508,0.000792904
15618,0.30294582,0.3021553,0.00079053565
15619,0.3029478,0.30215374,0.00079404673
15620,0.3029385,0.30214438,0.00079412095
15621,0.3029491,0.30215326,0.00079586747
15622,0.30294183,0.30214575,0.0007960567
15623,0.30294374,0.3021509,0.00079280755
15624,0.30293244,0.30213666,0.0007957683
15625,0.3029358,0.30213913,0.00079668127
15626,0.30293593,0.3021406,0.0007953226
15627,0.30292213,0.30212736,0.00079476705
15628,0.30292797,0.3021289,0.0007990593
15629,0.30293474,0.3021374,0.0007973312
15630,0.3029369,0.30213442,0.0008024879
15631,0.30295232,0.30214447,0.00080785586
15632,0.30293462,0.30212975,0.0008048783
15633,0.30293462,0.3021341,0.00080052053
15634,0.30292383,0.30212697,0.00079683017
15635,0.3029237,0.30212784,0.00079586403
15636,0.30292174,0.30212528,0.00079646445
15637,0.30291763,0.30211875,0.0007988663
15638,0.30290523,0.3021106,0.0007946241
15639,0.3029074,0.30211362,0.0007937936
15640,0.30290857,0.3021117,0.00079688954
15641,0.3029085,0.3021094,0.0007991137
15642,0.3029145,0.30211112,0.00080336665
15643,0.30289984,0.3021012,0.0007986639
15644,0.30290052,0.30210543,0.00079511607
15645,0.30289397,0.30210045,0.0007935238
15646,0.30288336,0.30208933,0.0007940309
15647,0.30288434,0.30208823,0.00079612265
15648,0.30288887,0.30209205,0.0007968351
15649,0.30288368,0.30208862,0.0007950668
15650,0.30287322,0.30208087,0.00079234096
15651,0.3028726,0.3020777,0.000794872
15652,0.30288365,0.30208036,0.00080328376
15653,0.3028782,0.30207515,0.00080304424
15654,0.3028808,0.30207393,0.00080686796
15655,0.30287138,0.3020698,0.0008015763
15656,0.30286565,0.3020716,0.0007940441
15657,0.3028657,0.30206475,0.0008009719
15658,0.3028778,0.30206603,0.00081177487
15659,0.30288044,0.30206972,0.0008107078
15660,0.30287713,0.30207035,0.00080677186
15661,0.3028712,0.30207378,0.0007974015
15662,0.3028604,0.30206472,0.0007956714
15663,0.30287746,0.30207378,0.00080366246
15664,0.30286562,0.3020562,0.0008094253
15665,0.30288023,0.30206716,0.0008130459
15666,0.30290127,0.3020631,0.00083815475
15667,0.30296403,0.30206785,0.0008961926
15668,0.3030037,0.3020753,0.00092839275
15669,0.30298072,0.30207497,0.0009057332
15670,0.30287224,0.30206046,0.00081179163
15671,0.30286944,0.3020516,0.00081785367
15672,0.30294773,0.30206522,0.00088248745
15673,0.30311933,0.3020966,0.0010227056
15674,0.30334413,0.30211964,0.001224489
15675,0.30370122,0.3021369,0.0015643217
15676,0.3041482,0.3021808,0.0019674022
15677,0.30442536,0.30217984,0.0022455156
15678,0.3043149,0.30219242,0.0021224828
15679,0.30391,0.3021806,0.0017293936
15680,0.30340824,0.30210653,0.0013016987
15681,0.30304867,0.30204764,0.0010010417
15682,0.3028808,0.30203834,0.00084247644
15683,0.30284825,0.30203274,0.00081551383
15684,0.3028765,0.30202946,0.0008470343
15685,0.3030006,0.30203226,0.000968329
15686,0.30318326,0.3020477,0.0011355671
15687,0.30341983,0.30207315,0.0013466579
15688,0.30371994,0.3021018,0.0016181658
15689,0.3039749,0.3021649,0.0018099826
15690,0.30400518,0.302163,0.001842165
15691,0.3038092,0.30210993,0.0016992862
15692,0.3035513,0.3020654,0.0014858748
15693,0.30325803,0.3020338,0.0012242189
15694,0.30302197,0.3020208,0.0010011906
15695,0.30285305,0.3020031,0.0008499686
15696,0.30278474,0.30198672,0.0007980292
15697,0.30285853,0.30198756,0.0008709766
15698,0.3029898,0.30200002,0.0009898006
15699,0.30303746,0.30200496,0.001032505
15700,0.30297884,0.30199185,0.0009869884
15701,0.30286342,0.30199003,0.00087337726
15702,0.30277866,0.30197367,0.0008049795
15703,0.30276075,0.30196282,0.0007979477
15704,0.30282542,0.3019777,0.00084774353
15705,0.30290395,0.30197787,0.0009260607
15706,0.30292442,0.30197152,0.0009528971
15707,0.302896,0.3019699,0.00092611107
15708,0.30283326,0.30197823,0.00085500535
15709,0.30276254,0.30195817,0.0008043425
15710,0.30274966,0.30194837,0.00080128154
15711,0.30279592,0.3019561,0.000839852
15712,0.30285636,0.30195838,0.0008979817
15713,0.30290252,0.30195588,0.0009466276
15714,0.30290708,0.30195606,0.00095102657
15715,0.3028592,0.3019461,0.0009130792
15716,0.3028097,0.30194914,0.0008605363
15717,0.30275923,0.30194223,0.00081698335
15718,0.30271563,0.3019249,0.00079071533
15719,0.30273566,0.30193415,0.0008015138
15720,0.30276072,0.30193153,0.00082918414
15721,0.3027754,0.30192918,0.00084622577
15722,0.30276364,0.30192626,0.0008374063
15723,0.30271402,0.30191392,0.00080009876
15724,0.30270553,0.30191496,0.00079056935
15725,0.30274877,0.30192116,0.00082762993
15726,0.30277285,0.30191502,0.0008578327
15727,0.30276528,0.3019198,0.0008454824
15728,0.30270764,0.3019067,0.00080093107
15729,0.30271176,0.3019157,0.00079604716
15730,0.3027488,0.30190733,0.00084146316
15731,0.3027873,0.30191058,0.0008767207
15732,0.30277514,0.30189887,0.0008762941
15733,0.30272985,0.3019022,0.0008276285
15734,0.30269346,0.3018955,0.00079797674
15735,0.30269748,0.30190024,0.0007972539
15736,0.3027205,0.30189767,0.00082279014
15737,0.30274996,0.3018996,0.00085035467
15738,0.30273002,0.30189794,0.0008320842
15739,0.30270213,0.30189162,0.00081049994
15740,0.3026738,0.30188328,0.0007905109
15741,0.3026782,0.30187404,0.00080417376
15742,0.30272007,0.30189043,0.00082962884
15743,0.30271095,0.30188593,0.00082500104
15744,0.3026848,0.3018766,0.00080820156
15745,0.30266264,0.3018691,0.00079354923
15746,0.302668,0.3018667,0.00080131105
15747,0.302683,0.30186912,0.00081385596
15748,0.30269173,0.30187616,0.0008155777
15749,0.3026739,0.3018691,0.00080479414
15750,0.30264774,0.30185392,0.00079378876
15751,0.30266947,0.30185905,0.0008104043
15752,0.3027059,0.30187088,0.00083502225
15753,0.3026953,0.30186442,0.00083087635
15754,0.30268836,0.30186224,0.00082611805
15755,0.3027082,0.3018704,0.0008378201
15756,0.30270904,0.30185124,0.0008578015
15757,0.30267012,0.3018578,0.0008123005
15758,0.3026604,0.3018485,0.0008119028
15759,0.30278164,0.30186266,0.00091898645
15760,0.3027996,0.30186537,0.00093426026
15761,0.30268797,0.30184022,0.00084774883
15762,0.3026511,0.30184937,0.00080174115
15763,0.30264506,0.30183035,0.0008147152
15764,0.3026953,0.30184534,0.0008499427
15765,0.3026867,0.30185166,0.0008350414
15766,0.3026398,0.30183205,0.00080776087
15767,0.30263644,0.30183715,0.00079930667
15768,0.30270028,0.30182934,0.0008709333
15769,0.3029966,0.30185637,0.0011402342
15770,0.30323416,0.30188733,0.0013468491
15771,0.30325216,0.3018792,0.0013729377
15772,0.30303434,0.30187982,0.0011545063
15773,0.30268395,0.3018333,0.0008506568
15774,0.30264166,0.30180904,0.00083261606
15775,0.3028784,0.30183923,0.0010391807
15776,0.30324057,0.30191737,0.0013231981
15777,0.30334744,0.3019036,0.0014438264
15778,0.30313244,0.3018511,0.0012813562
15779,0.30281538,0.30180505,0.0010103278
15780,0.30260995,0.3017753,0.00083464093
15781,0.30258325,0.3017828,0.0008004765
15782,0.30269685,0.30179778,0.0008990909
15783,0.30285907,0.301809,0.0010500593
15784,0.30297783,0.3018238,0.0011540339
15785,0.30299777,0.30185413,0.0011436455
15786,0.30287513,0.3018577,0.0010174236
15787,0.3026872,0.3018107,0.0008764809
15788,0.30255425,0.3017662,0.0007880647
15789,0.30261967,0.30177802,0.00084164756
15790,0.30275455,0.30181873,0.00093581167
15791,0.3028049,0.30180326,0.001001613
15792,0.30282125,0.30180132,0.0010199108
15793,0.30276746,0.3017781,0.0009893521
15794,0.30266118,0.30177137,0.00088979985
15795,0.30257952,0.30176455,0.00081498036
15796,0.30254528,0.3017586,0.0007866697
15797,0.30255818,0.3017565,0.00080168265
15798,0.3025718,0.3017498,0.00082203385
15799,0.30259976,0.30176345,0.000836305
15800,0.30259678,0.3017626,0.00083416124
15801,0.30258295,0.30175295,0.0008300133
15802,0.30256245,0.30174917,0.000813288
15803,0.3025507,0.30174407,0.00080661447
15804,0.3025314,0.30174032,0.0007910823
15805,0.30253613,0.30174163,0.0007944919
15806,0.3025325,0.30174175,0.0007907497
15807,0.30255273,0.3017448,0.00080793985
15808,0.30255833,0.30174962,0.0008087304
15809,0.3025564,0.30174026,0.00081613957
15810,0.3025374,0.30173382,0.0008036116
15811,0.30252153,0.30172607,0.0007954404
15812,0.3025172,0.30173215,0.00078504236
15813,0.30251715,0.30173266,0.0007844755
15814,0.30252722,0.301725,0.0008022079
15815,0.3025218,0.30171546,0.00080632494
15816,0.3025446,0.30173376,0.00081081595
15817,0.30253267,0.3017221,0.000810558
15818,0.30252478,0.3017174,0.000807352
15819,0.3025115,0.30171356,0.00079796324
15820,0.30251575,0.30172208,0.0007936773
15821,0.30249804,0.30170846,0.0007895846
15822,0.3024994,0.30170885,0.0007905592
15823,0.302495,0.30170393,0.0007910682
15824,0.30250713,0.30171937,0.0007877614
15825,0.30248767,0.30170327,0.00078440906
15826,0.302491,0.30170733,0.0007836719
15827,0.302497,0.30171195,0.0007850432
15828,0.30249012,0.30169955,0.00079056795
15829,0.3024887,0.30170217,0.0007865578
15830,0.3024759,0.3016907,0.0007851824
15831,0.30247113,0.30168754,0.00078358705
15832,0.30247298,0.30168974,0.0007832263
15833,0.3024658,0.30168334,0.0007824639
15834,0.30245805,0.30167538,0.0007826683
15835,0.3024549,0.30166915,0.0007857398
15836,0.30245876,0.3016685,0.0007902837
15837,0.30246922,0.30167887,0.00079037825
15838,0.30246395,0.30166885,0.00079509744
15839,0.3024686,0.3016648,0.0008038115
15840,0.3025048,0.3016786,0.0008262303
15841,0.3025235,0.301671,0.00085250055
15842,0.30256173,0.30167118,0.0008905446
15843,0.3025799,0.3016674,0.00091252103
15844,0.30258024,0.3016657,0.000914557
15845,0.30255446,0.30166918,0.0008852808
15846,0.30253243,0.3016643,0.0008681485
15847,0.30250758,0.30165777,0.0008498073
15848,0.30248064,0.30165604,0.00082459225
15849,0.30246326,0.30165032,0.0008129454
15850,0.30243763,0.3016394,0.00079820136
15851,0.3024266,0.3016395,0.00078711926
15852,0.3024195,0.3016345,0.00078504335
15853,0.3024243,0.30163515,0.0007891812
15854,0.30242792,0.30163386,0.0007940421
15855,0.30242598,0.30162948,0.00079652027
15856,0.302424,0.3016255,0.0007985318
15857,0.30241755,0.3016226,0.0007949475
15858,0.30240586,0.30161938,0.0007864777
15859,0.30241302,0.30162752,0.0007855015
15860,0.30241948,0.30162665,0.000792845
15861,0.3024104,0.30161732,0.00079305994
15862,0.30241054,0.30161485,0.0007956877
15863,0.30240178,0.30160972,0.00079206267
15864,0.30240336,0.30161574,0.0007876232
15865,0.30240294,0.30161655,0.0007863819
15866,0.3024024,0.30161053,0.0007918809
15867,0.30240947,0.3016127,0.0007967573
15868,0.30240792,0.3016104,0.00079750037
15869,0.3024061,0.30160734,0.0007987482
15870,0.30240127,0.30160704,0.0007942086
15871,0.30240503,0.3016124,0.0007926196
15872,0.30238837,0.30159903,0.00078935985
15873,0.3023885,0.30159947,0.0007890058
15874,0.302391,0.30159795,0.00079301884
15875,0.30238968,0.30159307,0.00079661154
15876,0.30241552,0.3016038,0.0008117226
15877,0.3024433,0.30160585,0.0008374298
15878,0.3025006,0.30160853,0.0008920551
15879,0.30254632,0.3016125,0.00093383156
15880,0.30262858,0.3016121,0.0010164554
15881,0.30270118,0.30162272,0.0010784448
15882,0.30279413,0.30164266,0.0011514614
15883,0.30280402,0.30162644,0.0011775999
15884,0.3027821,0.30163243,0.0011496593
15885,0.30261615,0.30160412,0.0010120161
15886,0.3024729,0.30158013,0.0008927515
15887,0.30239344,0.30157948,0.00081395265
15888,0.3023659,0.3015695,0.00079641136
15889,0.3023706,0.30157638,0.0007942262
15890,0.30235657,0.30156395,0.0007926306
15891,0.302367,0.3015665,0.0008004991
15892,0.30237183,0.301557,0.00081481505
15893,0.3024058,0.30156374,0.0008420831
15894,0.30246565,0.30157393,0.000891711
15895,0.30250898,0.30158064,0.0009283524
15896,0.30248055,0.30157986,0.00090070104
15897,0.30241796,0.30156162,0.00085633283
15898,0.30236143,0.30155483,0.00080660044
15899,0.3023442,0.30155018,0.000794005
15900,0.30235302,0.30154654,0.00080650125
15901,0.3023888,0.30154616,0.0008426172
15902,0.3024423,0.30155772,0.0008846022
15903,0.30239922,0.30156076,0.0008384675
15904,0.30233872,0.3015395,0.0007992019
15905,0.30234134,0.30153462,0.0008067273
15906,0.3023545,0.30154547,0.00080903014
15907,0.30235124,0.3015413,0.0008099396
15908,0.30234957,0.3015361,0.0008134462
15909,0.30238837,0.30153233,0.0008560275
15910,0.30244577,0.3015351,0.0009106837
15911,0.30245724,0.3015292,0.0009280432
15912,0.30239093,0.3015428,0.00084814645
15913,0.30233356,0.3015261,0.00080744456
15914,0.30235785,0.3015251,0.00083276007
15915,0.30246446,0.3015267,0.0009377498
15916,0.30258378,0.30156717,0.0010166126
15917,0.3025714,0.30157468,0.0009967225
15918,0.30243462,0.3015361,0.0008985145
15919,0.30236283,0.30152133,0.0008414906
15920,0.30231047,0.30150414,0.00080632267
15921,0.30236655,0.30154762,0.00081891974
15922,0.3024899,0.3015669,0.0009230077
15923,0.30266708,0.30152673,0.0011403466
15924,0.30290818,0.30155995,0.0013482085
15925,0.30308777,0.30158108,0.0015066842
15926,0.303167,0.30158842,0.001578557
15927,0.3031637,0.30160236,0.001561335
15928,0.30309474,0.30160895,0.0014857991
15929,0.3029769,0.30155772,0.0014192027
15930,0.30279803,0.30152407,0.0012739362
15931,0.30266333,0.30151117,0.001152157
15932,0.30247903,0.30149153,0.0009875059
15933,0.30234998,0.3014745,0.0008754775
15934,0.30229393,0.30148613,0.00080780697
15935,0.30226532,0.3014684,0.0007969087
15936,0.3022651,0.30146593,0.00079918496
15937,0.30230334,0.30147672,0.0008266292
15938,0.30236623,0.30148298,0.0008832528
15939,0.30239984,0.30148557,0.0009142666
15940,0.30239275,0.30145016,0.00094259356
15941,0.3023335,0.30146065,0.00087287166
15942,0.3022594,0.30144694,0.0008124496
15943,0.30223113,0.30143774,0.0007934171
15944,0.3022787,0.30144522,0.000833473
15945,0.3023578,0.30143663,0.000921155
15946,0.302413,0.30146176,0.000951212
15947,0.3024405,0.30144703,0.0009934632
15948,0.30244952,0.3014589,0.0009906131
15949,0.30244482,0.3014604,0.0009844184
15950,0.30239946,0.30145755,0.0009418937
15951,0.30234143,0.30142444,0.0009169909
15952,0.30227512,0.30142513,0.0008499922
15953,0.3022245,0.301412,0.0008124942
15954,0.30219626,0.30141357,0.0007826973
15955,0.30219826,0.30140898,0.0007892903
15956,0.30222726,0.3014033,0.00082396826
15957,0.30228096,0.30141693,0.0008640309
15958,0.3022949,0.30140325,0.0008916649
15959,0.302299,0.30141383,0.00088514376
15960,0.30228525,0.3014055,0.0008797605
15961,0.3022442,0.3014022,0.00084198534
15962,0.3022251,0.30140272,0.00082239415
15963,0.30217472,0.3013842,0.0007905051
15964,0.3021736,0.3013917,0.00078191626
15965,0.3021813,0.30139777,0.00078353455
15966,0.3021859,0.30139688,0.0007890066
15967,0.30218202,0.30139717,0.00078486314
15968,0.30216104,0.30138382,0.00077719876
15969,0.30216226,0.30138078,0.00078148395
15970,0.30217892,0.30139312,0.0007858146
15971,0.30216995,0.30138838,0.00078158325
15972,0.30216894,0.30138946,0.0007794739
15973,0.30215737,0.30137822,0.0007791511
15974,0.30216172,0.30137786,0.0007838577
15975,0.30215585,0.3013728,0.0007830664
15976,0.30215022,0.30136743,0.0007827849
15977,0.30214542,0.3013674,0.00077803025
15978,0.30214515,0.30137017,0.000774959
15979,0.3021319,0.30135602,0.0007758746
15980,0.302133,0.30135417,0.00077882584
15981,0.30214968,0.30136025,0.00078943314
15982,0.30215493,0.3013543,0.00080064096
15983,0.3021622,0.30134463,0.00081756635
15984,0.30215958,0.30133873,0.00082086585
15985,0.3021721,0.3013467,0.0008254106
15986,0.30215946,0.30134255,0.0008169194
15987,0.30216116,0.30134258,0.00081860425
15988,0.30215552,0.30134097,0.0008145541
15989,0.30217004,0.30133176,0.0008382878
15990,0.302226,0.30134472,0.00088127394
15991,0.30235237,0.30134374,0.0010086468
15992,0.30262482,0.30137688,0.0012479265
15993,0.30303234,0.30143082,0.0016015235
15994,0.30336595,0.30147117,0.0018947705
15995,0.30344298,0.30146736,0.0019756395
15996,0.30313697,0.30143532,0.0017016549
15997,0.30270815,0.3013779,0.0013302711
15998,0.3023348,0.3013568,0.0009779811
15999,0.30211666,0.30130544,0.000811199
16000,0.3021144,0.3013215,0.00079290353
16001,0.3022377,0.30133685,0.00090084935
16002,0.3023564,0.3013527,0.0010036789
16003,0.30236822,0.30135557,0.0010126712
16004,0.30230486,0.3013509,0.00095395977
16005,0.3021907,0.30134678,0.00084389525
16006,0.30209818,0.30131269,0.00078549766
16007,0.3020925,0.30130547,0.0007870103
16008,0.30210072,0.3013151,0.00078561495
16009,0.30213717,0.30131403,0.0008231569
16010,0.30222365,0.3013228,0.0009008402
16011,0.3022336,0.30132106,0.0009125288
16012,0.3021396,0.30130225,0.0008373453
16013,0.30208185,0.30130094,0.00078091316
16014,0.30209628,0.30130923,0.00078703725
16015,0.3021476,0.3013011,0.00084648316
16016,0.3022061,0.30131543,0.00089069584
16017,0.30220267,0.3013278,0.00087486795
16018,0.30214185,0.30132392,0.0008179361
16019,0.30208418,0.30130726,0.0007769144
16020,0.3021122,0.30129084,0.0008213508
16021,0.30229327,0.3013494,0.00094387785
16022,0.30237147,0.30134436,0.0010271044
16023,0.30238914,0.30133912,0.0010500047
16024,0.30234572,0.30134115,0.001004569
16025,0.30225456,0.3013027,0.0009518489
16026,0.302129,0.3012803,0.00084870245
16027,0.30206993,0.30128825,0.000781682
16028,0.30208617,0.3012721,0.00081406673
16029,0.30226675,0.3012941,0.0009726671
16030,0.302542,0.30131963,0.0012223794
16031,0.3028257,0.3014045,0.0014211669
16032,0.30297586,0.3014593,0.0015165664
16033,0.30288666,0.30140692,0.0014797424
16034,0.30267853,0.30133346,0.0013450852
16035,0.3023518,0.30127448,0.0010773324
16036,0.30209228,0.30125275,0.0008395306
16037,0.30201957,0.3012397,0.00077986566
16038,0.3021419,0.3012493,0.0008926053
16039,0.3022793,0.30128068,0.0009985946
16040,0.30229503,0.30130485,0.0009901843
16041,0.3022333,0.3013173,0.00091598614
16042,0.30208844,0.30126342,0.00082500244
16043,0.3020128,0.30124006,0.0007727478
16044,0.30205205,0.3012513,0.0008007727
16045,0.30209145,0.30126494,0.0008265295
16046,0.3020628,0.30125073,0.00081208517
16047,0.30202007,0.30123034,0.00078971667
16048,0.3020083,0.3012343,0.00077400217
16049,0.30202118,0.3012373,0.00078388804
16050,0.3020018,0.30122238,0.00077943265
16051,0.30200577,0.3012219,0.0007838781
16052,0.30201516,0.30122876,0.0007863889
16053,0.30200985,0.30122453,0.00078532845
16054,0.30204093,0.30123633,0.00080461276
16055,0.30202636,0.30123916,0.0007871722
16056,0.30201855,0.3012021,0.00081647735
16057,0.302024,0.3012375,0.00078650675
16058,0.30200505,0.3012169,0.00078814785
16059,0.30201596,0.30121335,0.00080261135
16060,0.30208904,0.3012552,0.0008338153
16061,0.30208296,0.30121726,0.0008657162
16062,0.30212554,0.30125067,0.0008748781
16063,0.302077,0.30120906,0.00086796004
16064,0.30205554,0.3012343,0.0008212327
16065,0.3020184,0.30122283,0.000795582
16066,0.3019565,0.3011877,0.0007688382
16067,0.3020176,0.30122998,0.00078760536
16068,0.30202585,0.3012022,0.00082364696
16069,0.30208242,0.30124232,0.00084010174
16070,0.30206764,0.3012346,0.0008330505
16071,0.30199063,0.30117932,0.0008113268
16072,0.30201417,0.30122575,0.0007884192
16073,0.30195558,0.30117473,0.00078084646
16074,0.30207986,0.30119792,0.00088195654
16075,0.3021831,0.30119997,0.0009831125
16076,0.30227754,0.30122107,0.001056453
16077,0.30223688,0.30125102,0.0009858699
16078,0.30211028,0.30120096,0.0009093249
16079,0.30198452,0.30117482,0.00080967444
16080,0.30196637,0.30116206,0.0008042847
16081,0.30212632,0.3011962,0.0009301478
16082,0.30235022,0.3012539,0.0010962975
16083,0.30248854,0.30124485,0.0012436915
16084,0.30265245,0.3012677,0.0013847456
16085,0.30287918,0.30125797,0.0016211973
16086,0.30305377,0.30126232,0.0017914742
16087,0.3030626,0.30128834,0.0017742546
16088,0.30292857,0.3013569,0.001571641
16089,0.30263987,0.30130064,0.0013392223
16090,0.30226186,0.3012049,0.0010569725
16091,0.30197397,0.30113876,0.0008352042
16092,0.30194414,0.3011626,0.00078154786
16093,0.3021655,0.30118048,0.0009850254
16094,0.3026307,0.30120802,0.0014226639
16095,0.3030172,0.30127195,0.001745269
16096,0.30314246,0.3012895,0.0018529352
16097,0.3029947,0.30127808,0.0017166209
16098,0.3026904,0.30126882,0.0014215738
16099,0.30232766,0.3012059,0.0011217685
16100,0.3020468,0.30111793,0.00092886324
16101,0.3018808,0.30110392,0.000776886
16102,0.30191785,0.30111328,0.00080458104
16103,0.30208322,0.30115154,0.00093167013
16104,0.30231732,0.3011512,0.0011661223
16105,0.30276304,0.30118373,0.0015793111
16106,0.3031417,0.30126667,0.0018750442
16107,0.30316114,0.30127227,0.0018888445
16108,0.30288753,0.30123997,0.0016475534
16109,0.3026726,0.3012317,0.0014408927
16110,0.30242425,0.30121788,0.0012063633
16111,0.30214226,0.30115128,0.0009909959
16112,0.3018905,0.30109492,0.0007955756
16113,0.30195493,0.30113822,0.0008166904
16114,0.30188936,0.30109257,0.0007968137
16115,0.30188838,0.30111268,0.0007756999
16116,0.3018821,0.30108964,0.0007924485
16117,0.30190513,0.3011185,0.00078661647
16118,0.3018861,0.30108273,0.0008033843
16119,0.30192217,0.3011083,0.00081388897
16120,0.30199757,0.30108103,0.0009165206
16121,0.30244824,0.30115947,0.0012887532
16122,0.30298126,0.30124873,0.001732507
16123,0.30344144,0.3013861,0.0020553456
16124,0.30321026,0.301305,0.0019052658
16125,0.3026523,0.30121738,0.0014349015
16126,0.30211928,0.30108747,0.0010318091
16127,0.30190027,0.3010714,0.0008288686
16128,0.301833,0.30105796,0.0007750417
16129,0.30196354,0.30106175,0.0009017829
16130,0.30219585,0.3010898,0.001106052
16131,0.30218893,0.30109262,0.0010963166
16132,0.30204368,0.30109993,0.0009437588
16133,0.30187416,0.30108118,0.000792967
16134,0.30187446,0.30106312,0.0008113268
16135,0.30217364,0.3010791,0.0010945534
16136,0.302581,0.30119208,0.0013889445
16137,0.30258328,0.30118075,0.0014025163
16138,0.30218545,0.30111352,0.0010719122
16139,0.30181888,0.3010324,0.00078649056
16140,0.3018834,0.30105484,0.0008285653
16141,0.30218214,0.30110902,0.001073119
16142,0.3023713,0.30115256,0.0012187497
16143,0.3021465,0.3010845,0.0010620108
16144,0.30187663,0.30103737,0.0008392673
16145,0.30178908,0.30102035,0.00076870923
16146,0.30196422,0.3010352,0.00092902547
16147,0.30224827,0.30107588,0.0011723794
16148,0.30234548,0.30111864,0.001226831
16149,0.30211493,0.30108753,0.0010274283
16150,0.3018307,0.3010225,0.00080821617
16151,0.30178356,0.3010002,0.000783359
16152,0.30194876,0.3010246,0.0009241745
16153,0.3021167,0.3010859,0.0010307846
16154,0.30196464,0.3010273,0.0009373318
16155,0.301811,0.3009893,0.0008216946
16156,0.3017423,0.30097732,0.00076496566
16157,0.30178234,0.30098385,0.00079849164
16158,0.30182198,0.30100143,0.00082056253
16159,0.30178759,0.3009879,0.00079968263
16160,0.3017284,0.30096048,0.0007679079
16161,0.3017532,0.30097958,0.0007736209
16162,0.30175585,0.3009662,0.0007896405
16163,0.30182633,0.30098626,0.00084008015
16164,0.3018946,0.30099925,0.00089536683
16165,0.30207688,0.30099297,0.0010839123
16166,0.3023611,0.3010592,0.0013019141
16167,0.30245966,0.30105788,0.0014017673
16168,0.30233872,0.30103114,0.0013075983
16169,0.30212113,0.3010649,0.0010562483
16170,0.3018375,0.30096585,0.0008716575
16171,0.30174282,0.3009771,0.00076571637
16172,0.30179757,0.3009876,0.00080996455
16173,0.30184913,0.30096078,0.0008883575
16174,0.30195677,0.3010273,0.0009294789
16175,0.30190468,0.3009724,0.00093226816
16176,0.3018204,0.30097178,0.00084862486
16177,0.3018001,0.3009853,0.0008148012
16178,0.3017105,0.30095118,0.0007593054
16179,0.3017945,0.30096266,0.00083185267
16180,0.3019193,0.30096987,0.0009494461
16181,0.30207863,0.30096206,0.0011165626
16182,0.3023522,0.30104536,0.0013068522
16183,0.30235863,0.30100048,0.001358158
16184,0.30227184,0.30099946,0.0012724018
16185,0.30198824,0.30095822,0.0010300458
16186,0.3018354,0.30093604,0.0008993434
16187,0.3017247,0.3009426,0.00078210083
16188,0.301692,0.30092254,0.00076946744
16189,0.30174997,0.3009301,0.00081984897
16190,0.30178958,0.3009185,0.0008710944
16191,0.301844,0.30092964,0.00091438193
16192,0.30178037,0.30093193,0.0008484358
16193,0.30174345,0.30092874,0.00081470143
16194,0.3016927,0.30089918,0.00079353864
16195,0.30170515,0.30090907,0.0007960813
16196,0.30165526,0.3008944,0.0007608804
16197,0.30179945,0.30090916,0.000890277
16198,0.30231324,0.30097404,0.0013391777
16199,0.30268255,0.30102423,0.0016583021
16200,0.3024266,0.30102962,0.0013969841
16201,0.30196413,0.30095407,0.0010100603
16202,0.30169788,0.3009002,0.00079768617
16203,0.3017429,0.3009239,0.00081898645
16204,0.30186918,0.30092022,0.0009489842
16205,0.30258584,0.3009281,0.0016577474
16206,0.3045693,0.30113757,0.0034317442
16207,0.3069323,0.3013565,0.005575822
16208,0.30839717,0.30160627,0.0067909076
16209,0.3075159,0.30167335,0.0058425316
16210,0.30386114,0.30122024,0.0026409053
16211,0.30165976,0.300876,0.00078378356
16212,0.3035991,0.3011572,0.0024418843
16213,0.30625683,0.30144912,0.004807707
16214,0.30536756,0.30123827,0.0041292747
16215,0.3024048,0.3009215,0.001483296
16216,0.30189615,0.30089366,0.0010024912
16217,0.3041056,0.3010942,0.003011398
16218,0.304904,0.3011608,0.0037432231
16219,0.30282757,0.3009671,0.001860474
16220,0.30166158,0.30087182,0.00078977493
16221,0.3027936,0.3009666,0.0018269984
16222,0.3030553,0.30103004,0.002025248
16223,0.30187252,0.30091473,0.0009577916
16224,0.3020721,0.30088958,0.0011825039
16225,0.30326626,0.30103588,0.002230386
16226,0.3028401,0.30108285,0.0017572667
16227,0.3016662,0.30086306,0.00080314523
16228,0.30220568,0.30092704,0.001278646
16229,0.30282,0.30106083,0.0017591557
16230,0.30205965,0.30091333,0.0011463125
16231,0.3016216,0.30084106,0.0007805166
16232,0.3021746,0.3009505,0.001224085
16233,0.30252555,0.30091947,0.0016060716
16234,0.30205676,0.30085298,0.001203777
16235,0.30159616,0.30082387,0.0007722868
16236,0.30186012,0.3008321,0.0010280383
16237,0.30226037,0.30088162,0.0013787198
16238,0.30206794,0.3008533,0.0012146161
16239,0.301693,0.30084676,0.0008462373
16240,0.30159378,0.3007977,0.0007960668
16241,0.30182844,0.30085516,0.0009732844
16242,0.30184427,0.30086944,0.000974847
16243,0.30158967,0.30080354,0.00078614353
16244,0.30165046,0.3008253,0.0008251641
16245,0.30184108,0.3008742,0.0009668685
16246,0.301731,0.300806,0.000925004
16247,0.30156952,0.3007899,0.0007796227
16248,0.30161697,0.30079812,0.0008188624
16249,0.30179802,0.30080518,0.0009928413
16250,0.3019059,0.30082914,0.0010767742
16251,0.30170727,0.30080038,0.0009068924
16252,0.3015609,0.30079043,0.00077047327
16253,0.30178973,0.3007995,0.0009902485
16254,0.30193964,0.3008037,0.0011359465
16255,0.30183172,0.3008225,0.001009245
16256,0.30158672,0.30078182,0.0008049086
16257,0.30158225,0.30078474,0.0007975121
16258,0.30169502,0.30079493,0.0009001095
16259,0.30163574,0.30078414,0.0008516146
16260,0.30152678,0.30076465,0.00076213357
16261,0.30161357,0.30077606,0.0008374912
16262,0.30170894,0.3007945,0.0009144158
16263,0.30161658,0.30077574,0.0008408455
16264,0.3015185,0.3007566,0.0007618902
16265,0.3015669,0.30077028,0.0007966063
16266,0.30163625,0.30076283,0.000873437
16267,0.30160448,0.30076677,0.0008377184
16268,0.3015043,0.30074736,0.0007569337
16269,0.3015824,0.30076426,0.00081813487
16270,0.301684,0.30075544,0.0009285485
16271,0.30168784,0.3007638,0.000924055
16272,0.30157048,0.3007467,0.00082378124
16273,0.30150324,0.30074266,0.00076059374
16274,0.30156174,0.3007391,0.0008226489
16275,0.3016767,0.3007418,0.0009349054
16276,0.30169967,0.30073836,0.00096131983
16277,0.3016717,0.30074674,0.0009249601
16278,0.30157158,0.30073297,0.0008386065
16279,0.30149665,0.30072954,0.0007670997
16280,0.30149812,0.30073005,0.00076807535
16281,0.3015644,0.30074227,0.0008221309
16282,0.30162254,0.30073035,0.00089219987
16283,0.30164897,0.30073524,0.00091375486
16284,0.3016265,0.30072838,0.0008981115
16285,0.30156177,0.30072537,0.00083639903
16286,0.30149215,0.30071688,0.00077530305
16287,0.30147663,0.3007173,0.0007593262
16288,0.3015087,0.300714,0.0007947035
16289,0.30152938,0.30072442,0.0008049736
16290,0.3014763,0.30071613,0.0007601684
16291,0.30147666,0.30070004,0.00077662745
16292,0.30160195,0.30071703,0.00088490563
16293,0.30169493,0.30071974,0.0009751885
16294,0.3016971,0.30072007,0.0009770496
16295,0.30156046,0.30069965,0.0008607951
16296,0.30147552,0.30070263,0.00077291357
16297,0.301472,0.30070227,0.0007697477
16298,0.30153066,0.30068517,0.0008454874
16299,0.30166614,0.30070814,0.0009580109
16300,0.30173358,0.30072019,0.001013414
16301,0.30173233,0.30071715,0.0010151915
16302,0.30160534,0.30069095,0.0009144077
16303,0.30149943,0.3006862,0.00081324263
16304,0.30143297,0.3006782,0.0007547712
16305,0.30147427,0.3006812,0.0007930693
16306,0.30155453,0.3006933,0.00086121855
16307,0.30150053,0.3006854,0.0008151152
16308,0.30146632,0.30069402,0.0007723043
16309,0.30142337,0.3006664,0.00075698004
16310,0.30145046,0.30067223,0.00077822356
16311,0.3015124,0.30068016,0.0008322412
16312,0.3015632,0.30068773,0.00087546743
16313,0.30153716,0.30068627,0.0008508676
16314,0.30143836,0.30067113,0.00076723844
16315,0.30142322,0.30066726,0.00075596373
16316,0.3014743,0.30066437,0.00080996007
16317,0.3015252,0.30067697,0.0008482256
16318,0.30155027,0.3006833,0.00086697575
16319,0.30148786,0.30066517,0.0008226959
16320,0.30145586,0.30065882,0.0007970537
16321,0.30141684,0.30065155,0.0007653038
16322,0.30140224,0.30064195,0.0007602632
16323,0.30138698,0.30063137,0.00075559044
16324,0.30139542,0.30063754,0.0007578751
16325,0.30139747,0.3006418,0.0007556905
16326,0.30138397,0.30062848,0.000755506
16327,0.3013769,0.30062598,0.0007509363
16328,0.30137146,0.3006203,0.0007511595
16329,0.3013742,0.3006232,0.0007509886
16330,0.30137232,0.30062103,0.0007512953
16331,0.30136392,0.3006132,0.0007507168
16332,0.30135968,0.30060914,0.00075054297
16333,0.3013706,0.3006201,0.00075050094
16334,0.3013567,0.30060965,0.0007470457
16335,0.3013584,0.30061218,0.0007462149
16336,0.30136234,0.30061457,0.0007477781
16337,0.30134898,0.30060422,0.0007447664
16338,0.30135876,0.30061173,0.0007470433
16339,0.30136117,0.30061272,0.0007484665
16340,0.30135348,0.30060858,0.0007448896
16341,0.30135,0.30060235,0.00074766186
16342,0.3013459,0.30060133,0.0007445901
16343,0.3013457,0.3006012,0.0007444959
16344,0.30134585,0.30059764,0.0007481983
16345,0.3013356,0.30059132,0.0007442994
16346,0.3013364,0.30059227,0.00074412505
16347,0.30133697,0.3005915,0.0007454632
16348,0.30132756,0.30058214,0.00074540917
16349,0.30133992,0.30059382,0.00074611267
16350,0.30134177,0.3005953,0.0007464591
16351,0.30133986,0.3005922,0.00074764516
16352,0.30134037,0.30059135,0.0007490064
16353,0.30133694,0.30058795,0.0007489822
16354,0.30132625,0.30057892,0.000747314
16355,0.30133316,0.3005868,0.00074638275
16356,0.30132195,0.30057567,0.0007462677
16357,0.3013203,0.3005725,0.00074781117
16358,0.3013214,0.30057144,0.0007499685
16359,0.3013264,0.30056846,0.0007579371
16360,0.3013271,0.3005697,0.0007574083
16361,0.3013261,0.30056652,0.0007595526
16362,0.30132645,0.30057362,0.0007528248
16363,0.30132002,0.30056968,0.0007503388
16364,0.30131721,0.30056974,0.00074746815
16365,0.30130818,0.30056232,0.00074587035
16366,0.30131274,0.30056775,0.00074499106
16367,0.30130938,0.3005613,0.0007480566
16368,0.301316,0.30056462,0.0007513694
16369,0.30131245,0.30056232,0.00075013214
16370,0.30130848,0.30055848,0.000750017
16371,0.30129442,0.30054757,0.00074686547
16372,0.3012926,0.30054608,0.00074650475
16373,0.30130044,0.30055153,0.00074890483
16374,0.30130008,0.30055144,0.00074862165
16375,0.3012879,0.30053818,0.0007497196
16376,0.30129296,0.3005391,0.00075385615
16377,0.30128986,0.30053353,0.00075631245
16378,0.30129865,0.30053747,0.0007611962
16379,0.30129382,0.30053443,0.00075939455
16380,0.30128622,0.30053058,0.00075562636
16381,0.30127588,0.3005254,0.0007505017
16382,0.30127156,0.3005231,0.00074845523
16383,0.3012743,0.30052102,0.000753273
16384,0.3012774,0.30052194,0.0007554412
16385,0.3012838,0.30052692,0.0007568853
16386,0.30126408,0.30051517,0.0007488924
16387,0.3012933,0.30052143,0.00077187916
16388,0.30139184,0.3005291,0.00086274894
16389,0.30139834,0.30053717,0.0008611629
16390,0.30130643,0.30051982,0.00078658375
16391,0.30125952,0.30051148,0.0007480426
16392,0.30130136,0.3005184,0.00078297296
16393,0.30135205,0.30053023,0.00082181656
16394,0.30130544,0.30051002,0.0007954373
16395,0.30126715,0.30051234,0.00075480854
16396,0.30128518,0.30052385,0.0007613185
16397,0.30129483,0.30051523,0.0007795945
16398,0.30129448,0.30051583,0.00077863754
16399,0.30125937,0.30050585,0.00075352116
16400,0.30125964,0.30050838,0.00075126614
16401,0.301276,0.30050293,0.0007730767
16402,0.30127633,0.30050775,0.00076857756
16403,0.30125353,0.30050358,0.0007499289
16404,0.30125397,0.3005035,0.0007504847
16405,0.3012626,0.30049115,0.00077141135
16406,0.30126804,0.30048847,0.00077956484
16407,0.3012603,0.30049032,0.00076997216
16408,0.3012487,0.30049005,0.00075866433
16409,0.301233,0.30048007,0.00075290666
16410,0.30123866,0.30048522,0.0007534448
16411,0.3012292,0.3004787,0.0007504985
16412,0.30122817,0.3004754,0.0007527831
16413,0.30123538,0.30047885,0.00075654965
16414,0.30131462,0.30047807,0.0008365566
16415,0.3016492,0.3005079,0.0011412905
16416,0.3020832,0.3005236,0.0015595795
16417,0.30204287,0.300529,0.0015138772
16418,0.30156988,0.30050507,0.0010648097
16419,0.3012351,0.30046353,0.000771575
16420,0.30129746,0.30047497,0.00082250516
16421,0.30158982,0.3004884,0.0011014023
16422,0.30190295,0.30052578,0.001377141
16423,0.3018782,0.3004935,0.0013847003
16424,0.30157322,0.3004921,0.001081103
16425,0.3012516,0.30045655,0.0007950108
16426,0.30121276,0.30043954,0.00077323674
16427,0.30144915,0.30046263,0.0009865158
16428,0.30185452,0.30049258,0.001361944
16429,0.30208892,0.3005457,0.0015432306
16430,0.30180418,0.30048838,0.0013157959
16431,0.30133852,0.30045214,0.000886358
16432,0.30120486,0.30043632,0.0007685519
16433,0.30153272,0.30047065,0.0010620612
16434,0.30199432,0.3004863,0.0015080415
16435,0.30213693,0.3005162,0.0016207492
16436,0.30170164,0.30048063,0.0012210073
16437,0.30121043,0.3004198,0.0007906238
16438,0.30139044,0.30044097,0.0009494625
16439,0.3021304,0.30051842,0.0016119641
16440,0.30260217,0.30055946,0.0020427331
16441,0.30223045,0.30054277,0.0016876794
16442,0.30149728,0.30043778,0.0010595035
16443,0.301182,0.30041057,0.0007714331
16444,0.3012328,0.30041453,0.00081827585
16445,0.30136842,0.30043304,0.0009353891
16446,0.30142772,0.3004353,0.0009923961
16447,0.3013426,0.3004212,0.0009214038
16448,0.30120122,0.30040613,0.0007951002
16449,0.30115765,0.30039752,0.0007601315
16450,0.30124217,0.30039644,0.0008457467
16451,0.30135947,0.30041885,0.00094061
16452,0.30130953,0.30039755,0.00091198896
16453,0.30123714,0.30040225,0.00083488517
16454,0.30114043,0.30038422,0.00075620756
16455,0.30121234,0.30038404,0.0008283157
16456,0.30156648,0.3004216,0.0011448801
16457,0.30195954,0.30044734,0.0015122127
16458,0.30196813,0.30045432,0.0015138093
16459,0.3015482,0.30042085,0.0011273758
16460,0.30118012,0.30038702,0.00079310255
16461,0.30118316,0.3003905,0.00079262943
16462,0.30133462,0.3004093,0.0009253497
16463,0.30137274,0.30040646,0.0009662737
16464,0.30124062,0.30036956,0.00087107095
16465,0.30115297,0.30038062,0.0007723289
16466,0.30113465,0.30037054,0.00076408713
16467,0.30124256,0.30038634,0.0008562213
16468,0.30139315,0.3003905,0.0010026526
16469,0.3014839,0.30040288,0.0010810182
16470,0.30145612,0.3004012,0.001054886
16471,0.3013456,0.3003846,0.0009609827
16472,0.30118954,0.3003624,0.0008271402
16473,0.30112323,0.30036655,0.0007566596
16474,0.30111685,0.30035886,0.0007580036
16475,0.30115727,0.3003546,0.0008026619
16476,0.30119073,0.30034783,0.00084289693
16477,0.30122045,0.30035737,0.0008630838
16478,0.3012241,0.30034888,0.0008752482
16479,0.3011966,0.30034962,0.00084697996
16480,0.30109954,0.30033785,0.0007616804
16481,0.3011096,0.30033112,0.0007784821
16482,0.30129752,0.30034593,0.000951581
16483,0.3014958,0.30035362,0.0011421725
16484,0.30154732,0.30036172,0.0011856115
16485,0.30143967,0.3003583,0.0010813919
16486,0.30120158,0.3003305,0.00087108405
16487,0.30106747,0.3003188,0.0007486764
16488,0.30111384,0.3003201,0.0007937673
16489,0.30125806,0.3003309,0.00092715677
16490,0.30130827,0.3003282,0.0009800765
16491,0.3012465,0.30032563,0.0009208532
16492,0.30116755,0.30031553,0.0008520187
16493,0.30108148,0.30029693,0.00078453944
16494,0.30104122,0.30029365,0.0007475553
16495,0.30116162,0.30031613,0.0008454957
16496,0.30141732,0.30031905,0.0010982652
16497,0.30163395,0.30035177,0.0012821793
16498,0.30159038,0.30035144,0.0012389326
16499,0.30135825,0.30032066,0.0010375982
16500,0.3011254,0.3002976,0.0008278168
16501,0.30104145,0.3002932,0.00074825005
16502,0.30132407,0.30031115,0.0010129298
16503,0.30189234,0.3003721,0.0015202481
16504,0.30207273,0.30038586,0.0016868928
16505,0.30168006,0.30035296,0.0013270795
16506,0.30119926,0.30029586,0.0009034005
16507,0.30102262,0.3002761,0.0007465123
16508,0.3012632,0.30031005,0.0009531714
16509,0.30164912,0.3003754,0.001273711
16510,0.3017427,0.30034703,0.0013956882
16511,0.30150482,0.3003073,0.001197518
16512,0.30115208,0.30028328,0.0008687866
16513,0.30102104,0.30026776,0.000753302
16514,0.30139327,0.3003037,0.0010895594
16515,0.30190238,0.30034998,0.0015523914
16516,0.30194142,0.3003587,0.0015827132
16517,0.3014316,0.30033314,0.001098463
16518,0.3010189,0.30025712,0.0007617893
16519,0.30117464,0.30027297,0.0009016647
16520,0.30163372,0.30031866,0.0013150477
16521,0.30194652,0.30037016,0.0015763625
16522,0.30170196,0.30032542,0.0013765586
16523,0.3011907,0.30025643,0.0009342473
16524,0.30099404,0.30024567,0.00074834726
16525,0.30120945,0.30027232,0.00093715277
16526,0.3014367,0.30029437,0.0011423497
16527,0.30141997,0.30026823,0.0011517411
16528,0.30128342,0.30026373,0.0010197088
16529,0.30108693,0.30024922,0.00083772634
16530,0.30098975,0.30023462,0.0007551305
16531,0.30123162,0.30024835,0.0009832836
16532,0.30156994,0.30026993,0.0013000199
16533,0.30155888,0.300282,0.001276851
16534,0.3011928,0.3002566,0.00093618117
16535,0.3009868,0.3002283,0.00075850065
16536,0.30133408,0.30024722,0.0010868538
16537,0.30187505,0.30031395,0.0015611101
16538,0.30184308,0.30032903,0.0015140714
16539,0.3013173,0.30024952,0.0010677887
16540,0.30096188,0.30021077,0.00075109565
16541,0.3013088,0.30025312,0.0010556884
16542,0.3019463,0.3003062,0.0016401203
16543,0.30195278,0.30029747,0.0016553078
16544,0.3014218,0.3002402,0.0011816121
16545,0.30101123,0.30020007,0.00081117795
16546,0.30097145,0.30018878,0.0007826594
16547,0.30127227,0.3002218,0.0010504553
16548,0.30167076,0.30027592,0.0013948273
16549,0.30165115,0.3002664,0.0013847419
16550,0.30124807,0.30023047,0.0010176034
16551,0.30095977,0.30019087,0.0007689026
16552,0.30098885,0.30019403,0.00079484296
16553,0.3011924,0.3002071,0.000985299
16554,0.30142078,0.30023217,0.0011886054
16555,0.30148792,0.30023175,0.0012561682
16556,0.3012118,0.3002149,0.0009969193
16557,0.30096063,0.3001979,0.000762747
16558,0.301015,0.30019107,0.0008239093
16559,0.301308,0.3002064,0.0011016069
16560,0.30161667,0.30025715,0.0013595395
16561,0.301503,0.30023807,0.0012649266
16562,0.30113974,0.30020884,0.00093091774
16563,0.3009213,0.30017936,0.0007419346
16564,0.3012661,0.30021182,0.0010543047
16565,0.30204162,0.30028737,0.0017542497
16566,0.30223453,0.3002914,0.0019431639
16567,0.30156076,0.30024686,0.0013138956
16568,0.30097932,0.3001922,0.00078710186
16569,0.30105248,0.30017787,0.0008746274
16570,0.30165252,0.3002447,0.0014078387
16571,0.3019529,0.30029768,0.0016552184
16572,0.30153888,0.300228,0.0013109007
16573,0.30097666,0.3001624,0.0008142691
16574,0.30101597,0.30016816,0.00084781443
16575,0.30169892,0.30023608,0.0014628358
16576,0.30204758,0.30026236,0.0017852094
16577,0.3015702,0.30023468,0.0013355272
16578,0.30097446,0.30016845,0.00080599496
16579,0.30100158,0.30016845,0.0008331308
16580,0.30152005,0.30022773,0.0012923155
16581,0.30172616,0.30024603,0.0014801521
16582,0.30139235,0.300208,0.0011843506
16583,0.30092928,0.30015227,0.00077701185
16584,0.30104828,0.30015284,0.0008954309
16585,0.30169636,0.3002357,0.0014606606
16586,0.3018389,0.30020946,0.0016294423
16587,0.30139124,0.3001989,0.0011923532
16588,0.30092907,0.30013892,0.0007901668
16589,0.3009071,0.30012697,0.00078012154
16590,0.30108157,0.30015332,0.00092827325
16591,0.30117458,0.30015525,0.0010193281
16592,0.30119395,0.30015603,0.0010379317
16593,0.3010642,0.30013222,0.0009320006
16594,0.3008991,0.30010414,0.000794963
16595,0.3008627,0.30011812,0.00074458227
16596,0.30086923,0.30010602,0.0007632244
16597,0.3009165,0.300109,0.0008074861
16598,0.30098894,0.30012864,0.0008603005
16599,0.30099657,0.3001168,0.00087976595
16600,0.3009247,0.3001219,0.0008027743
16601,0.300847,0.3000985,0.0007484869
16602,0.30096278,0.30010766,0.00085513043
16603,0.30110586,0.30013594,0.0009699188
16604,0.30103758,0.30013257,0.0009050214
16605,0.3008594,0.3001016,0.00075778627
16606,0.30090153,0.3001023,0.000799248
16607,0.30126476,0.30013263,0.001132129
16608,0.30187145,0.30018845,0.0016829747
16609,0.3021685,0.300193,0.0019754635
16610,0.3017791,0.300157,0.001622082
16611,0.30112764,0.3001197,0.00100792
16612,0.30082667,0.30007526,0.00075139554
16613,0.3010864,0.30011606,0.00097033504
16614,0.30145612,0.30013198,0.0013241558
16615,0.30135113,0.3001662,0.0011849273
16616,0.30089226,0.30007985,0.00081240106
16617,0.30090654,0.30008876,0.00081777864
16618,0.30127135,0.30013576,0.0011356048
16619,0.3012986,0.3001254,0.0011732012
16620,0.30093852,0.3000746,0.00086391234
16621,0.30083442,0.30005944,0.00077497767
16622,0.3010984,0.30008432,0.0010140762
16623,0.30113223,0.3000919,0.0010403319
16624,0.30089682,0.3000711,0.0008257415
16625,0.30080092,0.30004984,0.00075107394
16626,0.3009538,0.3000646,0.00088921236
16627,0.3009997,0.30007085,0.0009288484
16628,0.3008673,0.30006522,0.00080204883
16629,0.3008014,0.300047,0.0007543632
16630,0.30086938,0.30004677,0.00082260807
16631,0.30089805,0.3000531,0.0008449748
16632,0.3008016,0.3000363,0.0007653084
16633,0.30078715,0.30004045,0.00074670214
16634,0.3008778,0.3000424,0.0008354038
16635,0.30103973,0.30005506,0.0009846885
16636,0.30104282,0.30007166,0.0009711514
16637,0.30083197,0.3000241,0.00080789125
16638,0.30079013,0.30003497,0.0007551805
16639,0.30087134,0.3000397,0.0008316262
16640,0.30086565,0.30003354,0.0008321024
16641,0.30079493,0.30002752,0.0007674027
16642,0.30077803,0.30001977,0.00075826363
16643,0.30085018,0.30002683,0.00082336337
16644,0.30091825,0.30005744,0.00086080807
16645,0.30084276,0.30003485,0.0008079119
16646,0.30076542,0.30001777,0.00074766984
16647,0.3008056,0.30002746,0.0007781486
16648,0.3008546,0.3000195,0.0008351039
16649,0.30083254,0.30002135,0.0008111978
16650,0.30076042,0.30000216,0.0007582796
16651,0.30075645,0.30000708,0.00074936805
16652,0.30078712,0.30000305,0.0007840667
16653,0.30080426,0.30001047,0.0007937906
16654,0.30074987,0.29999554,0.00075430376
16655,0.30073863,0.2999955,0.0007431403
16656,0.30076575,0.2999984,0.00076735567
16657,0.30077246,0.299999,0.0007734632
16658,0.3007408,0.29998913,0.0007516847
16659,0.3007219,0.2999794,0.00074253744
16660,0.30072916,0.29998222,0.00074696075
16661,0.3007341,0.29997572,0.00075835746
16662,0.3007283,0.29997683,0.0007514666
16663,0.3007215,0.2999784,0.00074311637
16664,0.3007313,0.29998067,0.00075062946
16665,0.30073038,0.29997534,0.00075504254
16666,0.3007293,0.2999725,0.0007568011
16667,0.30071202,0.29996806,0.00074395724
16668,0.3007211,0.2999756,0.0007455178
16669,0.30073,0.29997346,0.00075653393
16670,0.3007303,0.2999744,0.0007558522
16671,0.3007193,0.29996872,0.0007505919
16672,0.30071768,0.29997143,0.00074624
16673,0.30071008,0.29996067,0.00074941415
16674,0.3007166,0.29996204,0.0007545677
16675,0.3007009,0.299957,0.0007439007
16676,0.30069095,0.29994926,0.0007416747
16677,0.30070832,0.29996043,0.0007478866
16678,0.30069065,0.29994717,0.00074349
16679,0.30071008,0.29995573,0.0007543437
16680,0.3008262,0.29997,0.0008561936
16681,0.30098188,0.29997024,0.0010116495
16682,0.30092615,0.29998422,0.00094191293
16683,0.30071995,0.29995245,0.0007674883
16684,0.30070475,0.29993498,0.0007697634
16685,0.30085495,0.29996386,0.00089108094
16686,0.3008361,0.2999557,0.0008803878
16687,0.30071557,0.29994875,0.00076679006
16688,0.3006914,0.2999407,0.00075069896
16689,0.30077422,0.2999472,0.0008270219
16690,0.30079913,0.29995435,0.0008447807
16691,0.30072623,0.2999424,0.00078382494
16692,0.3006707,0.29993242,0.00073827227
16693,0.30070597,0.29993448,0.00077148667
16694,0.3007568,0.29993704,0.00081979635
16695,0.30073246,0.29993162,0.00080083834
16696,0.30067465,0.29991972,0.00075491227
16697,0.3006417,0.29990527,0.00073643157
16698,0.30067292,0.29991436,0.0007585789
16699,0.30068713,0.29991338,0.000773758
16700,0.30066988,0.29990563,0.0007642632
16701,0.30064216,0.2998953,0.0007468812
16702,0.30063543,0.29989615,0.00073927606
16703,0.30064288,0.29989946,0.0007434266
16704,0.30066198,0.2998897,0.0007722702
16705,0.30076355,0.29991412,0.000849407
16706,0.30085593,0.29991263,0.0009433107
16707,0.3009199,0.2999175,0.0010023954
16708,0.30089632,0.2999123,0.0009840163
16709,0.30081272,0.2999093,0.0009034442
16710,0.3007024,0.29989585,0.0008065437
16711,0.30064568,0.2998863,0.00075940916
16712,0.3006292,0.29988882,0.0007403876
16713,0.3006638,0.299878,0.0007858172
16714,0.30085218,0.2999041,0.0009480912
16715,0.3010426,0.29991904,0.0011235268
16716,0.30107585,0.2999189,0.001156937
16717,0.30093512,0.29991996,0.0010151567
16718,0.30073863,0.29989776,0.00084088446
16719,0.30062753,0.29987335,0.00075416814
16720,0.30062133,0.29987666,0.0007446541
16721,0.30070528,0.2998733,0.0008320051
16722,0.30087617,0.29988998,0.0009862001
16723,0.30099288,0.2998889,0.0011039611
16724,0.30093163,0.2998841,0.0010475086
16725,0.3008056,0.29989108,0.0009144976
16726,0.30069673,0.2998928,0.0008039033
16727,0.30062085,0.2998615,0.00075936725
16728,0.30059618,0.29985705,0.00073914306
16729,0.30063826,0.2998625,0.0007757479
16730,0.3008446,0.29987678,0.0009678439
16731,0.30117133,0.29989004,0.001281281
16732,0.30125827,0.2999003,0.0013579527
16733,0.3009894,0.29987887,0.0011105331
16734,0.3006985,0.29986608,0.0008323998
16735,0.30058232,0.29984644,0.0007358549
16736,0.30058914,0.29983467,0.00075448176
16737,0.30069897,0.29985285,0.0008461237
16738,0.3008791,0.29987124,0.0010078426
16739,0.30100715,0.29987413,0.0011330368
16740,0.30094403,0.29985625,0.0010877826
16741,0.30079928,0.29984045,0.00095883955
16742,0.300671,0.2998301,0.00084088615
16743,0.30062383,0.2998289,0.00079495256
16744,0.3006141,0.2998205,0.0007935835
16745,0.3006575,0.2998164,0.00084113004
16746,0.3007242,0.29981652,0.00090768526
16747,0.3008212,0.29983193,0.0009892666
16748,0.3008692,0.29983795,0.0010312535
16749,0.30084884,0.29983652,0.0010123427
16750,0.3007612,0.29983076,0.0009304173
16751,0.30065095,0.29981828,0.00083265203
16752,0.3005702,0.29979157,0.0007786292
16753,0.30055344,0.29979888,0.00075456826
16754,0.30055112,0.29979825,0.0007528694
16755,0.300552,0.2997881,0.00076393515
16756,0.30057552,0.29978773,0.00078779383
16757,0.30060905,0.29979655,0.0008124941
16758,0.30060518,0.2997865,0.00081864314
16759,0.3005775,0.29978126,0.0007962297
16760,0.30055204,0.29977942,0.0007726038
16761,0.3005441,0.29977834,0.0007657543
16762,0.30054617,0.29977912,0.00076704693
16763,0.3005624,0.2997715,0.00079093594
16764,0.30057895,0.29977375,0.0008052016
16765,0.30059198,0.29977742,0.0008145543
16766,0.30055627,0.29975665,0.0007996153
16767,0.30055946,0.29977098,0.00078848825
16768,0.30053583,0.2997575,0.0007783185
16769,0.3005557,0.2997698,0.0007859181
16770,0.3005587,0.29976043,0.00079825835
16771,0.30056474,0.29976192,0.00080280023
16772,0.3005575,0.2997505,0.00080699613
16773,0.30057386,0.29976127,0.0008125904
16774,0.3005667,0.2997482,0.00081848877
16775,0.30058283,0.29974908,0.0008337537
16776,0.30059758,0.29976195,0.00083562714
16777,0.3006048,0.29975837,0.0008464165
16778,0.3006112,0.29975316,0.0008580653
16779,0.3006326,0.2997687,0.0008639029
16780,0.30061987,0.29974854,0.00087133853
16781,0.30062056,0.29975313,0.00086741045
16782,0.30060697,0.29974273,0.00086423365
16783,0.30061293,0.29974708,0.0008658435
16784,0.30060712,0.29974356,0.00086353335
16785,0.30054325,0.29973942,0.0008038314
16786,0.30047533,0.2997314,0.0007439448
16787,0.300489,0.2997309,0.0007581074
16788,0.30065122,0.2997495,0.0009017304
16789,0.3009222,0.29977435,0.0011478218
16790,0.30117407,0.29979452,0.0013795352
16791,0.3011543,0.29978588,0.0013684052
16792,0.3009324,0.29978263,0.0011497487
16793,0.30067715,0.29973307,0.0009440744
16794,0.30048946,0.29972887,0.0007605833
16795,0.30049488,0.2997299,0.0007649421
16796,0.30063483,0.29972982,0.00090499874
16797,0.30079734,0.29975346,0.0010438816
16798,0.30083215,0.2997441,0.0010880794
16799,0.30079377,0.29974282,0.0010509567
16800,0.30068982,0.2997193,0.0009705159
16801,0.3005664,0.29973236,0.0008340663
16802,0.30044597,0.29970297,0.00074299134
16803,0.3004771,0.2997009,0.0007762072
16804,0.300584,0.29971853,0.00086546596
16805,0.3005749,0.29971033,0.0008645783
16806,0.30046704,0.29968932,0.0007777063
16807,0.3004407,0.29970154,0.0007391726
16808,0.30048558,0.29969543,0.0007901525
16809,0.30054018,0.29970232,0.0008378446
16810,0.30051908,0.29968843,0.0008306272
16811,0.30045974,0.29969057,0.0007691724
16812,0.30042028,0.29968175,0.0007385119
16813,0.30044326,0.29967692,0.00076631556
16814,0.30056047,0.29969424,0.00086621754
16815,0.300714,0.29970345,0.0010105171
16816,0.30071858,0.29971856,0.0010000423
16817,0.30052245,0.2996817,0.00084075297
16818,0.30042338,0.29968306,0.00074031873
16819,0.3005125,0.29967734,0.0008351674
16820,0.30063552,0.29969782,0.00093770056
16821,0.30056345,0.29969,0.0008734434
16822,0.30042526,0.29967183,0.0007534241
16823,0.30040503,0.29965922,0.0007458127
16824,0.30048645,0.29967943,0.00080702204
16825,0.30050343,0.29968667,0.00081676675
16826,0.3004383,0.29967365,0.00076465367
16827,0.30039233,0.29965445,0.00073787104
16828,0.30046543,0.29967275,0.0007926609
16829,0.30051073,0.29966518,0.00084553275
16830,0.30047393,0.2996655,0.00080842094
16831,0.30040333,0.2996594,0.000743922
16832,0.30040333,0.29964656,0.0007567876
16833,0.30047923,0.29966056,0.0008186563
16834,0.30048123,0.2996541,0.0008271192
16835,0.30042252,0.29964137,0.0007811504
16836,0.3003771,0.29964012,0.0007369757
16837,0.3003926,0.29964197,0.0007506235
16838,0.30042768,0.29963925,0.00078841596
16839,0.3004398,0.29963666,0.0008031453
16840,0.30040896,0.29963616,0.0007727812
16841,0.3003607,0.29962212,0.00073857774
16842,0.3003767,0.29962426,0.00075245404
16843,0.30041894,0.29963115,0.000787818
16844,0.30045077,0.29963782,0.000812946
16845,0.3004126,0.2996243,0.0007883051
16846,0.30035272,0.2996073,0.00074541813
16847,0.30036294,0.2996132,0.00074974087
16848,0.3003964,0.29961053,0.0007858835
16849,0.30042154,0.2996243,0.0007972509
16850,0.3003982,0.29961878,0.0007794342
16851,0.30035144,0.2996098,0.0007416198
16852,0.30035937,0.2996131,0.00074627757
16853,0.30042344,0.29963276,0.0007906711
16854,0.3004463,0.29962656,0.0008197557
16855,0.3004129,0.29961592,0.00079694425
16856,0.3003465,0.2996048,0.0007416954
16857,0.30035248,0.2996059,0.0007465994
16858,0.30039406,0.29960462,0.00078945764
16859,0.3004141,0.29960135,0.00081272505
16860,0.30039448,0.29960012,0.0007943374
16861,0.30033857,0.2995881,0.0007504551
16862,0.3003289,0.29958647,0.0007424381
16863,0.3003665,0.29959258,0.0007738982
16864,0.3004,0.29959667,0.00080331555
16865,0.30038404,0.2995843,0.0007997537
16866,0.30034584,0.2995851,0.00076074706
16867,0.30032948,0.29958773,0.00074175734
16868,0.30032843,0.2995841,0.0007443444
16869,0.3003123,0.29956332,0.00074899534
16870,0.3003354,0.29958004,0.0007553712
16871,0.30030605,0.29955986,0.0007461675
16872,0.30030686,0.2995654,0.0007414522
16873,0.3002973,0.29955962,0.0007376632
16874,0.30030236,0.29956064,0.00074173
16875,0.3003125,0.299562,0.00075048266
16876,0.30030465,0.29955834,0.00074629916
16877,0.3002934,0.29955366,0.00073972944
16878,0.3003047,0.29956323,0.0007414842
16879,0.30029854,0.29955658,0.00074195775
16880,0.3002956,0.299551,0.00074457785
16881,0.30029505,0.29955262,0.0007424416
16882,0.30029538,0.2995512,0.00074421667
16883,0.30033043,0.29954383,0.0007865966
16884,0.30048046,0.29958147,0.00089900976
16885,0.30064994,0.29957357,0.0010763786
16886,0.30063716,0.29960397,0.0010331842
16887,0.30054116,0.2996162,0.00092499255
16888,0.30038416,0.29957658,0.0008076014
16889,0.30029446,0.2995445,0.000749945
16890,0.3003132,0.2995477,0.00076549663
16891,0.30040452,0.2995815,0.0008230104
16892,0.30053648,0.29958048,0.0009560104
16893,0.30066416,0.29957187,0.0010922877
16894,0.30066136,0.2995677,0.0010936585
16895,0.30050293,0.2995711,0.00093183515
16896,0.30034617,0.29956004,0.00078610907
16897,0.30031005,0.29955193,0.0007581109
16898,0.30033755,0.29953256,0.0008050051
16899,0.30037478,0.2995626,0.00081218424
16900,0.3003435,0.29955792,0.00078559096
16901,0.3002867,0.2995286,0.00075810624
16902,0.30029395,0.29952043,0.0007734983
16903,0.30041668,0.29955944,0.00085722125
16904,0.3006455,0.299615,0.0010305173
16905,0.3010096,0.29958335,0.0014262468
16906,0.30159548,0.29961973,0.0019757517
16907,0.30194253,0.2996681,0.0022744313
16908,0.3017061,0.29964733,0.002058745
16909,0.30121136,0.29966053,0.0015508144
16910,0.30071878,0.2996327,0.0010860723
16911,0.300339,0.29951832,0.0008206895
16912,0.3002425,0.2994949,0.00074762496
16913,0.30051515,0.2995496,0.00096553593
16914,0.3012187,0.29960257,0.0016161256
16915,0.30220205,0.29966158,0.0025404517
16916,0.30254194,0.29970744,0.0028345187
16917,0.3019569,0.29963294,0.0023239476
16918,0.3010539,0.29957733,0.0014765778
16919,0.3003707,0.299513,0.00085769704
16920,0.3003005,0.29949334,0.00080717343
16921,0.30072194,0.29952767,0.0011942487
16922,0.30102926,0.299547,0.0014822785
16923,0.30095494,0.2995741,0.001380842
16924,0.30057183,0.2995148,0.0010570497
16925,0.3002648,0.2994877,0.00077709573
16926,0.30026606,0.2994886,0.0007774662
16927,0.30048284,0.2994966,0.0009862504
16928,0.30067098,0.29951164,0.0011593596
16929,0.3005077,0.29948488,0.0010228031
16930,0.30026233,0.29947945,0.0007828761
16931,0.30021578,0.2994596,0.00075616885
16932,0.30024022,0.29946017,0.00078004145
16933,0.30022267,0.29946128,0.0007613894
16934,0.30026117,0.29945412,0.0008070359
16935,0.30029255,0.2994687,0.0008238489
16936,0.30029258,0.29945377,0.0008388376
16937,0.30022588,0.29946235,0.0007635223
16938,0.30024216,0.29945546,0.0007866866
16939,0.30027315,0.29945657,0.0008165676
16940,0.30027682,0.29945916,0.0008176298
16941,0.30022106,0.29945308,0.0007679919
16942,0.30020708,0.29944745,0.0007596074
16943,0.30027008,0.29945794,0.0008121602
16944,0.30031386,0.2994795,0.00083434815
16945,0.30031073,0.29947197,0.0008387359
16946,0.30023968,0.29945144,0.0007882353
16947,0.3002022,0.29944092,0.00076127367
16948,0.3003128,0.29944822,0.00086458435
16949,0.30035853,0.29944462,0.00091392855
16950,0.3002527,0.29945585,0.00079683063
16951,0.30019853,0.2994384,0.0007601379
16952,0.30023316,0.29943198,0.0008011776
16953,0.30031508,0.29947478,0.0008403063
16954,0.30032936,0.29949543,0.000833939
16955,0.30016837,0.2994247,0.0007436361
16956,0.30023643,0.29943687,0.0007995679
16957,0.3004082,0.29954058,0.0008676419
16958,0.30027047,0.2994688,0.00080166257
16959,0.30014056,0.2993971,0.00074344303
16960,0.30030155,0.29946166,0.0008398982
16961,0.30033556,0.29945797,0.0008775828
16962,0.3001868,0.2993994,0.0007874289
16963,0.30016705,0.2994189,0.0007481488
16964,0.30025232,0.2994173,0.00083505583
16965,0.30029267,0.29939687,0.00089578144
16966,0.3002182,0.299394,0.00082417316
16967,0.30013663,0.29938745,0.0007491774
16968,0.30031028,0.29939643,0.0009138499
16969,0.30033115,0.29938695,0.0009442093
16970,0.30016202,0.29938614,0.0007758705
16971,0.3001516,0.2993787,0.0007729059
16972,0.30032855,0.2993891,0.0009394431
16973,0.30038026,0.2994138,0.00096646213
16974,0.30021206,0.2994149,0.0007971769
16975,0.30016932,0.29938182,0.0007874784
16976,0.30029365,0.29938468,0.0009089656
16977,0.30027676,0.29942316,0.00085360836
16978,0.30018875,0.29940435,0.00078441633
16979,0.30027425,0.29937875,0.0008954881
16980,0.30034897,0.29944295,0.00090600067
16981,0.30024654,0.299437,0.0008095509
16982,0.30012396,0.2993631,0.00076085085
16983,0.3002233,0.29939243,0.00083087495
16984,0.3003144,0.29947457,0.00083982525
16985,0.30016354,0.2993819,0.00078161247
16986,0.3000937,0.29935068,0.0007430275
16987,0.3001701,0.29940465,0.0007654666
16988,0.3001222,0.2993691,0.0007531097
16989,0.30008715,0.29934576,0.0007414083
16990,0.30012685,0.29936373,0.00076313934
16991,0.30015135,0.29934454,0.00080678985
16992,0.30016628,0.2993491,0.000817191
16993,0.3001314,0.29934826,0.00078313425
16994,0.30006668,0.29932842,0.00073825393
16995,0.3001024,0.29934278,0.0007596446
16996,0.30014586,0.29934454,0.00080130686
16997,0.30012545,0.29933152,0.0007939412
16998,0.30009505,0.299339,0.00075604365
16999,0.30008185,0.29933426,0.00074756984
17000,0.30008504,0.29932332,0.00076172495
17001,0.30012178,0.2993341,0.00078766776
17002,0.30012676,0.2993416,0.00078515866
17003,0.30007628,0.2993217,0.00075456593
17004,0.30004534,0.29930738,0.0007379831
17005,0.30009177,0.29931554,0.00077625026
17006,0.30018723,0.29933333,0.00085390673
17007,0.30018553,0.29930773,0.0008777996
17008,0.3001374,0.29930815,0.00082923815
17009,0.30005735,0.29929712,0.0007602039
17010,0.30002835,0.29929456,0.00073380535
17011,0.30003786,0.2992906,0.0007472454
17012,0.30007896,0.29929656,0.00078238326
17013,0.30008924,0.29929766,0.0007915668
17014,0.30004913,0.29929787,0.0007512507
17015,0.3000348,0.29929194,0.0007428388
17016,0.3000902,0.29928896,0.0008012226
17017,0.300108,0.29930118,0.0008068004
17018,0.30006552,0.29929197,0.0007735764
17019,0.30002573,0.29928693,0.00073881244
17020,0.30002353,0.29928374,0.0007397926
17021,0.30004168,0.29929036,0.000751312
17022,0.300026,0.29928568,0.0007403048
17023,0.2999995,0.299265,0.00073448784
17024,0.3000198,0.2992787,0.0007411162
17025,0.30002826,0.299281,0.0007472575
17026,0.3000215,0.29927546,0.00074604445
17027,0.29999912,0.2992655,0.00073360826
17028,0.30003732,0.29927742,0.00075989694
17029,0.30011123,0.29927197,0.00083925296
17030,0.3001751,0.29927108,0.00090402336
17031,0.30016124,0.2992742,0.000887031
17032,0.3000481,0.29925668,0.0007914224
17033,0.2999983,0.29926443,0.0007338832
17034,0.30001774,0.29925874,0.0007590031
17035,0.30006287,0.29926553,0.0007973375
17036,0.30006564,0.29926565,0.00079997163
17037,0.30003604,0.29925868,0.0007773424
17038,0.29999018,0.29925153,0.0007386332
17039,0.29998603,0.2992457,0.00074035535
17040,0.30003154,0.29925302,0.00077853294
17041,0.30002722,0.2992478,0.000779425
17042,0.2999929,0.2992406,0.00075229874
17043,0.2999809,0.29924628,0.0007346062
17044,0.29998812,0.29923174,0.0007563787
17045,0.30004057,0.29924452,0.0007960615
17046,0.30007836,0.29926172,0.000816629
17047,0.30004928,0.2992447,0.00080457376
17048,0.30001426,0.29923934,0.00077491533
17049,0.2999787,0.29922774,0.000750965
17050,0.2999541,0.29922107,0.0007330317
17051,0.29995033,0.2992189,0.0007314445
17052,0.2999697,0.299224,0.00074569957
17053,0.29998156,0.29922277,0.00075880333
17054,0.29998708,0.29922438,0.0007626953
17055,0.29996705,0.2992172,0.00074988214
17056,0.29995278,0.29921335,0.00073943264
17057,0.299954,0.29922852,0.00072548486
17058,0.2999343,0.2992106,0.0007236944
17059,0.2999526,0.2992214,0.0007312099
17060,0.29994532,0.29920283,0.000742493
17061,0.29996043,0.29921594,0.0007444887
17062,0.299943,0.2992104,0.00073261256
17063,0.2999891,0.2992246,0.0007645166
17064,0.30003172,0.2992066,0.000825127
17065,0.30003712,0.29921323,0.00082388707
17066,0.2999414,0.29919338,0.0007480248
17067,0.29991606,0.2991929,0.0007231763
17068,0.29997563,0.29920685,0.000768786
17069,0.30002633,0.29919395,0.0008323621
17070,0.3000979,0.2992141,0.0008838091
17071,0.30011597,0.29919106,0.00092491787
17072,0.30012476,0.29920503,0.0009197265
17073,0.3000918,0.29918715,0.00090464775
17074,0.30007228,0.29919237,0.00087991
17075,0.30006453,0.29918265,0.00088188646
17076,0.30008572,0.299195,0.000890734
17077,0.30012432,0.29918024,0.0009440791
17078,0.3002043,0.29920426,0.0010000563
17079,0.30025756,0.29919997,0.0010576068
17080,0.300262,0.29920313,0.0010588772
17081,0.3002993,0.29921275,0.0010865383
17082,0.3002242,0.29922423,0.0009999869
17083,0.30004933,0.29917765,0.0008716841
17084,0.29990256,0.29915476,0.000747801
17085,0.29991096,0.29916054,0.0007504175
17086,0.30013558,0.2991802,0.00095539854
17087,0.3007051,0.2992264,0.0014787015
17088,0.301644,0.29928333,0.0023606657
17089,0.30250213,0.29940078,0.0031013645
17090,0.3028026,0.2994438,0.0033587795
17091,0.3022293,0.2994154,0.002813882
17092,0.30111626,0.29928592,0.0018303428
17093,0.30014494,0.2991808,0.00096412114
17094,0.29990172,0.29914057,0.00076115446
17095,0.30064753,0.29923365,0.0014138985
17096,0.3019071,0.29935417,0.0025529207
17097,0.30288824,0.29939297,0.0034952858
17098,0.30273217,0.29944667,0.0032854942
17099,0.30156285,0.29929212,0.0022707111
17100,0.3003471,0.2991709,0.0011761775
17101,0.29986995,0.29913345,0.0007365171
17102,0.3000829,0.29915047,0.00093241816
17103,0.30040032,0.2991974,0.0012029171
17104,0.30048135,0.29920384,0.0012775211
17105,0.3002427,0.29916468,0.0010779931
17106,0.29995134,0.2991299,0.0008214315
17107,0.29986742,0.29912326,0.00074418524
17108,0.30008075,0.29913563,0.00094510184
17109,0.30041274,0.29918423,0.0012285151
17110,0.30053195,0.29918,0.001351938
17111,0.3004946,0.29916275,0.0013318656
17112,0.3002892,0.29916424,0.0011249904
17113,0.29998866,0.29912817,0.0008604761
17114,0.2998618,0.2991111,0.0007506767
17115,0.29988822,0.29910675,0.00078147266
17116,0.2999812,0.29910144,0.0008797775
17117,0.30005133,0.29912126,0.00093006657
17118,0.30003414,0.29910117,0.000932955
17119,0.2999635,0.29910064,0.0008628806
17120,0.29986632,0.29908943,0.0007768846
17121,0.29982632,0.29908592,0.000740429
17122,0.29983133,0.2990848,0.0007465255
17123,0.29984334,0.29908603,0.00075728924
17124,0.29985896,0.29908836,0.00077060075
17125,0.2999169,0.2990904,0.00082649325
17126,0.29992452,0.29907548,0.00084902876
17127,0.29988235,0.2990795,0.00080282625
17128,0.29983088,0.29907364,0.0007572547
17129,0.29979545,0.29905853,0.000736898
17130,0.2997998,0.29906178,0.0007380438
17131,0.29982004,0.299065,0.00075505266
17132,0.29986522,0.29908222,0.0007830082
17133,0.2998909,0.2990696,0.0008212925
17134,0.2999546,0.29907608,0.0008785186
17135,0.29993528,0.2990726,0.00086267793
17136,0.29988942,0.29906642,0.0008229826
17137,0.29983518,0.29906076,0.0007744127
17138,0.29978985,0.29904857,0.0007412686
17139,0.29978386,0.29904932,0.00073453214
17140,0.29980016,0.2990558,0.00074434275
17141,0.2998416,0.29905188,0.00078971154
17142,0.29994798,0.2990701,0.00087790657
17143,0.30001906,0.29906833,0.00095072575
17144,0.30002138,0.29907078,0.0009506234
17145,0.2999748,0.2990574,0.0009174159
17146,0.2999452,0.29907122,0.0008739803
17147,0.2998079,0.29903802,0.0007698956
17148,0.2997878,0.2990385,0.00074927456
17149,0.2999245,0.29905123,0.000873279
17150,0.3001221,0.29906374,0.001058367
17151,0.30024838,0.29908878,0.0011596134
17152,0.30033526,0.29908416,0.0012511087
17153,0.30039793,0.29907843,0.0013195055
17154,0.30047554,0.2990809,0.0013946278
17155,0.30046034,0.2990737,0.0013866656
17156,0.3003705,0.2990757,0.0012948171
17157,0.30021867,0.29907924,0.0011394361
17158,0.30001083,0.29905525,0.0009555716
17159,0.29981717,0.29903048,0.0007866906
17160,0.29975784,0.29902542,0.0007324244
17161,0.29977298,0.2990182,0.00075476407
17162,0.2998491,0.2990249,0.00082417735
17163,0.29992828,0.29902816,0.00090013666
17164,0.29991382,0.2990412,0.0008726154
17165,0.29976934,0.29900953,0.0007598114
17166,0.29976052,0.29901147,0.0007490496
17167,0.29989,0.29901463,0.00087537954
17168,0.3000574,0.29901838,0.0010390519
17169,0.30024758,0.29906663,0.0011809256
17170,0.30029857,0.29905003,0.0012485341
17171,0.30018237,0.2990322,0.001150159
17172,0.299956,0.29901454,0.0009414499
17173,0.29977855,0.29900298,0.00077554834
17174,0.29974687,0.2989959,0.0007509425
17175,0.29978013,0.29898417,0.000795975
17176,0.29983482,0.29899916,0.000835647
17177,0.29980806,0.29899356,0.0008144703
17178,0.29977095,0.29900432,0.0007666309
17179,0.29972234,0.2989879,0.0007344574
17180,0.2997656,0.29898596,0.0007796403
17181,0.29988387,0.299006,0.00087789074
17182,0.29995668,0.29899457,0.00096210325
17183,0.2999078,0.29899526,0.000912551
17184,0.29973757,0.29896468,0.00077290495
17185,0.29974353,0.29896674,0.00077681534
17186,0.29982203,0.2989837,0.00083831727
17187,0.29986417,0.29896683,0.000897333
17188,0.29983473,0.2989844,0.0008503427
17189,0.29971775,0.2989661,0.0007516325
17190,0.29972896,0.2989682,0.00076076464
17191,0.29983774,0.29897612,0.0008615948
17192,0.29993686,0.29898328,0.0009535976
17193,0.29986602,0.29898292,0.00088308554
17194,0.2997139,0.29896006,0.0007538476
17195,0.2997469,0.29896474,0.0007821793
17196,0.29986396,0.298973,0.00089096837
17197,0.29994124,0.29898074,0.00096050446
17198,0.29983345,0.2989777,0.0008557505
17199,0.29971614,0.2989599,0.0007562311
17200,0.2997128,0.2989504,0.0007623974
17201,0.29975206,0.29895723,0.00079482223
17202,0.29971865,0.29895678,0.0007618759
17203,0.2996625,0.29892617,0.00073633296
17204,0.2997838,0.29895276,0.0008310353
17205,0.29983893,0.29892877,0.0009101707
17206,0.29989505,0.29895854,0.0009364855
17207,0.2997406,0.29893038,0.0008102363
17208,0.29966944,0.29892188,0.0007475809
17209,0.29971355,0.2989309,0.000782652
17210,0.29972002,0.2989147,0.0008053083
17211,0.29967406,0.29892644,0.0007476016
17212,0.2996691,0.2989197,0.00074939115
17213,0.29973286,0.2989161,0.0008167649
17214,0.29974088,0.29891557,0.00082531816
17215,0.29969236,0.29891363,0.000778732
17216,0.2996575,0.29890227,0.00075519615
17217,0.2996533,0.29891354,0.000739758
17218,0.299633,0.29888913,0.00074386195
17219,0.2996509,0.29889268,0.00075822585
17220,0.2996594,0.29890117,0.0007582119
17221,0.29967937,0.2989028,0.0007765783
17222,0.2997149,0.29889664,0.0008182294
17223,0.29978985,0.29891685,0.0008729887
17224,0.29975656,0.2988998,0.0008567418
17225,0.29970646,0.29888976,0.00081668206
17226,0.2996723,0.2988841,0.0007882331
17227,0.29965553,0.29888177,0.00077373686
17228,0.2996148,0.29887676,0.00073802215
17229,0.2996699,0.29887688,0.0007930187
17230,0.29987082,0.29890382,0.00096700306
17231,0.2999223,0.29888543,0.0010368599
17232,0.299782,0.2988878,0.00089422596
17233,0.29963908,0.2988688,0.0007702861
17234,0.2996083,0.2988606,0.00074767054
17235,0.29963702,0.2988779,0.000759124
17236,0.29961416,0.29887268,0.0007414887
17237,0.2996074,0.29886177,0.0007456088
17238,0.2996127,0.29885936,0.0007533508
17239,0.29962292,0.29887125,0.00075167377
17240,0.2995965,0.29885203,0.00074447494
17241,0.29962954,0.29884967,0.000779881
17242,0.2997836,0.29891643,0.00086717104
17243,0.2998603,0.29886103,0.0009992742
17244,0.29976594,0.298883,0.0008829412
17245,0.29970372,0.29890826,0.00079545984
17246,0.2996272,0.29887113,0.0007560736
17247,0.29963842,0.29885027,0.00078814325
17248,0.29975775,0.29890734,0.000850415
17249,0.2997046,0.29892018,0.0007844303
17250,0.29956883,0.29883173,0.0007371026
17251,0.29969096,0.29891932,0.00077164685
17252,0.29974952,0.29890576,0.0008437441
17253,0.29965845,0.29884294,0.0008155126
17254,0.29962686,0.2988586,0.0007682421
17255,0.29961145,0.29885796,0.0007535075
17256,0.29962295,0.29883093,0.0007920079
17257,0.2995713,0.29882938,0.0007419411
17258,0.29957873,0.29881594,0.0007627955
17259,0.2995836,0.29881477,0.0007688221
17260,0.29955778,0.2988214,0.00073638326
17261,0.29956272,0.29880583,0.0007568615
17262,0.29959267,0.29881346,0.00077921525
17263,0.29956952,0.29881066,0.0007588658
17264,0.29955515,0.29881495,0.00074019877
17265,0.29954755,0.29880717,0.00074038515
17266,0.29954714,0.29879972,0.0007474204
17267,0.2995469,0.2988001,0.0007467709
17268,0.2995402,0.29879802,0.00074215943
17269,0.29952705,0.29878855,0.00073850213
17270,0.2995327,0.2987947,0.0007380332
17271,0.2995281,0.29878628,0.00074182433
17272,0.29953453,0.2987905,0.0007440111
17273,0.29952252,0.29878232,0.00074021926
17274,0.29952273,0.2987821,0.00074062636
17275,0.29951197,0.29877168,0.00074028445
17276,0.2995087,0.2987698,0.000738887
17277,0.2995262,0.2987819,0.00074430456
17278,0.29951674,0.29877514,0.0007415951
17279,0.299518,0.29877847,0.00073950883
17280,0.29950532,0.2987662,0.0007391225
17281,0.29951635,0.29877394,0.0007424181
17282,0.2995092,0.29876858,0.00074062316
17283,0.29951623,0.29877117,0.00074504473
17284,0.299498,0.29875666,0.0007413439
17285,0.29949626,0.2987557,0.00074056943
17286,0.29948956,0.2987516,0.0007379528
17287,0.2994875,0.29874882,0.00073867675
17288,0.29948017,0.29874235,0.0007378065
17289,0.29947782,0.29873934,0.00073848665
17290,0.29948688,0.2987467,0.00074016664
17291,0.29947788,0.29874066,0.00073722436
17292,0.29946166,0.29872647,0.00073521433
17293,0.2994679,0.29873127,0.0007366397
17294,0.299474,0.2987397,0.0007343072
17295,0.29946202,0.29872805,0.0007339755
17296,0.29946762,0.29873568,0.000731934
17297,0.2994625,0.29873064,0.0007318429
17298,0.2994537,0.2987204,0.00073333306
17299,0.29946417,0.2987324,0.00073176355
17300,0.29945412,0.29872397,0.00073016644
17301,0.29946128,0.29872984,0.0007314654
17302,0.29944682,0.29871753,0.0007292799
17303,0.299443,0.2987142,0.00072881766
17304,0.29945293,0.29872265,0.0007302543
17305,0.2994484,0.2987156,0.0007328313
17306,0.29944947,0.2987165,0.0007329857
17307,0.29943743,0.29870903,0.00072839524
17308,0.2994421,0.29871243,0.00072968437
17309,0.29944432,0.2987121,0.0007322004
17310,0.29944643,0.29871577,0.00073068525
17311,0.29944366,0.29871416,0.0007294749
17312,0.29943746,0.29870752,0.00072994
17313,0.29942602,0.29869977,0.0007262375
17314,0.2994379,0.29870963,0.0007282758
17315,0.29942998,0.29870346,0.0007265379
17316,0.2994149,0.29868922,0.0007256746
17317,0.2994292,0.2987018,0.00072743965
17318,0.2994186,0.29869193,0.00072666985
17319,0.29942873,0.29870263,0.00072609924
17320,0.29941756,0.29869092,0.00072661554
17321,0.29941174,0.2986846,0.0007271316
17322,0.29940996,0.29868296,0.0007270201
17323,0.2994079,0.29868433,0.0007235749
17324,0.29939535,0.29867417,0.000721179
17325,0.2993924,0.2986738,0.00071859866
17326,0.29939756,0.29867718,0.00072039093
17327,0.29938492,0.29866678,0.0007181467
17328,0.29938537,0.29866683,0.0007185553
17329,0.2993872,0.2986689,0.00071829406
17330,0.2993836,0.29866195,0.0007216783
17331,0.29938164,0.29865915,0.0007225172
17332,0.29939228,0.29866767,0.00072463043
17333,0.29938263,0.2986576,0.0007250385
17334,0.29938325,0.2986601,0.00072315626
17335,0.29937208,0.29864904,0.00072302175
17336,0.29938495,0.29865846,0.00072649296
17337,0.29938272,0.29865426,0.00072844967
17338,0.29938248,0.2986528,0.0007296721
17339,0.2993707,0.29864538,0.00072532415
17340,0.29936674,0.2986465,0.0007202309
17341,0.2993576,0.29863772,0.0007198707
17342,0.2993758,0.29864678,0.0007290329
17343,0.299365,0.2986391,0.0007259402
17344,0.2993608,0.29863623,0.0007245967
17345,0.2993574,0.2986355,0.00072190416
17346,0.29935142,0.29863092,0.0007204946
17347,0.2993515,0.2986261,0.0007254294
17348,0.2993471,0.29862407,0.0007230373
17349,0.29934967,0.29862756,0.0007221044
17350,0.29935414,0.2986313,0.0007228218
17351,0.29934564,0.29862306,0.0007225872
17352,0.29935044,0.29862398,0.0007264692
17353,0.29935798,0.29862493,0.00073302386
17354,0.29936624,0.29862,0.00074623554
17355,0.29939398,0.29862788,0.00076610845
17356,0.29941386,0.29862732,0.0007865416
17357,0.2994241,0.298622,0.0008020957
17358,0.29944655,0.2986391,0.0008074824
17359,0.2994339,0.2986309,0.00080300885
17360,0.29940608,0.2986278,0.0007782741
17361,0.299375,0.2986152,0.0007598049
17362,0.29934746,0.29860958,0.00073787145
17363,0.2993256,0.29860827,0.00071731757
17364,0.2993208,0.29860145,0.00071932725
17365,0.29934692,0.29861528,0.00073163665
17366,0.29936388,0.29860356,0.00076030276
17367,0.2994006,0.29861465,0.0007859531
17368,0.29938677,0.29859763,0.00078913337
17369,0.29938823,0.2986065,0.00078173715
17370,0.29936484,0.29860705,0.0007577791
17371,0.29934096,0.29859588,0.00074508006
17372,0.29931074,0.29857734,0.0007334013
17373,0.29931715,0.2985928,0.0007243441
17374,0.29930708,0.29858643,0.0007206512
17375,0.2992906,0.29857397,0.0007166189
17376,0.29929677,0.29858014,0.0007166232
17377,0.2992958,0.29857898,0.0007168347
17378,0.29929638,0.2985776,0.00071876077
17379,0.29929402,0.2985745,0.00071951066
17380,0.2992978,0.29857504,0.00072275376
17381,0.29929778,0.29857436,0.00072342815
17382,0.2992941,0.29856914,0.000724991
17383,0.29929784,0.29857367,0.0007241691
17384,0.2992929,0.29857057,0.0007223245
17385,0.29927918,0.29856178,0.00071742357
17386,0.29928055,0.29856423,0.00071633054
17387,0.2992778,0.29855987,0.00071794755
17388,0.29927728,0.29855594,0.0007213374
17389,0.29928508,0.29856494,0.00072014745
17390,0.29927105,0.29855254,0.000718507
17391,0.29927483,0.2985577,0.00071712537
17392,0.2992763,0.2985565,0.0007197859
17393,0.29929188,0.298561,0.0007308706
17394,0.29930034,0.2985638,0.00073654286
17395,0.29929554,0.29855284,0.0007427023
17396,0.29930377,0.2985605,0.0007432734
17397,0.29930046,0.29855892,0.0007415635
17398,0.29928854,0.29855472,0.00073382945
17399,0.29927996,0.29854855,0.000731406
17400,0.29927784,0.29854703,0.0007308173
17401,0.29929605,0.2985588,0.000737239
17402,0.29930067,0.29855424,0.0007464172
17403,0.29933646,0.29855862,0.00077783584
17404,0.29937792,0.2985496,0.00082832284
17405,0.29942945,0.2985578,0.00087165926
17406,0.29943913,0.29854438,0.0008947685
17407,0.29948217,0.29857552,0.0009066577
17408,0.29944247,0.2985554,0.0008870637
17409,0.29941118,0.29855576,0.00085540785
17410,0.2993424,0.29853392,0.00080847426
17411,0.29928342,0.2985308,0.00075263705
17412,0.29925027,0.29852524,0.0007250123
17413,0.29925716,0.2985222,0.0007349436
17414,0.29929224,0.2985233,0.0007689315
17415,0.29932955,0.2985173,0.0008122612
17416,0.29934943,0.29852253,0.0008268744
17417,0.2993377,0.2985124,0.00082529325
17418,0.29932734,0.2985071,0.0008202287
17419,0.29932925,0.298508,0.00082125666
17420,0.29933694,0.2985065,0.0008304432
17421,0.299317,0.29849833,0.0008186945
17422,0.29930496,0.29850042,0.00080454507
17423,0.29928562,0.29849073,0.00079489907
17424,0.29930407,0.29849982,0.0008042352
17425,0.29931232,0.29849058,0.00082171534
17426,0.29936832,0.29849938,0.0008689354
17427,0.29942912,0.29850295,0.0009261463
17428,0.29950398,0.29851308,0.0009908997
17429,0.29958883,0.29851738,0.0010714561
17430,0.29970893,0.29853794,0.0011709881
17431,0.29980725,0.2985544,0.001252863
17432,0.29979968,0.29854447,0.0012552254
17433,0.29968724,0.29852563,0.0011616086
17434,0.29956874,0.2985152,0.0010535442
17435,0.29945382,0.29850045,0.0009533585
17436,0.29937366,0.29848042,0.0008932329
17437,0.2993068,0.29847047,0.0008363627
17438,0.29926726,0.298463,0.0008042624
17439,0.29924566,0.29845038,0.00079527096
17440,0.2992618,0.2984645,0.00079732406
17441,0.29925486,0.29845893,0.0007959098
17442,0.2992701,0.29846194,0.00080813206
17443,0.29926893,0.29844978,0.00081913685
17444,0.29929665,0.2984579,0.00083875016
17445,0.29927745,0.2984498,0.0008276563
17446,0.29925665,0.2984477,0.00080895936
17447,0.2992276,0.29845,0.0007775953
17448,0.2991914,0.2984438,0.000747579
17449,0.29916736,0.2984364,0.0007309533
17450,0.299171,0.29843533,0.0007356713
17451,0.29917935,0.29842803,0.0007513234
17452,0.29921457,0.29843736,0.0007772113
17453,0.2992258,0.29843846,0.0007873494
17454,0.29923016,0.29843673,0.0007934265
17455,0.2992334,0.2984427,0.0007907379
17456,0.29921827,0.29841772,0.0008005334
17457,0.29922768,0.29843086,0.00079679966
17458,0.2992362,0.2984305,0.0008056915
17459,0.29922593,0.2984285,0.0007974392
17460,0.29920426,0.29842442,0.000779846
17461,0.299177,0.29841775,0.0007592534
17462,0.299158,0.2984129,0.000745106
17463,0.29914343,0.298406,0.0007374056
17464,0.2991304,0.2984004,0.00073001476
17465,0.29912612,0.29839647,0.00072966336
17466,0.29912752,0.29839304,0.000734481
17467,0.29914474,0.29840726,0.0007374709
17468,0.29914102,0.29840282,0.0007382055
17469,0.29913673,0.29840088,0.00073582324
17470,0.29912934,0.29839545,0.0007338879
17471,0.2991228,0.29839078,0.0007320531
17472,0.2991146,0.298384,0.00073060906
17473,0.29912123,0.29838946,0.0007317791
17474,0.29911736,0.2983841,0.0007332348
17475,0.29912108,0.29838714,0.000733936
17476,0.29910982,0.29837677,0.0007330449
17477,0.29912046,0.29838246,0.0007379969
17478,0.29911613,0.29837218,0.0007439543
17479,0.29912755,0.29837978,0.00074775773
17480,0.2991225,0.2983631,0.000759413
17481,0.2991539,0.29837972,0.00077417854
17482,0.29915974,0.29837835,0.00078136753
17483,0.29916203,0.2983876,0.00077445066
17484,0.2991421,0.29836726,0.0007748458
17485,0.29916233,0.29837954,0.00078277604
17486,0.2991563,0.29836333,0.000792974
17487,0.2991543,0.29836664,0.0007876746
17488,0.29915246,0.29836679,0.0007856726
17489,0.2991268,0.29836532,0.00076147757
17490,0.2991034,0.298357,0.00074637297
17491,0.29909813,0.29835904,0.00073907874
17492,0.29908416,0.298352,0.0007321687
17493,0.29908434,0.29835305,0.00073128083
17494,0.2990714,0.29834235,0.0007290657
17495,0.2990686,0.29833996,0.00072862743
17496,0.29906684,0.29833868,0.0007281685
17497,0.2990706,0.2983415,0.0007290855
17498,0.29906765,0.29833278,0.00073484366
17499,0.299101,0.2983522,0.0007487935
17500,0.29911372,0.29833484,0.00077887636
17501,0.29914126,0.29834238,0.00079886836
17502,0.29916823,0.29834637,0.0008218742
17503,0.2991586,0.2983415,0.00081707526
17504,0.2991472,0.29833227,0.00081488834
17505,0.29911786,0.29831827,0.00079958205
17506,0.29910174,0.29831782,0.00078390667
17507,0.29909867,0.29831553,0.0007831319
17508,0.29910845,0.29831597,0.0007924773
17509,0.29910943,0.29831365,0.0007957762
17510,0.2991068,0.29830968,0.0007970968
17511,0.29907677,0.2983058,0.0007709466
17512,0.29904133,0.2982973,0.00074404053
17513,0.29902586,0.2982936,0.0007322515
17514,0.29900712,0.29827943,0.0007276756
17515,0.29902324,0.29829365,0.0007295749
17516,0.29900712,0.29827985,0.0007272599
17517,0.29901597,0.29828656,0.00072941574
17518,0.29900596,0.29827455,0.0007313868
17519,0.29902184,0.29828888,0.0007329765
17520,0.29903197,0.29827252,0.00075945235
17521,0.2990631,0.29828754,0.00077556784
17522,0.29911283,0.2982804,0.00083242345
17523,0.29917064,0.2982949,0.00087573304
17524,0.29924372,0.29831114,0.0009325616
17525,0.2993634,0.29838178,0.000981617
17526,0.29944086,0.29837132,0.0010695335
17527,0.2994893,0.2983829,0.0011063891
17528,0.29947427,0.29836074,0.0011135268
17529,0.29943255,0.29830542,0.0011271172
17530,0.29942504,0.29830572,0.0011193232
17531,0.2994068,0.2983182,0.0010885926
17532,0.2993364,0.29831296,0.0010234396
17533,0.29924494,0.29831406,0.0009308733
17534,0.29909828,0.29827836,0.0008199323
17535,0.29898527,0.29824388,0.00074138667
17536,0.2989954,0.2982517,0.0007437004
17537,0.29907778,0.2982584,0.00081936375
17538,0.29921022,0.2982819,0.0009283374
17539,0.2992764,0.29827574,0.0010006933
17540,0.29924482,0.29826593,0.0009788966
17541,0.2991433,0.2982454,0.0008978909
17542,0.29902935,0.29823828,0.00079108775
17543,0.2989757,0.29823735,0.000738355
17544,0.29897752,0.29823187,0.0007456625
17545,0.29896966,0.2982289,0.0007407627
17546,0.29897022,0.29822844,0.0007417848
17547,0.29895872,0.29822415,0.0007345697
17548,0.29896003,0.29822627,0.00073377934
17549,0.2989524,0.29822102,0.0007313875
17550,0.29894808,0.29821357,0.000734518
17551,0.29895017,0.29821154,0.0007386161
17552,0.29896384,0.29821393,0.0007499108
17553,0.298973,0.2982101,0.00076288416
17554,0.2989663,0.29819936,0.0007669303
17555,0.29897347,0.2982053,0.00076819543
17556,0.2989539,0.29820225,0.0007516523
17557,0.29893115,0.29819444,0.00073671545
17558,0.29893145,0.2981995,0.0007319485
17559,0.29892126,0.29818377,0.00073749386
17560,0.29894346,0.29819107,0.00075237884
17561,0.29896554,0.2982025,0.0007630166
17562,0.29896048,0.29819643,0.0007640543
17563,0.29894894,0.29818487,0.00076408713
17564,0.29894438,0.29818577,0.0007586203
17565,0.29892215,0.2981734,0.00074874156
17566,0.29891875,0.29817837,0.0007403871
17567,0.2989057,0.2981704,0.0007353028
17568,0.29890713,0.29816672,0.00074041716
17569,0.2989173,0.298175,0.0007423001
17570,0.29892784,0.29816982,0.00075802254
17571,0.2989264,0.29817596,0.0007504311
17572,0.29894313,0.29817605,0.00076707243
17573,0.29896176,0.29818565,0.0007760959
17574,0.29897007,0.29818517,0.00078488543
17575,0.2989306,0.29817393,0.00075664854
17576,0.29890344,0.2981695,0.00073393976
17577,0.29890612,0.29816362,0.0007424964
17578,0.29897088,0.29817158,0.00079931336
17579,0.29907402,0.29818147,0.00089254713
17580,0.29918563,0.29818422,0.0010013999
17581,0.29929543,0.29821715,0.001078285
17582,0.29934096,0.2982103,0.0011306696
17583,0.29937023,0.29822946,0.0011407773
17584,0.2993407,0.2982281,0.0011125784
17585,0.2992476,0.2982023,0.0010452811
17586,0.29912937,0.29817936,0.00095000723
17587,0.29899678,0.29816848,0.0008283049
17588,0.29888514,0.29814202,0.0007431399
17589,0.2988725,0.2981431,0.0007294139
17590,0.2989216,0.29815313,0.00076849415
17591,0.2989643,0.29814488,0.0008194206
17592,0.29900154,0.2981567,0.0008448434
17593,0.2990237,0.29815435,0.00086935406
17594,0.29904884,0.29815972,0.00088913896
17595,0.29904562,0.29813513,0.00091050984
17596,0.2990495,0.298155,0.0008944924
17597,0.29902506,0.29813033,0.0008947196
17598,0.2990351,0.2981514,0.0008836805
17599,0.2990075,0.29813826,0.00086923596
17600,0.2989985,0.29814655,0.0008519512
17601,0.29897326,0.2981357,0.00083756866
17602,0.2989473,0.2981321,0.0008152008
17603,0.29891407,0.29811323,0.00080084073
17604,0.29888722,0.2981164,0.00077082764
17605,0.29885185,0.298105,0.0007468426
17606,0.29884732,0.29811373,0.0007335849
17607,0.2988387,0.29810724,0.0007314834
17608,0.29883438,0.29810268,0.00073168677
17609,0.2988324,0.29808512,0.00074726704
17610,0.29884627,0.2980859,0.0007603598
17611,0.29889172,0.29809627,0.0007954437
17612,0.29888332,0.29809716,0.00078615174
17613,0.2988928,0.2980973,0.000795459
17614,0.29894564,0.29811817,0.0008274354
17615,0.2990139,0.2981258,0.0008881312
17616,0.2990234,0.29815385,0.00086954515
17617,0.29901367,0.29815745,0.000856217
17618,0.29893816,0.2981286,0.0008095413
17619,0.29887536,0.29811153,0.0007638306
17620,0.2987976,0.2980746,0.00072302815
17621,0.29882437,0.29807442,0.0007499505
17622,0.29893613,0.29808334,0.0008527964
17623,0.2991604,0.29811257,0.0010478462
17624,0.2995503,0.29817396,0.0013763377
17625,0.30006993,0.29828528,0.0017846696
17626,0.30044296,0.298355,0.002087974
17627,0.3004757,0.29839692,0.0020787516
17628,0.3001434,0.29833436,0.001809044
17629,0.29960558,0.2982255,0.0013800961
17630,0.29908237,0.2981059,0.0009764729
17631,0.298852,0.29805908,0.00079289905
17632,0.29879245,0.29806247,0.0007299546
17633,0.298807,0.29806477,0.0007422265
17634,0.29889345,0.29806894,0.00082449365
17635,0.2991228,0.29808795,0.0010348605
17636,0.29967615,0.2981456,0.0015305555
17637,0.30064115,0.29822558,0.0024155576
17638,0.30148876,0.29838568,0.0031030837
17639,0.30130538,0.29843,0.0028753872
17640,0.30041248,0.29833964,0.002072826
17641,0.299656,0.29822946,0.0014265685
17642,0.29913735,0.29813322,0.0010041384
17643,0.29887888,0.29805598,0.00082289765
17644,0.29879457,0.29806826,0.00072632154
17645,0.29889327,0.2981033,0.00078994187
17646,0.2990195,0.29806587,0.00095361733
17647,0.29933158,0.29812282,0.0012087382
17648,0.29959357,0.2981236,0.0014699526
17649,0.29974914,0.2981592,0.0015899308
17650,0.29993376,0.2981593,0.0017744538
17651,0.29970154,0.2982295,0.0014720414
17652,0.29958048,0.2982118,0.0013686877
17653,0.29914537,0.29808703,0.0010583142
17654,0.29919904,0.29810208,0.0010969493
17655,0.298833,0.29802406,0.00080895016
17656,0.29885435,0.29805842,0.000795916
17657,0.2988686,0.29803073,0.0008378827
17658,0.29921058,0.29808387,0.0011267165
17659,0.2992573,0.2980813,0.0011760027
17660,0.2991787,0.29806396,0.0011147221
17661,0.2989238,0.29804325,0.00088054745
17662,0.29878902,0.29803327,0.000755746
17663,0.2988488,0.2980215,0.00082730094
17664,0.29899406,0.29803246,0.0009616154
17665,0.29930472,0.29808328,0.0012214375
17666,0.29930097,0.29808882,0.0012121294
17667,0.29914415,0.29805243,0.0010917366
17668,0.29878452,0.29799524,0.0007892887
17669,0.29878703,0.2980166,0.000770418
17670,0.29883364,0.29799598,0.00083765446
17671,0.299076,0.29801705,0.0010589333
17672,0.29905573,0.2980116,0.001044138
17673,0.29898155,0.2980112,0.00097033055
17674,0.2987169,0.29798713,0.0007297922
17675,0.2987846,0.2979787,0.0008059045
17676,0.2990302,0.29800266,0.0010275474
17677,0.29924512,0.29800746,0.0012376623
17678,0.29934666,0.29804143,0.0013052442
17679,0.29919374,0.29802206,0.0011716692
17680,0.29895055,0.2980022,0.0009483385
17681,0.29872954,0.29797176,0.00075779494
17682,0.29869735,0.2979711,0.000726272
17683,0.29878896,0.29797032,0.00081863126
17684,0.29889706,0.2979758,0.0009212444
17685,0.29894197,0.2979743,0.00096767023
17686,0.2988793,0.29798093,0.0008983508
17687,0.29877046,0.29797164,0.0007988032
17688,0.29866377,0.29794154,0.00072224345
17689,0.29870299,0.29795772,0.0007452749
17690,0.2987675,0.29795006,0.0008174327
17691,0.2988237,0.297961,0.00086271175
17692,0.2988165,0.2979524,0.0008640903
17693,0.29875046,0.29794452,0.0008059394
17694,0.2986698,0.29792964,0.0007401563
17695,0.29864895,0.2979286,0.0007203625
17696,0.2986696,0.29792663,0.00074297475
17697,0.2987059,0.29792652,0.00077937916
17698,0.2986981,0.2979306,0.0007675185
17699,0.2986534,0.297911,0.0007424011
17700,0.2986279,0.29791373,0.0007141849
17701,0.29862332,0.29790905,0.000714276
17702,0.2986462,0.297911,0.0007352315
17703,0.29865205,0.29790184,0.00075021107
17704,0.29864964,0.29790682,0.00074282684
17705,0.29861987,0.2979013,0.0007185824
17706,0.29861325,0.29790053,0.00071274507
17707,0.2986107,0.29789317,0.00071752246
17708,0.29864624,0.2979085,0.0007377372
17709,0.29864916,0.29790124,0.0007479301
17710,0.29864857,0.29790184,0.00074671593
17711,0.2986354,0.29789257,0.00074280886
17712,0.29862872,0.29789472,0.0007340096
17713,0.29860812,0.29788175,0.000726381
17714,0.29860482,0.29788706,0.00071774086
17715,0.29860365,0.297891,0.0007126484
17716,0.29859385,0.29788232,0.00071153196
17717,0.29860407,0.29789057,0.0007134778
17718,0.29860824,0.29788765,0.00072060607
17719,0.29861715,0.29788563,0.0007315249
17720,0.29863048,0.29788795,0.0007425273
17721,0.29863825,0.29789338,0.00074486324
17722,0.29862827,0.29789186,0.00073641574
17723,0.2986162,0.29788673,0.00072947715
17724,0.2986025,0.29788226,0.00072020816
17725,0.29859713,0.29788363,0.0007134989
17726,0.29858074,0.29786727,0.00071348256
17727,0.29858965,0.29787353,0.0007161197
17728,0.29858372,0.2978661,0.00071762584
17729,0.29858926,0.29786754,0.00072171376
17730,0.29859018,0.29786208,0.0007280797
17731,0.2986047,0.2978703,0.00073439477
17732,0.2986081,0.29785937,0.0007487328
17733,0.2986121,0.29786047,0.00075161335
17734,0.29861283,0.2978587,0.0007541262
17735,0.29858807,0.29784426,0.0007438309
17736,0.29858863,0.2978494,0.000739226
17737,0.2985748,0.2978424,0.0007323998
17738,0.2985834,0.29785413,0.00072927104
17739,0.29856917,0.29784292,0.0007262377
17740,0.29856923,0.2978461,0.0007231212
17741,0.29854923,0.29783002,0.0007192185
17742,0.29856023,0.2978448,0.0007154463
17743,0.29855,0.2978351,0.00071489776
17744,0.2985463,0.2978269,0.00071943057
17745,0.29854876,0.29783103,0.0007177275
17746,0.29853743,0.29782352,0.0007139108
17747,0.2985371,0.2978238,0.00071331457
17748,0.29854435,0.29782903,0.0007153134
17749,0.29853597,0.29781684,0.000719139
17750,0.2985463,0.29782206,0.00072426494
17751,0.29855978,0.29782322,0.0007365655
17752,0.29857942,0.29782522,0.0007542354
17753,0.29860145,0.29782432,0.0007771143
17754,0.29864562,0.29782206,0.0008235487
17755,0.29870525,0.29781553,0.00088971574
17756,0.29883534,0.29783073,0.0010045869
17757,0.29906124,0.29787043,0.0011908374
17758,0.29938775,0.2979384,0.0014493305
17759,0.29972932,0.29801205,0.0017172467
17760,0.29986444,0.29803666,0.0018277795
17761,0.29962924,0.29796362,0.0016656208
17762,0.29917687,0.2978811,0.0012957569
17763,0.29871994,0.2978204,0.000899571
17764,0.29851282,0.29779592,0.0007168914
17765,0.2986024,0.29778588,0.00081654557
17766,0.29892942,0.29784122,0.0010882007
17767,0.29914415,0.2978785,0.001265643
17768,0.29906988,0.29788554,0.0011843613
17769,0.2988122,0.29787266,0.00093953544
17770,0.2985886,0.2978237,0.0007648921
17771,0.29854146,0.29779652,0.0007449278
17772,0.2986153,0.29778758,0.00082772085
17773,0.29874802,0.2978518,0.00089621096
17774,0.2987889,0.29789728,0.00089163164
17775,0.2986894,0.29783943,0.0008499734
17776,0.29855403,0.29777429,0.0007797342
17777,0.29853863,0.29777974,0.0007588969
17778,0.29852787,0.29778457,0.0007432853
17779,0.29852888,0.29778093,0.00074795505
17780,0.29859224,0.29777154,0.0008206945
17781,0.29863122,0.29776406,0.00086716143
17782,0.29858223,0.2977678,0.00081444596
17783,0.29848167,0.29774058,0.0007410843
17784,0.29846734,0.29774472,0.00072263414
17785,0.29849842,0.29775134,0.0007470731
17786,0.29853818,0.2977424,0.00079578906
17787,0.29858962,0.29775387,0.00083575863
17788,0.29864842,0.2977677,0.00088070927
17789,0.29869264,0.29780155,0.0008910954
17790,0.29859442,0.29775995,0.00083447
17791,0.29844394,0.29772055,0.00072337035
17792,0.29851314,0.297745,0.0007681479
17793,0.29860517,0.29774582,0.0008593245
17794,0.29855084,0.29774508,0.0008057653
17795,0.2984556,0.2977217,0.0007338824
17796,0.2984377,0.2977098,0.000727931
17797,0.2985094,0.29772443,0.0007849707
17798,0.2985394,0.29774302,0.00079640123
17799,0.2984666,0.2977218,0.0007448054
17800,0.29840916,0.29769045,0.0007187259
17801,0.29842874,0.29769334,0.0007354148
17802,0.2984784,0.29771477,0.0007636075
17803,0.29847205,0.29770863,0.00076339603
17804,0.29844218,0.2976969,0.0007452965
17805,0.298402,0.29768008,0.00072193734
17806,0.29839864,0.2976858,0.0007128509
17807,0.29840425,0.29768714,0.0007170896
17808,0.29841384,0.29768965,0.00072418136
17809,0.29841614,0.29768604,0.0007300979
17810,0.2984083,0.29767847,0.000729847
17811,0.29839662,0.2976729,0.0007237059
17812,0.29838017,0.2976654,0.00071478484
17813,0.29837087,0.29766464,0.0007062357
17814,0.2983867,0.29767418,0.0007125235
17815,0.29837108,0.29766136,0.00070970994
17816,0.2983739,0.2976635,0.0007103976
17817,0.29837134,0.2976659,0.00070545153
17818,0.29837295,0.29766515,0.00070781057
17819,0.29836047,0.2976539,0.0007065536
17820,0.29836902,0.29765996,0.00070907164
17821,0.29837507,0.29766443,0.0007106268
17822,0.29835835,0.2976509,0.0007074399
17823,0.29835886,0.29765105,0.0007077993
17824,0.29835021,0.29764593,0.0007043114
17825,0.29835907,0.2976544,0.0007046722
17826,0.2983448,0.2976455,0.0006992932
17827,0.29833055,0.29763305,0.00069750764
17828,0.2983513,0.29764682,0.00070444756
17829,0.29834086,0.29763812,0.0007027382
17830,0.2983415,0.29763737,0.0007041518
17831,0.29836288,0.29765323,0.00070965296
17832,0.29837328,0.29764813,0.0007251502
17833,0.29840448,0.29764807,0.0007564047
17834,0.29848948,0.2976528,0.00083667284
17835,0.29859897,0.29766592,0.00093304645
17836,0.2987054,0.29767495,0.0010304417
17837,0.29871097,0.2977043,0.0010066617
17838,0.29850373,0.29766014,0.00084356667
17839,0.29837868,0.2976641,0.0007145644
17840,0.29833463,0.29763377,0.0007008527
17841,0.29841477,0.29764938,0.00076538924
17842,0.2985453,0.29767326,0.0008720675
17843,0.29865664,0.29767793,0.0009787118
17844,0.29862225,0.2976674,0.00095484627
17845,0.29844388,0.29763266,0.0008112346
17846,0.29832897,0.29762557,0.00070339604
17847,0.2983679,0.2976246,0.0007432833
17848,0.29854777,0.2976498,0.00089798105
17849,0.29867384,0.29766455,0.0010092721
17850,0.2986202,0.29765108,0.0009691097
17851,0.2984855,0.2976496,0.0008359031
17852,0.29840252,0.2976245,0.00077802566
17853,0.29837057,0.2976145,0.0007560691
17854,0.29833785,0.29760286,0.0007349943
17855,0.29832497,0.2976001,0.0007248861
17856,0.29829934,0.2975902,0.00070914143
17857,0.29830796,0.29760346,0.0007044957
17858,0.2982996,0.29759562,0.0007040021
17859,0.2983071,0.29760066,0.0007064395
17860,0.29830065,0.29759735,0.0007033037
17861,0.2983009,0.29759476,0.0007061431
17862,0.29829797,0.29759324,0.00070473994
17863,0.29828086,0.29757842,0.0007024465
17864,0.2982854,0.29758,0.0007053688
17865,0.29827878,0.2975743,0.0007044532
17866,0.2982903,0.29758543,0.0007048956
17867,0.29828247,0.29757255,0.000709918
17868,0.298292,0.2975782,0.0007138433
17869,0.29828763,0.29757285,0.00071479165
17870,0.29827783,0.29757097,0.0007068386
17871,0.29827347,0.29756898,0.0007044847
17872,0.2982722,0.2975684,0.0007037612
17873,0.29827976,0.29757172,0.0007080486
17874,0.29827347,0.29756308,0.0007103935
17875,0.29828033,0.29756853,0.000711796
17876,0.29829592,0.29757142,0.00072447106
17877,0.29828763,0.29756635,0.0007212746
17878,0.29828337,0.29756588,0.000717502
17879,0.29826593,0.29755315,0.00071279705
17880,0.298261,0.29755163,0.00070936524
17881,0.2982587,0.2975498,0.0007088691
17882,0.2982606,0.29755488,0.0007057106
17883,0.29824823,0.29754254,0.0007056724
17884,0.29824764,0.29754162,0.00070603064
17885,0.2982601,0.2975494,0.00071070745
17886,0.29825667,0.29754743,0.0007092254
17887,0.29824984,0.29754406,0.0007057694
17888,0.29824474,0.29753947,0.00070526346
17889,0.29824057,0.2975331,0.00070746127
17890,0.29825366,0.29754233,0.0007113055
17891,0.29825407,0.29753596,0.00071813195
17892,0.29826754,0.29753256,0.00073499884
17893,0.29830682,0.29753664,0.0007701789
17894,0.29835594,0.2975429,0.0008130409
17895,0.29840228,0.29754212,0.0008601808
17896,0.29843488,0.2975471,0.00088777917
17897,0.2984538,0.2975555,0.0008983058
17898,0.2984357,0.2975416,0.0008941197
17899,0.29840633,0.29754055,0.00086578104
17900,0.29837158,0.29752788,0.0008437169
17901,0.2983324,0.29752827,0.00080410606
17902,0.2982747,0.2975199,0.00075479544
17903,0.29823974,0.29751912,0.00072062394
17904,0.29822832,0.29752064,0.0007077091
17905,0.29822135,0.29751423,0.0007071351
17906,0.29821223,0.2975049,0.00070732966
17907,0.2982145,0.29750526,0.00070924306
17908,0.29821974,0.2975072,0.0007125408
17909,0.29822245,0.2975012,0.00072122837
17910,0.29823634,0.29749718,0.00073914026
17911,0.29826924,0.297502,0.00076722365
17912,0.29832223,0.29750448,0.0008177565
17913,0.29839766,0.29751685,0.0008808203
17914,0.29849485,0.29752192,0.00097290624
17915,0.29863557,0.29754713,0.0010884202
17916,0.29877928,0.29754895,0.001230308
17917,0.29895192,0.29759467,0.0013572628
17918,0.2990737,0.29758403,0.0014896728
17919,0.2991539,0.29759482,0.0015590759
17920,0.29913968,0.29757535,0.0015643515
17921,0.29904062,0.29756942,0.0014712166
17922,0.29883838,0.29753584,0.0013025407
17923,0.29863077,0.29753646,0.0010943168
17924,0.29844102,0.29749823,0.00094279816
17925,0.29830223,0.297491,0.00081122154
17926,0.29821643,0.2974794,0.0007370583
17927,0.2981843,0.29746944,0.0007148796
17928,0.29818913,0.29746783,0.0007213274
17929,0.29821616,0.29747158,0.0007445887
17930,0.29824346,0.29747367,0.0007697921
17931,0.298276,0.29746625,0.0008097693
17932,0.29833922,0.29747856,0.0008606672
17933,0.29840934,0.29746854,0.0009408042
17934,0.29849935,0.2975052,0.000994145
17935,0.29852322,0.2975017,0.0010215264
17936,0.29847646,0.2975009,0.0009755577
17937,0.29840276,0.2974739,0.0009288633
17938,0.2983551,0.2974759,0.0008791929
17939,0.29832792,0.29746038,0.00086753524
17940,0.29833865,0.29747102,0.00086762756
17941,0.29837167,0.2974636,0.0009080707
17942,0.29841036,0.29747006,0.00094031275
17943,0.2984904,0.29747334,0.0010170711
17944,0.29861808,0.2974909,0.0011271961
17945,0.2987781,0.29749334,0.0012847377
17946,0.29893196,0.29752576,0.0014062092
17947,0.2990184,0.29749998,0.0015184128
17948,0.2990354,0.29753312,0.0015022623
17949,0.29891047,0.29750317,0.0014072831
17950,0.29874903,0.29750195,0.0012470952
17951,0.29857063,0.29746357,0.0011070657
17952,0.29843265,0.2974701,0.0009625636
17953,0.29830322,0.29742938,0.00087380904
17954,0.29824445,0.2974393,0.00080512994
17955,0.29820785,0.29743162,0.00077621464
17956,0.29817122,0.29742554,0.00074568944
17957,0.29815364,0.2974176,0.00073604996
17958,0.29813746,0.29741004,0.0007274404
17959,0.29812953,0.2974044,0.0007251183
17960,0.2981394,0.29741496,0.00072444003
17961,0.29814026,0.29741138,0.000728886
17962,0.29814824,0.29741037,0.00073788065
17963,0.29819286,0.2974109,0.0007819498
17964,0.2982683,0.29742408,0.0008441837
17965,0.2983934,0.29742375,0.0009696631
17966,0.29857188,0.2974525,0.0011193885
17967,0.2987272,0.29745123,0.0012759914
17968,0.29881203,0.29746982,0.0013421795
17969,0.29879153,0.29744828,0.0013432298
17970,0.29870933,0.29746684,0.0012424754
17971,0.2985443,0.2974233,0.0011209884
17972,0.29841307,0.2974182,0.0009948427
17973,0.2983137,0.29739314,0.0009205666
17974,0.29825,0.29739907,0.00085092074
17975,0.29821214,0.29737818,0.00083397
17976,0.2982307,0.29737744,0.00085327215
17977,0.29831386,0.29739353,0.0009203367
17978,0.2984688,0.2974214,0.0010473859
17979,0.29865673,0.2974129,0.0012438289
17980,0.29882812,0.29743418,0.0013939415
17981,0.29884654,0.29743138,0.0014151868
17982,0.29873523,0.297431,0.0013042417
17983,0.29851246,0.29739857,0.0011138864
17984,0.29832166,0.29740098,0.00092065736
17985,0.29822102,0.2973845,0.0008365321
17986,0.29817665,0.29736263,0.0008140242
17987,0.2981932,0.29735214,0.0008410559
17988,0.2982445,0.29736453,0.00087997084
17989,0.2983341,0.29737952,0.00095454755
17990,0.29841393,0.29739472,0.0010191961
17991,0.2984993,0.29740655,0.0010927541
17992,0.29853028,0.2973968,0.0011334883
17993,0.29849488,0.29737318,0.0011217047
17994,0.29845342,0.2973777,0.001075724
17995,0.29838616,0.2973534,0.0010327672
17996,0.29831144,0.2973575,0.00095392705
17997,0.2982506,0.29733497,0.0009155938
17998,0.29821712,0.29734012,0.00087700336
17999,0.29820475,0.29734564,0.00085911993
18000,0.29817966,0.2973426,0.00083705
18001,0.2981725,0.2973357,0.00083681114
18002,0.29816478,0.29733667,0.0008281117
18003,0.29814228,0.2973171,0.00082520826
18004,0.2981477,0.29733673,0.0008109831
18005,0.2981245,0.29731572,0.00080878194
18006,0.29813504,0.29733142,0.0008036269
18007,0.2981018,0.29730526,0.00079654733
18008,0.29811457,0.29732314,0.0007914266
18009,0.29809466,0.29730397,0.00079068507
18010,0.29810372,0.29730803,0.00079569
18011,0.29810387,0.29729638,0.0008075085
18012,0.298114,0.29730344,0.0008105755
18013,0.29809874,0.2972915,0.000807237
18014,0.29810128,0.29730555,0.0007957142
18015,0.2980687,0.29729074,0.0007779653
18016,0.29806075,0.29729927,0.00076149957
18017,0.29802272,0.29727787,0.0007448556
18018,0.29801995,0.29728296,0.0007369734
18019,0.29801244,0.2972756,0.0007368368
18020,0.298002,0.29726127,0.0007407218
18021,0.2980189,0.2972747,0.0007442002
18022,0.29800788,0.29726234,0.0007455205
18023,0.29800987,0.29726523,0.0007446585
18024,0.2979929,0.29725358,0.00073931663
18025,0.2979758,0.29724148,0.0007343226
18026,0.29797933,0.29724666,0.000732669
18027,0.29796907,0.29723278,0.0007362934
18028,0.297979,0.2972435,0.0007354702
18029,0.29798484,0.2972396,0.00074523455
18030,0.2979856,0.29724467,0.00074094115
18031,0.2979891,0.29724374,0.00074535835
18032,0.29798976,0.2972456,0.0007441697
18033,0.29798383,0.29723996,0.0007438765
18034,0.29797655,0.29723594,0.0007406106
18035,0.2979841,0.2972408,0.0007432963
18036,0.29798645,0.29724088,0.00074555224
18037,0.29797876,0.29723358,0.0007451874
18038,0.29799137,0.29723862,0.0007527467
18039,0.29799274,0.2972291,0.0007636364
18040,0.2980039,0.29723665,0.00076727115
18041,0.2980101,0.2972312,0.0007789232
18042,0.29800978,0.29723355,0.0007762165
18043,0.29800257,0.29723063,0.00077194744
18044,0.29798886,0.29723248,0.00075640524
18045,0.29796538,0.29722574,0.00073962647
18046,0.2979508,0.29721886,0.0007319488
18047,0.29795066,0.29721484,0.0007358269
18048,0.29795414,0.29721093,0.00074320607
18049,0.29796574,0.29721802,0.00074770267
18050,0.2979596,0.2972152,0.0007444152
18051,0.29795414,0.29722077,0.00073338096
18052,0.29793805,0.29720828,0.0007297628
18053,0.29793927,0.29720646,0.0007328232
18054,0.2979399,0.29720545,0.0007344481
18055,0.29792833,0.29719552,0.00073283043
18056,0.29793286,0.2972002,0.0007326371
18057,0.29793888,0.2972044,0.000734464
18058,0.29793108,0.29719448,0.00073659496
18059,0.29792982,0.29719567,0.0007341515
18060,0.29792064,0.29718974,0.0007309008
18061,0.2979218,0.29718897,0.000732838
18062,0.29792187,0.29718783,0.0007340213
18063,0.29792604,0.2971892,0.00073682435
18064,0.29791877,0.29718617,0.00073260197
18065,0.29792222,0.29718938,0.00073284603
18066,0.2979092,0.29717895,0.00073022285
18067,0.297901,0.2971708,0.00073024014
18068,0.29789865,0.2971698,0.00072885
18069,0.2978941,0.29716757,0.0007265023
18070,0.2978963,0.29716635,0.0007299242
18071,0.29790026,0.29716697,0.00073328626
18072,0.29789424,0.29715446,0.0007397983
18073,0.2979103,0.29716924,0.0007410653
18074,0.29790258,0.2971565,0.0007460847
18075,0.29790595,0.2971588,0.0007471632
18076,0.29789713,0.29715338,0.0007437413
18077,0.29789916,0.29714882,0.0007503455
18078,0.29800874,0.29715955,0.0008491852
18079,0.29815292,0.29717457,0.0009783438
18080,0.29816404,0.29717752,0.0009865134
18081,0.2982199,0.29719198,0.0010279169
18082,0.29817632,0.2971932,0.0009831154
18083,0.29796374,0.2971555,0.00080821954
18084,0.29787153,0.29712915,0.00074236345
18085,0.2979865,0.29714438,0.0008421255
18086,0.2982904,0.29717538,0.0011150228
18087,0.29866093,0.2972239,0.0014370352
18088,0.29899946,0.2972772,0.0017222523
18089,0.29910928,0.29729962,0.0018096684
18090,0.29898944,0.29726735,0.0017220832
18091,0.2987003,0.29723778,0.0014625266
18092,0.29832697,0.2971748,0.0011521452
18093,0.2980103,0.29713255,0.0008777484
18094,0.29785308,0.29711276,0.00074031565
18095,0.2978867,0.29712546,0.00076126144
18096,0.29802385,0.29714587,0.00087799865
18097,0.2981517,0.29714432,0.0010073772
18098,0.29822925,0.29714605,0.0010832077
18099,0.29827845,0.29715124,0.0011272065
18100,0.29822865,0.29714066,0.0010879863
18101,0.2980835,0.29712963,0.00095387734
18102,0.29793856,0.29712072,0.0008178466
18103,0.29782182,0.2970867,0.0007351305
18104,0.29782993,0.29709682,0.00073309895
18105,0.29787377,0.2970856,0.00078814273
18106,0.2979681,0.29712197,0.00084609573
18107,0.29798177,0.29711533,0.0008664243
18108,0.29792854,0.29710555,0.0008229801
18109,0.2978524,0.29708844,0.0007639639
18110,0.29780653,0.29707885,0.0007276947
18111,0.29780325,0.29708165,0.000721605
18112,0.2978153,0.29708248,0.00073281105
18113,0.29784012,0.2970873,0.00075279723
18114,0.2979014,0.29708207,0.0008193258
18115,0.29811135,0.2971085,0.0010028633
18116,0.29859382,0.29715064,0.0014431641
18117,0.29947752,0.29724473,0.0022327832
18118,0.30061918,0.29739162,0.0032275696
18119,0.30151302,0.2975089,0.0040041152
18120,0.30166936,0.29753178,0.004137582
18121,0.30082604,0.29744336,0.0033826916
18122,0.29939306,0.29721814,0.002174914
18123,0.29825518,0.29709843,0.0011567419
18124,0.29778585,0.29706216,0.00072368706
18125,0.29826608,0.2971071,0.0011589784
18126,0.29954353,0.29721949,0.0023240407
18127,0.30086336,0.29733375,0.0035295822
18128,0.3010697,0.29743657,0.0036331385
18129,0.29996768,0.29732716,0.0026405435
18130,0.2985066,0.29714972,0.0013568753
18131,0.29778555,0.2970616,0.0007239558
18132,0.2984053,0.2971382,0.0012670858
18133,0.29976064,0.29731634,0.002444286
18134,0.30043858,0.29732537,0.0031132028
18135,0.2997124,0.29724047,0.0024719131
18136,0.2984262,0.29712287,0.0013033389
18137,0.29778188,0.2970441,0.0007377914
18138,0.29801664,0.29704705,0.00096959464
18139,0.29859778,0.29713145,0.0014663363
18140,0.29879138,0.29714268,0.0016486694
18141,0.29845148,0.29709595,0.0013555335
18142,0.2978817,0.2970542,0.00082751305
18143,0.29782543,0.29702768,0.000797756
18144,0.29819265,0.2970723,0.0011203612
18145,0.29842314,0.29711416,0.0013089661
18146,0.2982722,0.29712138,0.0011508251
18147,0.29788563,0.29704487,0.0008407524
18148,0.29776,0.2970285,0.000731494
18149,0.2980053,0.29706356,0.00094175
18150,0.29814997,0.2970838,0.0010661749
18151,0.29791063,0.297032,0.0008786221
18152,0.29774818,0.2970269,0.00072128285
18153,0.2978551,0.29702866,0.0008264437
18154,0.29801917,0.2970541,0.0009650591
18155,0.2979394,0.29703867,0.0009007125
18156,0.2977633,0.29701847,0.000744813
18157,0.29775098,0.2970165,0.000734483
18158,0.298023,0.29701266,0.0010103364
18159,0.29833078,0.29710793,0.0012228496
18160,0.29808238,0.2970251,0.0010572626
18161,0.29775417,0.29701024,0.0007439093
18162,0.29778737,0.2970082,0.00077916466
18163,0.29791784,0.29701948,0.00089837704
18164,0.2978242,0.2970217,0.0008025259
18165,0.29771924,0.29699492,0.00072430156
18166,0.2978242,0.29699713,0.0008270958
18167,0.29791796,0.29702348,0.00089449727
18168,0.2978135,0.2970006,0.0008129195
18169,0.29770824,0.29698613,0.00072210503
18170,0.29774374,0.29698998,0.0007537703
18171,0.2978103,0.29699662,0.0008136871
18172,0.2977629,0.2969951,0.000767799
18173,0.29769033,0.29697123,0.00071910245
18174,0.29771975,0.29698318,0.0007365467
18175,0.2977597,0.2969884,0.00077132287
18176,0.29770344,0.2969731,0.0007303514
18177,0.2977121,0.29697838,0.0007336785
18178,0.29773065,0.29696336,0.00076727464
18179,0.29772744,0.2969806,0.0007468431
18180,0.29771587,0.2969842,0.000731686
18181,0.2976789,0.29696172,0.0007171516
18182,0.29771236,0.2969729,0.0007394437
18183,0.29774132,0.296984,0.00075732666
18184,0.297697,0.29696533,0.0007316954
18185,0.29766512,0.29695314,0.0007119918
18186,0.29766575,0.2969542,0.0007115275
18187,0.29769322,0.29696217,0.000731052
18188,0.29768017,0.29694995,0.00073021016
18189,0.2976754,0.29694715,0.00072823616
18190,0.2976613,0.2969463,0.0007150147
18191,0.29765815,0.2969449,0.0007132703
18192,0.29768178,0.2969447,0.00073706504
18193,0.29773572,0.29695255,0.0007831841
18194,0.29774368,0.29696113,0.0007825644
18195,0.2976703,0.29694942,0.0007208997
18196,0.29772058,0.29695946,0.0007611129
18197,0.29797366,0.29697466,0.0009989992
18198,0.2980463,0.2969789,0.0010673857
18199,0.2978345,0.29697317,0.0008613334
18200,0.2976673,0.29694846,0.0007188376
18201,0.2977538,0.29694438,0.00080941804
18202,0.29790157,0.29696572,0.00093583483
18203,0.29790026,0.29700264,0.0008976235
18204,0.2977085,0.29695818,0.00075032853
18205,0.29768807,0.29693133,0.00075672317
18206,0.29788476,0.29697758,0.00090718735
18207,0.29789403,0.29700366,0.0008903621
18208,0.29772294,0.29696128,0.0007616764
18209,0.29763472,0.29691777,0.00071697455
18210,0.29775667,0.2969659,0.000790759
18211,0.29781997,0.29697126,0.00084870233
18212,0.29774427,0.2969298,0.00081447355
18213,0.29766595,0.29692844,0.00073752104
18214,0.29766023,0.29692286,0.0007373657
18215,0.2977271,0.2969261,0.0008009975
18216,0.29778624,0.2969377,0.0008485429
18217,0.29774052,0.2969093,0.00083122944
18218,0.29764998,0.29690826,0.0007417207
18219,0.29762158,0.29690045,0.00072113064
18220,0.29764032,0.29690003,0.0007402856
18221,0.29766887,0.29690415,0.0007647158
18222,0.29765293,0.29690066,0.0007522701
18223,0.2976309,0.29690883,0.0007221013
18224,0.2976063,0.29689333,0.0007129794
18225,0.29760575,0.2968898,0.00071594544
18226,0.29761776,0.2968922,0.00072557665
18227,0.29761076,0.2968918,0.000718966
18228,0.29760244,0.29689032,0.00071210286
18229,0.29759046,0.29687977,0.0007107058
18230,0.2975872,0.2968754,0.0007117719
18231,0.2975883,0.29687437,0.000713898
18232,0.29758158,0.29687068,0.0007109222
18233,0.2975895,0.29687488,0.0007146299
18234,0.29758453,0.2968704,0.0007141187
18235,0.29757595,0.2968637,0.0007122496
18236,0.29756987,0.29685843,0.00071143266
18237,0.2975729,0.29686204,0.0007108909
18238,0.29757777,0.29686168,0.00071611116
18239,0.29757005,0.29685968,0.0007103437
18240,0.29757,0.29685876,0.000711216
18241,0.29757026,0.2968562,0.00071405584
18242,0.2975675,0.29685783,0.000709649
18243,0.297554,0.29683936,0.0007146392
18244,0.2975538,0.29684302,0.00071079104
18245,0.2975683,0.29685372,0.0007145726
18246,0.297547,0.29683384,0.00071315275
18247,0.2975474,0.29683554,0.0007118536
18248,0.29755324,0.29684207,0.0007111948
18249,0.2975352,0.29682267,0.00071252056
18250,0.29753545,0.29682422,0.0007112353
18251,0.2975319,0.2968199,0.0007120097
18252,0.2975333,0.29681966,0.00071364024
18253,0.29752618,0.29681575,0.00071043347
18254,0.29751506,0.29680637,0.0007087014
18255,0.29751194,0.29680413,0.00070780853
18256,0.2975174,0.29681042,0.0007069666
18257,0.29751047,0.29680213,0.00070832676
18258,0.29750836,0.29680285,0.000705507
18259,0.29750124,0.29679576,0.00070545834
18260,0.29749966,0.29679307,0.0007066067
18261,0.29750383,0.29679695,0.00070689846
18262,0.29749563,0.29678681,0.00070881646
18263,0.29748788,0.29678202,0.00070585374
18264,0.2974884,0.29678208,0.00070631737
18265,0.29748324,0.2967773,0.0007059391
18266,0.29748392,0.2967739,0.0007100139
18267,0.2974828,0.29677206,0.00071071356
18268,0.29747897,0.2967743,0.000704671
18269,0.2974752,0.2967716,0.0007036023
18270,0.29747537,0.29676974,0.0007056108
18271,0.29747838,0.29677173,0.00070664694
18272,0.29746553,0.29675922,0.0007062981
18273,0.2974735,0.29676935,0.00070412346
18274,0.29747146,0.29676855,0.0007029273
18275,0.29746503,0.29676223,0.0007027971
18276,0.29746974,0.2967643,0.0007054157
18277,0.2974618,0.29675516,0.00070665084
18278,0.2974733,0.2967662,0.0007071281
18279,0.2974533,0.29675186,0.00070146157
18280,0.29745495,0.29675236,0.0007025917
18281,0.29745567,0.29674447,0.0007111874
18282,0.29745793,0.2967431,0.0007148415
18283,0.29746655,0.29674676,0.0007197642
18284,0.29746553,0.29674235,0.0007231735
18285,0.29747534,0.29674935,0.0007260044
18286,0.29745156,0.2967367,0.00071488565
18287,0.29745063,0.2967415,0.00070913945
18288,0.29743758,0.29673293,0.00070464844
18289,0.297434,0.29672873,0.000705249
18290,0.2974372,0.29673034,0.0007068513
18291,0.29743016,0.29672223,0.0007079126
18292,0.2974339,0.29672283,0.00071106455
18293,0.29742956,0.29671696,0.00071258936
18294,0.2974319,0.29672155,0.0007103534
18295,0.29742855,0.29671475,0.00071379315
18296,0.2974236,0.2967079,0.0007157073
18297,0.29743448,0.29671484,0.00071963866
18298,0.2974273,0.2967103,0.00071698346
18299,0.29743087,0.2967221,0.0007087556
18300,0.29740864,0.2967088,0.0006998555
18301,0.29740602,0.29670963,0.0006964068
18302,0.29739583,0.29670116,0.0006946527
18303,0.29740098,0.2967056,0.00069537794
18304,0.29738325,0.2966887,0.000694542
18305,0.2973785,0.29668304,0.0006954847
18306,0.29738832,0.29669097,0.00069735793
18307,0.2973953,0.29669788,0.0006974237
18308,0.2973815,0.29668504,0.0006964527
18309,0.2973831,0.29668573,0.0006973717
18310,0.29739654,0.29669768,0.0006988759
18311,0.2973867,0.29668558,0.00070114253
18312,0.29738727,0.2966819,0.00070535374
18313,0.29739904,0.29668957,0.00070947286
18314,0.29739413,0.29668656,0.00070758676
18315,0.29738587,0.29668492,0.000700937
18316,0.29737937,0.29667938,0.00069998816
18317,0.29737982,0.29668033,0.0006994937
18318,0.2973825,0.2966796,0.0007029193
18319,0.29738215,0.29667884,0.00070328574
18320,0.29738218,0.29668048,0.00070171326
18321,0.29736882,0.2966695,0.0006993228
18322,0.29736897,0.29666838,0.0007005716
18323,0.2973778,0.29667673,0.0007010581
18324,0.29736954,0.29667068,0.0006988548
18325,0.29735792,0.2966597,0.0006982241
18326,0.2973612,0.29666248,0.000698715
18327,0.2973596,0.29665604,0.00070356677
18328,0.29736283,0.29666272,0.0007001228
18329,0.2973594,0.29665953,0.0006998891
18330,0.2973588,0.2966581,0.0007007069
18331,0.29735243,0.29664662,0.0007058257
18332,0.29737234,0.2966483,0.00072404725
18333,0.29737163,0.2966489,0.00072274066
18334,0.29736897,0.2966474,0.0007215848
18335,0.29735923,0.29665262,0.00070662226
18336,0.29733965,0.29663587,0.0007037775
18337,0.2973261,0.29662603,0.00070007547
18338,0.2973378,0.29663622,0.00070156576
18339,0.29733276,0.29663116,0.00070161314
18340,0.29733658,0.2966313,0.0007052599
18341,0.29732534,0.29662427,0.0007010674
18342,0.29733244,0.2966319,0.0007005343
18343,0.29733166,0.29662776,0.0007039075
18344,0.29732537,0.29661682,0.0007085513
18345,0.2973195,0.29661608,0.00070342456
18346,0.2973227,0.29662013,0.00070257776
18347,0.29731116,0.29661113,0.0007000165
18348,0.2973138,0.29661155,0.00070225325
18349,0.29731765,0.2966131,0.0007045384
18350,0.2973163,0.29661393,0.00070235616
18351,0.29731393,0.29660887,0.0007050566
18352,0.29731426,0.2966137,0.0007005517
18353,0.2973133,0.2966126,0.00070070673
18354,0.29730698,0.29660404,0.00070294057
18355,0.29731056,0.296608,0.0007025659
18356,0.2973089,0.29660615,0.000702747
18357,0.2973066,0.2966049,0.0007016842
18358,0.29730105,0.2966,0.0007010566
18359,0.29730237,0.2966008,0.00070159894
18360,0.29730514,0.29660287,0.00070226454
18361,0.29730463,0.29659945,0.0007051755
18362,0.29730043,0.29659387,0.0007065562
18363,0.29732177,0.296605,0.0007167943
18364,0.29732734,0.29659393,0.0007333814
18365,0.29731134,0.29660144,0.00070989004
18366,0.2973001,0.296596,0.00070409954
18367,0.2973214,0.29658872,0.0007327091
18368,0.29737023,0.29660273,0.0007675153
18369,0.29738444,0.2965967,0.00078773015
18370,0.2973816,0.296613,0.000768584
18371,0.29733625,0.296581,0.0007552486
18372,0.29730874,0.29657978,0.00072896684
18373,0.29729858,0.29657608,0.0007224963
18374,0.2972785,0.29657596,0.0007025295
18375,0.2972669,0.29656807,0.000698821
18376,0.29727504,0.29657713,0.0006979258
18377,0.29727173,0.29657114,0.00070059224
18378,0.29726455,0.29656217,0.00070238824
18379,0.29727948,0.29657102,0.00070845254
18380,0.29728407,0.2965635,0.00072054815
18381,0.2972968,0.2965673,0.00072949426
18382,0.29731005,0.29656443,0.00074561517
18383,0.29730114,0.29656458,0.00073655776
18384,0.29728705,0.29655382,0.000733228
18385,0.2972739,0.2965539,0.0007200013
18386,0.29726273,0.29655305,0.0007096819
18387,0.29724863,0.29655108,0.0006975457
18388,0.29725832,0.29656154,0.00069676933
18389,0.2972412,0.2965418,0.00069941016
18390,0.29724047,0.29653946,0.00070101355
18391,0.29724956,0.29654384,0.0007057429
18392,0.29723686,0.29653922,0.00069764006
18393,0.29722804,0.2965332,0.0006948472
18394,0.29722878,0.29653397,0.0006948217
18395,0.2972234,0.29652825,0.0006951488
18396,0.2972193,0.29652113,0.000698191
18397,0.29721615,0.29651773,0.0006984323
18398,0.2972325,0.29652455,0.00070796174
18399,0.2972256,0.29651606,0.00070953654
18400,0.29726234,0.29653332,0.00072903954
18401,0.29726374,0.2965183,0.0007454455
18402,0.2973149,0.29652795,0.0007869803
18403,0.29736623,0.29653913,0.0008271096
18404,0.29745302,0.2965509,0.0009021169
18405,0.2975281,0.29657853,0.0009495714
18406,0.2975813,0.29658446,0.0009968297
18407,0.29757586,0.2965827,0.0009931789
18408,0.29752415,0.2965555,0.00096868223
18409,0.29741368,0.29654002,0.00087365863
18410,0.2973065,0.29652187,0.0007846404
18411,0.29721364,0.29649696,0.00071668497
18412,0.29720077,0.29650322,0.00069755234
18413,0.29722098,0.29651257,0.0007083989
18414,0.29724133,0.2965,0.0007413378
18415,0.29731694,0.2965129,0.0008040266
18416,0.29739276,0.2965366,0.0008561574
18417,0.2974848,0.29654416,0.0009406288
18418,0.29755172,0.296561,0.0009907208
18419,0.297614,0.2965665,0.0010475125
18420,0.29765442,0.2965729,0.0010815276
18421,0.29771793,0.2965632,0.0011547251
18422,0.2977994,0.29656634,0.0012330968
18423,0.29794422,0.2965807,0.0013635037
18424,0.29812384,0.2966031,0.0015207205
18425,0.29833102,0.29661828,0.0017127309
18426,0.298442,0.29663035,0.0018116502
18427,0.29872653,0.2966272,0.0020993378
18428,0.2992632,0.29671648,0.0025467195
18429,0.29998952,0.29679427,0.0031952437
18430,0.30078954,0.29691562,0.003873909
18431,0.30137783,0.29697973,0.0043981145
18432,0.30129862,0.29699796,0.0043006544
18433,0.30021745,0.29683024,0.0033872228
18434,0.2987215,0.2966304,0.0020910813
18435,0.2976721,0.29650494,0.0011671723
18436,0.29718682,0.2964613,0.0007255165
18437,0.29727933,0.2964563,0.000823013
18438,0.29787078,0.2965419,0.0013288903
18439,0.29876834,0.29667133,0.0020970143
18440,0.29973096,0.29682136,0.0029096
18441,0.2999723,0.29676494,0.003207337
18442,0.2990967,0.29663953,0.002457178
18443,0.29770467,0.2965019,0.0012027656
18444,0.29714385,0.29644144,0.0007024131
18445,0.29749843,0.2964731,0.0010253495
18446,0.29813883,0.2965481,0.0015907313
18447,0.29833928,0.29664388,0.0016953986
18448,0.29775956,0.29653394,0.0012256199
18449,0.2972179,0.29646215,0.00075576507
18450,0.29722092,0.29643512,0.000785802
18451,0.297683,0.29650593,0.0011770837
18452,0.29806963,0.29657254,0.0014970939
18453,0.2978514,0.29654256,0.0013088755
18454,0.29728228,0.29644153,0.0008407653
18455,0.29712415,0.29640973,0.0007144102
18456,0.2974158,0.29645717,0.0009586064
18457,0.29775363,0.29651138,0.0012422341
18458,0.29767412,0.29648465,0.0011894715
18459,0.2973265,0.296424,0.0009025262
18460,0.29711714,0.2964079,0.00070924906
18461,0.29716593,0.29641086,0.0007550507
18462,0.29733816,0.29642755,0.0009106193
18463,0.2974033,0.29641268,0.0009906298
18464,0.29727644,0.29641193,0.0008645179
18465,0.2971307,0.29639652,0.00073420146
18466,0.29709756,0.29639515,0.000702408
18467,0.29716393,0.2963882,0.00077571446
18468,0.29724216,0.29640794,0.00083420624
18469,0.29719704,0.29640445,0.00079259154
18470,0.29711232,0.29639053,0.0007217687
18471,0.29707652,0.29637852,0.00069799845
18472,0.29709965,0.29637784,0.0007218112
18473,0.29716063,0.29639357,0.00076704123
18474,0.29716036,0.2963813,0.00077904423
18475,0.2971445,0.29637775,0.0007667535
18476,0.29709,0.29636303,0.0007269553
18477,0.29707387,0.29637074,0.0007031302
18478,0.29706332,0.29636535,0.0006979547
18479,0.29707828,0.2963644,0.0007138749
18480,0.29710484,0.29636878,0.0007360471
18481,0.29712108,0.29637504,0.00074603816
18482,0.29711452,0.29637086,0.0007436557
18483,0.29707083,0.29634935,0.00072148483
18484,0.29705134,0.2963472,0.0007041454
18485,0.29705104,0.29635194,0.0006991145
18486,0.29705548,0.29635504,0.00070042204
18487,0.29704428,0.29633757,0.0007066879
18488,0.29706448,0.2963482,0.0007162567
18489,0.29705343,0.29633376,0.00071966386
18490,0.2970723,0.29635552,0.000716786
18491,0.29706013,0.29634812,0.0007120002
18492,0.29705188,0.29634413,0.0007077676
18493,0.29704097,0.29633608,0.0007048689
18494,0.29704309,0.29634017,0.00070293236
18495,0.29704335,0.2963413,0.0007020532
18496,0.29703987,0.29633683,0.00070303556
18497,0.29705215,0.2963398,0.00071233464
18498,0.29705834,0.29632977,0.0007285727
18499,0.2970814,0.2963362,0.00074520486
18500,0.29708895,0.29633895,0.0007500208
18501,0.29709098,0.29633942,0.0007515528
18502,0.29707262,0.29633194,0.00074068515
18503,0.2970542,0.29632488,0.00072933437
18504,0.29704002,0.2963234,0.00071663776
18505,0.29703647,0.29632849,0.00070797215
18506,0.2970191,0.29631656,0.0007025129
18507,0.29701364,0.2963093,0.0007043514
18508,0.29703343,0.2963157,0.0007177278
18509,0.29703957,0.29630673,0.00073283014
18510,0.29703876,0.29630446,0.0007342828
18511,0.297023,0.2963034,0.00071962376
18512,0.2970086,0.29630017,0.0007084316
18513,0.29700106,0.29629347,0.00070761953
18514,0.29702738,0.2963114,0.0007159902
18515,0.29701963,0.29629904,0.00072059996
18516,0.29702207,0.29630053,0.00072155765
18517,0.29701108,0.2962977,0.0007133526
18518,0.29699546,0.29628688,0.00070857734
18519,0.29700026,0.29628775,0.00071251637
18520,0.29700604,0.29628924,0.0007168079
18521,0.29699394,0.29628333,0.00071062555
18522,0.2969835,0.2962764,0.0007071247
18523,0.29697993,0.2962715,0.00070845673
18524,0.29699364,0.2962818,0.00071183825
18525,0.2969902,0.29627585,0.0007143364
18526,0.2969883,0.29627258,0.00071573386
18527,0.29698282,0.29627204,0.000710769
18528,0.29697567,0.29626527,0.0007104081
18529,0.29697806,0.2962675,0.0007105429
18530,0.296985,0.29626828,0.0007167169
18531,0.29699525,0.2962666,0.0007286568
18532,0.29697114,0.2962537,0.00071745703
18533,0.29701114,0.2962587,0.0007524659
18534,0.29717636,0.29628453,0.0008918332
18535,0.2972139,0.29629108,0.0009228317
18536,0.29713425,0.296317,0.0008172359
18537,0.29711398,0.29633296,0.0007810329
18538,0.2970356,0.29629338,0.00074222015
18539,0.29695514,0.29624194,0.0007131846
18540,0.29702473,0.29627433,0.00075041957
18541,0.2971038,0.29629123,0.00081257196
18542,0.29733232,0.29630515,0.0010271758
18543,0.2974768,0.29632702,0.0011497497
18544,0.2972499,0.2962975,0.0009524428
18545,0.2970286,0.2962646,0.00076399127
18546,0.29698104,0.29625204,0.00072898366
18547,0.29697946,0.2962333,0.0007461718
18548,0.2970407,0.29626223,0.0007784701
18549,0.2971191,0.29629016,0.0008289622
18550,0.29715037,0.29630467,0.00084569084
18551,0.29708657,0.29626378,0.0008227882
18552,0.29703158,0.2962428,0.00078879186
18553,0.29698762,0.2962428,0.00074483175
18554,0.29694098,0.2962216,0.00071936526
18555,0.2969384,0.29621854,0.0007198452
18556,0.2969725,0.2962273,0.00074519217
18557,0.2970306,0.29623395,0.00079666823
18558,0.2970821,0.29623747,0.00084464124
18559,0.29715776,0.29627556,0.00088222855
18560,0.29714543,0.29627225,0.0008731731
18561,0.29704624,0.2962447,0.0008015294
18562,0.29695877,0.29621702,0.0007417462
18563,0.29691246,0.2961966,0.00071585056
18564,0.29691264,0.29620206,0.0007105765
18565,0.29696798,0.296217,0.0007509672
18566,0.29704073,0.296221,0.0008197625
18567,0.29710296,0.29621994,0.00088299747
18568,0.2971387,0.29623777,0.00090091897
18569,0.29710072,0.29625097,0.0008497519
18570,0.29701042,0.29622278,0.0007876586
18571,0.2969299,0.29619566,0.0007342483
18572,0.2968936,0.2961831,0.0007104815
18573,0.29688397,0.29618075,0.00070324034
18574,0.29689765,0.2961843,0.0007133529
18575,0.29692832,0.2961933,0.00073499355
18576,0.2969679,0.29619956,0.0007683124
18577,0.29701975,0.29621345,0.00080630666
18578,0.2970502,0.2962118,0.0008383893
18579,0.2970783,0.29621616,0.0008621553
18580,0.29708347,0.29620007,0.00088339596
18581,0.29706806,0.29618597,0.0008821096
18582,0.29704836,0.29618323,0.00086511427
18583,0.29702178,0.2961823,0.0008394645
18584,0.29698774,0.29617542,0.0008123137
18585,0.296977,0.29618126,0.0007957509
18586,0.29696557,0.29617265,0.0007929491
18587,0.29697782,0.29617685,0.00080098043
18588,0.2969835,0.29616815,0.0008153369
18589,0.29700282,0.29616442,0.0008383857
18590,0.29701686,0.29616287,0.0008539933
18591,0.29702443,0.2961728,0.00085162406
18592,0.29700014,0.29616436,0.00083576207
18593,0.29698437,0.29617077,0.0008135966
18594,0.296964,0.2961477,0.00081628363
18595,0.29698423,0.2961471,0.0008371014
18596,0.29703355,0.29615253,0.000881035
18597,0.2970956,0.29616132,0.0009342624
18598,0.2972039,0.29618928,0.0010146204
18599,0.29726917,0.2961954,0.0010737779
18600,0.2972839,0.2962029,0.0010809945
18601,0.29720616,0.29617092,0.0010352603
18602,0.29711843,0.29615864,0.00095978007
18603,0.29703137,0.2961462,0.0008851571
18604,0.29697782,0.29613358,0.0008442217
18605,0.2969584,0.29614258,0.00081580726
18606,0.2969518,0.29614732,0.00080446544
18607,0.2969352,0.29613987,0.0007953279
18608,0.29692662,0.29612893,0.0007976845
18609,0.2969369,0.29613295,0.0008039506
18610,0.29694343,0.2961297,0.00081371085
18611,0.2969488,0.29613993,0.0008088734
18612,0.2969068,0.29611996,0.00078685174
18613,0.2969047,0.29613724,0.0007674835
18614,0.29685923,0.29611042,0.0007488073
18615,0.29684514,0.29611793,0.0007272243
18616,0.29681194,0.29610312,0.0007088371
18617,0.2968201,0.29611236,0.00070775324
18618,0.2968405,0.29611638,0.00072408235
18619,0.29686677,0.29611,0.0007567577
18620,0.29688054,0.29611015,0.00077038177
18621,0.29688233,0.2961132,0.0007691357
18622,0.2968545,0.29610243,0.0007520494
18623,0.29683876,0.2960966,0.0007421652
18624,0.2968432,0.2961049,0.00073829835
18625,0.2968153,0.29608098,0.0007343226
18626,0.29681212,0.29609296,0.000719148
18627,0.29677877,0.29607365,0.00070510077
18628,0.2967765,0.29607406,0.0007024318
18629,0.2968022,0.29608268,0.00071951456
18630,0.29685453,0.29608405,0.00077049003
18631,0.29689017,0.29608983,0.0008003339
18632,0.296892,0.29607365,0.0008183497
18633,0.2968694,0.29607618,0.0007931959
18634,0.29681242,0.29606238,0.0007500466
18635,0.2967804,0.29607198,0.00070843345
18636,0.2967824,0.29607356,0.0007088437
18637,0.2967967,0.29606086,0.0007358639
18638,0.29684508,0.29607424,0.00077082776
18639,0.29686055,0.29606104,0.0007995322
18640,0.29688457,0.29606614,0.000818428
18641,0.29687762,0.29606786,0.0008097467
18642,0.2968468,0.296065,0.0007817921
18643,0.29679906,0.29605517,0.0007439063
18644,0.29678148,0.2960603,0.0007211617
18645,0.29675046,0.29603937,0.0007111103
18646,0.29675514,0.29604176,0.0007133713
18647,0.29676038,0.2960316,0.00072880654
18648,0.29678845,0.2960447,0.00074373157
18649,0.29681665,0.29604623,0.0007704219
18650,0.29682362,0.2960471,0.0007765187
18651,0.29681304,0.2960371,0.0007759208
18652,0.29678926,0.2960386,0.0007506506
18653,0.29676974,0.29603335,0.00073635724
18654,0.29674706,0.29602614,0.0007209343
18655,0.29673785,0.2960234,0.00071445515
18656,0.2967408,0.29603186,0.0007089598
18657,0.29672825,0.2960218,0.00070647814
18658,0.29672676,0.29602066,0.0007061021
18659,0.29673532,0.2960264,0.00070892123
18660,0.2967216,0.29600856,0.0007130527
18661,0.2967428,0.2960206,0.0007221887
18662,0.29675123,0.29601833,0.00073290145
18663,0.29678816,0.29602766,0.00076050777
18664,0.29679677,0.29601163,0.00078514323
18665,0.2968312,0.2960183,0.0008128801
18666,0.29685777,0.2960205,0.0008372854
18667,0.29687768,0.2960307,0.00084698026
18668,0.29686582,0.2960229,0.00084293645
18669,0.29684183,0.29601738,0.0008244637
18670,0.29681143,0.29600978,0.00080164615
18671,0.29679298,0.29600978,0.00078320893
18672,0.29676947,0.2960111,0.00075836637
18673,0.29673997,0.29599845,0.0007415161
18674,0.29672325,0.29599488,0.00072834914
18675,0.29671595,0.29599658,0.0007193734
18676,0.29671067,0.2960022,0.00070846314
18677,0.2967036,0.29599303,0.00071056257
18678,0.29670858,0.29598954,0.00071906415
18679,0.29670498,0.295985,0.0007199451
18680,0.29669607,0.295979,0.00071707217
18681,0.2966937,0.29598203,0.0007116803
18682,0.29668638,0.29597637,0.0007100259
18683,0.29669255,0.29598004,0.0007124997
18684,0.29668108,0.295971,0.000710067
18685,0.29668948,0.29597566,0.00071383204
18686,0.29667628,0.2959658,0.0007104943
18687,0.29668847,0.29598022,0.0007082301
18688,0.2966767,0.29596633,0.0007103912
18689,0.29667518,0.29595897,0.000716218
18690,0.2966886,0.2959616,0.0007270222
18691,0.29668579,0.295957,0.00072876504
18692,0.29669413,0.29596367,0.0007304444
18693,0.2966841,0.2959539,0.00073019054
18694,0.2966931,0.29596043,0.0007326842
18695,0.29667884,0.29595184,0.00072697114
18696,0.29667926,0.29595935,0.00071991247
18697,0.29665864,0.29594794,0.0007107004
18698,0.29665875,0.29594663,0.00071211596
18699,0.29667047,0.29595113,0.000719349
18700,0.29667222,0.2959491,0.00072311447
18701,0.29666376,0.29594675,0.0007170066
18702,0.29664707,0.2959392,0.0007078675
18703,0.29663745,0.29592833,0.0007091309
18704,0.29665667,0.29593992,0.0007167482
18705,0.29664552,0.2959341,0.0007114114
18706,0.29663277,0.29592285,0.00070991745
18707,0.29662785,0.29592413,0.00070374395
18708,0.29663122,0.29592478,0.0007064319
18709,0.2966354,0.29592714,0.00070822256
18710,0.29662758,0.29592383,0.000703734
18711,0.296636,0.29593295,0.0007030611
18712,0.29662946,0.29592463,0.0007048411
18713,0.29661846,0.2959178,0.00070065196
18714,0.2966204,0.29592144,0.00069894653
18715,0.29661947,0.295918,0.00070148765
18716,0.29662034,0.2959175,0.00070281146
18717,0.2966107,0.295908,0.0007027235
18718,0.29659536,0.29589865,0.00069673825
18719,0.29660115,0.29590222,0.0006989168
18720,0.296616,0.2959063,0.00070967746
18721,0.2966224,0.2959045,0.0007179029
18722,0.29664433,0.29591152,0.0007328299
18723,0.29665405,0.29590046,0.0007535766
18724,0.29670528,0.2959081,0.00079719804
18725,0.2967361,0.29590473,0.000831365
18726,0.29672596,0.29590115,0.0008248179
18727,0.29665935,0.29589206,0.0007673052
18728,0.2966096,0.29589096,0.0007186531
18729,0.29657686,0.2958771,0.0006997768
18730,0.29661673,0.29587364,0.0007430942
18731,0.2967432,0.29588827,0.00085492013
18732,0.29687357,0.295897,0.0009765552
18733,0.29696396,0.29591292,0.0010510439
18734,0.29723805,0.29591197,0.001326103
18735,0.2980654,0.29604378,0.00202161
18736,0.29968357,0.29612952,0.0035540634
18737,0.30191824,0.2964184,0.0054998104
18738,0.30379406,0.29674235,0.007051704
18739,0.30417895,0.29702896,0.0071499734
18740,0.3016551,0.2968006,0.0048544835
18741,0.29821786,0.29613343,0.002084443
18742,0.29663152,0.29588917,0.0007423378
18743,0.29766935,0.29614604,0.0015233008
18744,0.29928303,0.2963328,0.0029502276
18745,0.2995915,0.29621017,0.0033813424
18746,0.2985431,0.29605544,0.002487636
18747,0.29701728,0.29592705,0.001090221
18748,0.29670867,0.2958837,0.000824991
18749,0.29807225,0.29602417,0.0020480745
18750,0.29897478,0.2960793,0.002895467
18751,0.29837906,0.29607904,0.0023000007
18752,0.29703707,0.2959893,0.0010477703
18753,0.29675668,0.29593027,0.00082641636
18754,0.29753533,0.2959651,0.0015702285
18755,0.2980112,0.29614803,0.0018631736
18756,0.29741535,0.29608187,0.0013334748
18757,0.29656556,0.29584828,0.00071727514
18758,0.29690245,0.29591253,0.000989927
18759,0.29767552,0.2962016,0.00147393
18760,0.29750893,0.29597402,0.0015349078
18761,0.29695898,0.29586503,0.0010939401
18762,0.2965952,0.29583827,0.0007569155
18763,0.29671666,0.29584023,0.00087641197
18764,0.29722017,0.295901,0.0013191645
18765,0.29723302,0.29586327,0.0013697249
18766,0.2967958,0.29583886,0.0009569315
18767,0.29657906,0.2958642,0.0007148605
18768,0.29663807,0.29582113,0.0008169312
18769,0.29679638,0.29585072,0.000945653
18770,0.296901,0.29589567,0.0010053134
18771,0.29677173,0.29589573,0.0008760126
18772,0.29654324,0.2958128,0.0007304417
18773,0.2965377,0.29582727,0.0007104195
18774,0.2966523,0.29584783,0.0008044379
18775,0.29664752,0.2957972,0.00085029175
18776,0.2965771,0.29579267,0.00078441465
18777,0.29649663,0.29578772,0.0007089026
18778,0.29650915,0.29579306,0.0007160846
18779,0.29653874,0.2957805,0.00075824384
18780,0.29654482,0.29578567,0.00075913826
18781,0.2964853,0.29577553,0.00070979557
18782,0.29646114,0.29576233,0.0006987962
18783,0.2964785,0.29576257,0.00071592466
18784,0.29649255,0.29576358,0.0007289448
18785,0.2964817,0.29576242,0.0007192909
18786,0.29646966,0.29577053,0.0006991586
18787,0.29645553,0.2957567,0.00069882505
18788,0.2964688,0.29575303,0.00071577175
18789,0.29648387,0.29575908,0.00072479015
18790,0.2964603,0.2957495,0.0007108286
18791,0.29644328,0.29575217,0.00069112907
18792,0.29644963,0.29574317,0.00070645864
18793,0.29646567,0.2957429,0.0007227465
18794,0.29646897,0.29575878,0.0007101948
18795,0.29643074,0.29573202,0.00069869915
18796,0.29644415,0.2957495,0.00069467846
18797,0.29644907,0.2957501,0.0006989579
18798,0.29645392,0.29574394,0.00070998824
18799,0.29645544,0.29574645,0.0007090028
18800,0.29644173,0.29573366,0.0007080826
18801,0.2964296,0.29573208,0.0006975491
18802,0.2964268,0.29572973,0.0006970716
18803,0.29642132,0.29572937,0.00069195917
18804,0.29642066,0.2957283,0.0006923705
18805,0.2964096,0.29571643,0.00069317926
18806,0.29642206,0.29572755,0.0006945248
18807,0.29641128,0.29571414,0.00069712056
18808,0.29641053,0.29571378,0.0006967305
18809,0.29641017,0.2957131,0.00069708086
18810,0.2964058,0.29571456,0.0006912474
18811,0.29639822,0.29570276,0.00069547334
18812,0.2964117,0.2957081,0.00070360844
18813,0.2964101,0.29569983,0.00071028044
18814,0.29642102,0.29570648,0.0007145415
18815,0.29640713,0.29569972,0.0007074258
18816,0.29639217,0.29569817,0.0006940098
18817,0.29638228,0.2956877,0.0006945621
18818,0.29638696,0.29569066,0.0006963048
18819,0.2963772,0.29568213,0.00069509086
18820,0.2963824,0.29568315,0.0006992541
18821,0.29638872,0.2956874,0.0007012987
18822,0.29638365,0.29568407,0.00069957663
18823,0.29637906,0.2956793,0.0006997578
18824,0.29637313,0.29568055,0.0006925841
18825,0.29636967,0.2956805,0.0006891849
18826,0.29637498,0.29567987,0.00069511414
18827,0.29638234,0.29567724,0.0007050906
18828,0.29637378,0.29566792,0.0007058706
18829,0.29637384,0.29567078,0.00070305367
18830,0.2963598,0.2956675,0.00069229514
18831,0.29635566,0.2956643,0.00069135334
18832,0.29637071,0.29566926,0.00070145784
18833,0.2963657,0.29566517,0.0007005413
18834,0.29635292,0.2956586,0.00069433736
18835,0.29635805,0.29565585,0.0007022206
18836,0.29637474,0.2956608,0.00071392907
18837,0.29641056,0.295666,0.00074454845
18838,0.2964106,0.29566047,0.0007501318
18839,0.29640436,0.2956619,0.00074247224
18840,0.2963619,0.29565307,0.00070881005
18841,0.2964645,0.29565656,0.00080795086
18842,0.29673466,0.29567736,0.0010572907
18843,0.2968219,0.2957061,0.0011157936
18844,0.2965652,0.2956733,0.00089189614
18845,0.29639053,0.29565915,0.0007313791
18846,0.29634872,0.29564303,0.0007056822
18847,0.2963802,0.29565716,0.0007230347
18848,0.29642013,0.29567695,0.0007431887
18849,0.29636934,0.29563433,0.00073501567
18850,0.29637858,0.29566118,0.00071740465
18851,0.2963447,0.295642,0.0007027086
18852,0.29643646,0.2956412,0.00079525803
18853,0.29658288,0.29566213,0.0009207482
18854,0.296607,0.2956556,0.0009514002
18855,0.29648054,0.29563916,0.0008413852
18856,0.29640958,0.2956394,0.0007701782
18857,0.29632843,0.29562885,0.0006995615
18858,0.29636824,0.29563212,0.0007361118
18859,0.29646432,0.2956454,0.0008189486
18860,0.29659164,0.2956611,0.00093056186
18861,0.2965131,0.295643,0.00087009324
18862,0.29640368,0.2956322,0.0007714521
18863,0.29631022,0.29561803,0.0006922096
18864,0.29637212,0.29562744,0.0007446775
18865,0.29639202,0.29561862,0.00077342504
18866,0.2963391,0.29561916,0.00071994617
18867,0.29630885,0.29561177,0.00069708127
18868,0.29633266,0.2956103,0.0007223648
18869,0.296384,0.29562208,0.00076195074
18870,0.29633525,0.2956131,0.00072212535
18871,0.29629272,0.29560214,0.0006905881
18872,0.29630774,0.29560763,0.00070013804
18873,0.2963103,0.29560092,0.00070939277
18874,0.29629713,0.29559967,0.0006974438
18875,0.29629847,0.2956064,0.0006920638
18876,0.29630336,0.2956136,0.000689769
18877,0.29629642,0.29560536,0.0006910503
18878,0.29628727,0.29560095,0.0006863129
18879,0.29629356,0.29559934,0.0006942126
18880,0.29627848,0.29558116,0.0006972928
18881,0.29630184,0.29560283,0.0006990187
18882,0.29627922,0.29558945,0.0006897598
18883,0.29626682,0.29558116,0.0006856593
18884,0.29628623,0.29559195,0.00069429056
18885,0.2962826,0.29558277,0.00069982046
18886,0.29627714,0.2955844,0.0006927281
18887,0.29629093,0.2955997,0.00069124193
18888,0.29625982,0.29557285,0.00068696815
18889,0.2962818,0.29558703,0.00069478864
18890,0.29628643,0.29557708,0.00070933165
18891,0.29628715,0.29558262,0.0007045336
18892,0.29626313,0.2955697,0.00069345965
18893,0.29626665,0.2955786,0.0006880416
18894,0.29626513,0.295567,0.0006981221
18895,0.29628956,0.2955777,0.0007118519
18896,0.2962674,0.29556477,0.00070262403
18897,0.29625267,0.29555726,0.0006954194
18898,0.29625908,0.29556018,0.00069888256
18899,0.29627615,0.2955702,0.00070597837
18900,0.29625088,0.29555625,0.00069465674
18901,0.2962485,0.29555646,0.0006920459
18902,0.2962551,0.29555845,0.00069667597
18903,0.2962387,0.29554686,0.00069183495
18904,0.29624972,0.29555112,0.00069862267
18905,0.2962497,0.29554763,0.0007020593
18906,0.29624125,0.29554465,0.0006965978
18907,0.29624155,0.29554424,0.00069730124
18908,0.29627275,0.2955515,0.00072126
18909,0.2962478,0.295535,0.0007128149
18910,0.29624715,0.2955441,0.0007030596
18911,0.2962553,0.29554135,0.00071394735
18912,0.2962476,0.29553378,0.00071381265
18913,0.2962387,0.29553553,0.0007031475
18914,0.296223,0.29552817,0.0006948206
18915,0.29626906,0.2955187,0.00075038825
18916,0.29633236,0.2955504,0.00078195956
18917,0.29627508,0.2955201,0.0007549991
18918,0.29621276,0.295513,0.00069978135
18919,0.2962332,0.2955289,0.0007042912
18920,0.29626206,0.29551354,0.0007485345
18921,0.29627103,0.2955291,0.00074193644
18922,0.2962428,0.29550815,0.00073465274
18923,0.29623163,0.2955137,0.0007179471
18924,0.29625186,0.2955119,0.00073994
18925,0.29622287,0.29550374,0.00071912253
18926,0.29620892,0.29550028,0.0007086413
18927,0.29619697,0.29550394,0.00069304754
18928,0.29621643,0.29550123,0.000715194
18929,0.2962312,0.29550397,0.000727221
18930,0.29627055,0.29551262,0.0007579393
18931,0.2962513,0.29550716,0.00074414554
18932,0.296203,0.29549256,0.00071043766
18933,0.29619536,0.29549217,0.0007031835
18934,0.29618612,0.29548916,0.00069695583
18935,0.29620343,0.2954907,0.00071273185
18936,0.29619527,0.29549098,0.0007042679
18937,0.29618746,0.2954866,0.00070087577
18938,0.29617342,0.2954783,0.00069510296
18939,0.29618648,0.29548627,0.0007002128
18940,0.2961834,0.29548737,0.0006960377
18941,0.2961848,0.29548445,0.00070035114
18942,0.2961856,0.29548386,0.00070174335
18943,0.29618403,0.29547802,0.0007060418
18944,0.29617617,0.2954726,0.000703601
18945,0.29617417,0.29547185,0.00070231414
18946,0.29616597,0.29546666,0.0006993003
18947,0.2961568,0.2954629,0.00069388107
18948,0.2961683,0.2954666,0.000701706
18949,0.29617754,0.29545948,0.000718066
18950,0.2962125,0.29547137,0.00074111624
18951,0.29622394,0.2954852,0.0007387493
18952,0.2962101,0.29547355,0.0007365417
18953,0.2962028,0.29546764,0.0007351525
18954,0.29618612,0.29544976,0.0007363555
18955,0.296178,0.29545128,0.00072671304
18956,0.29616508,0.29545048,0.0007146188
18957,0.29614678,0.2954448,0.00070199405
18958,0.29613423,0.2954399,0.0006943446
18959,0.29613155,0.29543614,0.00069541595
18960,0.29612833,0.29543036,0.0006979934
18961,0.29614618,0.29544306,0.0007031368
18962,0.2961406,0.29543996,0.00070065504
18963,0.29613096,0.29543254,0.0006984408
18964,0.29613647,0.29543406,0.00070239493
18965,0.29615316,0.2954402,0.00071297295
18966,0.2961355,0.29543465,0.0007008411
18967,0.29612425,0.29542187,0.00070239394
18968,0.2961451,0.29543337,0.0007117346
18969,0.29613367,0.29542243,0.0007112597
18970,0.29612073,0.2954201,0.000700647
18971,0.29612178,0.29542136,0.00070041313
18972,0.29614067,0.29543084,0.0007098385
18973,0.2961305,0.29542112,0.0007093841
18974,0.2961129,0.2954078,0.00070509705
18975,0.29612258,0.29541865,0.00070391403
18976,0.29612264,0.29541975,0.0007028803
18977,0.29612446,0.29541427,0.00071018294
18978,0.29611114,0.29540643,0.0007047003
18979,0.296102,0.29540202,0.00069995795
18980,0.29611817,0.2954103,0.0007078578
18981,0.29611176,0.29539955,0.00071220926
18982,0.2961088,0.2953975,0.00071131636
18983,0.2961059,0.29539916,0.0007067422
18984,0.29610118,0.29539883,0.0007023531
18985,0.29608977,0.29538754,0.00070224324
18986,0.29609838,0.29538983,0.0007085275
18987,0.29611936,0.2954012,0.00071818783
18988,0.29612565,0.29539117,0.00073449337
18989,0.29611784,0.29537788,0.00073996594
18990,0.2961187,0.2953759,0.00074280484
18991,0.2961024,0.29537287,0.0007295225
18992,0.2960982,0.29538032,0.00071787665
18993,0.2960799,0.29537195,0.00070796825
18994,0.2960841,0.29537657,0.0007075354
18995,0.296077,0.29537395,0.00070305273
18996,0.29607052,0.29536557,0.0007049511
18997,0.2960742,0.29536775,0.0007064389
18998,0.29610106,0.29537117,0.00072989706
18999,0.29615796,0.29537186,0.00078611623
19000,0.29625398,0.29538512,0.00086883863
19001,0.29639927,0.29541126,0.0009880108
19002,0.29650795,0.29545087,0.001057098
19003,0.29649732,0.29543567,0.0010616411
19004,0.29642546,0.29543185,0.0009935979
19005,0.29632863,0.29539487,0.0009337625
19006,0.29628718,0.29537708,0.00091009715
19007,0.29626238,0.29536995,0.00089241174
19008,0.29626942,0.29537338,0.0008960355
19009,0.29630157,0.29536754,0.00093402213
19010,0.2963825,0.2953941,0.0009883826
19011,0.29646742,0.2954163,0.0010511173
19012,0.29647127,0.2954215,0.0010497572
19013,0.29639682,0.29539794,0.0009988856
19014,0.2963119,0.2953821,0.0009297788
19015,0.29629442,0.29536632,0.0009281162
19016,0.29629472,0.2953604,0.0009343337
19017,0.29633194,0.29536957,0.00096240407
19018,0.29638425,0.2954053,0.0009789647
19019,0.29641062,0.2953908,0.0010197967
19020,0.29645836,0.29540628,0.001052085
19021,0.29647964,0.29537797,0.0011016836
19022,0.2964752,0.29538047,0.0010947412
19023,0.29642606,0.29536214,0.0010639213
19024,0.29636443,0.2953625,0.0010019346
19025,0.29626936,0.29534593,0.0009234296
19026,0.29617068,0.29534045,0.0008302258
19027,0.29609174,0.29532698,0.0007647771
19028,0.2960157,0.2953131,0.0007026101
19029,0.29600617,0.295311,0.00069516775
19030,0.29604435,0.29531604,0.00072832196
19031,0.2960617,0.29531047,0.0007512247
19032,0.29608554,0.29532176,0.00076375605
19033,0.29604885,0.2953071,0.00074173074
19034,0.29601985,0.2953013,0.00071856455
19035,0.29598328,0.29528812,0.0006951871
19036,0.2959981,0.29530272,0.00069538935
19037,0.2960147,0.2953078,0.00070689956
19038,0.2959978,0.29529777,0.00070002046
19039,0.29598942,0.29529324,0.00069616776
19040,0.29599977,0.29529825,0.00070151995
19041,0.29599535,0.29529503,0.0007003403
19042,0.2959871,0.29528448,0.0007025999
19043,0.2959912,0.29529044,0.0007007668
19044,0.29599532,0.2952934,0.0007019243
19045,0.2959976,0.29528633,0.00071125693
19046,0.29599664,0.2952845,0.0007121385
19047,0.29600024,0.29529184,0.00070842326
19048,0.29599473,0.2952921,0.00070262083
19049,0.29598874,0.29527894,0.0007098008
19050,0.2960167,0.29529342,0.0007232819
19051,0.2959937,0.29527408,0.0007196091
19052,0.2959912,0.29528093,0.00071028026
19053,0.29597145,0.29526865,0.00070279336
19054,0.29597023,0.29526737,0.00070286065
19055,0.29598877,0.29527047,0.0007183024
19056,0.29598597,0.29526064,0.0007253441
19057,0.2959834,0.29525918,0.00072420307
19058,0.29598388,0.29526776,0.00071613595
19059,0.29596028,0.29525277,0.00070753176
19060,0.29595226,0.29525033,0.000701949
19061,0.29595298,0.29525274,0.0007002306
19062,0.2959545,0.29524818,0.00070631166
19063,0.29595166,0.2952477,0.000703937
19064,0.29594758,0.2952474,0.00070019683
19065,0.29594964,0.29524082,0.0007088062
19066,0.29595894,0.29523924,0.0007196995
19067,0.2959518,0.29523548,0.0007163271
19068,0.29593962,0.29523614,0.0007034933
19069,0.29592368,0.29522187,0.00070183293
19070,0.29592058,0.2952189,0.00070164225
19071,0.29593384,0.2952275,0.0007063489
19072,0.29592615,0.2952225,0.000703684
19073,0.29592353,0.2952216,0.00070193096
19074,0.29592317,0.29522344,0.00069970934
19075,0.29592177,0.29522532,0.000696462
19076,0.29591447,0.29521698,0.0006975038
19077,0.29590833,0.29521295,0.00069537957
19078,0.29591775,0.2952162,0.000701547
19079,0.29590568,0.29520163,0.00070402725
19080,0.29590622,0.29520854,0.0006976628
19081,0.29591507,0.29521,0.00070505065
19082,0.29592472,0.29521084,0.00071386603
19083,0.2959102,0.2952054,0.0007048138
19084,0.2959033,0.29520458,0.00069872587
19085,0.2959156,0.29520106,0.00071451964
19086,0.295942,0.29520518,0.00073682633
19087,0.29594272,0.2951989,0.000743831
19088,0.2959412,0.29520306,0.0007381568
19089,0.2959155,0.29519275,0.0007227608
19090,0.29590678,0.29519123,0.0007155493
19091,0.29588088,0.29517642,0.0007044684
19092,0.2958815,0.29517585,0.00070567254
19093,0.29589614,0.29518604,0.00071009755
19094,0.29589078,0.29517648,0.000714297
19095,0.29590327,0.29518333,0.00071993814
19096,0.2959346,0.29519477,0.000739807
19097,0.2959439,0.2951894,0.00075449236
19098,0.29596958,0.2951891,0.00078045524
19099,0.2959854,0.29518628,0.0007991368
19100,0.29598013,0.29517272,0.00080739864
19101,0.29600406,0.29518622,0.0008178271
19102,0.29605034,0.29519174,0.00085859076
19103,0.29617393,0.29521295,0.00096096296
19104,0.29639927,0.2952361,0.0011631635
19105,0.29666102,0.29525748,0.0014035463
19106,0.2968817,0.29530025,0.0015814679
19107,0.29684743,0.29530552,0.0015418994
19108,0.29663324,0.29529577,0.0013374704
19109,0.29627198,0.2952464,0.0010255902
19110,0.29599345,0.29519036,0.0008030763
19111,0.29586363,0.29516396,0.00069966714
19112,0.29589447,0.29517734,0.0007171413
19113,0.29597518,0.2951834,0.0007917934
19114,0.29607412,0.2951851,0.00088902935
19115,0.2961789,0.29519406,0.0009848538
19116,0.29618275,0.29520187,0.0009808668
19117,0.2961646,0.29520744,0.0009571718
19118,0.29615155,0.29521358,0.00093796663
19119,0.29613972,0.29521802,0.0009216955
19120,0.29608786,0.29518476,0.00090310693
19121,0.29604256,0.2951559,0.0008866382
19122,0.29599962,0.29516006,0.00083957275
19123,0.29595786,0.2951597,0.0007981832
19124,0.2959347,0.29517686,0.00075785286
19125,0.29585966,0.29514632,0.00071334804
19126,0.29583997,0.29514292,0.0006970392
19127,0.2958657,0.29515293,0.0007127727
19128,0.29588583,0.2951508,0.0007350583
19129,0.29588443,0.29516262,0.0007218046
19130,0.29588467,0.2951356,0.00074909796
19131,0.2959352,0.29514942,0.00078580284
19132,0.29601023,0.29521877,0.000791468
19133,0.29601482,0.29519373,0.0008210944
19134,0.2961142,0.29515958,0.0009546261
19135,0.29646978,0.2951697,0.0013000825
19136,0.29672974,0.29520735,0.0015224022
19137,0.29678535,0.29523513,0.0015502324
19138,0.29683173,0.2953544,0.0014773249
19139,0.29663885,0.29533902,0.0012998164
19140,0.29626414,0.29518616,0.0010779793
19141,0.29597506,0.29511607,0.0008590104
19142,0.29585257,0.29514197,0.00071061286
19143,0.29584596,0.29511487,0.0007310695
19144,0.29599544,0.29511783,0.0008776256
19145,0.29620144,0.29514417,0.00105724
19146,0.29628864,0.29514483,0.0011438273
19147,0.29634753,0.29519942,0.0011481176
19148,0.29628253,0.29520237,0.0010801547
19149,0.29612285,0.29516318,0.0009596605
19150,0.2958992,0.2950974,0.00080179924
19151,0.29584834,0.2950925,0.0007558476
19152,0.29582995,0.2950969,0.0007330455
19153,0.29582027,0.2950875,0.0007327749
19154,0.2959172,0.2950892,0.0008280352
19155,0.2960781,0.29509434,0.0009837529
19156,0.29623255,0.29512307,0.0011094563
19157,0.2963023,0.29514778,0.0011545096
19158,0.29626605,0.29519823,0.0010678166
19159,0.2960957,0.29517373,0.0009219592
19160,0.29589003,0.2950887,0.0008013034
19161,0.29580298,0.29505578,0.00074722164
19162,0.2957911,0.29505712,0.00073397707
19163,0.29579604,0.29506516,0.00073089666
19164,0.2957826,0.29505652,0.00072607433
19165,0.29584467,0.2950819,0.00076273736
19166,0.29591066,0.295087,0.00082366087
19167,0.29600242,0.29508013,0.0009222847
19168,0.2960914,0.29507712,0.0010142889
19169,0.29613408,0.29506436,0.0010697206
19170,0.29615274,0.29508087,0.0010718711
19171,0.29614085,0.29510543,0.0010354234
19172,0.29605782,0.2950943,0.00096351176
19173,0.29592457,0.29505533,0.00086925586
19174,0.29583275,0.29503614,0.0007966344
19175,0.29576612,0.29502228,0.0007438314
19176,0.2957306,0.29502097,0.0007096325
19177,0.29571766,0.29501256,0.0007050956
19178,0.29575196,0.29502398,0.00072799454
19179,0.2957712,0.2950179,0.00075331796
19180,0.29577246,0.29501832,0.0007541288
19181,0.2957846,0.29503316,0.0007514091
19182,0.29575595,0.2950214,0.00073454133
19183,0.29572555,0.29500002,0.0007255308
19184,0.29573402,0.29500848,0.00072554254
19185,0.2957458,0.2950073,0.0007384982
19186,0.29572463,0.2949956,0.00072902103
19187,0.29573736,0.29499218,0.0007451929
19188,0.29577562,0.29500946,0.00076615403
19189,0.29578376,0.295011,0.000772764
19190,0.29573366,0.29500368,0.0007299705
19191,0.29572782,0.29499522,0.0007326302
19192,0.29582527,0.29500714,0.0008181438
19193,0.2960109,0.29501644,0.0009945004
19194,0.29614085,0.2950662,0.0010746382
19195,0.29611468,0.29504946,0.0010652302
19196,0.29580343,0.29500598,0.0007974291
19197,0.29573107,0.295004,0.00072706037
19198,0.29612562,0.2950161,0.001109517
19199,0.2968817,0.29521543,0.0016662758
19200,0.29701972,0.29515624,0.0018634613
19201,0.2966311,0.29511917,0.0015119109
19202,0.29611427,0.29513857,0.00097570673
19203,0.29568905,0.29497752,0.0007115314
19204,0.29589236,0.2950345,0.00085787044
19205,0.2964186,0.29505995,0.0013586564
19206,0.29674837,0.29519412,0.0015542513
19207,0.29649267,0.2951884,0.0013042677
19208,0.29583272,0.29504097,0.00079174124
19209,0.29579732,0.2949733,0.00082401186
19210,0.29663518,0.295127,0.0015081816
19211,0.29742786,0.29538992,0.0020379368
19212,0.2971291,0.29523057,0.001898526
19213,0.29628998,0.29507756,0.0012124265
19214,0.2957642,0.29500273,0.00076145976
19215,0.29608774,0.2950249,0.001062863
19216,0.29706267,0.29528683,0.0017758354
19217,0.297042,0.2951778,0.0018642324
19218,0.29641986,0.2950793,0.0013405631
19219,0.29588538,0.29507783,0.00080755464
19220,0.29599366,0.2950402,0.0009534707
19221,0.29692498,0.29522863,0.0016963447
19222,0.29696777,0.29516038,0.0018074034
19223,0.29626063,0.29507825,0.001182377
19224,0.29574713,0.29500654,0.00074057793
19225,0.29640496,0.29513463,0.0012703305
19226,0.29731452,0.2952167,0.0020978295
19227,0.29721606,0.29522252,0.0019935446
19228,0.296177,0.29511878,0.00105823
19229,0.29575288,0.2949599,0.00079298095
19230,0.29713216,0.29524946,0.0018827096
19231,0.2981111,0.29532507,0.0027860391
19232,0.29743764,0.29521447,0.0022231534
19233,0.2959006,0.29502806,0.0008725376
19234,0.29595098,0.29497215,0.0009788036
19235,0.29691172,0.29524592,0.0016657861
19236,0.29665473,0.29511714,0.0015375838
19237,0.2958242,0.29495952,0.00086467696
19238,0.29583874,0.29495564,0.00088309124
19239,0.2967031,0.2951761,0.001527021
19240,0.29650912,0.29506052,0.0014486182
19241,0.29582092,0.29494035,0.0008805877
19242,0.29570395,0.2949445,0.0007594605
19243,0.29597136,0.29498574,0.0009856342
19244,0.2958864,0.294979,0.0009074135
19245,0.29562625,0.29491404,0.0007122421
19246,0.295877,0.29493687,0.0009401612
19247,0.29595712,0.29496157,0.000995541
19248,0.29571363,0.29493463,0.0007789846
19249,0.29565203,0.2949263,0.0007257552
19250,0.29587486,0.29492718,0.00094769837
19251,0.29599917,0.29493466,0.0010645256
19252,0.29582572,0.2949241,0.0009016215
19253,0.2956086,0.29489183,0.00071679946
19254,0.2957689,0.29491082,0.0008580815
19255,0.2959062,0.29492974,0.00097644224
19256,0.2957188,0.29489714,0.0008216536
19257,0.29558435,0.2948807,0.0007036441
19258,0.2956875,0.2948967,0.00079079875
19259,0.29576966,0.29489967,0.00086997414
19260,0.29568672,0.29489607,0.00079065113
19261,0.29558083,0.29487425,0.00070659316
19262,0.2956538,0.29488596,0.0007678246
19263,0.2957193,0.29489976,0.0008195202
19264,0.29566178,0.29489535,0.00076640025
19265,0.29563612,0.29488352,0.0007525884
19266,0.29559135,0.2948763,0.0007150517
19267,0.2956199,0.29488456,0.00073533866
19268,0.29559672,0.29488704,0.00070967
19269,0.2955694,0.29485667,0.00071272685
19270,0.29564992,0.2948798,0.00077012426
19271,0.29567736,0.29487467,0.0008026897
19272,0.2956296,0.29486904,0.00076057576
19273,0.29556614,0.29486176,0.000704386
19274,0.29563564,0.29485714,0.00077848247
19275,0.29570296,0.29489905,0.00080392713
19276,0.29564103,0.2948815,0.000759557
19277,0.29556686,0.2948578,0.0007090435
19278,0.29568994,0.29487595,0.00081400515
19279,0.29575738,0.2949176,0.00083977915
19280,0.29564703,0.2948802,0.00076679606
19281,0.29556635,0.29485044,0.0007159177
19282,0.29572874,0.29486835,0.00086041226
19283,0.2957365,0.2948986,0.0008378759
19284,0.29560366,0.29484925,0.000754406
19285,0.2956644,0.2948677,0.0007967077
19286,0.29581705,0.2948906,0.0009264249
19287,0.29566625,0.29487497,0.00079127325
19288,0.29554924,0.29484752,0.00070172845
19289,0.2956985,0.29487577,0.00082270877
19290,0.295785,0.29490992,0.00087509723
19291,0.29561868,0.29485682,0.0007618535
19292,0.2955513,0.29484046,0.00071084
19293,0.29560322,0.2948613,0.00074192486
19294,0.2956831,0.29485252,0.00083057286
19295,0.2957098,0.29485938,0.00085041224
19296,0.29558852,0.29485488,0.00073365995
19297,0.29557213,0.2948329,0.0007392311
19298,0.29561585,0.29489648,0.0007193487
19299,0.29557532,0.29484943,0.00072591053
19300,0.29559478,0.2948557,0.00073907775
19301,0.2956967,0.2949119,0.0007848178
19302,0.29566553,0.29486537,0.0008001549
19303,0.29574198,0.29493678,0.00080521655
19304,0.29570088,0.29494286,0.00075801776
19305,0.2955744,0.2948253,0.00074912154
19306,0.29572225,0.29493198,0.00079027016
19307,0.2957739,0.29496464,0.0008092612
19308,0.29568818,0.29485643,0.00083175517
19309,0.29580396,0.29496792,0.00083602854
19310,0.29564363,0.29490632,0.00073730724
19311,0.29556423,0.2948294,0.000734846
19312,0.29595706,0.29499587,0.0009611856
19313,0.29585275,0.29487443,0.0009783034
19314,0.29580784,0.2948765,0.0009313533
19315,0.2957606,0.29497313,0.0007874636
19316,0.29549003,0.29478866,0.0007013793
19317,0.2957378,0.29486436,0.0008734694
19318,0.2960377,0.29487985,0.0011578638
19319,0.2960209,0.29484504,0.0011758481
19320,0.2956723,0.29482073,0.0008515658
19321,0.29550108,0.29479313,0.0007079515
19322,0.29583472,0.29479292,0.001041799
19323,0.29613662,0.2948757,0.0012609016
19324,0.29593134,0.2948548,0.0010765537
19325,0.29556012,0.2947872,0.0007729444
19326,0.2955131,0.29476807,0.00074503955
19327,0.29574004,0.2948155,0.0009245081
19328,0.29582584,0.2948589,0.0009669514
19329,0.29569018,0.2948145,0.0008756869
19330,0.2955204,0.2948068,0.0007135977
19331,0.29562452,0.29482943,0.0007950758
19332,0.29569533,0.29479656,0.0008987837
19333,0.2957194,0.29486278,0.00085661735
19334,0.29557788,0.2948099,0.0007679971
19335,0.29553246,0.29477614,0.00075630716
19336,0.29559577,0.29486904,0.00072673353
19337,0.29546675,0.2947601,0.00070664857
19338,0.29554024,0.294831,0.0007092285
19339,0.29556036,0.2948334,0.0007269647
19340,0.29544145,0.29474103,0.0007004046
19341,0.2955378,0.29481563,0.000722151
19342,0.29550105,0.29477188,0.0007291613
19343,0.29547912,0.29476294,0.0007161583
19344,0.2954635,0.29475558,0.00070792495
19345,0.2955983,0.29474592,0.0008523829
19346,0.29579267,0.2948358,0.000956865
19347,0.29555863,0.29476914,0.0007894851
19348,0.29548267,0.2947489,0.00073375326
19349,0.29555437,0.2947549,0.0007994745
19350,0.29590246,0.29479885,0.001103587
19351,0.29607835,0.29488426,0.0011940997
19352,0.2958106,0.29480332,0.0010072812
19353,0.29550105,0.29475173,0.0007493283
19354,0.29552194,0.29477113,0.0007508198
19355,0.29574418,0.2947758,0.00096837024
19356,0.29594153,0.29483753,0.0011039872
19357,0.29576823,0.29482183,0.00094640796
19358,0.2954277,0.2947097,0.00071799976
19359,0.2955135,0.29478478,0.00072871876
19360,0.29557505,0.29474783,0.0008272048
19361,0.2957372,0.29482606,0.00091115886
19362,0.29561862,0.29477796,0.000840676
19363,0.29539585,0.29471496,0.00068087585
19364,0.2955497,0.2947829,0.00076677557
19365,0.29552373,0.29473412,0.0007895953
19366,0.29561386,0.2947897,0.00082414446
19367,0.2954873,0.2947319,0.0007554307
19368,0.29544872,0.29472092,0.000727811
19369,0.29577914,0.29478514,0.0009939937
19370,0.2958595,0.29475835,0.0011011589
19371,0.29581797,0.29482147,0.0009965114
19372,0.29549223,0.294737,0.0007552266
19373,0.29548573,0.29472372,0.0007620036
19374,0.29597512,0.29482666,0.001148471
19375,0.2964032,0.29481235,0.0015908284
19376,0.29651296,0.29491764,0.0015953213
19377,0.2957959,0.2947662,0.0010296983
19378,0.29539028,0.29469514,0.0006951201
19379,0.29603592,0.29480118,0.0012347619
19380,0.29687738,0.29484135,0.0020360244
19381,0.29719284,0.29500234,0.002190516
19382,0.29615694,0.29481357,0.0013433518
19383,0.295385,0.29469308,0.0006918946
19384,0.29611653,0.29481518,0.0013013246
19385,0.29720375,0.2949088,0.0022949395
19386,0.29738376,0.2950039,0.002379868
19387,0.29609224,0.2948041,0.0012881269
19388,0.29537934,0.2946709,0.00070840586
19389,0.29636014,0.29483435,0.0015257896
19390,0.2973197,0.29489458,0.002425123
19391,0.29709843,0.29494938,0.0021490413
19392,0.29581496,0.29478207,0.001032896
19393,0.295576,0.29468754,0.000888462
19394,0.2970332,0.2949601,0.0020730556
19395,0.2970617,0.29492557,0.0021361345
19396,0.29595166,0.2947994,0.0011522988
19397,0.29546583,0.29470497,0.0007608437
19398,0.29608876,0.29476917,0.0013195955
19399,0.29655758,0.2948504,0.0017071856
19400,0.296121,0.2947557,0.0013653137
19401,0.29545364,0.29469505,0.00075860554
19402,0.29562587,0.2947359,0.00088995695
19403,0.29580435,0.29472098,0.0010833465
19404,0.29575974,0.29476094,0.0009987963
19405,0.29547173,0.29467687,0.00079487154
19406,0.29539362,0.29467356,0.00072003726
19407,0.29544175,0.29471678,0.0007249696
19408,0.29533556,0.29463553,0.00070002663
19409,0.29544717,0.2946849,0.00076226256
19410,0.29556018,0.2946789,0.000881313
19411,0.2956065,0.29466206,0.000944455
19412,0.29548067,0.29467854,0.00080210564
19413,0.29532215,0.2946327,0.0006894684
19414,0.2954408,0.29464644,0.0007943475
19415,0.29555717,0.2946701,0.00088708353
19416,0.29557413,0.29466224,0.00091188366
19417,0.29541275,0.29466805,0.0007446989
19418,0.29536307,0.29465392,0.00070913543
19419,0.29535636,0.29462743,0.00072892493
19420,0.29535422,0.29464096,0.000713257
19421,0.29533508,0.2946272,0.00070788234
19422,0.29540324,0.2946264,0.00077684317
19423,0.29538462,0.29466066,0.0007239566
19424,0.29530415,0.294602,0.0007021452
19425,0.2954277,0.29461247,0.0008152433
19426,0.2955259,0.29463616,0.00088976044
19427,0.2953703,0.2946296,0.00074072334
19428,0.2953445,0.29460838,0.00073610054
19429,0.29558837,0.29468706,0.0009013051
19430,0.2955296,0.29463646,0.0008931324
19431,0.29536265,0.29460582,0.00075684657
19432,0.2953874,0.29463744,0.0007499555
19433,0.29558924,0.29465663,0.0009326242
19434,0.29578286,0.29467258,0.0011102834
19435,0.29549894,0.29463705,0.0008618935
19436,0.29532793,0.29462746,0.00070049346
19437,0.29550168,0.2946083,0.00089336897
19438,0.29572695,0.29469872,0.0010282217
19439,0.29552707,0.2946283,0.00089877343
19440,0.29532385,0.29458803,0.0007358352
19441,0.29532063,0.294627,0.0006936124
19442,0.2953489,0.29464003,0.0007088878
19443,0.29524982,0.29457,0.0006798448
19444,0.29535487,0.29464215,0.0007127325
19445,0.29530975,0.29461703,0.0006927084
19446,0.29526854,0.29457524,0.000693292
19447,0.29533002,0.2946312,0.00069879484
19448,0.29527593,0.29459462,0.0006813049
19449,0.29525647,0.29457256,0.00068391196
19450,0.2953348,0.29460868,0.0007261086
19451,0.29539064,0.29461086,0.00077976176
19452,0.2953891,0.29460537,0.0007837028
19453,0.29535514,0.2946227,0.00073242746
19454,0.29524937,0.29456708,0.00068231137
19455,0.29526642,0.29456684,0.00069956575
19456,0.29536054,0.2946481,0.00071241416
19457,0.2952518,0.29456064,0.0006911428
19458,0.29527244,0.29458597,0.00068646285
19459,0.29529688,0.2945934,0.0007034893
19460,0.29527584,0.29455134,0.00072447304
19461,0.2952372,0.2945508,0.0006864226
19462,0.2952323,0.29455516,0.0006771356
19463,0.2952563,0.29454932,0.0007069934
19464,0.29526493,0.2945375,0.00072743127
19465,0.29530257,0.29455495,0.0007476156
19466,0.29527232,0.29455134,0.0007209758
19467,0.2952291,0.29454154,0.00068756955
19468,0.29525933,0.29454085,0.0007184766
19469,0.29533166,0.29456058,0.000771063
19470,0.295232,0.2945409,0.00069108594
19471,0.29528025,0.29453442,0.0007458168
19472,0.29522443,0.29453573,0.0006886963
19473,0.29523906,0.29456723,0.00067185785
19474,0.29526764,0.2945473,0.00072032993
19475,0.2952711,0.2945495,0.00072160765
19476,0.2952685,0.29455638,0.00071213144
19477,0.29520443,0.29452822,0.0006762194
19478,0.2952127,0.29453108,0.0006815991
19479,0.29524636,0.29455188,0.00069448014
19480,0.29521963,0.29452044,0.0006991994
19481,0.29522702,0.2945318,0.0006952429
19482,0.29525477,0.29453892,0.0007158558
19483,0.29528046,0.29453576,0.0007446811
19484,0.29520413,0.29451257,0.00069155963
19485,0.29524288,0.29452407,0.0007188126
19486,0.2952634,0.29453203,0.0007313797
19487,0.29522777,0.29452154,0.0007062171
19488,0.2952354,0.29451597,0.0007194311
19489,0.29521322,0.29452175,0.0006914488
19490,0.29519734,0.29450947,0.0006878838
19491,0.29533,0.2945243,0.0008056802
19492,0.2953627,0.29454744,0.0008152722
19493,0.2953229,0.2945409,0.00078197324
19494,0.2952228,0.29450893,0.0007138501
19495,0.29519892,0.2945184,0.0006805302
19496,0.2952413,0.29454467,0.0006966365
19497,0.2951692,0.294481,0.00068819744
19498,0.29520765,0.2945233,0.0006843299
19499,0.29518044,0.29449692,0.000683511
19500,0.2951726,0.29448107,0.000691526
19501,0.29525942,0.29452518,0.0007342435
19502,0.2952089,0.2944778,0.0007310974
19503,0.29520574,0.2944967,0.00070906803
19504,0.2951787,0.29449034,0.0006883886
19505,0.29520062,0.29447508,0.0007255253
19506,0.2952654,0.2945083,0.0007570929
19507,0.29521093,0.2944934,0.0007175297
19508,0.29516235,0.29447433,0.00068802806
19509,0.29517767,0.2944669,0.00071077864
19510,0.29523188,0.29447502,0.00075684354
19511,0.29525018,0.2945121,0.0007380997
19512,0.29514632,0.29445,0.0006963232
19513,0.29515943,0.29446402,0.00069541443
19514,0.29515278,0.294457,0.00069580536
19515,0.2951524,0.29446104,0.00069134246
19516,0.29512855,0.29443538,0.0006931686
19517,0.29518595,0.29447138,0.00071458734
19518,0.29512528,0.2944411,0.00068417075
19519,0.2951472,0.29444373,0.0007034718
19520,0.29520535,0.29445004,0.0007553067
19521,0.29514283,0.29445592,0.0006869294
19522,0.29514632,0.29443428,0.000712045
19523,0.29522634,0.29447544,0.0007508931
19524,0.2952923,0.2944583,0.0008340048
19525,0.29528606,0.29445893,0.00082711724
19526,0.29521653,0.29445195,0.0007645796
19527,0.295152,0.29444298,0.0007090269
19528,0.29509506,0.29441205,0.0006829983
19529,0.2951298,0.29443857,0.0006912329
19530,0.29512286,0.29442564,0.0006972279
19531,0.29509547,0.29440457,0.00069089
19532,0.2950954,0.2944132,0.0006822244
19533,0.29510558,0.29442516,0.00068044645
19534,0.29510066,0.29440185,0.0006988303
19535,0.2951227,0.29442126,0.0007014704
19536,0.29516488,0.29441354,0.0007513368
19537,0.29514328,0.29440483,0.0007384367
19538,0.29511175,0.29440206,0.0007096826
19539,0.29513472,0.29441217,0.0007225805
19540,0.2951686,0.29442155,0.0007470609
19541,0.29510906,0.29440352,0.000705545
19542,0.2950919,0.29441372,0.0006781759
19543,0.29513294,0.29441932,0.00071361166
19544,0.29516917,0.2944056,0.00076355494
19545,0.29510814,0.29440436,0.0007037973
19546,0.29522386,0.2944126,0.00081122975
19547,0.29540288,0.2944438,0.00095910055
19548,0.29541484,0.29444808,0.0009667549
19549,0.29524255,0.29446962,0.00077292434
19550,0.29510492,0.2943915,0.00071342697
19551,0.2953533,0.29445228,0.00090103876
19552,0.29555345,0.29450145,0.0010519701
19553,0.29540315,0.294479,0.0009241166
19554,0.29507113,0.29437757,0.0006935419
19555,0.29521507,0.29443625,0.00077881303
19556,0.29542813,0.2944123,0.0010158251
19557,0.29550964,0.294443,0.0010666221
19558,0.29521057,0.2944002,0.00081038347
19559,0.29510656,0.29439235,0.00071422674
19560,0.29549202,0.29441935,0.0010726932
19561,0.29594615,0.2945063,0.001439827
19562,0.29571843,0.29447794,0.0012404986
19563,0.29524767,0.294386,0.0008616711
19564,0.29503772,0.29436278,0.000674944
19565,0.29513034,0.2943794,0.00075092295
19566,0.29532066,0.29439336,0.0009273045
19567,0.29542544,0.29439652,0.0010289327
19568,0.2952071,0.29437822,0.0008288919
19569,0.29513592,0.2943615,0.0007744019
19570,0.29541272,0.29439765,0.0010150442
19571,0.2958129,0.2944576,0.0013552922
19572,0.29548833,0.29445094,0.0010374018
19573,0.29515362,0.29436252,0.00079109485
19574,0.2950721,0.29436034,0.00071177643
19575,0.29530674,0.2943935,0.0009132186
19576,0.2954234,0.2944132,0.0010101767
19577,0.29530674,0.29437262,0.0009341212
19578,0.2951761,0.29435286,0.00082323636
19579,0.2950413,0.29432616,0.00071515626
19580,0.2950167,0.2943444,0.0006723185
19581,0.29503116,0.29432404,0.000707113
19582,0.29515097,0.2943571,0.0007938755
19583,0.295129,0.2943426,0.0007863872
19584,0.2950399,0.2943452,0.0006946913
19585,0.2951148,0.2943291,0.0007856685
19586,0.29548508,0.29438066,0.0011043939
19587,0.29572424,0.2944292,0.0012950322
19588,0.2955006,0.29443806,0.0010625419
19589,0.29500636,0.29430625,0.000700111
19590,0.29507768,0.29434556,0.00073211297
19591,0.2954904,0.2943601,0.0011303328
19592,0.29591897,0.29442498,0.0014939947
19593,0.29576907,0.2943987,0.0013703564
19594,0.2951406,0.29432404,0.00081656175
19595,0.294995,0.2942927,0.0007023352
19596,0.29551172,0.2943386,0.0011731118
19597,0.29607874,0.29444236,0.0016363837
19598,0.29595685,0.2944402,0.0015166426
19599,0.2952721,0.2943371,0.0009350154
19600,0.29496372,0.29428282,0.00068088435
19601,0.29528308,0.29434127,0.0009418128
19602,0.29574522,0.294391,0.0013542012
19603,0.29568738,0.29436013,0.0013272611
19604,0.29526827,0.29430026,0.0009680277
19605,0.29497123,0.29427856,0.00069266744
19606,0.29502213,0.29428607,0.0007360343
19607,0.29522082,0.294309,0.0009118491
19608,0.2952915,0.2942928,0.0009987119
19609,0.29520458,0.29430777,0.0008967991
19610,0.29501376,0.29427603,0.00073772453
19611,0.29493833,0.2942682,0.00067012256
19612,0.2949592,0.29427356,0.0006856237
19613,0.2950183,0.29427424,0.00074403745
19614,0.2950732,0.29429007,0.0007831456
19615,0.2950571,0.29427797,0.00077910826
19616,0.29500216,0.2942607,0.00074145576
19617,0.29494202,0.29425228,0.0006897483
19618,0.29491806,0.294253,0.00066507445
19619,0.29492947,0.2942513,0.00067817874
19620,0.2949459,0.29424277,0.00070310914
19621,0.29496348,0.29424742,0.0007160728
19622,0.2949631,0.2942469,0.000716182
19623,0.29494983,0.29425028,0.0006995301
19624,0.2949131,0.29424164,0.00067148666
19625,0.29490024,0.29423457,0.0006656624
19626,0.29491752,0.2942409,0.0006766232
19627,0.29493174,0.29424357,0.00068818434
19628,0.29492307,0.2942462,0.000676864
19629,0.29489663,0.29422858,0.0006680515
19630,0.29490113,0.29423854,0.00066261785
19631,0.29489914,0.2942371,0.00066201785
19632,0.29490986,0.29424012,0.00066974416
19633,0.29491767,0.2942367,0.00068100815
19634,0.2949263,0.29423508,0.00069118233
19635,0.294917,0.2942309,0.0006860647
19636,0.29489174,0.29422158,0.00067016453
19637,0.29488277,0.29422143,0.00066133373
19638,0.29490715,0.2942306,0.0006765355
19639,0.2949311,0.2942207,0.0007104135
19640,0.29497278,0.29422647,0.00074630923
19641,0.29497686,0.29421946,0.00075737515
19642,0.29494572,0.29422188,0.0007238537
19643,0.29489264,0.29421288,0.0006797669
19644,0.29487127,0.29420814,0.0006631442
19645,0.2948842,0.29420817,0.00067604706
19646,0.2949012,0.29420635,0.0006948381
19647,0.29490277,0.2942086,0.0006941917
19648,0.294882,0.2942029,0.000679109
19649,0.29487324,0.29421,0.0006632617
19650,0.29487646,0.29420772,0.00066873565
19651,0.29488528,0.2942006,0.0006846718
19652,0.29489103,0.2942046,0.00068642356
19653,0.2948755,0.29420134,0.0006741666
19654,0.29486176,0.29419863,0.0006631161
19655,0.29486173,0.29419747,0.00066425884
19656,0.29487228,0.294197,0.00067528116
19657,0.29488164,0.29420128,0.00068037055
19658,0.29485846,0.2941826,0.0006758662
19659,0.29485634,0.2941884,0.00066792755
19660,0.29485393,0.2941881,0.00066579843
19661,0.29485014,0.294182,0.00066814973
19662,0.29485324,0.29418376,0.00066948857
19663,0.2948549,0.29418603,0.0006688929
19664,0.29484951,0.29418284,0.0006666857
19665,0.2948492,0.29418215,0.0006670415
19666,0.29485217,0.29417902,0.00067315256
19667,0.29485124,0.29417974,0.0006715028
19668,0.29484892,0.2941822,0.00066670036
19669,0.2948389,0.2941736,0.0006652948
19670,0.2948386,0.2941713,0.00066732516
19671,0.29484499,0.29417273,0.00067224435
19672,0.29484227,0.29417115,0.000671103
19673,0.2948413,0.2941691,0.0006722042
19674,0.29483518,0.29416668,0.00066847785
19675,0.29482573,0.2941609,0.0006648576
19676,0.29482758,0.29416284,0.0006647379
19677,0.294821,0.29415637,0.0006646286
19678,0.29482716,0.2941615,0.00066567876
19679,0.2948148,0.2941509,0.00066390145
19680,0.29480922,0.29414442,0.00066481036
19681,0.2948176,0.29415405,0.00066354184
19682,0.29481244,0.29414883,0.0006636113
19683,0.29481903,0.29415575,0.00066326756
19684,0.29481533,0.2941519,0.00066343264
19685,0.29481423,0.2941492,0.0006650388
19686,0.29481587,0.29414916,0.000666699
19687,0.29481548,0.2941469,0.00066860806
19688,0.2948283,0.29415467,0.0006736225
19689,0.29482797,0.29414877,0.0006792025
19690,0.29483226,0.29413697,0.0006953078
19691,0.29485652,0.29413992,0.00071659853
19692,0.29488745,0.29414392,0.0007435229
19693,0.29491657,0.29414615,0.000770434
19694,0.294946,0.2941514,0.00079462334
19695,0.29494974,0.2941455,0.000804261
19696,0.29494885,0.29415488,0.0007939419
19697,0.29490724,0.29412887,0.000778359
19698,0.294911,0.2941373,0.00077370513
19699,0.2949102,0.29414046,0.0007697403
19700,0.29488456,0.29413524,0.00074933184
19701,0.29486793,0.2941304,0.0007375117
19702,0.294864,0.2941339,0.00073010224
19703,0.2948667,0.2941324,0.0007342905
19704,0.29487422,0.29414037,0.0007338665
19705,0.29487956,0.29412887,0.00075071247
19706,0.294915,0.29413182,0.000783174
19707,0.29492196,0.29414177,0.00078019476
19708,0.29491064,0.29414213,0.00076853234
19709,0.29487124,0.29412314,0.0007480773
19710,0.2948732,0.29413417,0.0007390481
19711,0.29481712,0.2941072,0.00070992566
19712,0.29483154,0.29413188,0.0006996719
19713,0.29479405,0.29410836,0.00068569445
19714,0.29479375,0.29411125,0.0006824921
19715,0.29477167,0.2941051,0.0006665465
19716,0.2947748,0.29410735,0.0006674507
19717,0.2947659,0.29410204,0.0006638562
19718,0.29479003,0.2941153,0.00067472644
19719,0.29476398,0.29409465,0.0006693209
19720,0.2947659,0.29409117,0.0006747277
19721,0.2947569,0.29408628,0.00067062484
19722,0.2947822,0.29408875,0.00069344183
19723,0.2947941,0.29408357,0.000710544
19724,0.29480496,0.29409197,0.0007129765
19725,0.29479563,0.2940875,0.0007081375
19726,0.29481754,0.29408553,0.0007320173
19727,0.29487047,0.29409382,0.00077662326
19728,0.29491928,0.29409024,0.0008290413
19729,0.2950761,0.29410073,0.00097535347
19730,0.29542205,0.29414222,0.0012798242
19731,0.29579508,0.29415986,0.0016352229
19732,0.29624346,0.29421848,0.0020250021
19733,0.29659507,0.2942723,0.0023227825
19734,0.2968368,0.29425526,0.0025815424
19735,0.29678345,0.29427135,0.0025121155
19736,0.29647106,0.29423544,0.0022356252
19737,0.2959615,0.2941797,0.0017817821
19738,0.29531503,0.29412287,0.0011921547
19739,0.29482394,0.2940941,0.00072985573
19740,0.29488778,0.2940828,0.0008049992
19741,0.2957275,0.2941481,0.0015793934
19742,0.2969588,0.29427433,0.002684482
19743,0.29791138,0.29442483,0.0034865446
19744,0.2978891,0.29440957,0.003479566
19745,0.2968572,0.29427597,0.0025812495
19746,0.29551527,0.29413164,0.0013836295
19747,0.29475927,0.29404742,0.0007118314
19748,0.2949351,0.2940703,0.0008648061
19749,0.29550314,0.2941168,0.0013863588
19750,0.29572758,0.29415444,0.0015731512
19751,0.29551634,0.2941317,0.001384648
19752,0.2951497,0.29411066,0.0010390563
19753,0.29481047,0.2940551,0.00075537583
19754,0.2947098,0.29404193,0.0006678621
19755,0.2948784,0.29406393,0.00081448036
19756,0.29505157,0.2940621,0.0009894826
19757,0.2950818,0.29407588,0.0010059252
19758,0.29488853,0.29405856,0.00082995
19759,0.29471445,0.29403165,0.0006828188
19760,0.2947224,0.29402483,0.0006975706
19761,0.29486525,0.29405683,0.00080840307
19762,0.29494426,0.29404846,0.00089579896
19763,0.2949116,0.29405308,0.0008585189
19764,0.29477495,0.29403076,0.0007441991
19765,0.2946807,0.29401517,0.000665554
19766,0.29473397,0.29403448,0.00069950987
19767,0.2947969,0.29402423,0.0007726952
19768,0.29482388,0.29403463,0.0007892662
19769,0.29478014,0.29403177,0.00074837916
19770,0.2947141,0.2940225,0.0006916085
19771,0.29467142,0.2940008,0.00067061174
19772,0.29474443,0.29401454,0.0007299065
19773,0.2947877,0.2940267,0.0007610003
19774,0.29470885,0.29401866,0.00069017755
19775,0.29467335,0.2940014,0.00067193806
19776,0.2947428,0.29403162,0.0007111834
19777,0.29471684,0.29401997,0.0006968513
19778,0.29466453,0.29399428,0.00067023333
19779,0.29466438,0.2939965,0.00066787086
19780,0.2946767,0.29400316,0.0006735042
19781,0.29472762,0.2940078,0.000719814
19782,0.29479468,0.29401842,0.0007762842
19783,0.29478875,0.29402837,0.00076035876
19784,0.29480335,0.29401287,0.0007904641
19785,0.2948438,0.29402342,0.0008203575
19786,0.29482496,0.29401773,0.0008072186
19787,0.29470095,0.29399952,0.0007014085
19788,0.29472205,0.29401076,0.0007113052
19789,0.29471946,0.2940184,0.0007010576
19790,0.29477134,0.2940111,0.00076027436
19791,0.29479507,0.29403457,0.0007604853
19792,0.29471093,0.2940105,0.0007004359
19793,0.29468971,0.29401597,0.00067375356
19794,0.29470074,0.29400632,0.0006944175
19795,0.29471606,0.29402262,0.0006934376
19796,0.294646,0.2939785,0.0006674714
19797,0.29471207,0.29400966,0.00070241827
19798,0.29473948,0.2940015,0.00073800905
19799,0.29472315,0.2939864,0.00073674537
19800,0.29472497,0.29398665,0.0007383398
19801,0.29467544,0.29397848,0.0006969539
19802,0.29468465,0.2939874,0.0006972645
19803,0.29473937,0.2939812,0.0007581931
19804,0.29486355,0.29399696,0.0008665944
19805,0.29476148,0.29398832,0.0007731725
19806,0.29468966,0.293983,0.00070664776
19807,0.29465753,0.29397705,0.00068049936
19808,0.29464537,0.29396367,0.0006817017
19809,0.29463914,0.29396716,0.00067199906
19810,0.29475367,0.2939818,0.0007718775
19811,0.29484868,0.29398817,0.0008605011
19812,0.2947804,0.29398042,0.0007999886
19813,0.29466236,0.2939639,0.0006984348
19814,0.2946443,0.29395896,0.00068534317
19815,0.29489535,0.29398134,0.00091402896
19816,0.29512444,0.29401863,0.0011057941
19817,0.29507422,0.2940119,0.0010623568
19818,0.29486772,0.29397348,0.00089427514
19819,0.2946953,0.29395357,0.0007417105
19820,0.2946338,0.29394922,0.0006845895
19821,0.29462522,0.29394734,0.00067788514
19822,0.2947565,0.29395267,0.0008038116
19823,0.29492834,0.29397246,0.00095588295
19824,0.2950019,0.29397067,0.0010312141
19825,0.29500178,0.29397053,0.0010312494
19826,0.29493603,0.29398158,0.00095445645
19827,0.29480067,0.29395795,0.0008427288
19828,0.2946726,0.29393703,0.0007355822
19829,0.2945982,0.2939223,0.0006758998
19830,0.29458135,0.29391977,0.00066158467
19831,0.29458687,0.29392177,0.00066507346
19832,0.2945993,0.29392624,0.0006730549
19833,0.29464245,0.29391804,0.0007244142
19834,0.29475608,0.29392138,0.00083470467
19835,0.2949152,0.2939373,0.0009779185
19836,0.29495746,0.29394078,0.0010166768
19837,0.29484895,0.29393235,0.00091659295
19838,0.29469788,0.29391629,0.000781605
19839,0.29461855,0.2939114,0.0007071404
19840,0.2945619,0.29389703,0.0006648548
19841,0.29456693,0.29390386,0.000663087
19842,0.29454213,0.2938879,0.0006542204
19843,0.29457018,0.29389077,0.0006794028
19844,0.29457873,0.2938981,0.00068060355
19845,0.29455587,0.293883,0.0006728544
19846,0.2946026,0.29390344,0.00069918495
19847,0.2945463,0.29388827,0.00065804523
19848,0.29457092,0.29388982,0.00068112055
19849,0.2946673,0.29389653,0.0007707698
19850,0.29491326,0.2939101,0.001003162
19851,0.29494572,0.2939291,0.0010166247
19852,0.29468936,0.29391384,0.0007755269
19853,0.2945798,0.29388827,0.00069156074
19854,0.29490286,0.29391113,0.0009917496
19855,0.29543734,0.29398748,0.0014498502
19856,0.2954735,0.2939962,0.0014772797
19857,0.2948956,0.2939162,0.0009794006
19858,0.294527,0.29386103,0.00066595554
19859,0.2946677,0.29388705,0.00078063767
19860,0.29496565,0.29391366,0.0010519952
19861,0.29500175,0.29391262,0.0010891255
19862,0.29474607,0.29388323,0.0008628374
19863,0.2945504,0.29386267,0.00068770157
19864,0.294565,0.29386815,0.00069682184
19865,0.29459277,0.2938717,0.0007210829
19866,0.2946756,0.29388472,0.0007908523
19867,0.2946861,0.29387477,0.00081135007
19868,0.29462355,0.29386812,0.00075542805
19869,0.2945501,0.29385296,0.0006971421
19870,0.2945263,0.29385683,0.00066947134
19871,0.29453486,0.29384962,0.0006852318
19872,0.29455644,0.2938531,0.00070334657
19873,0.29452297,0.29384375,0.0006792288
19874,0.29451334,0.2938404,0.0006729607
19875,0.29459098,0.29385826,0.0007327005
19876,0.29456586,0.29383865,0.00072721095
19877,0.29453248,0.29384142,0.0006910638
19878,0.29456422,0.2938453,0.0007189211
19879,0.294529,0.29383662,0.0006923843
19880,0.29459807,0.2938317,0.000766353
19881,0.29463553,0.29383686,0.00079868326
19882,0.29461503,0.29384145,0.00077357696
19883,0.2944854,0.29381374,0.00067166693
19884,0.29453748,0.29381162,0.0007258545
19885,0.2945469,0.2938236,0.0007233011
19886,0.29450166,0.29381844,0.00068321044
19887,0.29447564,0.29380253,0.00067312433
19888,0.29458487,0.2938221,0.00076277147
19889,0.2947121,0.2938476,0.0008644837
19890,0.29472727,0.29384136,0.0008859208
19891,0.29455063,0.2938031,0.00074752833
19892,0.2944732,0.2937966,0.0006765982
19893,0.29457387,0.29381192,0.0007619525
19894,0.29460853,0.29382038,0.00078815024
19895,0.2945739,0.29381564,0.0007582523
19896,0.29450095,0.2938009,0.00070004084
19897,0.29448444,0.29380965,0.0006747829
19898,0.29454088,0.29381385,0.0007270514
19899,0.29453003,0.2938135,0.0007165469
19900,0.2944752,0.2937997,0.00067550567
19901,0.2945331,0.29380557,0.0007275365
19902,0.29449168,0.29380992,0.0006817765
19903,0.294537,0.29380572,0.0007312984
19904,0.29447234,0.29380187,0.00067046593
19905,0.29451007,0.29381612,0.00069397286
19906,0.29451224,0.29381168,0.0007005737
19907,0.2945759,0.2938127,0.0007632066
19908,0.294541,0.29380316,0.0007378451
19909,0.29448938,0.29379013,0.0006992312
19910,0.29449347,0.2937987,0.00069475605
19911,0.29448003,0.29378635,0.00069367763
19912,0.29448745,0.29380518,0.0006822668
19913,0.29446465,0.2937718,0.00069286453
19914,0.29449886,0.29379746,0.00070140156
19915,0.29447842,0.2937837,0.0006947328
19916,0.29455066,0.2937885,0.00076216896
19917,0.29449096,0.29377675,0.00071419205
19918,0.29445684,0.29377523,0.0006816185
19919,0.29447526,0.29376832,0.0007069384
19920,0.29455683,0.29377142,0.00078541355
19921,0.29463097,0.29377288,0.0008580831
19922,0.29456183,0.29378712,0.0007747095
19923,0.29446918,0.29375935,0.0007098133
19924,0.294431,0.29376596,0.0006650296
19925,0.2944321,0.29375583,0.0006762742
19926,0.2944362,0.29376107,0.00067511125
19927,0.2944337,0.29376587,0.0006678412
19928,0.29445556,0.29376432,0.0006912183
19929,0.2945012,0.29375613,0.00074505794
19930,0.29446858,0.29375026,0.00071832206
19931,0.29450583,0.29375404,0.00075178023
19932,0.29445615,0.29375288,0.00070326787
19933,0.2944998,0.2937781,0.00072172773
19934,0.29447445,0.29374984,0.00072461844
19935,0.2945752,0.29378211,0.0007930918
19936,0.29464644,0.29379594,0.0008505074
19937,0.2945921,0.29380244,0.0007896576
19938,0.2945119,0.2937927,0.0007192287
19939,0.29443914,0.2937312,0.00070791214
19940,0.29458562,0.29378077,0.00080483704
19941,0.2950393,0.29391417,0.001125105
19942,0.2949583,0.293838,0.0011203066
19943,0.29484075,0.29383764,0.001003128
19944,0.2945092,0.29375806,0.00075114454
19945,0.2945473,0.29376414,0.0007831648
19946,0.294497,0.29378623,0.0007107604
19947,0.2944386,0.29371986,0.00071873644
19948,0.29451478,0.2938013,0.00071347505
19949,0.29439464,0.2937257,0.0006689598
19950,0.29447153,0.29375395,0.0007175879
19951,0.29463047,0.29376274,0.00086771324
19952,0.29466236,0.29375038,0.0009119928
19953,0.29470596,0.2938185,0.00088744145
19954,0.29450583,0.29376894,0.0007368992
19955,0.29442963,0.29372814,0.00070149294
19956,0.29443482,0.29372808,0.00070672634
19957,0.29443058,0.29373896,0.0006916202
19958,0.29457185,0.293735,0.00083684747
19959,0.29451388,0.2937107,0.0008031636
19960,0.2946667,0.29373428,0.0009324093
19961,0.2946344,0.2937274,0.0009070231
19962,0.29462016,0.2937268,0.0008933776
19963,0.2945923,0.29377624,0.0008160379
19964,0.2944128,0.2936912,0.0007215985
19965,0.29438698,0.2937047,0.0006822798
19966,0.2945866,0.29372254,0.00086404075
19967,0.2949641,0.2937549,0.0012091824
19968,0.29538628,0.29384556,0.0015407166
19969,0.29548347,0.29380074,0.0016827018
19970,0.29521433,0.29377663,0.0014377007
19971,0.294711,0.29377115,0.0009398534
19972,0.29437003,0.29367182,0.00069821114
19973,0.29437134,0.29366678,0.000704571
19974,0.29471695,0.2936996,0.0010173668
19975,0.29510963,0.29381004,0.0012995878
19976,0.29511112,0.29377574,0.0013353649
19977,0.29480895,0.29374072,0.0010682188
19978,0.29445025,0.29373977,0.00071050366
19979,0.29435512,0.29366347,0.00069167494
19980,0.2946059,0.29378927,0.0008166597
19981,0.29468334,0.29375666,0.000926672
19982,0.2946209,0.2937088,0.0009121067
19983,0.29463428,0.29371974,0.0009145234
19984,0.29467642,0.293712,0.00096444844
19985,0.29464582,0.29367954,0.0009662576
19986,0.29476058,0.2937793,0.0009812668
19987,0.29475173,0.2937328,0.0010189418
19988,0.29473355,0.2937101,0.001023422
19989,0.294705,0.29368627,0.0010187489
19990,0.2945684,0.2936681,0.0009003013
19991,0.294421,0.29366976,0.0007512329
19992,0.29432333,0.2936457,0.0006776106
19993,0.2944433,0.29367137,0.00077193184
19994,0.29448164,0.2936424,0.000839239
19995,0.29470095,0.293733,0.00096793927
19996,0.2948672,0.29374665,0.0011205383
19997,0.29489896,0.2936966,0.0012023436
19998,0.29493883,0.29370126,0.0012375799
19999,0.29457775,0.29364663,0.00093108666
