,loss,residual_loss,bound_loss
0,31.692305,9.826292,21.866013
1,31.567614,9.81048,21.757133
2,31.443195,9.794562,21.648632
3,31.319117,9.778608,21.540508
4,31.195585,9.762812,21.432774
5,31.072653,9.747221,21.325432
6,30.949966,9.731476,21.21849
7,30.827814,9.715861,21.111954
8,30.705902,9.700077,21.005825
9,30.584593,9.684479,20.900114
10,30.463331,9.668508,20.794823
11,30.342937,9.652986,20.689953
12,30.22294,9.637425,20.585516
13,30.103548,9.622036,20.481512
14,29.984364,9.606421,20.377941
15,29.86575,9.590936,20.274815
16,29.747671,9.575538,20.172132
17,29.63014,9.560241,20.069899
18,29.513048,9.544931,19.968117
19,29.396475,9.529685,19.866789
20,29.280458,9.51454,19.765919
21,29.164738,9.499229,19.665508
22,29.049583,9.48402,19.565563
23,28.934988,9.468909,19.46608
24,28.820745,9.453678,19.367067
25,28.707308,9.43879,19.268518
26,28.594309,9.423868,19.17044
27,28.48168,9.408847,19.072834
28,28.369682,9.393983,18.9757
29,28.258135,9.379099,18.879036
30,28.147123,9.364276,18.782846
31,28.036863,9.349732,18.687132
32,27.926851,9.334962,18.59189
33,27.817518,9.320398,18.49712
34,27.708466,9.305641,18.402824
35,27.600199,9.291193,18.309006
36,27.492403,9.276745,18.215658
37,27.385166,9.2623825,18.122784
38,27.278524,9.248138,18.030386
39,27.172312,9.233856,17.938456
40,27.066477,9.219477,17.847
41,26.96123,9.205213,17.756018
42,26.856636,9.191135,17.6655
43,26.752548,9.177094,17.575455
44,26.648949,9.16307,17.485878
45,26.545822,9.149051,17.396772
46,26.443182,9.135047,17.308134
47,26.341105,9.121145,17.21996
48,26.23964,9.10739,17.132248
49,26.138544,9.093541,17.045002
50,26.038134,9.079915,16.95822
51,25.938221,9.066324,16.871897
52,25.838833,9.052797,16.786036
53,25.73987,9.039237,16.700634
54,25.64137,9.025682,16.615688
55,25.543413,9.012212,16.5312
56,25.446028,8.998861,16.447166
57,25.349089,8.9855,16.363588
58,25.252695,8.972233,16.280462
59,25.156778,8.958992,16.197786
60,25.061527,8.945964,16.115564
61,24.96643,8.932644,16.033787
62,24.872059,8.919598,15.952461
63,24.778124,8.906547,15.871578
64,24.684801,8.893658,15.791143
65,24.591959,8.880807,15.711152
66,24.499626,8.868019,15.631606
67,24.40798,8.855482,15.552499
68,24.316217,8.842383,15.473833
69,24.225397,8.829787,15.395609
70,24.134949,8.817127,15.3178215
71,24.044937,8.804464,15.240473
72,23.955578,8.792018,15.163561
73,23.866526,8.779443,15.087083
74,23.778027,8.766985,15.011043
75,23.689974,8.754542,14.935432
76,23.602345,8.742086,14.860259
77,23.515257,8.729741,14.785515
78,23.428848,8.717647,14.711203
79,23.342709,8.705387,14.6373205
80,23.257269,8.693399,14.563869
81,23.172102,8.681255,14.490846
82,23.087654,8.669403,14.418251
83,23.00329,8.657207,14.346083
84,22.919584,8.645245,14.274341
85,22.8363,8.633274,14.203026
86,22.753576,8.621441,14.132136
87,22.671255,8.609585,14.061671
88,22.589308,8.597674,13.991632
89,22.508213,8.5862,13.922014
90,22.427359,8.574536,13.852821
91,22.34701,8.562957,13.784052
92,22.26716,8.551456,13.715704
93,22.187796,8.540018,13.647778
94,22.108582,8.528309,13.580273
95,22.03015,8.516961,13.513188
96,21.952028,8.505503,13.446526
97,21.874496,8.494213,13.380283
98,21.797464,8.483001,13.314463
99,21.720556,8.471498,13.249059
100,21.644295,8.460218,13.184076
101,21.568586,8.449077,13.119511
102,21.493431,8.438065,13.0553665
103,21.418787,8.427147,12.991641
104,21.344297,8.415964,12.928332
105,21.27065,8.405208,12.865442
106,21.19717,8.3942,12.80297
107,21.12421,8.383296,12.740914
108,21.051651,8.372374,12.679277
109,20.979658,8.3616,12.618058
110,20.908066,8.350813,12.557254
111,20.83707,8.340206,12.496864
112,20.766586,8.329692,12.436894
113,20.696455,8.319118,12.377337
114,20.626587,8.30839,12.318197
115,20.557331,8.297857,12.259473
116,20.488365,8.287201,12.201163
117,20.420263,8.276997,12.143267
118,20.352474,8.266687,12.085786
119,20.284891,8.256171,12.02872
120,20.217882,8.245818,11.972064
121,20.151464,8.2356415,11.915823
122,20.085392,8.225398,11.859994
123,20.019867,8.21529,11.804577
124,19.954798,8.20523,11.749569
125,19.89011,8.195136,11.694974
126,19.825914,8.185126,11.640789
127,19.762062,8.175051,11.587011
128,19.698797,8.165151,11.533647
129,19.6359,8.155211,11.480688
130,19.573515,8.14538,11.428136
131,19.511591,8.135601,11.37599
132,19.450176,8.125924,11.324252
133,19.389175,8.116258,11.272918
134,19.328588,8.106601,11.221988
135,19.268417,8.096959,11.171459
136,19.208517,8.087185,11.121333
137,19.149382,8.077773,11.071609
138,19.09058,8.0682955,11.022284
139,19.032187,8.058828,10.973358
140,18.974283,8.049453,10.9248295
141,18.916775,8.040076,10.876698
142,18.859652,8.030691,10.828961
143,18.803003,8.021384,10.781619
144,18.74686,8.012194,10.734668
145,18.690983,8.002876,10.6881075
146,18.635483,7.993545,10.641938
147,18.580797,7.9846416,10.596156
148,18.526388,7.975625,10.550762
149,18.472433,7.9666805,10.505752
150,18.418905,7.9577804,10.461125
151,18.365854,7.9489727,10.416882
152,18.313011,7.939995,10.373015
153,18.260742,7.931213,10.329529
154,18.20889,7.92247,10.286421
155,18.157244,7.913558,10.243686
156,18.106247,7.904923,10.2013235
157,18.05557,7.896238,10.159333
158,18.005384,7.887674,10.117711
159,17.955442,7.878985,10.076457
160,17.90587,7.8703027,10.035568
161,17.856895,7.8618536,9.995041
162,17.808434,7.8535557,9.954877
163,17.76025,7.845177,9.915072
164,17.712484,7.8368626,9.875623
165,17.665073,7.828545,9.836528
166,17.618038,7.8202496,9.797788
167,17.571339,7.811944,9.759396
168,17.525082,7.8037286,9.721354
169,17.479158,7.795502,9.683656
170,17.433765,7.7874627,9.646303
171,17.388561,7.7792697,9.609291
172,17.343992,7.771375,9.572618
173,17.299425,7.7631445,9.536281
174,17.255646,7.7553663,9.500279
175,17.211866,7.747258,9.464609
176,17.168814,7.739544,9.42927
177,17.12614,7.7318835,9.394257
178,17.083689,7.7241187,9.35957
179,17.041533,7.7163296,9.325204
180,16.999746,7.708588,9.291159
181,16.958242,7.7008133,9.257429
182,16.917,7.6929836,9.224017
183,16.876286,7.6853695,9.190917
184,16.836048,7.67792,9.158128
185,16.79616,7.670514,9.125645
186,16.756401,7.662932,9.093469
187,16.717014,7.655418,9.061596
188,16.677912,7.6478906,9.030022
189,16.639307,7.640561,8.998746
190,16.60099,7.633224,8.967766
191,16.562845,7.625767,8.937078
192,16.525257,7.618576,8.906682
193,16.48792,7.6113467,8.876574
194,16.45102,7.6042695,8.84675
195,16.414349,7.5971384,8.817209
196,16.377966,7.590016,8.7879505
197,16.341892,7.582923,8.758969
198,16.305946,7.575681,8.730265
199,16.270227,7.568395,8.701832
200,16.234995,7.561323,8.673671
201,16.200134,7.554357,8.645777
202,16.165638,7.5474873,8.618152
203,16.131424,7.5406384,8.590786
204,16.097519,7.533832,8.563686
205,16.063656,7.5268135,8.536842
206,16.030058,7.519803,8.510255
207,15.99699,7.5130677,8.483922
208,15.964024,7.5061817,8.457842
209,15.931371,7.499361,8.43201
210,15.898993,7.4925666,8.406425
211,15.867104,7.4860187,8.381085
212,15.835262,7.4792743,8.355988
213,15.803741,7.472612,8.33113
214,15.772511,7.466,8.30651
215,15.741453,7.4593263,8.282126
216,15.710749,7.452774,8.257975
217,15.680308,7.446253,8.2340555
218,15.650138,7.439775,8.210363
219,15.620084,7.433183,8.1869
220,15.590183,7.426523,8.16366
221,15.560666,7.4200253,8.140641
222,15.531577,7.413733,8.117844
223,15.502577,7.407314,8.0952635
224,15.473621,7.400722,8.072899
225,15.445094,7.394346,8.050748
226,15.416807,7.387998,8.02881
227,15.388774,7.3816957,8.007078
228,15.361024,7.375468,7.985556
229,15.333381,7.369142,7.964238
230,15.305999,7.3628745,7.943124
231,15.278958,7.3567476,7.92221
232,15.251973,7.3504767,7.901496
233,15.225265,7.344287,7.8809776
234,15.1988,7.3381443,7.8606553
235,15.172386,7.3318596,7.840526
236,15.146225,7.3256364,7.8205886
237,15.120392,7.319553,7.8008385
238,15.094797,7.3135204,7.7812767
239,15.0691185,7.3072186,7.7619
240,15.043781,7.301075,7.7427063
241,15.018633,7.2949386,7.7236943
242,14.993707,7.2888446,7.704862
243,14.969046,7.282838,7.6862073
244,14.944568,7.2768393,7.6677284
245,14.920127,7.2707043,7.6494226
246,14.896015,7.2647243,7.631291
247,14.872043,7.258715,7.6133275
248,14.848271,7.252738,7.5955334
249,14.82458,7.2466736,7.5779066
250,14.801217,7.2407722,7.560445
251,14.77797,7.234823,7.543147
252,14.754903,7.2288933,7.5260096
253,14.731961,7.2229295,7.509032
254,14.709228,7.2170157,7.492212
255,14.686742,7.211193,7.475549
256,14.664261,7.2052193,7.4590416
257,14.64207,7.199383,7.4426866
258,14.620122,7.1936393,7.4264827
259,14.598079,7.1876493,7.4104295
260,14.576361,7.1818376,7.3945227
261,14.554805,7.1760397,7.378765
262,14.533372,7.170221,7.3631506
263,14.512006,7.1643257,7.34768
264,14.490689,7.158339,7.3323503
265,14.469649,7.1524863,7.317163
266,14.448948,7.1468344,7.302113
267,14.4283495,7.141149,7.2872005
268,14.407877,7.135453,7.2724237
269,14.3873205,7.129538,7.257782
270,14.367052,7.123781,7.2432714
271,14.346907,7.1180143,7.2288923
272,14.326992,7.1123486,7.2146435
273,14.306933,7.106411,7.2005224
274,14.287323,7.1007943,7.186529
275,14.267711,7.095051,7.17266
276,14.24832,7.089403,7.1589165
277,14.229091,7.0837965,7.145294
278,14.209758,7.0779634,7.131794
279,14.190692,7.0722785,7.118413
280,14.1716,7.06645,7.1051497
281,14.152774,7.060769,7.0920043
282,14.134112,7.055137,7.078975
283,14.11551,7.04945,7.0660596
284,14.097001,7.0437436,7.0532575
285,14.078536,7.0379686,7.0405674
286,14.060441,7.032453,7.0279875
287,14.042248,7.026731,7.0155163
288,14.024293,7.0211387,7.003154
289,14.0063095,7.0154123,6.990897
290,13.988523,7.009776,6.9787464
291,13.970815,7.0041156,6.966699
292,13.953117,6.9983616,6.9547553
293,13.93564,6.9927273,6.942913
294,13.918192,6.9870205,6.9311714
295,13.900903,6.9813743,6.919528
296,13.883712,6.9757276,6.9079847
297,13.866613,6.9700775,6.8965364
298,13.849582,6.964397,6.8851843
299,13.832567,6.9586406,6.873927
300,13.815714,6.9529514,6.862763
301,13.799027,6.947336,6.8516912
302,13.782438,6.9417276,6.8407106
303,13.765862,6.936042,6.8298206
304,13.749271,6.9302516,6.8190193
305,13.732859,6.9245534,6.8083057
306,13.7167,6.9190226,6.7976775
307,13.700564,6.913427,6.7871375
308,13.684462,6.9077816,6.7766795
309,13.668261,6.9019537,6.766307
310,13.652298,6.896282,6.7560163
311,13.6365,6.890692,6.7458076
312,13.620699,6.8850203,6.7356787
313,13.605064,6.8794355,6.725629
314,13.589372,6.8737135,6.715658
315,13.573859,6.868095,6.705765
316,13.558469,6.862522,6.695947
317,13.54299,6.8567834,6.686206
318,13.527621,6.8510814,6.6765394
319,13.512152,6.8452053,6.666946
320,13.496991,6.839566,6.657425
321,13.48191,6.833934,6.647976
322,13.466787,6.8281903,6.638597
323,13.451713,6.822424,6.629288
324,13.436849,6.816799,6.6200495
325,13.422167,6.8112893,6.610877
326,13.407322,6.8055487,6.6017733
327,13.392741,6.8000064,6.5927343
328,13.377939,6.7941785,6.583761
329,13.363264,6.788411,6.574853
330,13.348768,6.782761,6.5660076
331,13.334279,6.777052,6.5572267
332,13.319878,6.7713714,6.548506
333,13.30535,6.7655034,6.539847
334,13.2910185,6.75977,6.531248
335,13.276747,6.754038,6.522709
336,13.26269,6.748461,6.5142283
337,13.24865,6.7428446,6.505805
338,13.234357,6.7369165,6.4974403
339,13.220298,6.731167,6.489131
340,13.206272,6.725395,6.480877
341,13.192414,6.719735,6.4726787
342,13.178434,6.713899,6.4645348
343,13.164575,6.7081304,6.4564443
344,13.150701,6.7022967,6.4484043
345,13.136898,6.6964793,6.4404187
346,13.123128,6.6906457,6.4324827
347,13.10954,6.6849422,6.424598
348,13.095842,6.67908,6.416762
349,13.082268,6.673291,6.4089766
350,13.06872,6.6674814,6.4012384
351,13.05538,6.6618323,6.3935475
352,13.041967,6.656063,6.3859043
353,13.028447,6.6501403,6.3783073
354,13.015128,6.644372,6.370756
355,13.001719,6.6384697,6.3632503
356,12.9885,6.632712,6.3557878
357,12.975313,6.6269426,6.3483706
358,12.962131,6.621135,6.3409953
359,12.94901,6.6153455,6.333664
360,12.935816,6.6094427,6.326373
361,12.922664,6.6035385,6.3191247
362,12.909586,6.5976686,6.3119173
363,12.896466,6.5917163,6.30475
364,12.883413,6.585792,6.297621
365,12.870418,6.579884,6.290533
366,12.857488,6.5740047,6.2834826
367,12.844707,6.5682364,6.2764697
368,12.831796,6.562302,6.269494
369,12.818991,6.5564346,6.262556
370,12.806209,6.5505548,6.255654
371,12.793467,6.544679,6.2487874
372,12.780638,6.538681,6.2419567
373,12.767858,6.5326977,6.2351604
374,12.7551565,6.526758,6.2283983
375,12.7423935,6.5207233,6.22167
376,12.729786,6.514811,6.2149754
377,12.7171335,6.508819,6.2083144
378,12.704733,6.503049,6.2016845
379,12.692141,6.497054,6.1950865
380,12.6795635,6.4910436,6.18852
381,12.667067,6.4850826,6.1819844
382,12.654498,6.479018,6.17548
383,12.641986,6.472981,6.1690044
384,12.629656,6.467096,6.16256
385,12.617295,6.461152,6.156143
386,12.604885,6.4551296,6.1497555
387,12.592511,6.449115,6.1433964
388,12.58018,6.443115,6.137065
389,12.56786,6.437098,6.1307616
390,12.555506,6.4310217,6.124484
391,12.543166,6.424931,6.1182346
392,12.530936,6.4189262,6.1120105
393,12.518801,6.4129877,6.105813
394,12.506451,6.4068093,6.0996413
395,12.494334,6.400841,6.093493
396,12.4821,6.394729,6.0873704
397,12.469919,6.3886466,6.0812726
398,12.457795,6.3825965,6.075199
399,12.445716,6.3765674,6.0691485
400,12.433538,6.3704166,6.0631213
401,12.421509,6.364391,6.0571175
402,12.409384,6.3582478,6.051136
403,12.397322,6.352145,6.0451765
404,12.385281,6.346041,6.0392394
405,12.373322,6.339997,6.0333247
406,12.36132,6.3338885,6.0274305
407,12.349326,6.3277683,6.021558
408,12.337339,6.321635,6.015705
409,12.325364,6.3154907,6.009874
410,12.313345,6.3092833,6.0040617
411,12.301504,6.303233,5.998271
412,12.2895,6.2970014,5.992499
413,12.277549,6.2908044,5.986745
414,12.265645,6.2846336,5.981012
415,12.253663,6.2783666,5.9752965
416,12.241732,6.2721314,5.9695997
417,12.22994,6.2660184,5.9639215
418,12.21801,6.2597494,5.9582605
419,12.20618,6.253562,5.952617
420,12.194445,6.247453,5.9469914
421,12.182606,6.2412233,5.9413824
422,12.1708555,6.235065,5.935791
423,12.15912,6.228905,5.930215
424,12.147273,6.2226176,5.924656
425,12.135453,6.21634,5.919113
426,12.123687,6.2100997,5.9135866
427,12.112058,6.2039824,5.9080753
428,12.100184,6.1976056,5.9025793
429,12.088492,6.1913924,5.8970995
430,12.076857,6.185223,5.891634
431,12.065196,6.1790123,5.886184
432,12.053367,6.172618,5.8807483
433,12.041648,6.166321,5.875327
434,12.029967,6.1600466,5.8699203
435,12.018291,6.1537642,5.8645277
436,12.006614,6.1474657,5.859148
437,11.994968,6.1411843,5.8537836
438,11.983311,6.1348796,5.8484316
439,11.971751,6.1286592,5.8430924
440,11.960162,6.122396,5.8377666
441,11.948496,6.1160417,5.832454
442,11.936922,6.1097674,5.8271546
443,11.925208,6.103341,5.821867
444,11.913768,6.097175,5.816592
445,11.90221,6.0908804,5.81133
446,11.890688,6.0846095,5.8060784
447,11.87904,6.0781994,5.8008404
448,11.867457,6.071844,5.7956133
449,11.855889,6.065491,5.790398
450,11.844293,6.0590982,5.785194
451,11.832785,6.052783,5.780001
452,11.821295,6.0464745,5.77482
453,11.809698,6.040049,5.769649
454,11.798028,6.033538,5.76449
455,11.786454,6.0271134,5.7593412
456,11.774952,6.0207486,5.754203
457,11.763295,6.014221,5.749074
458,11.751925,6.0079684,5.7439575
459,11.740539,6.001689,5.7388496
460,11.729092,5.9953394,5.7337523
461,11.717625,5.9889603,5.7286644
462,11.706157,5.9825687,5.7235885
463,11.694672,5.976152,5.718519
464,11.683159,5.9696975,5.713462
465,11.671654,5.963241,5.7084126
466,11.660108,5.9567337,5.7033734
467,11.648691,5.9503474,5.6983433
468,11.637093,5.94377,5.6933227
469,11.625642,5.9373317,5.6883106
470,11.614289,5.9309826,5.6833067
471,11.6027975,5.924485,5.6783123
472,11.591416,5.91809,5.6733265
473,11.579849,5.9115,5.668349
474,11.56858,5.905199,5.66338
475,11.557159,5.89874,5.6584196
476,11.54572,5.892252,5.653468
477,11.534421,5.8858967,5.6485243
478,11.523036,5.879448,5.643588
479,11.511727,5.8730664,5.6386604
480,11.500257,5.8665156,5.633741
481,11.4887495,5.859919,5.62883
482,11.477343,5.853417,5.6239257
483,11.466142,5.847112,5.6190295
484,11.454624,5.8404827,5.6141415
485,11.443211,5.833951,5.60926
486,11.431724,5.827337,5.604387
487,11.420374,5.8208528,5.5995207
488,11.408918,5.8142567,5.5946617
489,11.397602,5.807791,5.5898104
490,11.386177,5.801211,5.5849657
491,11.374832,5.794704,5.580128
492,11.363543,5.7882442,5.5752983
493,11.352088,5.781614,5.5704746
494,11.340817,5.7751594,5.565658
495,11.329545,5.768697,5.560848
496,11.318067,5.762021,5.5560455
497,11.3066635,5.755415,5.5512486
498,11.295369,5.7489104,5.546459
499,11.284156,5.74248,5.541676
500,11.272788,5.735888,5.5368996
501,11.26137,5.7292404,5.5321293
502,11.250095,5.72273,5.527365
503,11.238752,5.716144,5.522608
504,11.227471,5.7096143,5.517857
505,11.216202,5.7030888,5.513113
506,11.204973,5.6966004,5.508373
507,11.193641,5.69,5.5036407
508,11.182177,5.6832623,5.4989142
509,11.170843,5.6766486,5.4941945
510,11.159423,5.669943,5.4894805
511,11.148253,5.6634817,5.4847717
512,11.136998,5.656929,5.480069
513,11.12578,5.6504083,5.4753723
514,11.114544,5.6438622,5.470681
515,11.103176,5.6371794,5.4659963
516,11.091822,5.630505,5.461317
517,11.080549,5.623906,5.4566436
518,11.069335,5.617359,5.451976
519,11.057984,5.610671,5.4473133
520,11.046925,5.6042686,5.442656
521,11.035521,5.597515,5.4380054
522,11.024223,5.5908623,5.4333606
523,11.012867,5.584147,5.42872
524,11.0016165,5.57753,5.424086
525,10.990346,5.5708885,5.419457
526,10.97916,5.564328,5.4148326
527,10.967998,5.5577826,5.410215
528,10.956615,5.551013,5.405602
529,10.94549,5.544496,5.400994
530,10.934195,5.537803,5.396391
531,10.922858,5.5310645,5.3917937
532,10.911552,5.5243516,5.3872013
533,10.900428,5.5178137,5.3826146
534,10.889196,5.511163,5.3780327
535,10.878006,5.5045505,5.373456
536,10.866812,5.4979267,5.368885
537,10.855604,5.4912853,5.364319
538,10.84441,5.4846525,5.359757
539,10.833087,5.4778857,5.355201
540,10.821929,5.4712806,5.350649
541,10.810715,5.4646115,5.3461027
542,10.799514,5.4579525,5.341562
543,10.788226,5.451201,5.337025
544,10.776991,5.4444966,5.332494
545,10.765754,5.4377875,5.327966
546,10.754588,5.4311438,5.3234444
547,10.743243,5.424316,5.318927
548,10.7321415,5.4177275,5.314414
549,10.720936,5.41103,5.3099065
550,10.70976,5.404357,5.305403
551,10.698449,5.397544,5.300905
552,10.68726,5.3908477,5.2964115
553,10.676053,5.38413,5.291923
554,10.664826,5.3773875,5.287439
555,10.65373,5.3707714,5.282959
556,10.642602,5.364119,5.2784834
557,10.631432,5.3574185,5.2740135
558,10.620252,5.3507047,5.269547
559,10.609093,5.3440065,5.265086
560,10.598117,5.337487,5.2606297
561,10.58703,5.3308525,5.256178
562,10.575733,5.324002,5.251731
563,10.564487,5.3171997,5.2472878
564,10.553453,5.310604,5.2428493
565,10.542212,5.3037953,5.2384157
566,10.530888,5.296901,5.2339864
567,10.519715,5.290155,5.2295604
568,10.508685,5.2835455,5.2251396
569,10.497574,5.2768497,5.220724
570,10.486393,5.270081,5.2163124
571,10.475285,5.2633796,5.211905
572,10.4643,5.2567983,5.2075024
573,10.45326,5.250156,5.203104
574,10.44197,5.243259,5.198711
575,10.430963,5.2366414,5.194321
576,10.419939,5.230002,5.189937
577,10.408777,5.2232203,5.1855574
578,10.397516,5.216336,5.181181
579,10.386476,5.2096667,5.1768093
580,10.375397,5.2029543,5.1724424
581,10.364304,5.1962237,5.16808
582,10.353334,5.1896133,5.163721
583,10.342044,5.1826763,5.159367
584,10.330998,5.1759815,5.155017
585,10.3199215,5.1692495,5.150672
586,10.308933,5.1626034,5.14633
587,10.298068,5.1560745,5.141994
588,10.286969,5.1493077,5.137662
589,10.275757,5.1424246,5.1333327
590,10.26462,5.135611,5.129009
591,10.253592,5.1289024,5.1246886
592,10.242511,5.1221375,5.120373
593,10.23166,5.1155963,5.116063
594,10.220485,5.108729,5.111756
595,10.209265,5.101811,5.107454
596,10.198308,5.095153,5.103155
597,10.187232,5.0883718,5.0988607
598,10.1762905,5.0817194,5.0945706
599,10.165308,5.0750237,5.0902843
600,10.15433,5.0683274,5.0860033
601,10.143315,5.06159,5.0817256
602,10.132318,5.054865,5.077453
603,10.121311,5.0481267,5.073184
604,10.110267,5.0413475,5.0689197
605,10.099197,5.0345383,5.064659
606,10.088277,5.0278735,5.0604033
607,10.07738,5.0212293,5.056151
608,10.066513,5.01461,5.0519032
609,10.055593,5.007932,5.0476604
610,10.044667,5.0012455,5.0434217
611,10.033504,4.9943166,5.0391865
612,10.022533,4.987577,5.0349565
613,10.011581,4.9808507,5.0307302
614,10.00055,4.9740434,5.0265074
615,9.989748,4.9674573,5.02229
616,9.979017,4.9609413,5.018076
617,9.967905,4.9540386,5.0138664
618,9.956948,4.9472876,5.009661
619,9.946025,4.9405637,5.0054607
620,9.935059,4.9337945,5.001264
621,9.9241295,4.927058,4.9970713
622,9.913317,4.9204335,4.9928827
623,9.902583,4.9138846,4.988699
624,9.891638,4.907119,4.984519
625,9.880487,4.9001446,4.980343
626,9.869617,4.8934455,4.976172
627,9.858817,4.886812,4.972005
628,9.848051,4.88021,4.967841
629,9.837161,4.873479,4.9636827
630,9.826248,4.866721,4.9595275
631,9.815417,4.8600397,4.955377
632,9.804545,4.853315,4.95123
633,9.793763,4.8466744,4.9470887
634,9.782918,4.8399677,4.9429502
635,9.772054,4.833237,4.9388165
636,9.761267,4.8265805,4.9346867
637,9.750445,4.819884,4.9305615
638,9.739537,4.813097,4.9264402
639,9.728861,4.806537,4.922323
640,9.718184,4.7999735,4.918211
641,9.707443,4.7933407,4.9141026
642,9.69645,4.7864523,4.9099984
643,9.685705,4.7798066,4.9058986
644,9.674925,4.7731223,4.9018025
645,9.664207,4.766496,4.8977113
646,9.653469,4.7598453,4.893624
647,9.642713,4.753172,4.8895407
648,9.631853,4.746392,4.885462
649,9.621142,4.739754,4.8813877
650,9.61033,4.733012,4.8773174
651,9.599745,4.7264934,4.8732514
652,9.589146,4.7199564,4.8691893
653,9.578362,4.71323,4.8651323
654,9.567722,4.7066426,4.861079
655,9.557083,4.7000527,4.8570304
656,9.546372,4.6933866,4.8529863
657,9.535594,4.686649,4.848945
658,9.524974,4.6800647,4.844909
659,9.514233,4.6733546,4.8408775
660,9.503761,4.6669106,4.836851
661,9.493084,4.6602564,4.8328276
662,9.482379,4.6535697,4.828809
663,9.471769,4.646974,4.824795
664,9.461142,4.6403575,4.820784
665,9.45049,4.633713,4.8167777
666,9.43987,4.6270933,4.812776
667,9.429361,4.6205826,4.808779
668,9.418715,4.613929,4.8047853
669,9.4082,4.6074038,4.8007965
670,9.397638,4.6008263,4.796812
671,9.387107,4.594276,4.7928314
672,9.376571,4.587715,4.7888556
673,9.366053,4.5811687,4.7848835
674,9.355444,4.5745273,4.7809167
675,9.344823,4.5678697,4.7769537
676,9.334214,4.5612183,4.7729955
677,9.323692,4.554651,4.7690415
678,9.313267,4.5481753,4.7650914
679,9.30277,4.541625,4.761145
680,9.29227,4.5350657,4.757204
681,9.281738,4.528471,4.7532673
682,9.271291,4.521956,4.749335
683,9.260847,4.515441,4.745406
684,9.250437,4.508954,4.7414827
685,9.239986,4.502424,4.7375627
686,9.229649,4.4960012,4.7336473
687,9.219234,4.4894986,4.729736
688,9.208812,4.4829826,4.7258296
689,9.198398,4.4764705,4.721927
690,9.187997,4.469968,4.718029
691,9.177482,4.4633455,4.714136
692,9.167185,4.4569383,4.710247
693,9.1567135,4.4503508,4.7063627
694,9.146432,4.44395,4.702482
695,9.1360235,4.4374185,4.6986055
696,9.125834,4.4311,4.6947346
697,9.115399,4.4245324,4.6908674
698,9.105084,4.4180794,4.6870046
699,9.094863,4.411716,4.683147
700,9.0845175,4.405224,4.679293
701,9.074121,4.3986773,4.6754436
702,9.063822,4.3922224,4.6715994
703,9.053517,4.3857584,4.667759
704,9.043141,4.3792176,4.6639233
705,9.033051,4.3729587,4.6600914
706,9.022873,4.3666086,4.656265
707,9.01255,4.360109,4.6524415
708,9.002274,4.353651,4.6486225
709,8.992055,4.347246,4.644809
710,8.981828,4.3408284,4.6409993
711,8.97165,4.3344564,4.637193
712,8.961382,4.327989,4.633393
713,8.95133,4.3217344,4.6295958
714,8.9411335,4.31533,4.625804
715,8.930827,4.3088107,4.6220164
716,8.920677,4.3024435,4.618233
717,8.9105835,4.2961283,4.6144547
718,8.900374,4.2896943,4.61068
719,8.890378,4.2834673,4.6069107
720,8.880288,4.277143,4.603145
721,8.870262,4.2708783,4.5993834
722,8.86002,4.2643933,4.595627
723,8.849951,4.258076,4.5918746
724,8.839954,4.251827,4.588127
725,8.830035,4.2456512,4.5843835
726,8.81976,4.2391157,4.5806446
727,8.809781,4.23287,4.5769105
728,8.799717,4.226536,4.5731807
729,8.789809,4.2203536,4.5694556
730,8.779805,4.2140703,4.565735
731,8.769913,4.2078943,4.5620184
732,8.759955,4.2016487,4.558307
733,8.749792,4.195192,4.5546
734,8.739865,4.188968,4.550897
735,8.729937,4.182738,4.547199
736,8.719984,4.1764784,4.543505
737,8.710098,4.1702824,4.539816
738,8.699956,4.1638255,4.536131
739,8.690028,4.1575775,4.5324507
740,8.680062,4.151288,4.5287743
741,8.670291,4.145189,4.5251026
742,8.660452,4.1390166,4.5214353
743,8.650682,4.1329103,4.5177717
744,8.640808,4.1266937,4.514114
745,8.630984,4.120525,4.5104594
746,8.621237,4.1144266,4.5068107
747,8.61142,4.1082535,4.5031657
748,8.601581,4.102055,4.4995255
749,8.591742,4.0958514,4.4958906
750,8.582051,4.089792,4.492259
751,8.5722275,4.0835943,4.4886336
752,8.562455,4.077443,4.4850116
753,8.552754,4.071361,4.481394
754,8.543026,4.0652437,4.477782
755,8.533195,4.059022,4.474173
756,8.523605,4.0530367,4.4705687
757,8.513937,4.046967,4.4669695
758,8.504214,4.0408397,4.463375
759,8.494555,4.03477,4.459785
760,8.484715,4.028516,4.456199
761,8.475118,4.022499,4.452618
762,8.465363,4.0163217,4.4490414
763,8.455766,4.010297,4.4454684
764,8.446104,4.0042033,4.4419007
765,8.436561,3.9982235,4.4383373
766,8.427125,3.9923465,4.434778
767,8.417553,3.986329,4.4312243
768,8.407991,3.9803176,4.4276743
769,8.398436,3.974307,4.4241285
770,8.388781,3.9681919,4.4205885
771,8.379291,3.962239,4.417052
772,8.369527,3.9560072,4.4135194
773,8.360099,3.9501069,4.4099917
774,8.35056,3.944092,4.4064684
775,8.34116,3.93821,4.4029503
776,8.331631,3.9321954,4.3994355
777,8.322096,3.9261708,4.3959255
778,8.312751,3.92033,4.3924203
779,8.303438,3.9145186,4.38892
780,8.29406,3.9086356,4.3854237
781,8.284598,3.9026659,4.3819323
782,8.275279,3.8968341,4.378445
783,8.2657795,3.890817,4.3749623
784,8.2564335,3.8849487,4.3714843
785,8.247038,3.8790274,4.368011
786,8.23763,3.8730886,4.364541
787,8.2282095,3.8671324,4.361077
788,8.21901,3.8613942,4.357616
789,8.209668,3.8555076,4.3541603
790,8.200312,3.8496017,4.3507094
791,8.190948,3.843686,4.347262
792,8.181627,3.837807,4.34382
793,8.172349,3.8319669,4.3403816
794,8.163186,3.8262389,4.336947
795,8.153923,3.8204043,4.3335185
796,8.144592,3.8144991,4.330093
797,8.1354475,3.808775,4.3266726
798,8.126117,3.8028607,4.3232565
799,8.116971,3.7971256,4.319845
800,8.107865,3.791428,4.3164372
801,8.098869,3.7858343,4.3130345
802,8.089651,3.7800152,4.309636
803,8.080383,3.774141,4.3062425
804,8.071257,3.768404,4.3028526
805,8.062231,3.7627637,4.299467
806,8.05306,3.7569728,4.2960873
807,8.0439825,3.7512717,4.292711
808,8.034823,3.7454846,4.289339
809,8.025825,3.739853,4.285972
810,8.01657,3.7339609,4.2826095
811,8.007617,3.7283661,4.2792506
812,7.99868,3.722783,4.275897
813,7.9896994,3.7171526,4.272547
814,7.980624,3.711423,4.2692013
815,7.9716816,3.7058215,4.26586
816,7.9627256,3.700202,4.2625237
817,7.9536376,3.6944458,4.2591915
818,7.9446125,3.6887486,4.255864
819,7.935654,3.6831138,4.25254
820,7.9266973,3.6774757,4.2492213
821,7.9179554,3.6720483,4.2459073
822,7.90916,3.666563,4.242597
823,7.9003305,3.6610386,4.2392917
824,7.891272,3.6552818,4.2359905
825,7.8825855,3.649892,4.2326937
826,7.8736396,3.6442387,4.2294006
827,7.864724,3.6386116,4.226113
828,7.856022,3.6331918,4.22283
829,7.8470917,3.627542,4.2195497
830,7.8382974,3.6220229,4.2162743
831,7.8294334,3.6164298,4.2130036
832,7.820776,3.6110392,4.209737
833,7.8119183,3.6054432,4.206475
834,7.8032174,3.5999992,4.203218
835,7.794437,3.594473,4.199964
836,7.7855825,3.5888672,4.1967154
837,7.7768483,3.5833774,4.193471
838,7.76829,3.5780592,4.190231
839,7.759672,3.5726771,4.186995
840,7.7510104,3.5672472,4.1837635
841,7.742262,3.5617254,4.1805363
842,7.7336082,3.5562947,4.177314
843,7.724971,3.5508752,4.1740956
844,7.716325,3.5454435,4.1708813
845,7.707605,3.5399334,4.1676717
846,7.6990933,3.5346277,4.1644654
847,7.690607,3.5293424,4.1612644
848,7.68193,3.5238626,4.158067
849,7.673431,3.518557,4.154874
850,7.6648974,3.513212,4.151685
851,7.656204,3.5077038,4.1485004
852,7.647652,3.502332,4.1453204
853,7.639041,3.4968967,4.142144
854,7.6305714,3.4916,4.1389713
855,7.6220555,3.486252,4.1358037
856,7.6137376,3.4810972,4.1326404
857,7.605379,3.4758987,4.1294804
858,7.596971,3.4706457,4.1263256
859,7.588554,3.4653795,4.123174
860,7.5799913,3.4599645,4.120027
861,7.57167,3.4547856,4.116884
862,7.563321,3.4495761,4.113745
863,7.5548873,3.4442763,4.110611
864,7.5466123,3.439131,4.107481
865,7.538106,3.4337516,4.1043544
866,7.529775,3.4285424,4.1012325
867,7.5213337,3.4232185,4.098115
868,7.5129037,3.4179018,4.0950017
869,7.504584,3.4126918,4.091892
870,7.496321,3.407534,4.088787
871,7.488133,3.4024467,4.085686
872,7.4797554,3.3971658,4.0825896
873,7.4715524,3.3920548,4.0794973
874,7.4633946,3.386985,4.0764093
875,7.4551883,3.3818629,4.0733256
876,7.4469237,3.376678,4.0702457
877,7.4388804,3.3717096,4.0671706
878,7.430773,3.3666742,4.064099
879,7.422517,3.3614852,4.0610313
880,7.4143295,3.3563614,4.057968
881,7.4060316,3.3511221,4.0549097
882,7.39802,3.3461645,4.051855
883,7.389784,3.34098,4.048804
884,7.38161,3.335852,4.0457582
885,7.373473,3.3307579,4.0427155
886,7.3652797,3.325602,4.0396776
887,7.357273,3.3206296,4.0366435
888,7.349158,3.3155437,4.033614
889,7.3411283,3.3105397,4.0305886
890,7.333164,3.3055973,4.027567
891,7.3252187,3.3006685,4.02455
892,7.317215,3.2956784,4.0215364
893,7.309139,3.2906115,4.0185275
894,7.301179,3.285656,4.015523
895,7.293248,3.2807274,4.012521
896,7.285206,3.2756827,4.0095234
897,7.277315,3.2707849,4.0065303
898,7.2694526,3.2659113,4.0035415
899,7.261333,3.2607765,4.0005565
900,7.2533665,3.2557902,3.9975762
901,7.245361,3.250762,3.994599
902,7.2375226,3.2458966,3.991626
903,7.229626,3.2409692,3.988657
904,7.221874,3.2361827,3.9856915
905,7.2140822,3.231352,3.9827302
906,7.2061887,3.2264156,3.979773
907,7.198257,3.2214375,3.9768198
908,7.190467,3.2165968,3.9738703
909,7.18279,3.2118645,3.9709253
910,7.1749434,3.2069592,3.967984
911,7.167044,3.2019975,3.9650466
912,7.159272,3.1971586,3.9621134
913,7.151516,3.1923323,3.9591837
914,7.143673,3.1874142,3.9562588
915,7.135946,3.1826084,3.9533374
916,7.1283917,3.177972,3.9504197
917,7.1205506,3.173045,3.9475055
918,7.112769,3.1681728,3.944596
919,7.1050687,3.1633785,3.94169
920,7.0974116,3.1586235,3.9387882
921,7.0897684,3.1538787,3.9358895
922,7.0820174,3.1490223,3.9329953
923,7.074384,3.1442792,3.930105
924,7.0667834,3.1395655,3.927218
925,7.0592394,3.1349041,3.9243352
926,7.0516505,3.1301942,3.9214566
927,7.044092,3.1255105,3.918582
928,7.036493,3.1207821,3.9157104
929,7.0289874,3.1161437,3.9128437
930,7.0213966,3.1114163,3.9099805
931,7.013861,3.1067395,3.9071217
932,7.006249,3.1019826,3.904266
933,6.9987297,3.097315,3.9014144
934,6.991257,3.0926902,3.898567
935,6.983654,3.087931,3.8957229
936,6.9761915,3.0833087,3.8928826
937,6.968729,3.0786824,3.8900466
938,6.96135,3.0741358,3.887214
939,6.9538727,3.069487,3.8843853
940,6.9465,3.064939,3.8815606
941,6.938962,3.0602217,3.8787405
942,6.9314365,3.055513,3.8759234
943,6.9241276,3.0510168,3.873111
944,6.916678,3.0463755,3.8703027
945,6.9092445,3.041747,3.8674974
946,6.901948,3.0372517,3.8646963
947,6.894594,3.0326953,3.861899
948,6.88733,3.0282252,3.8591049
949,6.879978,3.023663,3.856315
950,6.872596,3.0190673,3.8535285
951,6.8653092,3.014564,3.8507452
952,6.85798,3.0100143,3.8479655
953,6.8507276,3.0055387,3.845189
954,6.8433533,3.0009372,3.842416
955,6.836079,2.9964316,3.8396473
956,6.8287582,2.9918766,3.8368816
957,6.821421,2.9873016,3.8341198
958,6.8141885,2.9828272,3.8313613
959,6.807066,2.9784591,3.8286068
960,6.7998757,2.9740198,3.825856
961,6.792671,2.9695625,3.8231084
962,6.785625,2.9652596,3.8203657
963,6.7784166,2.9607906,3.8176258
964,6.771122,2.9562325,3.8148894
965,6.7639475,2.9517908,3.812157
966,6.7568393,2.9474108,3.8094285
967,6.7497563,2.9430537,3.8067026
968,6.742551,2.9385695,3.8039813
969,6.7354393,2.9341762,3.801263
970,6.728428,2.9298792,3.798549
971,6.721197,2.9253588,3.7958384
972,6.713964,2.9208329,3.793131
973,6.707014,2.9165862,3.7904282
974,6.699987,2.9122584,3.7877285
975,6.6928616,2.9078283,3.7850332
976,6.6858377,2.9034965,3.7823412
977,6.6787515,2.8990986,3.7796526
978,6.67191,2.8949418,3.776968
979,6.6648793,2.8905928,3.7742867
980,6.657958,2.886349,3.7716088
981,6.6508927,2.8819575,3.768935
982,6.6439304,2.8776658,3.7662644
983,6.6369677,2.873371,3.763597
984,6.630016,2.869082,3.7609336
985,6.6231327,2.8648593,3.7582736
986,6.6161175,2.8605006,3.7556167
987,6.6091895,2.856226,3.7529633
988,6.6022053,2.8518918,3.7503135
989,6.595336,2.847669,3.7476673
990,6.5884614,2.8434372,3.7450242
991,6.5814033,2.8390188,3.7423844
992,6.57466,2.8349113,3.7397482
993,6.567794,2.8306787,3.7371151
994,6.5609536,2.826468,3.7344859
995,6.55415,2.8222897,3.7318604
996,6.5473795,2.8181417,3.7292376
997,6.540526,2.8139074,3.7266188
998,6.533629,2.8096263,3.7240026
999,6.526929,2.8055382,3.7213905
1000,6.519973,2.8011916,3.7187815
1001,6.5131636,2.796988,3.7161756
1002,6.5064807,2.7929075,3.7135732
1003,6.499773,2.7887986,3.7109742
1004,6.4931293,2.7847514,3.708378
1005,6.4863973,2.7806122,3.7057853
1006,6.4796658,2.7764697,3.703196
1007,6.473061,2.7724504,3.7006104
1008,6.4663787,2.7683516,3.6980274
1009,6.4596176,2.7641692,3.6954486
1010,6.45286,2.7599869,3.692873
1011,6.446075,2.755774,3.6903007
1012,6.4396367,2.751905,3.6877317
1013,6.4330783,2.7479122,3.6851661
1014,6.4262743,2.7436707,3.6826038
1015,6.4196916,2.739647,3.6800447
1016,6.413103,2.7356138,3.6774893
1017,6.4064846,2.731548,3.6749365
1018,6.3999047,2.7275171,3.6723876
1019,6.393252,2.72341,3.669842
1020,6.3866763,2.7193766,3.6672997
1021,6.3800535,2.7152922,3.6647613
1022,6.373549,2.711324,3.6622252
1023,6.3670387,2.7073445,3.659694
1024,6.3605127,2.7033482,3.6571646
1025,6.3538857,2.6992462,3.6546392
1026,6.3472896,2.6951728,3.6521168
1027,6.340769,2.6911716,3.6495972
1028,6.3342457,2.6871648,3.647081
1029,6.3277454,2.6831777,3.644568
1030,6.321307,2.67925,3.6420572
1031,6.31492,2.6753693,3.6395507
1032,6.308439,2.6713924,3.637046
1033,6.301982,2.6674366,3.6345453
1034,6.2955,2.6634533,3.6320467
1035,6.2891326,2.6595814,3.6295514
1036,6.282711,2.6556518,3.6270592
1037,6.276339,2.6517692,3.62457
1038,6.269904,2.64782,3.6220841
1039,6.2634354,2.6438339,3.6196015
1040,6.256932,2.6398108,3.6171212
1041,6.2505684,2.6359231,3.6146455
1042,6.244309,2.632137,3.6121716
1043,6.237979,2.628278,3.609701
1044,6.2315655,2.6243322,3.6072335
1045,6.225186,2.6204162,3.60477
1046,6.2188525,2.6165433,3.6023092
1047,6.212533,2.612682,3.5998507
1048,6.2062774,2.6088817,3.5973957
1049,6.200042,2.605097,3.5949445
1050,6.1937747,2.6012783,3.5924966
1051,6.1875196,2.5974686,3.590051
1052,6.1812778,2.5936682,3.5876095
1053,6.174869,2.5896986,3.5851703
1054,6.1686645,2.58593,3.5827343
1055,6.1624045,2.5821033,3.5803013
1056,6.156106,2.5782347,3.5778713
1057,6.1498823,2.5744386,3.5754435
1058,6.1437373,2.5707178,3.5730195
1059,6.1375537,2.5669558,3.570598
1060,6.131326,2.5631468,3.5681794
1061,6.125106,2.5593417,3.565764
1062,6.118936,2.5555847,3.5633514
1063,6.112756,2.5518131,3.5609424
1064,6.1066074,2.5480714,3.5585358
1065,6.1004367,2.5443048,3.5561318
1066,6.0943627,2.5406308,3.5537317
1067,6.0882683,2.5369344,3.5513341
1068,6.0820518,2.5331125,3.5489392
1069,6.075775,2.5292273,3.5465481
1070,6.06979,2.5256307,3.544159
1071,6.0636854,2.5219123,3.5417728
1072,6.057626,2.5182364,3.5393891
1073,6.0515885,2.5145802,3.537008
1074,6.045492,2.5108619,3.53463
1075,6.0394936,2.5072389,3.532255
1076,6.033482,2.5035996,3.5298824
1077,6.0274043,2.4998915,3.5275128
1078,6.0213513,2.4962046,3.5251465
1079,6.0151863,2.4924035,3.5227826
1080,6.009091,2.4886696,3.5204215
1081,6.003177,2.485114,3.518063
1082,5.9971333,2.4814255,3.5157077
1083,5.9911003,2.4777455,3.5133545
1084,5.985284,2.4742794,3.5110044
1085,5.9793115,2.4706535,3.508658
1086,5.9734087,2.4670959,3.5063128
1087,5.967473,2.4635017,3.5039713
1088,5.961455,2.4598224,3.5016325
1089,5.955569,2.4562728,3.499296
1090,5.949581,2.4526186,3.4969623
1091,5.9435673,2.4489357,3.4946313
1092,5.937699,2.4453957,3.492303
1093,5.9317436,2.441766,3.4899774
1094,5.9258904,2.4382355,3.487655
1095,5.920157,2.4348214,3.4853354
1096,5.914241,2.431223,3.483018
1097,5.908272,2.4275687,3.4807034
1098,5.9024744,2.424082,3.4783921
1099,5.896585,2.4205022,3.476083
1100,5.890655,2.4168785,3.4737768
1101,5.8849087,2.413436,3.4714727
1102,5.8789744,2.4098027,3.4691718
1103,5.873073,2.4062,3.466873
1104,5.867323,2.402746,3.4645767
1105,5.8615994,2.399316,3.4622834
1106,5.855765,2.3957727,3.4599924
1107,5.850035,2.3923316,3.4577036
1108,5.844369,2.388951,3.4554179
1109,5.8386073,2.3854728,3.4531345
1110,5.8327417,2.3818882,3.4508538
1111,5.826956,2.378379,3.4485767
1112,5.821145,2.3748434,3.4463015
1113,5.8154287,2.3713996,3.4440293
1114,5.8098426,2.3680835,3.4417593
1115,5.8041105,2.364618,3.4394922
1116,5.798426,2.3611987,3.4372275
1117,5.7926826,2.357717,3.4349658
1118,5.787055,2.354349,3.4327059
1119,5.7813673,2.350918,3.4304492
1120,5.775683,2.3474877,3.428195
1121,5.769935,2.3439918,3.4259434
1122,5.76428,2.340586,3.4236941
1123,5.758608,2.3371606,3.421447
1124,5.7529616,2.3337588,3.4192028
1125,5.7472324,2.3302715,3.416961
1126,5.741734,2.3270123,3.4147217
1127,5.7360573,2.3235729,3.4124846
1128,5.7305083,2.3202581,3.4102502
1129,5.724817,2.3167992,3.4080179
1130,5.7193136,2.3135254,3.4057882
1131,5.713695,2.3101337,3.4035614
1132,5.708171,2.3068347,3.4013364
1133,5.7027073,2.303593,3.3991144
1134,5.697135,2.3002408,3.3968945
1135,5.6914682,2.2967908,3.3946774
1136,5.6859326,2.2934701,3.3924623
1137,5.680339,2.2900884,3.3902502
1138,5.674823,2.2867823,3.3880405
1139,5.6692085,2.2833753,3.385833
1140,5.6637373,2.2801094,3.3836277
1141,5.658272,2.2768471,3.381425
1142,5.652836,2.2736108,3.3792248
1143,5.6473956,2.2703688,3.3770266
1144,5.6418223,2.2669914,3.374831
1145,5.636284,2.2636464,3.3726377
1146,5.630918,2.260471,3.3704472
1147,5.6252966,2.2570384,3.3682585
1148,5.619875,2.253802,3.3660727
1149,5.614478,2.2505891,3.3638887
1150,5.609089,2.2473812,3.3617077
1151,5.6036696,2.2441413,3.3595285
1152,5.598186,2.240834,3.357352
1153,5.592723,2.2375448,3.355178
1154,5.587391,2.2343853,3.3530056
1155,5.5820036,2.2311666,3.3508368
1156,5.576649,2.227979,3.34867
1157,5.5713224,2.2248178,3.346505
1158,5.56589,2.2215471,3.3443427
1159,5.5605383,2.218356,3.3421824
1160,5.5551972,2.2151725,3.3400247
1161,5.549739,2.2118692,3.3378696
1162,5.5444694,2.208753,3.335716
1163,5.5391355,2.2055707,3.333565
1164,5.5337067,2.202291,3.3314157
1165,5.52841,2.199141,3.3292692
1166,5.523168,2.1960437,3.3271244
1167,5.5177145,2.1927328,3.3249817
1168,5.512429,2.189588,3.3228414
1169,5.507173,2.18647,3.320703
1170,5.5019274,2.1833606,3.3185668
1171,5.4965286,2.1800966,3.3164322
1172,5.4913,2.1769993,3.3143005
1173,5.4860396,2.1738687,3.312171
1174,5.4808497,2.1708062,3.3100436
1175,5.4756665,2.1677482,3.3079183
1176,5.470489,2.1646936,3.3057952
1177,5.4652095,2.161534,3.3036757
1178,5.4599304,2.1583726,3.3015575
1179,5.454689,2.1552472,3.2994418
1180,5.4495087,2.15218,3.2973285
1181,5.4442368,2.1490197,3.2952173
1182,5.439108,2.1459997,3.293108
1183,5.4338727,2.1428719,3.291001
1184,5.428734,2.1398377,3.2888958
1185,5.4235644,2.136771,3.2867937
1186,5.4184866,2.1337934,3.2846932
1187,5.413368,2.1307733,3.2825947
1188,5.4082437,2.127745,3.280499
1189,5.403011,2.1246057,3.278405
1190,5.3978825,2.121569,3.2763138
1191,5.392738,2.1185133,3.2742245
1192,5.3876147,2.115477,3.2721376
1193,5.3824944,2.1124418,3.2700524
1194,5.3773394,2.1093698,3.2679696
1195,5.3722577,2.1063688,3.265889
1196,5.3671694,2.1033592,3.2638104
1197,5.3620424,2.1003084,3.2617338
1198,5.357045,2.0973861,3.2596588
1199,5.352031,2.0944448,3.2575865
1200,5.3469763,2.0914602,3.255516
1201,5.3419776,2.08853,3.2534475
1202,5.3368278,2.0854464,3.2513816
1203,5.3318167,2.0825,3.2493167
1204,5.3267174,2.079463,3.2472544
1205,5.3217177,2.0765233,3.2451944
1206,5.3166366,2.0735009,3.2431357
1207,5.3116055,2.070526,3.2410793
1208,5.3066616,2.0676374,3.2390244
1209,5.301725,2.0647535,3.2369714
1210,5.296797,2.0618768,3.23492
1211,5.291806,2.0589347,3.2328713
1212,5.2868347,2.0560098,3.230825
1213,5.281847,2.0530674,3.2287798
1214,5.2768064,2.050069,3.2267373
1215,5.2717834,2.0470862,3.2246974
1216,5.266843,2.0441835,3.222659
1217,5.261915,2.0412927,3.2206228
1218,5.256998,2.038409,3.2185888
1219,5.252069,2.0355127,3.2165563
1220,5.247189,2.0326629,3.2145264
1221,5.242353,2.0298545,3.2124987
1222,5.2373834,2.0269103,3.2104728
1223,5.232414,2.023965,3.2084491
1224,5.227581,2.0211532,3.2064276
1225,5.2226944,2.018287,3.2044077
1226,5.2178516,2.0154614,3.2023902
1227,5.212956,2.0125816,3.2003741
1228,5.2080965,2.0097358,3.1983607
1229,5.2031555,2.0068069,3.1963487
1230,5.198383,2.0040448,3.194338
1231,5.1935024,2.001172,3.1923301
1232,5.1886168,1.9982929,3.1903238
1233,5.183821,1.9955014,3.18832
1234,5.17897,1.9926524,3.1863174
1235,5.1741056,1.9897888,3.184317
1236,5.1693716,1.9870529,3.1823184
1237,5.164574,1.9842526,3.1803215
1238,5.1597786,1.9814519,3.1783266
1239,5.155032,1.9786981,3.1763341
1240,5.150225,1.9758823,3.1743429
1241,5.1454983,1.9731445,3.1723537
1242,5.140796,1.9704288,3.1703675
1243,5.135998,1.9676151,3.1683826
1244,5.131214,1.9648144,3.1664
1245,5.1264815,1.962062,3.1644197
1246,5.1216793,1.9592384,3.162441
1247,5.11697,1.9565052,3.160465
1248,5.1122704,1.9537795,3.1584907
1249,5.107486,1.9509676,3.156518
1250,5.1027546,1.9482069,3.1545477
1251,5.0981374,1.9455584,3.1525788
1252,5.0934324,1.9428207,3.1506119
1253,5.0887136,1.940067,3.1486466
1254,5.0839815,1.9372987,3.146683
1255,5.0792646,1.9345435,3.1447213
1256,5.074566,1.931804,3.142762
1257,5.069935,1.9291315,3.1408036
1258,5.06527,1.9264222,3.1388476
1259,5.0606527,1.9237595,3.1368933
1260,5.055905,1.9209636,3.1349413
1261,5.0512958,1.9183043,3.1329913
1262,5.046715,1.9156717,3.1310432
1263,5.0420265,1.9129303,3.1290963
1264,5.037436,1.9102838,3.1271522
1265,5.03282,1.9076111,3.1252089
1266,5.0282464,1.9049789,3.1232674
1267,5.0236797,1.9023517,3.1213279
1268,5.0189886,1.8995982,3.1193902
1269,5.0143547,1.8969003,3.1174543
1270,5.009785,1.8942655,3.1155198
1271,5.005295,1.8917075,3.1135874
1272,5.000711,1.8890545,3.1116562
1273,4.9961367,1.8864095,3.1097271
1274,4.9916806,1.8838805,3.1078
1275,4.9870596,1.8811845,3.105875
1276,4.9825,1.8785495,3.1039507
1277,4.97786,1.8758302,3.1020298
1278,4.9733562,1.8732462,3.10011
1279,4.9688096,1.8706172,3.0981922
1280,4.9643207,1.8680443,3.0962763
1281,4.9598007,1.8654385,3.0943623
1282,4.955219,1.862768,3.0924506
1283,4.9508176,1.8602769,3.0905404
1284,4.9464035,1.857771,3.0886326
1285,4.941906,1.8551793,3.0867267
1286,4.937462,1.8526396,3.0848224
1287,4.932915,1.8499948,3.0829206
1288,4.9284344,1.847414,3.0810206
1289,4.9240255,1.8449033,3.079122
1290,4.919564,1.8423387,3.077225
1291,4.915077,1.8397465,3.0753307
1292,4.9105096,1.8370728,3.073437
1293,4.906092,1.8345469,3.0715451
1294,4.9017577,1.8321034,3.0696545
1295,4.897318,1.829552,3.0677657
1296,4.8928742,1.826995,3.065879
1297,4.8884583,1.8244641,3.0639942
1298,4.8839846,1.8218741,3.0621102
1299,4.879647,1.8194187,3.0602283
1300,4.8753285,1.8169804,3.0583482
1301,4.871,1.81453,3.05647
1302,4.8665686,1.811975,3.0545936
1303,4.8621492,1.8094306,3.0527184
1304,4.8577647,1.8069193,3.0508456
1305,4.85348,1.8045051,3.0489745
1306,4.849092,1.8019868,3.047105
1307,4.8447976,1.7995595,3.045238
1308,4.840389,1.7970167,3.0433722
1309,4.8360395,1.7945312,3.0415084
1310,4.8316617,1.7920152,3.0396466
1311,4.8272886,1.7895023,3.0377865
1312,4.8229113,1.7869824,3.0359287
1313,4.8187275,1.7846553,3.0340722
1314,4.814461,1.7822442,3.032217
1315,4.8101707,1.7798069,3.0303638
1316,4.805903,1.7773902,3.028513
1317,4.8015547,1.7748909,3.0266635
1318,4.7973437,1.7725273,3.0248163
1319,4.79303,1.7700592,3.0229707
1320,4.78879,1.7676636,3.0211267
1321,4.7845125,1.7652279,3.0192847
1322,4.7802496,1.7628055,3.0174444
1323,4.7760572,1.7604516,3.0156057
1324,4.77179,1.7580215,3.0137687
1325,4.7675385,1.755605,3.0119336
1326,4.7633047,1.7532048,3.0101
1327,4.759101,1.7508328,3.008268
1328,4.754856,1.7484179,3.006438
1329,4.7505693,1.74596,3.0046096
1330,4.7463865,1.7436037,3.0027826
1331,4.742161,1.7412028,3.0009577
1332,4.7378807,1.7387456,2.999135
1333,4.7337093,1.7363963,2.997313
1334,4.7295084,1.7340152,2.9954932
1335,4.7253613,1.7316861,2.993675
1336,4.721206,1.7293475,2.9918585
1337,4.717071,1.727027,2.9900439
1338,4.712865,1.7246336,2.9882312
1339,4.708786,1.722366,2.98642
1340,4.704614,1.7200031,2.9846113
1341,4.7005463,1.7177424,2.9828036
1342,4.6963377,1.7153394,2.980998
1343,4.692233,1.7130396,2.9791937
1344,4.6880956,1.7107044,2.9773912
1345,4.6839056,1.7083148,2.9755907
1346,4.679826,1.706034,2.9737918
1347,4.675679,1.7036852,2.971994
1348,4.671629,1.7014304,2.9701986
1349,4.667552,1.6991483,2.9684038
1350,4.6634736,1.6968619,2.9666119
1351,4.659356,1.6945354,2.9648206
1352,4.655283,1.6922523,2.9630308
1353,4.6511135,1.6898698,2.9612436
1354,4.647106,1.6876489,2.9594574
1355,4.6430287,1.6853558,2.957673
1356,4.638964,1.6830739,2.9558904
1357,4.634863,1.6807542,2.954109
1358,4.630826,1.6784967,2.9523294
1359,4.6268334,1.6762818,2.9505517
1360,4.622803,1.6740278,2.9487755
1361,4.6188445,1.6718438,2.9470005
1362,4.61483,1.6696022,2.9452279
1363,4.6107373,1.6672806,2.9434566
1364,4.6067123,1.665025,2.9416873
1365,4.602751,1.6628317,2.9399192
1366,4.598785,1.660632,2.938153
1367,4.5948453,1.6584567,2.9363885
1368,4.590816,1.6561905,2.9346256
1369,4.5868297,1.653965,2.932865
1370,4.5827994,1.6516939,2.9311054
1371,4.578835,1.6494874,2.9293475
1372,4.574852,1.6472605,2.9275916
1373,4.570898,1.6450609,2.925837
1374,4.5669904,1.6429056,2.9240847
1375,4.5630045,1.640671,2.9223335
1376,4.5590625,1.638478,2.9205844
1377,4.5550966,1.6362593,2.9188373
1378,4.5511413,1.63405,2.9170914
1379,4.5472484,1.6319008,2.9153478
1380,4.5433784,1.629772,2.9136066
1381,4.5394382,1.6275711,2.9118671
1382,4.5355854,1.625456,2.9101293
1383,4.5316815,1.6232886,2.9083931
1384,4.5277457,1.621087,2.906659
1385,4.5238624,1.6189363,2.904926
1386,4.5199695,1.6167744,2.9031951
1387,4.516108,1.6146426,2.9014654
1388,4.5121875,1.6124504,2.8997374
1389,4.508317,1.6103059,2.898011
1390,4.504476,1.6081901,2.8962858
1391,4.500589,1.6060271,2.894562
1392,4.496768,1.6039283,2.89284
1393,4.492912,1.6017921,2.8911197
1394,4.4890256,1.5996245,2.8894012
1395,4.485137,1.5974529,2.8876843
1396,4.4812856,1.5953162,2.8859692
1397,4.477497,1.5932419,2.8842554
1398,4.4736805,1.5911373,2.882543
1399,4.4698963,1.5890642,2.8808322
1400,4.466032,1.5869086,2.8791232
1401,4.462253,1.5848377,2.8774152
1402,4.458488,1.5827781,2.8757098
1403,4.454722,1.5807164,2.8740053
1404,4.451006,1.5787032,2.8723028
1405,4.4472623,1.5766606,2.870602
1406,4.4435124,1.5746093,2.868903
1407,4.4396687,1.5724632,2.8672056
1408,4.435948,1.570438,2.8655097
1409,4.4321957,1.5683802,2.8638155
1410,4.428462,1.5663383,2.8621235
1411,4.4247437,1.5643106,2.860433
1412,4.4209557,1.5622109,2.8587449
1413,4.417209,1.5601516,2.8570578
1414,4.4134836,1.5581106,2.855373
1415,4.409783,1.5560926,2.8536901
1416,4.4060245,1.5540161,2.8520086
1417,4.4022155,1.5518855,2.8503299
1418,4.3985577,1.549906,2.8486516
1419,4.394863,1.5478871,2.8469758
1420,4.3912077,1.5459063,2.8453016
1421,4.3874316,1.5438024,2.8436291
1422,4.383806,1.5418481,2.8419583
1423,4.3800726,1.5397843,2.8402884
1424,4.376429,1.537808,2.8386211
1425,4.372738,1.5357826,2.8369555
1426,4.36914,1.533848,2.8352919
1427,4.3655086,1.5318788,2.8336298
1428,4.3618474,1.529878,2.8319693
1429,4.3581047,1.5277945,2.8303103
1430,4.354408,1.525755,2.8286529
1431,4.350803,1.523806,2.8269968
1432,4.347214,1.521871,2.8253431
1433,4.3436575,1.5199678,2.8236895
1434,4.3399467,1.5179085,2.8220382
1435,4.336284,1.5158966,2.8203878
1436,4.332708,1.5139682,2.8187397
1437,4.329137,1.5120445,2.8170922
1438,4.3255157,1.5100695,2.8154464
1439,4.321992,1.5081903,2.8138015
1440,4.3184123,1.5062525,2.8121598
1441,4.314763,1.504244,2.8105192
1442,4.3110933,1.5022137,2.8088796
1443,4.3075686,1.5003262,2.8072422
1444,4.303989,1.4983827,2.8056064
1445,4.3004637,1.4964907,2.8039727
1446,4.296983,1.4946421,2.8023405
1447,4.29345,1.4927402,2.8007097
1448,4.2898746,1.4907932,2.7990813
1449,4.2863607,1.4889059,2.797455
1450,4.2827826,1.486952,2.7958307
1451,4.2792993,1.4850912,2.794208
1452,4.2757487,1.4831614,2.792587
1453,4.2722387,1.4812707,2.790968
1454,4.2686973,1.4793463,2.789351
1455,4.265164,1.4774287,2.7877352
1456,4.2616673,1.4755461,2.7861211
1457,4.2581277,1.4736189,2.7845087
1458,4.25459,1.4716918,2.782898
1459,4.251076,1.4697874,2.7812889
1460,4.247637,1.4679557,2.7796812
1461,4.2441316,1.4660566,2.778075
1462,4.240674,1.4642035,2.7764704
1463,4.237284,1.4624165,2.7748678
1464,4.2338405,1.4605744,2.7732663
1465,4.230312,1.4586453,2.7716663
1466,4.226799,1.456731,2.7700682
1467,4.223371,1.4549003,2.768471
1468,4.21999,1.4531145,2.7668755
1469,4.216558,1.4512764,2.7652814
1470,4.213121,1.4494317,2.763689
1471,4.2096877,1.4475898,2.762098
1472,4.206246,1.4457369,2.7605093
1473,4.202812,1.44389,2.758922
1474,4.199414,1.4420769,2.757337
1475,4.1959796,1.4402267,2.7557528
1476,4.192603,1.4384319,2.7541711
1477,4.1892233,1.4366333,2.75259
1478,4.185752,1.4347407,2.7510114
1479,4.182405,1.4329717,2.7494335
1480,4.17905,1.4311922,2.7478576
1481,4.1756983,1.4294156,2.7462826
1482,4.1723027,1.4275931,2.7447095
1483,4.16897,1.4258317,2.7431383
1484,4.165566,1.4239978,2.7415683
1485,4.162269,1.4222686,2.7400007
1486,4.1589565,1.4205223,2.738434
1487,4.1555586,1.4186885,2.7368698
1488,4.1522803,1.4169724,2.7353077
1489,4.148882,1.4151347,2.733747
1490,4.1455526,1.413365,2.7321877
1491,4.142184,1.4115534,2.7306304
1492,4.1389117,1.4098366,2.729075
1493,4.1355886,1.4080671,2.7275214
1494,4.1322827,1.4063131,2.7259696
1495,4.1289296,1.40451,2.7244196
1496,4.1255736,1.4027029,2.7228708
1497,4.1222873,1.4009628,2.7213242
1498,4.119005,1.3992261,2.719779
1499,4.115794,1.3975581,2.718236
1500,4.112478,1.3957839,2.716694
1501,4.10921,1.394055,2.7151551
1502,4.1059685,1.3923512,2.7136173
1503,4.1026745,1.3905933,2.7120812
1504,4.099357,1.3888108,2.7105465
1505,4.0961227,1.3871089,2.709014
1506,4.092875,1.3853928,2.7074823
1507,4.089607,1.3836544,2.7059524
1508,4.0864286,1.3820041,2.7044244
1509,4.083183,1.3802857,2.7028973
1510,4.0799074,1.3785348,2.7013726
1511,4.076677,1.3768282,2.6998487
1512,4.073538,1.375211,2.6983268
1513,4.070239,1.3734329,2.6968064
1514,4.0670185,1.371731,2.6952875
1515,4.063832,1.3700625,2.6937695
1516,4.0606513,1.3683975,2.6922538
1517,4.0574594,1.366721,2.6907384
1518,4.054257,1.3650315,2.6892254
1519,4.0510015,1.3632873,2.6877143
1520,4.0478253,1.361621,2.6862042
1521,4.044691,1.3599957,2.6846952
1522,4.0414944,1.3583065,2.683188
1523,4.038356,1.3566729,2.6816828
1524,4.035216,1.3550371,2.6801789
1525,4.032097,1.3534201,2.6786768
1526,4.0289526,1.3517765,2.6771762
1527,4.0257587,1.3500808,2.6756778
1528,4.0226717,1.3484912,2.6741805
1529,4.019561,1.3468752,2.6726856
1530,4.0163894,1.345197,2.6711924
1531,4.0132637,1.3435634,2.6697004
1532,4.010172,1.3419608,2.668211
1533,4.006997,1.3402743,2.666723
1534,4.003802,1.3385651,2.6652367
1535,4.000668,1.3369151,2.6637528
1536,3.9976058,1.3353359,2.6622698
1537,3.9944966,1.3337078,2.6607888
1538,3.9913812,1.3320712,2.65931
1539,3.9883502,1.3305176,2.6578324
1540,3.9852912,1.3289347,2.6563566
1541,3.982229,1.3273468,2.6548822
1542,3.9791272,1.3257172,2.65341
1543,3.9760566,1.3241172,2.6519394
1544,3.9729993,1.3225294,2.65047
1545,3.9699466,1.3209447,2.649002
1546,3.9668589,1.319323,2.647536
1547,3.9638364,1.3177655,2.646071
1548,3.9607794,1.3161719,2.6446075
1549,3.9577167,1.3145704,2.6431463
1550,3.9546065,1.3129202,2.6416862
1551,3.9515464,1.3113183,2.640228
1552,3.948526,1.3097552,2.6387708
1553,3.9454918,1.3081768,2.637315
1554,3.9425225,1.3066612,2.6358612
1555,3.9395206,1.3051115,2.634409
1556,3.9365084,1.3035507,2.6329577
1557,3.933527,1.302018,2.6315088
1558,3.9305203,1.3004587,2.6300616
1559,3.9275448,1.2989286,2.628616
1560,3.9245977,1.2974261,2.6271715
1561,3.9216251,1.2958962,2.625729
1562,3.918603,1.2943147,2.624288
1563,3.9156399,1.2927904,2.6228495
1564,3.9126315,1.2912198,2.6214118
1565,3.909692,1.2897158,2.6199763
1566,3.9067252,1.2881832,2.618542
1567,3.9037514,1.2866421,2.6171093
1568,3.9008248,1.2851461,2.6156788
1569,3.8978813,1.2836317,2.6142495
1570,3.8949447,1.2821224,2.6128223
1571,3.8919177,1.2805213,2.6113966
1572,3.8890138,1.2790414,2.6099722
1573,3.886093,1.2775431,2.6085498
1574,3.8831584,1.2760297,2.6071289
1575,3.8802278,1.2745183,2.6057096
1576,3.8773024,1.2730106,2.6042917
1577,3.8743558,1.2714803,2.6028755
1578,3.871374,1.2699127,2.6014612
1579,3.868493,1.2684453,2.6000478
1580,3.865657,1.2670206,2.5986364
1581,3.862768,1.2655418,2.5972261
1582,3.859871,1.2640532,2.5958178
1583,3.857018,1.2626063,2.5944116
1584,3.854128,1.2611214,2.5930066
1585,3.851252,1.2596487,2.5916033
1586,3.8483896,1.2581875,2.590202
1587,3.8455,1.2566979,2.588802
1588,3.8425941,1.2551904,2.5874038
1589,3.8397849,1.2537773,2.5860076
1590,3.8369226,1.2523097,2.5846128
1591,3.83409,1.2508706,2.5832195
1592,3.8312254,1.2493972,2.5818284
1593,3.8283892,1.2479507,2.5804386
1594,3.8255703,1.2465198,2.5790505
1595,3.8227735,1.2451093,2.5776641
1596,3.819948,1.2436686,2.5762794
1597,3.8171334,1.2422376,2.5748959
1598,3.8143332,1.2408192,2.573514
1599,3.8114762,1.2393416,2.5721345
1600,3.808697,1.2379409,2.570756
1601,3.8058667,1.2364872,2.5693796
1602,3.8030586,1.2350545,2.5680041
1603,3.8002558,1.2336249,2.5666308
1604,3.797452,1.2321929,2.565259
1605,3.7946799,1.2307914,2.5638885
1606,3.7919145,1.229395,2.5625193
1607,3.7891078,1.227956,2.5611517
1608,3.786339,1.2265528,2.559786
1609,3.783545,1.2251238,2.5584214
1610,3.7808115,1.2237526,2.5570588
1611,3.7780895,1.2223921,2.5556974
1612,3.7753916,1.2210535,2.554338
1613,3.772584,1.2196033,2.5529807
1614,3.7698238,1.218199,2.5516248
1615,3.7671008,1.2168306,2.5502703
1616,3.7643633,1.2154453,2.548918
1617,3.7615845,1.2140172,2.5475674
1618,3.758896,1.2126783,2.546218
1619,3.7561817,1.2113113,2.5448704
1620,3.7534544,1.2099301,2.5435245
1621,3.7507563,1.2085767,2.5421796
1622,3.7479804,1.2071443,2.540836
1623,3.7452428,1.2057478,2.539495
1624,3.7425199,1.2043649,2.5381548
1625,3.7398798,1.2030632,2.5368166
1626,3.7371888,1.2017093,2.5354795
1627,3.7344906,1.2003466,2.534144
1628,3.7317734,1.1989629,2.5328104
1629,3.7291298,1.1976515,2.5314782
1630,3.7265,1.1963532,2.5301468
1631,3.7238078,1.1949904,2.5288174
1632,3.721092,1.193603,2.527489
1633,3.7184114,1.1922485,2.526163
1634,3.7157667,1.1909286,2.524838
1635,3.7131164,1.1896018,2.5235147
1636,3.7104487,1.1882559,2.522193
1637,3.7077987,1.1869262,2.5208726
1638,3.7051325,1.185578,2.5195544
1639,3.7024791,1.1842421,2.518237
1640,3.6998873,1.1829655,2.5169218
1641,3.6972485,1.1816407,2.5156078
1642,3.6946545,1.1803589,2.5142956
1643,3.6920261,1.1790407,2.5129855
1644,3.6893988,1.1777223,2.5116763
1645,3.6867423,1.176373,2.5103693
1646,3.6841495,1.1750859,2.5090637
1647,3.6815531,1.1737931,2.50776
1648,3.678946,1.1724882,2.5064578
1649,3.6763904,1.1712332,2.5051572
1650,3.6738007,1.1699423,2.5038586
1651,3.6712074,1.1686462,2.5025613
1652,3.6685884,1.1673223,2.5012662
1653,3.6659944,1.1660222,2.4999723
1654,3.6634133,1.1647333,2.4986799
1655,3.6608295,1.1634402,2.4973893
1656,3.6582859,1.1621857,2.4961002
1657,3.6557417,1.1609286,2.494813
1658,3.6531603,1.1596332,2.4935272
1659,3.6506352,1.1583928,2.4922426
1660,3.6481152,1.1571558,2.4909594
1661,3.645578,1.1558999,2.4896781
1662,3.6430852,1.154687,2.488398
1663,3.6405106,1.1533912,2.4871194
1664,3.6379714,1.1521286,2.4858427
1665,3.6354597,1.1508924,2.4845672
1666,3.632934,1.1496406,2.4832935
1667,3.6303732,1.1483521,2.482021
1668,3.6278493,1.1470988,2.4807506
1669,3.6252716,1.1457899,2.4794817
1670,3.6227608,1.144547,2.4782138
1671,3.6202471,1.1432989,2.4769483
1672,3.6177578,1.1420746,2.4756832
1673,3.6152625,1.1408424,2.47442
1674,3.6127653,1.1396068,2.4731584
1675,3.6102808,1.1383828,2.4718978
1676,3.607779,1.1371403,2.4706388
1677,3.6053326,1.1359512,2.4693816
1678,3.602855,1.1347291,2.4681258
1679,3.6003673,1.1334955,2.4668717
1680,3.5979128,1.1322936,2.465619
1681,3.5954714,1.131103,2.4643683
1682,3.5929995,1.1298808,2.4631188
1683,3.590546,1.1286744,2.4618714
1684,3.5880687,1.1274427,2.460626
1685,3.58562,1.1262385,2.4593813
1686,3.583143,1.1250038,2.4581392
1687,3.58075,1.1238519,2.456898
1688,3.578277,1.1226183,2.455659
1689,3.575905,1.1214842,2.454421
1690,3.5735064,1.1203214,2.453185
1691,3.5710583,1.1191075,2.4519508
1692,3.5685186,1.1178012,2.4507174
1693,3.5660896,1.1166039,2.4494858
1694,3.5637052,1.1154498,2.4482553
1695,3.5612676,1.1142414,2.4470263
1696,3.5588918,1.1130927,2.445799
1697,3.5564916,1.1119183,2.4445734
1698,3.5540946,1.1107457,2.443349
1699,3.5516908,1.1095648,2.442126
1700,3.5493286,1.1084241,2.4409046
1701,3.5469444,1.1072596,2.4396849
1702,3.5445478,1.1060817,2.438466
1703,3.542142,1.1048926,2.4372492
1704,3.539796,1.1037617,2.4360344
1705,3.5374436,1.1026226,2.434821
1706,3.5351112,1.1015021,2.433609
1707,3.5326936,1.1002946,2.432399
1708,3.5303655,1.099175,2.4311905
1709,3.5279763,1.0979929,2.4299834
1710,3.5256462,1.0968689,2.4287775
1711,3.523321,1.0957477,2.4275732
1712,3.5209224,1.0945529,2.4263697
1713,3.5186045,1.0934366,2.425168
1714,3.516275,1.0923076,2.4239674
1715,3.5139115,1.0911437,2.4227679
1716,3.5115933,1.0900239,2.4215696
1717,3.5093038,1.0889312,2.4203727
1718,3.5069804,1.0878031,2.4191773
1719,3.5046566,1.0866733,2.4179833
1720,3.5023537,1.0855627,2.416791
1721,3.5000546,1.0844553,2.4155993
1722,3.497725,1.0833154,2.4144096
1723,3.4953754,1.0821539,2.4132214
1724,3.4930763,1.0810422,2.412034
1725,3.4907994,1.0799506,2.4108489
1726,3.488479,1.0788139,2.4096649
1727,3.4861755,1.0776929,2.4084826
1728,3.48389,1.0765883,2.407302
1729,3.4816022,1.0754791,2.4061232
1730,3.47931,1.0743644,2.4049456
1731,3.4770255,1.073256,2.4037695
1732,3.474776,1.0721804,2.4025955
1733,3.4725008,1.0710777,2.4014232
1734,3.4702666,1.0700141,2.4002526
1735,3.4680111,1.0689275,2.3990836
1736,3.4657521,1.0678357,2.3979163
1737,3.4635174,1.066767,2.3967505
1738,3.461292,1.0657061,2.395586
1739,3.4590466,1.0646232,2.3944235
1740,3.4567971,1.0635347,2.3932624
1741,3.4545472,1.062445,2.3921022
1742,3.4523232,1.0613792,2.390944
1743,3.4501007,1.0603133,2.3897872
1744,3.447853,1.0592216,2.3886316
1745,3.4456313,1.0581537,2.3874776
1746,3.4434016,1.0570768,2.3863246
1747,3.4411936,1.0560203,2.3851733
1748,3.4389696,1.0549464,2.3840232
1749,3.4367752,1.0539004,2.3828747
1750,3.4345934,1.0528655,2.381728
1751,3.4324148,1.0518324,2.3805823
1752,3.430217,1.0507786,2.3794384
1753,3.428027,1.0497309,2.378296
1754,3.4257917,1.0486367,2.377155
1755,3.4235988,1.0475838,2.376015
1756,3.421388,1.0465115,2.3748765
1757,3.419228,1.0454885,2.3737395
1758,3.417006,1.0444027,2.3726034
1759,3.4148257,1.0433568,2.371469
1760,3.4126837,1.0423476,2.370336
1761,3.4105294,1.0413247,2.3692048
1762,3.4084034,1.0403289,2.3680744
1763,3.4062304,1.0392842,2.3669462
1764,3.4040763,1.0382575,2.3658187
1765,3.4018676,1.0371745,2.3646932
1766,3.3997447,1.0361758,2.363569
1767,3.3976078,1.0351617,2.362446
1768,3.3954945,1.0341699,2.3613245
1769,3.3933926,1.0331881,2.3602045
1770,3.3912287,1.0321428,2.359086
1771,3.3890917,1.0311229,2.3579688
1772,3.386933,1.0300803,2.3568528
1773,3.3847952,1.0290567,2.3557386
1774,3.3826778,1.0280517,2.354626
1775,3.3805525,1.0270381,2.3535144
1776,3.3784347,1.0260307,2.352404
1777,3.3763478,1.025052,2.3512957
1778,3.374261,1.0240723,2.3501885
1779,3.3721592,1.0230763,2.349083
1780,3.3700278,1.0220491,2.3479786
1781,3.367926,1.0210503,2.3468757
1782,3.365829,1.0200547,2.3457744
1783,3.3637352,1.0190607,2.3446746
1784,3.361656,1.0180807,2.3435752
1785,3.3595533,1.017075,2.3424785
1786,3.3575032,1.0161207,2.3413825
1787,3.355445,1.0151566,2.3402882
1788,3.3533669,1.014172,2.339195
1789,3.351314,1.0132105,2.3381035
1790,3.3492267,1.0122131,2.3370135
1791,3.3471756,1.0112511,2.3359244
1792,3.3451653,1.0103279,2.3348372
1793,3.3431244,1.0093738,2.3337505
1794,3.341055,1.0083894,2.3326657
1795,3.3390026,1.0074205,2.331582
1796,3.3369553,1.0064552,2.3305001
1797,3.3348985,1.0054785,2.3294199
1798,3.3328302,1.0044898,2.3283405
1799,3.3307908,1.0035281,2.3272626
1800,3.328741,1.0025544,2.3261867
1801,3.3267064,1.0015942,2.325112
1802,3.324661,1.0006226,2.3240385
1803,3.322662,0.99969566,2.3229666
1804,3.3206034,0.998707,2.3218963
1805,3.3185723,0.99774545,2.3208268
1806,3.3165672,0.9968082,2.3197591
1807,3.314562,0.9958693,2.318693
1808,3.3125417,0.9949137,2.317628
1809,3.3105497,0.99398565,2.316564
1810,3.3085585,0.9930564,2.315502
1811,3.3065462,0.99210554,2.3144407
1812,3.3045335,0.99115264,2.313381
1813,3.3025448,0.9902224,2.3123224
1814,3.3005738,0.98930836,2.3112655
1815,3.2986093,0.9883996,2.3102098
1816,3.2966552,0.9875002,2.309155
1817,3.2946305,0.98652923,2.3081014
1818,3.292663,0.98561335,2.3070498
1819,3.2906897,0.9846909,2.3059988
1820,3.2887385,0.98378927,2.3049493
1821,3.2867682,0.9828668,2.3039014
1822,3.284807,0.9819525,2.3028545
1823,3.2828293,0.98102,2.3018093
1824,3.2809062,0.98014116,2.300765
1825,3.2789433,0.9792216,2.2997217
1826,3.2769823,0.97830176,2.2986805
1827,3.2750397,0.97739977,2.2976398
1828,3.2730963,0.9764959,2.2966003
1829,3.2711558,0.97559345,2.2955623
1830,3.269186,0.9746605,2.2945256
1831,3.2672467,0.9737569,2.29349
1832,3.265299,0.97284424,2.292455
1833,3.2633665,0.97194445,2.291422
1834,3.2614627,0.9710728,2.2903898
1835,3.2595673,0.97020787,2.2893593
1836,3.2576194,0.96928936,2.28833
1837,3.2557342,0.9684322,2.287302
1838,3.2538304,0.9675548,2.2862756
1839,3.2518883,0.9666379,2.2852504
1840,3.2499676,0.96574044,2.2842271
1841,3.248039,0.96483445,2.2832046
1842,3.2461345,0.9639504,2.2821841
1843,3.2442486,0.96308374,2.281165
1844,3.2423785,0.9622314,2.280147
1845,3.2404635,0.96133274,2.2791307
1846,3.2385457,0.9604301,2.2781155
1847,3.2366521,0.9595506,2.2771015
1848,3.2347622,0.9586734,2.2760887
1849,3.2329094,0.9578318,2.2750776
1850,3.2310326,0.9569648,2.2740679
1851,3.2291694,0.9561101,2.2730591
1852,3.227314,0.9552623,2.2720518
1853,3.2254138,0.95436865,2.2710452
1854,3.2235556,0.9535152,2.2700405
1855,3.2216926,0.95265585,2.2690368
1856,3.2198203,0.95178616,2.268034
1857,3.2179308,0.950898,2.2670329
1858,3.216062,0.95002973,2.2660325
1859,3.214198,0.9491647,2.2650335
1860,3.2123551,0.9483199,2.2640352
1861,3.2105067,0.94746774,2.2630389
1862,3.2086654,0.94662195,2.2620435
1863,3.2068331,0.94578373,2.2610493
1864,3.2050264,0.94496983,2.2600565
1865,3.203171,0.9441063,2.2590647
1866,3.2013183,0.9432435,2.2580748
1867,3.1994965,0.94241124,2.2570853
1868,3.1976986,0.9416008,2.2560978
1869,3.1958647,0.94075394,2.2551107
1870,3.1940413,0.9399166,2.2541246
1871,3.192224,0.9390836,2.2531404
1872,3.1904256,0.9382686,2.252157
1873,3.1886287,0.93745404,2.2511747
1874,3.18683,0.93663585,2.250194
1875,3.1849704,0.9357563,2.2492142
1876,3.1831715,0.9349353,2.2482362
1877,3.181378,0.93411875,2.2472591
1878,3.179587,0.9333037,2.2462833
1879,3.1778014,0.9324932,2.2453082
1880,3.176004,0.931669,2.244335
1881,3.1742024,0.93083984,2.2433627
1882,3.172429,0.9300375,2.2423916
1883,3.1706524,0.92923045,2.241422
1884,3.1688507,0.92839724,2.2404535
1885,3.167041,0.92755467,2.2394865
1886,3.165289,0.9267686,2.2385204
1887,3.1635277,0.92597216,2.2375555
1888,3.1617718,0.92517966,2.236592
1889,3.1600075,0.9243778,2.2356298
1890,3.1582334,0.92356485,2.2346685
1891,3.156463,0.92275417,2.2337089
1892,3.1546817,0.9219308,2.232751
1893,3.1528943,0.9211009,2.2317934
1894,3.1511211,0.920284,2.230837
1895,3.149351,0.9194685,2.2298822
1896,3.1476064,0.9186777,2.2289286
1897,3.1458662,0.91789,2.227976
1898,3.144104,0.91707915,2.2270248
1899,3.1423893,0.9163148,2.2260745
1900,3.140659,0.91553366,2.2251256
1901,3.138929,0.9147512,2.2241778
1902,3.1371896,0.91395813,2.2232316
1903,3.1354697,0.9131835,2.2222862
1904,3.1337576,0.9124156,2.221342
1905,3.1320372,0.9116381,2.2203991
1906,3.1303315,0.9108739,2.2194576
1907,3.1285825,0.9100654,2.218517
1908,3.126873,0.9092956,2.2175775
1909,3.1251693,0.90853053,2.2166388
1910,3.1234577,0.9077566,2.215701
1911,3.1217773,0.9070132,2.214764
1912,3.1200304,0.906202,2.2138283
1913,3.1183114,0.90541846,2.212893
1914,3.1165984,0.90463924,2.2119591
1915,3.1148865,0.9038605,2.211026
1916,3.113167,0.9030727,2.2100942
1917,3.1114833,0.9023202,2.2091632
1918,3.109785,0.9015511,2.2082338
1919,3.1080928,0.9007872,2.2073057
1920,3.1064067,0.9000274,2.2063792
1921,3.1047068,0.8992527,2.205454
1922,3.1030369,0.89850676,2.2045302
1923,3.101357,0.8977493,2.2036078
1924,3.099675,0.89698833,2.2026865
1925,3.097979,0.89621246,2.2017667
1926,3.0963187,0.8954704,2.2008483
1927,3.094645,0.8947138,2.1999311
1928,3.092975,0.89396006,2.199015
1929,3.0913198,0.8932196,2.1981
1930,3.0896845,0.89249825,2.1971862
1931,3.088,0.89172655,2.1962736
1932,3.0863552,0.89099383,2.1953614
1933,3.0847158,0.8902652,2.1944506
1934,3.0830755,0.8895348,2.1935408
1935,3.0814075,0.8887755,2.192632
1936,3.0797772,0.88805354,2.1917238
1937,3.078143,0.88732547,2.1908174
1938,3.076491,0.88657975,2.1899114
1939,3.0748343,0.8858278,2.1890066
1940,3.0732114,0.88510865,2.1881027
1941,3.0715528,0.8843531,2.1871996
1942,3.0698998,0.88360184,2.186298
1943,3.0682654,0.8828686,2.185397
1944,3.0666223,0.8821256,2.1844966
1945,3.064971,0.88137376,2.1835973
1946,3.0633643,0.88066506,2.1826992
1947,3.0617232,0.8799217,2.1818016
1948,3.0600908,0.8791855,2.1809053
1949,3.0584996,0.87849027,2.1800094
1950,3.0568643,0.87774956,2.1791146
1951,3.0552313,0.8770106,2.1782207
1952,3.0536106,0.8762825,2.177328
1953,3.0519893,0.87555325,2.1764362
1954,3.050398,0.874853,2.1755452
1955,3.04882,0.8741645,2.1746554
1956,3.0472155,0.8734484,2.173767
1957,3.0456066,0.8727269,2.1728797
1958,3.0440059,0.8720119,2.171994
1959,3.0424268,0.8713176,2.1711092
1960,3.0408282,0.87060267,2.1702256
1961,3.0392132,0.8698696,2.1693435
1962,3.037623,0.8691606,2.1684623
1963,3.0360348,0.8684527,2.167582
1964,3.0344687,0.86776423,2.1667044
1965,3.0329087,0.86708164,2.165827
1966,3.0313475,0.86639637,2.164951
1967,3.0297563,0.86567944,2.1640768
1968,3.0281518,0.86494863,2.1632032
1969,3.026583,0.8642522,2.1623309
1970,3.0250106,0.8635508,2.16146
1971,3.0234253,0.8628361,2.1605892
1972,3.021844,0.8621241,2.15972
1973,3.0202763,0.8614254,2.158851
1974,3.018758,0.860775,2.157983
1975,3.0172098,0.8600939,2.157116
1976,3.01566,0.85941064,2.1562493
1977,3.0140913,0.8587074,2.1553838
1978,3.0125096,0.8579906,2.1545188
1979,3.0109525,0.8572973,2.153655
1980,3.0094128,0.8566208,2.152792
1981,3.0078688,0.85593927,2.1519296
1982,3.0063303,0.85526174,2.1510684
1983,3.0047917,0.8545843,2.1502075
1984,3.0032516,0.8539033,2.1493483
1985,3.0017138,0.8532242,2.1484895
1986,3.000172,0.8525401,2.147632
1987,2.998607,0.8518316,2.1467752
1988,2.9970758,0.8511565,2.1459193
1989,2.9955606,0.8504958,2.1450648
1990,2.9940205,0.8498094,2.144211
1991,2.9925048,0.84914625,2.1433585
1992,2.9909983,0.8484917,2.1425066
1993,2.9894667,0.8478108,2.141656
1994,2.9879541,0.8471471,2.140807
1995,2.9864142,0.84645575,2.1399584
1996,2.9849102,0.84579897,2.1391113
1997,2.9833717,0.8451067,2.1382651
1998,2.9818547,0.8444343,2.1374204
1999,2.9803379,0.8437617,2.1365762
2000,2.9788654,0.84313256,2.135733
2001,2.9773746,0.84248376,2.1348908
2002,2.9758403,0.84179115,2.1340492
2003,2.9743407,0.8411316,2.133209
2004,2.9728453,0.8404761,2.1323693
2005,2.971349,0.8398185,2.1315305
2006,2.9698687,0.8391761,2.1306925
2007,2.9683616,0.838506,2.1298556
2008,2.966874,0.83785456,2.1290193
2009,2.9653814,0.8371974,2.1281838
2010,2.9639027,0.8365531,2.1273496
2011,2.9624186,0.8359022,2.1265163
2012,2.9609578,0.83527416,2.1256835
2013,2.9594646,0.83461225,2.1248524
2014,2.957988,0.83396655,2.1240215
2015,2.9565082,0.83331627,2.1231918
2016,2.9550157,0.83265257,2.122363
2017,2.9535575,0.8320221,2.1215353
2018,2.9520614,0.8313533,2.1207082
2019,2.9505782,0.83069557,2.1198826
2020,2.9491034,0.83004564,2.1190577
2021,2.947622,0.8293882,2.118234
2022,2.946143,0.82873154,2.1174114
2023,2.9446983,0.8281087,2.1165895
2024,2.9432364,0.82746744,2.115769
2025,2.941789,0.82683975,2.1149492
2026,2.9403157,0.82618535,2.1141305
2027,2.9388392,0.82552606,2.1133132
2028,2.9373713,0.8248752,2.1124961
2029,2.9359365,0.8242568,2.1116796
2030,2.9345229,0.8236584,2.1108644
2031,2.9330974,0.8230473,2.1100502
2032,2.9316337,0.8223972,2.1092365
2033,2.9301944,0.8217712,2.1084232
2034,2.9287546,0.8211436,2.107611
2035,2.927313,0.8205138,2.1067994
2036,2.92587,0.8198815,2.1059885
2037,2.9244177,0.81923926,2.1051786
2038,2.9229996,0.81863016,2.1043694
2039,2.9215684,0.8180075,2.103561
2040,2.9201276,0.81737393,2.1027536
2041,2.9187076,0.81676066,2.101947
2042,2.917302,0.81615996,2.101142
2043,2.9158828,0.81554574,2.100337
2044,2.914479,0.81494546,2.0995336
2045,2.9130657,0.8143347,2.098731
2046,2.9116507,0.81372184,2.0979288
2047,2.91021,0.81308186,2.097128
2048,2.9087934,0.8124657,2.0963278
2049,2.9073582,0.81183004,2.0955281
2050,2.9059267,0.811197,2.0947297
2051,2.9045105,0.8105785,2.093932
2052,2.9031014,0.8099662,2.093135
2053,2.9016857,0.8093467,2.092339
2054,2.9002872,0.808744,2.0915432
2055,2.8988802,0.8081317,2.0907485
2056,2.8974903,0.80753565,2.0899546
2057,2.8960776,0.80691636,2.0891612
2058,2.8946767,0.80630773,2.088369
2059,2.8932757,0.8056991,2.0875766
2060,2.8918655,0.8050802,2.0867853
2061,2.8904805,0.80448586,2.0859947
2062,2.8890927,0.8038874,2.0852053
2063,2.8876774,0.8032613,2.0844162
2064,2.886279,0.8026511,2.083628
2065,2.8849127,0.80207187,2.082841
2066,2.883527,0.8014726,2.0820544
2067,2.8821554,0.8008867,2.0812688
2068,2.8807647,0.8002808,2.080484
2069,2.8793848,0.79968494,2.0796998
2070,2.87803,0.79911387,2.0789163
2071,2.876651,0.7985174,2.0781336
2072,2.8752706,0.7979191,2.0773516
2073,2.8738909,0.79732037,2.0765705
2074,2.8725116,0.7967214,2.0757902
2075,2.8711379,0.7961268,2.075011
2076,2.8697653,0.7955326,2.0742326
2077,2.8684123,0.7949578,2.0734544
2078,2.867026,0.79434866,2.0726774
2079,2.8656683,0.79376745,2.0719008
2080,2.8642995,0.79317474,2.0711248
2081,2.8629324,0.79258305,2.0703495
2082,2.861591,0.7920166,2.0695746
2083,2.8602495,0.79144895,2.0688004
2084,2.858877,0.79085004,2.0680268
2085,2.8575306,0.79027665,2.0672538
2086,2.8561642,0.7896825,2.0664818
2087,2.8548102,0.7891002,2.06571
2088,2.8534517,0.78851223,2.0649395
2089,2.8520846,0.7879152,2.0641694
2090,2.850745,0.7873446,2.0634003
2091,2.8493924,0.7867608,2.0626316
2092,2.8480673,0.7862032,2.0618641
2093,2.8467188,0.78562105,2.0610976
2094,2.8453422,0.7850104,2.0603318
2095,2.8440092,0.7844425,2.0595667
2096,2.8426492,0.78384674,2.0588026
2097,2.8413231,0.7832835,2.0580397
2098,2.8399923,0.7827154,2.057277
2099,2.8386493,0.7821342,2.056515
2100,2.8373382,0.7815842,2.055754
2101,2.836013,0.78101945,2.0549936
2102,2.8346832,0.78044885,2.0542343
2103,2.8333566,0.7798815,2.0534751
2104,2.8320389,0.77932227,2.0527167
2105,2.830723,0.77876365,2.0519593
2106,2.8294053,0.77820253,2.0512028
2107,2.828075,0.7776288,2.0504463
2108,2.8267424,0.77705115,2.0496912
2109,2.8254282,0.7764922,2.0489361
2110,2.8241155,0.77593315,2.0481822
2111,2.8228033,0.775375,2.0474284
2112,2.8215039,0.7748287,2.0466752
2113,2.820164,0.7742416,2.0459223
2114,2.818844,0.7736738,2.0451703
2115,2.8175483,0.77313,2.0444183
2116,2.8162222,0.77255523,2.043667
2117,2.8148844,0.77196807,2.0429163
2118,2.8135827,0.7714165,2.0421662
2119,2.812287,0.7708706,2.0414164
2120,2.8109927,0.77032495,2.0406678
2121,2.809654,0.76973456,2.0399194
2122,2.8083622,0.7691905,2.0391717
2123,2.8070614,0.7686368,2.0384245
2124,2.805762,0.7680837,2.0376782
2125,2.8044684,0.76753587,2.0369325
2126,2.8031716,0.76698416,2.0361874
2127,2.801881,0.7664377,2.0354433
2128,2.8005836,0.76588356,2.0347
2129,2.7992845,0.7653273,2.0339572
2130,2.7980163,0.7648006,2.0332158
2131,2.796721,0.76424575,2.0324752
2132,2.7954388,0.76370335,2.0317354
2133,2.7941694,0.76317304,2.0309963
2134,2.792904,0.7626455,2.0302584
2135,2.791629,0.762108,2.029521
2136,2.7903538,0.7615701,2.0287838
2137,2.7890675,0.7610205,2.028047
2138,2.7877688,0.76045793,2.0273108
2139,2.7864833,0.7599076,2.0265756
2140,2.7852066,0.7593663,2.0258403
2141,2.7839339,0.75882846,2.0251055
2142,2.7826588,0.7582879,2.024371
2143,2.781397,0.7577603,2.0236368
2144,2.780118,0.7572149,2.0229032
2145,2.77885,0.7566801,2.02217
2146,2.7775607,0.75612277,2.021438
2147,2.7762747,0.7555687,2.020706
2148,2.7749946,0.7550198,2.0199747
2149,2.7737148,0.7544712,2.0192437
2150,2.772449,0.7539354,2.0185137
2151,2.7711983,0.75341445,2.0177839
2152,2.769941,0.75288635,2.0170548
2153,2.7686794,0.7523526,2.0163267
2154,2.7674198,0.7518214,2.0155985
2155,2.7661803,0.7513088,2.0148714
2156,2.7649095,0.750765,2.0141444
2157,2.7636702,0.750253,2.0134172
2158,2.7624056,0.7497144,2.0126913
2159,2.7611427,0.74917734,2.0119653
2160,2.7598925,0.74865246,2.01124
2161,2.7586544,0.7481391,2.0105152
2162,2.757407,0.74761593,2.0097911
2163,2.756153,0.74708635,2.0090668
2164,2.7549012,0.7465576,2.0083435
2165,2.7536387,0.74601805,2.0076206
2166,2.7523863,0.7454884,2.006898
2167,2.7511551,0.74497896,2.0061762
2168,2.7499075,0.7444526,2.005455
2169,2.7486954,0.74396104,2.0047343
2170,2.7474473,0.7434332,2.004014
2171,2.7462058,0.74291134,2.0032945
2172,2.7449832,0.7424082,2.002575
2173,2.743743,0.74188656,2.0018563
2174,2.7425137,0.74137616,2.0011375
2175,2.7412782,0.7408589,2.0004191
2176,2.7400277,0.74032646,1.9997013
2177,2.7387767,0.73979294,1.9989837
2178,2.7375336,0.73926663,1.9982669
2179,2.7363183,0.7387677,1.9975506
2180,2.7350626,0.73822725,1.9968354
2181,2.733831,0.7377106,1.9961203
2182,2.7325976,0.7371911,1.9954065
2183,2.7313795,0.7366856,1.9946939
2184,2.7301471,0.7361662,1.9939809
2185,2.7289448,0.73567533,1.9932694
2186,2.7277381,0.7351795,1.9925587
2187,2.7265031,0.73465466,1.9918485
2188,2.7252784,0.73414,1.9911385
2189,2.7240539,0.7336245,1.9904293
2190,2.72283,0.7331103,1.9897199
2191,2.7216277,0.7326169,1.9890109
2192,2.72039,0.732088,1.988302
2193,2.719209,0.7316153,1.9875937
2194,2.717969,0.73108363,1.9868852
2195,2.7167487,0.73057157,1.9861771
2196,2.7155433,0.73007405,1.9854691
2197,2.7143333,0.72957194,1.9847615
2198,2.713125,0.7290712,1.9840539
2199,2.7119253,0.7285787,1.9833466
2200,2.7106986,0.72805923,1.9826394
2201,2.7095013,0.7275687,1.9819326
2202,2.7082834,0.72705716,1.9812262
2203,2.707078,0.7265583,1.9805195
2204,2.7058802,0.72606605,1.979814
2205,2.7046561,0.7255476,1.9791085
2206,2.7034547,0.7250512,1.9784036
2207,2.7022645,0.72456545,1.9776992
2208,2.7010732,0.72407806,1.976995
2209,2.6998894,0.7235979,1.9762915
2210,2.6986732,0.7230851,1.9755881
2211,2.6974618,0.72257566,1.9748861
2212,2.696271,0.72208726,1.9741838
2213,2.6950595,0.7215775,1.973482
2214,2.6938674,0.7210866,1.9727807
2215,2.692673,0.7205931,1.9720798
2216,2.691477,0.72009814,1.971379
2217,2.6902843,0.7196055,1.9706788
2218,2.6890886,0.71910936,1.9699793
2219,2.68789,0.7186102,1.9692799
2220,2.6866927,0.7181116,1.9685811
2221,2.685498,0.71761525,1.9678826
2222,2.684316,0.7171311,1.9671849
2223,2.6831183,0.7166314,1.9664869
2224,2.6819212,0.71613157,1.9657897
2225,2.6807456,0.71565336,1.9650923
2226,2.6795728,0.7151774,1.9643954
2227,2.678381,0.714682,1.963699
2228,2.6772084,0.7142056,1.9630027
2229,2.6760244,0.7137178,1.9623065
2230,2.6748497,0.7132394,1.9616104
2231,2.6736603,0.7127453,1.960915
2232,2.6724668,0.7122473,1.9602194
2233,2.6712768,0.71175295,1.9595238
2234,2.670095,0.71126634,1.9588287
2235,2.6689246,0.7107914,1.9581331
2236,2.667757,0.71031874,1.9574382
2237,2.6665912,0.70984805,1.9567431
2238,2.6654031,0.70935416,1.9560491
2239,2.6642313,0.70887643,1.9553549
2240,2.6630592,0.7083979,1.9546613
2241,2.6618888,0.7079207,1.9539682
2242,2.660711,0.7074356,1.9532756
2243,2.6595514,0.7069676,1.9525838
2244,2.6583798,0.7064882,1.9518917
2245,2.6571825,0.7059824,1.9512
2246,2.6560304,0.7055211,1.9505093
2247,2.654877,0.70505893,1.9498181
2248,2.6536915,0.70456386,1.9491277
2249,2.652529,0.7040918,1.9484372
2250,2.6513782,0.70363075,1.9477473
2251,2.6502092,0.7031518,1.9470574
2252,2.649052,0.7026841,1.9463677
2253,2.647878,0.7021995,1.9456784
2254,2.6467202,0.70173126,1.944989
2255,2.6455662,0.7012663,1.9442999
2256,2.644398,0.700787,1.943611
2257,2.6432452,0.70032346,1.9429219
2258,2.642085,0.69985193,1.9422331
2259,2.6409283,0.6993836,1.9415445
2260,2.6397643,0.6989083,1.940856
2261,2.6386132,0.6984457,1.9401677
2262,2.6374357,0.69795626,1.9394795
2263,2.6362875,0.69749606,1.9387914
2264,2.635126,0.6970224,1.9381037
2265,2.633978,0.6965617,1.9374161
2266,2.6327899,0.6960611,1.9367287
2267,2.631614,0.69557256,1.9360414
2268,2.6304562,0.69510156,1.9353546
2269,2.6293225,0.6946547,1.9346678
2270,2.6281817,0.6942004,1.9339813
2271,2.6270325,0.69373685,1.9332956
2272,2.62587,0.6932604,1.9326097
2273,2.6247423,0.69281805,1.9319243
2274,2.6236088,0.69236976,1.9312391
2275,2.6224604,0.691906,1.9305544
2276,2.621318,0.6914486,1.9298694
2277,2.620151,0.69096637,1.9291846
2278,2.6190069,0.690507,1.9284999
2279,2.617863,0.6900473,1.9278157
2280,2.6167243,0.68959284,1.9271315
2281,2.6155884,0.68914133,1.926447
2282,2.6144464,0.6886838,1.9257627
2283,2.6133041,0.68822587,1.9250784
2284,2.6121323,0.687738,1.9243942
2285,2.6109815,0.68727195,1.9237095
2286,2.6098495,0.68682456,1.9230249
2287,2.6087234,0.68638366,1.9223398
2288,2.6075768,0.6859221,1.9216547
2289,2.6064234,0.6854542,1.9209692
2290,2.605278,0.6849938,1.9202842
2291,2.6041532,0.68455404,1.9195992
2292,2.6030338,0.6841201,1.9189137
2293,2.6018934,0.6836648,1.9182286
2294,2.6007447,0.68320113,1.9175436
2295,2.5995963,0.682737,1.9168593
2296,2.5984585,0.6822836,1.9161749
2297,2.5973382,0.6818472,1.9154909
2298,2.5962055,0.68139815,1.9148073
2299,2.5950603,0.68093616,1.9141241
2300,2.593932,0.6804912,1.9134406
2301,2.592799,0.6800411,1.9127579
2302,2.591662,0.6795868,1.912075
2303,2.5905287,0.6791359,1.9113928
2304,2.5893998,0.67868954,1.9107103
2305,2.588264,0.67823637,1.9100277
2306,2.5871258,0.67778057,1.9093451
2307,2.5860004,0.67733794,1.9086624
2308,2.584858,0.6768784,1.9079796
2309,2.5837092,0.6764124,1.9072969
2310,2.5825706,0.67595655,1.9066141
2311,2.5814414,0.6755103,1.9059312
2312,2.5803132,0.67506474,1.9052484
2313,2.5791855,0.6746202,1.9045653
2314,2.578059,0.67417693,1.9038821
2315,2.576932,0.67373306,1.903199
2316,2.575812,0.6732962,1.9025159
2317,2.5746887,0.672856,1.9018327
2318,2.5735571,0.67240804,1.9011492
2319,2.5724416,0.67197645,1.9004651
2320,2.571306,0.6715245,1.8997815
2321,2.570169,0.67107147,1.8990974
2322,2.5690563,0.6706435,1.8984128
2323,2.5679312,0.6702028,1.8977283
2324,2.5668132,0.66976964,1.8970435
2325,2.5656855,0.66932654,1.896359
2326,2.5645666,0.66889256,1.8956741
2327,2.5634468,0.6684572,1.8949896
2328,2.5623226,0.66801727,1.8943052
2329,2.5612206,0.6676,1.8936207
2330,2.5601094,0.667173,1.8929363
2331,2.5589786,0.66672647,1.8922521
2332,2.5578268,0.66625905,1.8915677
2333,2.5566933,0.66580987,1.8908833
2334,2.5555665,0.66536736,1.8901993
2335,2.5544472,0.6649323,1.8895149
2336,2.553333,0.66450214,1.8888309
2337,2.552208,0.664061,1.8881469
2338,2.5511105,0.6636483,1.8874623
2339,2.5499964,0.6632187,1.8867776
2340,2.5488598,0.66276646,1.8860933
2341,2.5477352,0.6623266,1.8854086
2342,2.5466256,0.66190195,1.8847238
2343,2.5454993,0.66146016,1.884039
2344,2.5443838,0.6610297,1.8833541
2345,2.5432768,0.6606081,1.8826686
2346,2.5421488,0.6601651,1.8819836
2347,2.5410383,0.6597398,1.8812984
2348,2.5399032,0.65929025,1.880613
2349,2.5387824,0.65885544,1.879927
2350,2.5376635,0.65842235,1.8792412
2351,2.5365632,0.6580081,1.8785549
2352,2.5354342,0.6575652,1.877869
2353,2.5343235,0.65714103,1.8771824
2354,2.5332139,0.6567182,1.8764957
2355,2.5320973,0.65628874,1.8758087
2356,2.5309901,0.6558686,1.8751215
2357,2.529884,0.65545,1.874434
2358,2.5287654,0.6550194,1.873746
2359,2.5276463,0.65458816,1.8730582
2360,2.5265136,0.65414387,1.8723696
2361,2.5254102,0.65372956,1.8716806
2362,2.5243006,0.6533088,1.8709917
2363,2.523174,0.6528717,1.8703023
2364,2.5220542,0.6524414,1.8696127
2365,2.5209446,0.6520222,1.8689225
2366,2.519839,0.65160644,1.8682327
2367,2.518718,0.6511757,1.8675423
2368,2.5176113,0.6507596,1.8668517
2369,2.5165143,0.6503533,1.866161
2370,2.5154135,0.6499433,1.8654703
2371,2.5143018,0.64952254,1.8647794
2372,2.5132062,0.6491179,1.8640884
2373,2.512107,0.64870965,1.8633972
2374,2.5109828,0.6482772,1.8627056
2375,2.5098572,0.6478439,1.8620133
2376,2.5087457,0.6474245,1.8613212
2377,2.507621,0.646992,1.8606291
2378,2.5065064,0.6465702,1.8599362
2379,2.5053887,0.6461456,1.8592433
2380,2.5042593,0.64570993,1.8585494
2381,2.5031357,0.6452804,1.8578552
2382,2.502013,0.64485246,1.8571604
2383,2.5008914,0.64442647,1.856465
2384,2.4997754,0.6440063,1.855769
2385,2.4986749,0.64360225,1.8550725
2386,2.4975545,0.6431788,1.8543756
2387,2.496466,0.6427873,1.8536786
2388,2.4953265,0.6423454,1.8529811
2389,2.4942355,0.64195156,1.8522838
2390,2.4931228,0.64153653,1.8515863
2391,2.492022,0.64113325,1.8508887
2392,2.4909139,0.6407229,1.8501909
2393,2.4898086,0.6403156,1.8494929
2394,2.4886808,0.6398857,1.848795
2395,2.4875767,0.6394802,1.8480965
2396,2.486462,0.63906425,1.8473978
2397,2.4853303,0.6386315,1.8466988
2398,2.4842207,0.63822174,1.8459991
2399,2.483093,0.6377935,1.8452995
2400,2.481976,0.6373769,1.8445991
2401,2.4808545,0.63695633,1.8438983
2402,2.4797523,0.63655555,1.8431967
2403,2.4786346,0.63613975,1.842495
2404,2.47753,0.6357374,1.8417925
2405,2.4764118,0.6353221,1.8410896
2406,2.4753096,0.6349235,1.8403862
2407,2.4741762,0.6344942,1.839682
2408,2.4730659,0.63408834,1.8389775
2409,2.4719443,0.6336717,1.8382727
2410,2.470839,0.63327193,1.8375671
2411,2.4697402,0.6328783,1.8368617
2412,2.4686215,0.6324659,1.8361557
2413,2.4674942,0.63204503,1.8354491
2414,2.4663887,0.6316465,1.8347421
2415,2.4652898,0.6312552,1.8340346
2416,2.464197,0.63087034,1.8333267
2417,2.4630933,0.630475,1.8326182
2418,2.4619727,0.63006353,1.8319092
2419,2.460858,0.6296586,1.8311996
2420,2.4597354,0.6292457,1.8304896
2421,2.458606,0.6288272,1.8297788
2422,2.4575002,0.6284324,1.8290677
2423,2.4563918,0.6280358,1.828356
2424,2.455275,0.6276315,1.8276436
2425,2.4541473,0.62721676,1.8269305
2426,2.4530299,0.6268128,1.826217
2427,2.4519043,0.6264018,1.8255025
2428,2.4507616,0.6259737,1.8247877
2429,2.4496522,0.62558013,1.824072
2430,2.448534,0.6251786,1.8233556
2431,2.4474297,0.62479126,1.8226384
2432,2.4462845,0.6243641,1.8219205
2433,2.4451725,0.6239707,1.8212018
2434,2.4440506,0.6235682,1.8204824
2435,2.442925,0.623163,1.819762
2436,2.441809,0.622768,1.819041
2437,2.4406898,0.6223705,1.8183192
2438,2.4395785,0.6219806,1.8175979
2439,2.438457,0.6215816,1.8168755
2440,2.4373493,0.62119645,1.8161529
2441,2.4362166,0.6207869,1.8154298
2442,2.4351034,0.620397,1.8147063
2443,2.4339917,0.6200093,1.8139824
2444,2.4328868,0.6196291,1.8132577
2445,2.43176,0.61922723,1.8125328
2446,2.4306345,0.6188276,1.8118069
2447,2.4294944,0.6184139,1.8110806
2448,2.4283679,0.6180146,1.8103533
2449,2.4272332,0.6176079,1.8096253
2450,2.4261239,0.617227,1.8088968
2451,2.4250014,0.6168342,1.8081672
2452,2.4238718,0.616435,1.8074368
2453,2.422746,0.61604005,1.8067058
2454,2.4216301,0.6156563,1.8059738
2455,2.4205227,0.6152811,1.8052416
2456,2.4194045,0.6148961,1.8045083
2457,2.418257,0.6144824,1.8037747
2458,2.4171247,0.6140842,1.8030405
2459,2.4160047,0.6136993,1.8023055
2460,2.41487,0.6133001,1.8015698
2461,2.4137292,0.61289555,1.8008337
2462,2.4126165,0.6125197,1.8000968
2463,2.4114754,0.6121165,1.799359
2464,2.4103503,0.6117296,1.7986207
2465,2.4092312,0.6113498,1.7978814
2466,2.4080927,0.6109514,1.7971413
2467,2.4069684,0.61056864,1.7963998
2468,2.4058177,0.6101602,1.7956576
2469,2.404672,0.6097578,1.7949141
2470,2.4035447,0.6093748,1.7941699
2471,2.4024065,0.6089822,1.7934241
2472,2.4012723,0.6085945,1.7926779
2473,2.4001355,0.6082049,1.7919307
2474,2.3990176,0.6078348,1.7911828
2475,2.3978775,0.60744375,1.7904338
2476,2.3967428,0.607059,1.7896838
2477,2.395584,0.60665053,1.7889335
2478,2.3944483,0.6062661,1.7881823
2479,2.3933218,0.60589236,1.7874295
2480,2.3921854,0.6055092,1.7866763
2481,2.3910465,0.60512465,1.7859218
2482,2.3898928,0.6047263,1.7851666
2483,2.3887706,0.6043609,1.7844098
2484,2.387623,0.6039704,1.7836525
2485,2.3864832,0.6035895,1.7828937
2486,2.385337,0.6032031,1.7821339
2487,2.3841894,0.602816,1.7813733
2488,2.3830445,0.60243315,1.7806114
2489,2.3819075,0.6020586,1.7798488
2490,2.3807468,0.60166144,1.7790854
2491,2.3795881,0.6012673,1.7783209
2492,2.378432,0.6008761,1.777556
2493,2.3773003,0.6005094,1.776791
2494,2.3761446,0.6001198,1.7760248
2495,2.3749962,0.59973884,1.7752575
2496,2.373841,0.59935176,1.7744894
2497,2.3726912,0.5989703,1.7737209
2498,2.371541,0.5985897,1.7729512
2499,2.3703897,0.59820914,1.7721804
2500,2.369244,0.5978354,1.7714087
2501,2.3680768,0.5974409,1.770636
2502,2.366941,0.5970789,1.769862
2503,2.3657837,0.5966965,1.7690872
2504,2.36464,0.59632844,1.7683115
2505,2.3634887,0.5959546,1.7675341
2506,2.3623338,0.5955773,1.7667564
2507,2.361182,0.59520465,1.7659774
2508,2.3600016,0.5948049,1.7651966
2509,2.3588243,0.5944096,1.7644148
2510,2.3576696,0.5940379,1.7636317
2511,2.3564975,0.5936502,1.7628473
2512,2.3553424,0.5932809,1.7620616
2513,2.354179,0.59290475,1.7612741
2514,2.353005,0.59251916,1.7604856
2515,2.3518445,0.59214807,1.7596966
2516,2.3506622,0.5917559,1.7589062
2517,2.3495104,0.59139603,1.7581143
2518,2.3483377,0.5910157,1.7573218
2519,2.3471787,0.5906505,1.7565281
2520,2.3460028,0.59026945,1.7557334
2521,2.3448558,0.5899185,1.7549372
2522,2.3436782,0.58953786,1.7541404
2523,2.3425155,0.5891737,1.7533418
2524,2.3413482,0.5888054,1.7525427
2525,2.3401716,0.58842945,1.7517422
2526,2.3389935,0.58805287,1.7509408
2527,2.3378267,0.5876884,1.7501384
2528,2.336648,0.5873137,1.7493342
2529,2.3354778,0.58694845,1.7485293
2530,2.3342996,0.5865765,1.747723
2531,2.333115,0.5861999,1.7469151
2532,2.331927,0.58582085,1.7461063
2533,2.3307362,0.58544046,1.7452958
2534,2.3295462,0.58506215,1.7444841
2535,2.3283489,0.584678,1.7436708
2536,2.3271658,0.5843099,1.742856
2537,2.3259926,0.5839531,1.7420394
2538,2.3247995,0.5835776,1.7412219
2539,2.3236148,0.58321196,1.7404028
2540,2.3224275,0.582845,1.7395825
2541,2.3212209,0.5824596,1.7387612
2542,2.3200388,0.5820998,1.737939
2543,2.318869,0.58175343,1.7371156
2544,2.317667,0.5813761,1.7362909
2545,2.3164628,0.58099765,1.735465
2546,2.315278,0.5806397,1.7346383
2547,2.314068,0.580258,1.7338101
2548,2.312878,0.5798976,1.7329804
2549,2.3116846,0.57953507,1.7321496
2550,2.3104742,0.5791568,1.7313174
2551,2.3092873,0.57880336,1.730484
2552,2.3080862,0.5784375,1.7296487
2553,2.3068843,0.5780723,1.728812
2554,2.305663,0.57768875,1.7279743
2555,2.3044662,0.577332,1.7271343
2556,2.3032746,0.5769814,1.7262931
2557,2.3020554,0.57660526,1.7254502
2558,2.3008528,0.57624716,1.7246057
2559,2.2996457,0.57588595,1.7237598
2560,2.2984307,0.57551825,1.7229123
2561,2.297225,0.5751622,1.722063
2562,2.295997,0.5747847,1.7212123
2563,2.2947695,0.5744098,1.7203598
2564,2.2935436,0.57403755,1.719506
2565,2.292333,0.57368207,1.7186507
2566,2.2911205,0.5733265,1.717794
2567,2.2898986,0.5729627,1.7169359
2568,2.2886775,0.57260114,1.7160764
2569,2.2874577,0.57224226,1.7152154
2570,2.2862253,0.5718725,1.7143528
2571,2.2849867,0.5714976,1.7134892
2572,2.283775,0.57115114,1.7126241
2573,2.2825375,0.57078034,1.7117572
2574,2.2813072,0.57041836,1.710889
2575,2.2800746,0.5700558,1.7100189
2576,2.2788231,0.5696758,1.7091475
2577,2.2776034,0.56932926,1.7082742
2578,2.2763662,0.5689671,1.7073991
2579,2.2751276,0.56860536,1.7065223
2580,2.2738867,0.56824267,1.7056439
2581,2.2726657,0.5679016,1.7047641
2582,2.2714255,0.5675428,1.7038826
2583,2.2702005,0.56720036,1.7030001
2584,2.2689574,0.5668417,1.7021158
2585,2.2677176,0.56648755,1.70123
2586,2.266479,0.5661363,1.7003427
2587,2.2652364,0.5657823,1.6994541
2588,2.2639928,0.5654294,1.6985633
2589,2.2627366,0.5650655,1.697671
2590,2.2614794,0.5647025,1.696777
2591,2.2602336,0.5643522,1.6958815
2592,2.2589772,0.5639934,1.6949838
2593,2.2577243,0.56364006,1.6940842
2594,2.2564666,0.5632839,1.6931828
2595,2.2552097,0.5629304,1.6922793
2596,2.2539597,0.56258583,1.6913737
2597,2.2526863,0.5622197,1.6904666
2598,2.2514234,0.5618657,1.6895577
2599,2.2501793,0.5615327,1.6886466
2600,2.248897,0.5611628,1.6877342
2601,2.2476382,0.56081825,1.68682
2602,2.2463646,0.56046015,1.6859045
2603,2.2450979,0.5601102,1.6849877
2604,2.2438102,0.5597408,1.6840694
2605,2.2425272,0.5593778,1.6831495
2606,2.2412431,0.55901504,1.6822282
2607,2.239957,0.55865216,1.6813049
2608,2.2386923,0.55831224,1.68038
2609,2.2374165,0.5579635,1.6794531
2610,2.2361288,0.5576044,1.6785245
2611,2.2348533,0.55725914,1.6775942
2612,2.2335844,0.5569228,1.6766617
2613,2.232295,0.55656767,1.6757274
2614,2.2310083,0.55621743,1.6747909
2615,2.2297277,0.5558754,1.6738522
2616,2.2284362,0.55552423,1.672912
2617,2.227126,0.5551566,1.6719694
2618,2.2258294,0.5548046,1.6710248
2619,2.2245271,0.554449,1.6700782
2620,2.223232,0.55410236,1.6691296
2621,2.2219348,0.5537563,1.6681786
2622,2.2206457,0.5534199,1.6672258
2623,2.2193532,0.5530826,1.6662707
2624,2.218045,0.5527308,1.6653141
2625,2.216744,0.5523884,1.6643555
2626,2.215439,0.55204356,1.6633954
2627,2.214135,0.55170166,1.6624333
2628,2.2128365,0.5513667,1.6614699
2629,2.2115264,0.5510212,1.660505
2630,2.2101793,0.550641,1.6595383
2631,2.2088532,0.55028313,1.65857
2632,2.2075403,0.5499404,1.6575998
2633,2.2062378,0.5496101,1.6566277
2634,2.204902,0.5492481,1.655654
2635,2.2035933,0.5489154,1.654678
2636,2.202266,0.54856575,1.6537002
2637,2.2009225,0.5482022,1.6527202
2638,2.1996062,0.54786843,1.6517378
2639,2.1982865,0.547533,1.6507535
2640,2.196941,0.54717404,1.6497668
2641,2.1956303,0.5468518,1.6487786
2642,2.1942854,0.5464974,1.6477879
2643,2.1929355,0.54614055,1.646795
2644,2.191603,0.54580253,1.6458005
2645,2.1902661,0.5454621,1.6448041
2646,2.188913,0.545108,1.643805
2647,2.1875572,0.5447533,1.6428039
2648,2.1862206,0.54442024,1.6418004
2649,2.184876,0.5440809,1.640795
2650,2.1835213,0.5437343,1.639787
2651,2.1821723,0.5433947,1.6387775
2652,2.180815,0.5430493,1.6377658
2653,2.179469,0.54271716,1.6367519
2654,2.1781182,0.5423818,1.6357363
2655,2.1767592,0.54204094,1.6347184
2656,2.1753974,0.5416982,1.6336992
2657,2.174039,0.5413615,1.6326773
2658,2.1726766,0.5410226,1.631654
2659,2.1713328,0.5407044,1.6306285
2660,2.169974,0.54037327,1.6296009
2661,2.1686032,0.5400321,1.6285712
2662,2.1672256,0.539686,1.6275395
2663,2.1658566,0.53935087,1.6265057
2664,2.1644847,0.5390148,1.6254698
2665,2.1631134,0.5386814,1.624432
2666,2.1617434,0.5383515,1.6233919
2667,2.1603572,0.53800744,1.6223497
2668,2.1589618,0.5376559,1.6213058
2669,2.1575825,0.5373228,1.6202598
2670,2.1561863,0.5369749,1.6192116
2671,2.1547964,0.53663546,1.6181608
2672,2.153413,0.5363049,1.6171081
2673,2.1520252,0.5359723,1.616053
2674,2.1506295,0.53563374,1.6149957
2675,2.1492314,0.5352958,1.6139357
2676,2.1478176,0.53494406,1.6128737
2677,2.14642,0.5346107,1.6118094
2678,2.1450448,0.5343021,1.6107428
2679,2.1436346,0.5339606,1.609674
2680,2.1422417,0.53363883,1.6086029
2681,2.1408422,0.53331244,1.6075298
2682,2.1394272,0.53297246,1.6064546
2683,2.1380281,0.5326507,1.6053776
2684,2.1366045,0.5323061,1.6042984
2685,2.1351907,0.53197384,1.6032169
2686,2.133777,0.53164285,1.602134
2687,2.1323538,0.5313055,1.6010482
2688,2.130928,0.53096676,1.5999613
2689,2.1295173,0.5306457,1.5988717
2690,2.1280718,0.5302912,1.5977805
2691,2.1266515,0.52996427,1.5966872
2692,2.1252134,0.5296219,1.5955914
2693,2.1237872,0.5292931,1.594494
2694,2.122333,0.5289388,1.5933943
2695,2.120902,0.5286097,1.5922924
2696,2.1194575,0.52826923,1.5911883
2697,2.1180294,0.527947,1.5900823
2698,2.116569,0.52759564,1.5889735
2699,2.1151235,0.5272613,1.5878623
2700,2.1136813,0.52693295,1.5867484
2701,2.1122427,0.5266108,1.585632
2702,2.1107917,0.5262785,1.5845132
2703,2.1093433,0.5259513,1.583392
2704,2.1079125,0.5256445,1.5822681
2705,2.1064563,0.5253144,1.581142
2706,2.105023,0.5250094,1.5800134
2707,2.1035643,0.52468127,1.578883
2708,2.102115,0.5243644,1.5777504
2709,2.1006515,0.524036,1.5766155
2710,2.099206,0.5237272,1.5754787
2711,2.0977361,0.5233967,1.5743394
2712,2.0962698,0.5230718,1.5731981
2713,2.094814,0.52275926,1.5720547
2714,2.0933447,0.5224354,1.5709093
2715,2.0918615,0.5220998,1.5697616
2716,2.0903862,0.52177393,1.5686121
2717,2.0889103,0.5214497,1.5674607
2718,2.0874293,0.52112263,1.5663067
2719,2.085943,0.52079177,1.5651512
2720,2.084465,0.52047205,1.5639931
2721,2.082982,0.5201487,1.5628333
2722,2.081489,0.51981866,1.5616704
2723,2.0800056,0.5194997,1.560506
2724,2.078511,0.5191717,1.5593392
2725,2.0770173,0.51884747,1.5581697
2726,2.0755227,0.518524,1.5569986
2727,2.0740259,0.51820123,1.5558246
2728,2.072526,0.51787734,1.5546488
2729,2.0710208,0.5175506,1.5534703
2730,2.069536,0.5172462,1.5522898
2731,2.068037,0.5169301,1.5511069
2732,2.0665193,0.51659775,1.5499215
2733,2.0650117,0.51627785,1.548734
2734,2.06349,0.5159456,1.5475442
2735,2.0619857,0.51563346,1.5463523
2736,2.060451,0.51529276,1.5451584
2737,2.0589318,0.5149695,1.5439622
2738,2.0574238,0.5146596,1.5427643
2739,2.0559103,0.5143465,1.541564
2740,2.054389,0.5140271,1.5403619
2741,2.0528662,0.51370895,1.5391574
2742,2.0513456,0.51339465,1.537951
2743,2.0498369,0.5130943,1.5367426
2744,2.048304,0.51277286,1.5355313
2745,2.0467684,0.51245004,1.5343184
2746,2.0452366,0.51213366,1.5331029
2747,2.0437062,0.51182085,1.5318854
2748,2.0421722,0.5115067,1.5306654
2749,2.0406306,0.5111878,1.5294429
2750,2.0391068,0.5108883,1.5282185
2751,2.0375545,0.51056254,1.5269918
2752,2.0360138,0.5102507,1.525763
2753,2.0344734,0.50994116,1.5245322
2754,2.0329115,0.50961244,1.523299
2755,2.0313754,0.5093117,1.5220636
2756,2.0298345,0.5090084,1.5208262
2757,2.0282736,0.5086868,1.5195869
2758,2.0267239,0.5083781,1.5183458
2759,2.0251677,0.5080654,1.5171022
2760,2.0235913,0.507734,1.5158572
2761,2.0220404,0.50742996,1.5146104
2762,2.0204968,0.5071354,1.5133615
2763,2.0189319,0.506821,1.512111
2764,2.017348,0.5064899,1.5108582
2765,2.0157745,0.5061712,1.5096034
2766,2.0141993,0.5058522,1.508347
2767,2.0126421,0.505554,1.5070882
2768,2.011065,0.5052373,1.5058277
2769,2.0094872,0.50492245,1.5045646
2770,2.0079184,0.5046183,1.5033001
2771,2.0063372,0.50430435,1.5020329
2772,2.0047748,0.5040108,1.500764
2773,2.0031958,0.5037026,1.4994931
2774,2.001628,0.50340825,1.4982196
2775,2.0000126,0.50306857,1.4969441
2776,1.9984252,0.5027588,1.4956665
2777,1.9968312,0.5024442,1.4943869
2778,1.9952472,0.5021422,1.493105
2779,1.9936543,0.5018328,1.4918214
2780,1.9920594,0.50152355,1.4905357
2781,1.9904574,0.5012092,1.4892482
2782,1.9888625,0.5009041,1.4879584
2783,1.987272,0.50060534,1.4866667
2784,1.9856844,0.50031096,1.4853734
2785,1.9840782,0.5000001,1.484078
2786,1.9824742,0.4996931,1.482781
2787,1.9808836,0.49940136,1.4814823
2788,1.9792714,0.49908945,1.4801819
2789,1.9776531,0.49877396,1.4788792
2790,1.9760529,0.49847782,1.4775751
2791,1.9744416,0.49817306,1.4762686
2792,1.9728318,0.49787167,1.4749602
2793,1.971208,0.49755776,1.4736502
2794,1.9695936,0.49725512,1.4723386
2795,1.9679707,0.4969456,1.4710251
2796,1.9663557,0.49664578,1.4697099
2797,1.9647468,0.49635363,1.4683932
2798,1.9631108,0.49603584,1.467075
2799,1.9614958,0.49574074,1.465755
2800,1.9598885,0.49545464,1.4644338
2801,1.9582766,0.4951666,1.4631101
2802,1.9566537,0.4948681,1.4617856
2803,1.9550192,0.49456084,1.4604584
2804,1.9533796,0.49424985,1.4591298
2805,1.9517641,0.49396497,1.4577992
2806,1.9501469,0.49368015,1.4564668
2807,1.9485002,0.4933676,1.4551326
2808,1.9468712,0.49307477,1.4537964
2809,1.9452266,0.4927677,1.4524589
2810,1.9435985,0.4924788,1.4511197
2811,1.9419459,0.4921674,1.4497784
2812,1.9403045,0.49186853,1.448436
2813,1.9386791,0.4915869,1.4470922
2814,1.937047,0.49130028,1.4457467
2815,1.9353989,0.49099955,1.4443994
2816,1.9337487,0.49069852,1.4430503
2817,1.9321039,0.4904043,1.4416996
2818,1.9304556,0.49010813,1.4403474
2819,1.9288093,0.4898156,1.4389937
2820,1.9271562,0.48951733,1.4376389
2821,1.9255096,0.48922676,1.4362828
2822,1.9238559,0.48893076,1.4349251
2823,1.9222012,0.4886348,1.4335663
2824,1.920537,0.48833132,1.4322057
2825,1.9188772,0.4880332,1.4308441
2826,1.9172335,0.48775193,1.4294815
2827,1.9155812,0.4874643,1.4281169
2828,1.9139292,0.48717788,1.4267514
2829,1.9122727,0.4868876,1.4253851
2830,1.9106237,0.48660633,1.4240173
2831,1.9089495,0.48630115,1.4226483
2832,1.9072703,0.48599243,1.4212779
2833,1.9056067,0.48570058,1.4199061
2834,1.9039507,0.48541752,1.4185332
2835,1.9022919,0.48513332,1.4171586
2836,1.9006305,0.48484805,1.4157825
2837,1.8989674,0.48456264,1.4144047
2838,1.8973073,0.48428187,1.4130254
2839,1.8956178,0.48397315,1.4116447
2840,1.8939347,0.4836722,1.4102626
2841,1.8922588,0.48337942,1.4088794
2842,1.8905851,0.48309055,1.4074945
2843,1.8889354,0.48282677,1.4061087
2844,1.8872548,0.4825333,1.4047215
2845,1.8855717,0.48223844,1.4033333
2846,1.8839009,0.4819561,1.4019448
2847,1.8822272,0.48167256,1.4005547
2848,1.8805413,0.481377,1.3991643
2849,1.8788804,0.48110816,1.3977722
2850,1.8772062,0.48082632,1.3963798
2851,1.8755286,0.4805419,1.3949866
2852,1.8738543,0.48026186,1.3935924
2853,1.8721669,0.47997007,1.3921968
2854,1.8704946,0.4796937,1.3908008
2855,1.8688132,0.4794095,1.3894037
2856,1.8671341,0.4791281,1.388006
2857,1.8654761,0.47886914,1.386607
2858,1.8637968,0.47858936,1.3852075
2859,1.8621151,0.47830805,1.3838071
2860,1.8604258,0.47802037,1.3824055
2861,1.8587425,0.47773936,1.3810031
2862,1.8570528,0.47745293,1.3795998
2863,1.8553476,0.4771521,1.3781955
2864,1.8536627,0.47687307,1.3767897
2865,1.851985,0.47660133,1.3753836
2866,1.8503021,0.47632596,1.3739761
2867,1.8486233,0.47605526,1.372568
2868,1.8469489,0.47578913,1.3711597
2869,1.845269,0.4755184,1.3697506
2870,1.8435907,0.4752492,1.3683416
2871,1.8418921,0.4749602,1.3669319
2872,1.8402013,0.47467932,1.3655219
2873,1.8385061,0.474394,1.3641121
2874,1.8368207,0.47411928,1.3627014
2875,1.8351461,0.47385567,1.3612903
2876,1.8334509,0.47357225,1.3598787
2877,1.831774,0.47330743,1.3584666
2878,1.8300762,0.4730222,1.357054
2879,1.8283814,0.47274068,1.3556408
2880,1.8266954,0.47246864,1.3542268
2881,1.825011,0.47219855,1.3528125
2882,1.8233283,0.4719307,1.3513975
2883,1.821639,0.4716569,1.349982
2884,1.8199506,0.47138458,1.3485659
2885,1.8182518,0.47110263,1.3471493
2886,1.8165553,0.47082368,1.3457316
2887,1.8148717,0.47055757,1.3443141
2888,1.8131979,0.47030175,1.3428961
2889,1.8115002,0.47002232,1.3414779
2890,1.8098036,0.46974444,1.3400592
2891,1.8081207,0.46948007,1.3386407
2892,1.8064446,0.46922272,1.337222
2893,1.8047574,0.46895403,1.3358033
2894,1.8030452,0.46866086,1.3343843
2895,1.8013633,0.46839795,1.3329654
2896,1.7996843,0.46813825,1.3315461
2897,1.798002,0.46787536,1.3301266
2898,1.7962985,0.46759167,1.3287069
2899,1.7946016,0.46731478,1.3272868
2900,1.7929119,0.46704528,1.3258666
2901,1.7912302,0.46678433,1.3244458
2902,1.7895207,0.46649584,1.3230249
2903,1.7878473,0.46624282,1.3216045
2904,1.7861724,0.46598858,1.3201838
2905,1.7844847,0.46572146,1.3187633
2906,1.7827991,0.46545622,1.3173429
2907,1.781125,0.46520254,1.3159224
2908,1.7794449,0.4649424,1.3145026
2909,1.7777637,0.46468082,1.3130829
2910,1.7760905,0.4644269,1.3116636
2911,1.7743915,0.4641469,1.3102446
2912,1.7727056,0.46388015,1.3088254
2913,1.7710165,0.4636102,1.3074063
2914,1.7693449,0.46335766,1.3059872
2915,1.7676632,0.46309513,1.3045682
2916,1.7659844,0.46283525,1.3031491
2917,1.7642869,0.46255666,1.3017302
2918,1.7626042,0.46229285,1.3003113
2919,1.7609229,0.4620299,1.298893
2920,1.759258,0.4617832,1.2974749
2921,1.7575692,0.4615119,1.2960572
2922,1.7558917,0.46125174,1.29464
2923,1.754215,0.4609914,1.2932236
2924,1.7525464,0.46073902,1.2918074
2925,1.7508943,0.46050224,1.290392
2926,1.7492034,0.46022645,1.288977
2927,1.7475218,0.4599589,1.2875628
2928,1.7458538,0.45970464,1.2861491
2929,1.7441853,0.45944923,1.284736
2930,1.7425281,0.4592046,1.2833235
2931,1.7408601,0.4589484,1.2819117
2932,1.7391922,0.45869172,1.2805005
2933,1.7375088,0.45841876,1.27909
2934,1.7358379,0.45815793,1.27768
2935,1.7341801,0.45790926,1.2762709
2936,1.7325127,0.45765078,1.2748619
2937,1.7308408,0.4573874,1.2734535
2938,1.7291894,0.45714375,1.2720456
2939,1.7275479,0.45690936,1.2706385
2940,1.7258803,0.45664838,1.2692319
2941,1.7242247,0.4563986,1.2678261
2942,1.7225592,0.4561384,1.2664208
2943,1.7208903,0.45587412,1.2650162
2944,1.7192222,0.45560977,1.2636124
2945,1.7175658,0.4553563,1.2622094
2946,1.7159185,0.45511156,1.2608069
2947,1.7142863,0.4548808,1.2594055
2948,1.7126365,0.45463175,1.2580047
2949,1.7109703,0.45436507,1.2566051
2950,1.7093421,0.4541358,1.2552063
2951,1.7077032,0.45389482,1.2538084
2952,1.7060617,0.4536505,1.2524112
2953,1.7044047,0.4533895,1.2510152
2954,1.7027476,0.45312726,1.2496203
2955,1.7010993,0.45287257,1.2482266
2956,1.6994592,0.45262498,1.2468342
2957,1.6978322,0.4523896,1.2454426
2958,1.6961956,0.4521429,1.2440528
2959,1.6945677,0.45190382,1.2426639
2960,1.6929274,0.45165128,1.2412761
2961,1.6912949,0.45140526,1.2398896
2962,1.6896679,0.4511636,1.2385043
2963,1.688009,0.45088884,1.2371202
2964,1.6863904,0.45065346,1.235737
2965,1.6847595,0.4504046,1.2343549
2966,1.6831193,0.4501459,1.2329733
2967,1.6815053,0.44991207,1.2315933
2968,1.6798601,0.449646,1.2302141
2969,1.6782454,0.449409,1.2288364
2970,1.6766016,0.449142,1.2274597
2971,1.6749938,0.44890946,1.2260844
2972,1.6733829,0.4486724,1.2247105
2973,1.6717619,0.44842404,1.2233378
2974,1.6701458,0.4481792,1.2219665
2975,1.6685089,0.44791245,1.2205964
2976,1.6668838,0.4476557,1.2192281
2977,1.6652883,0.4474273,1.217861
2978,1.6637052,0.44721013,1.2164952
2979,1.6621072,0.4469763,1.2151309
2980,1.660506,0.44673777,1.2137682
2981,1.6588982,0.4464914,1.2124069
2982,1.6572988,0.44625154,1.2110473
2983,1.6556947,0.4460057,1.209689
2984,1.6541188,0.44578677,1.208332
2985,1.6525149,0.44553867,1.2069763
2986,1.6509137,0.44529143,1.2056223
2987,1.6493182,0.44504812,1.2042701
2988,1.6477294,0.44481048,1.2029189
2989,1.6461278,0.4445582,1.2015696
2990,1.6445266,0.44430506,1.2002215
2991,1.6429442,0.44406927,1.198875
2992,1.6413529,0.44382316,1.1975297
2993,1.6397607,0.44357473,1.196186
2994,1.6381664,0.44332236,1.194844
2995,1.6365993,0.44309548,1.1935039
2996,1.6350214,0.44285643,1.192165
2997,1.633454,0.44262546,1.1908286
2998,1.6318839,0.44239017,1.1894937
2999,1.6303176,0.44215637,1.1881611
3000,1.628738,0.4419076,1.1868304
3001,1.627192,0.44169047,1.1855016
3002,1.6256254,0.4414506,1.1841748
3003,1.6240578,0.4412079,1.1828499
3004,1.6225064,0.44098,1.1815264
3005,1.6209403,0.44073552,1.1802047
3006,1.619404,0.44051948,1.1788845
3007,1.6178242,0.44025815,1.177566
3008,1.6162828,0.44003373,1.1762491
3009,1.6147397,0.43980598,1.1749337
3010,1.6131841,0.43956438,1.1736197
3011,1.6116327,0.43932515,1.1723075
3012,1.6100589,0.43906242,1.1709965
3013,1.6085166,0.43882865,1.1696879
3014,1.6069735,0.43859267,1.1683809
3015,1.6054466,0.43837032,1.1670762
3016,1.6039068,0.43813327,1.1657735
3017,1.6023731,0.43790004,1.164473
3018,1.6008363,0.43766156,1.1631747
3019,1.599301,0.43742234,1.1618787
3020,1.5977901,0.43720552,1.1605846
3021,1.5962646,0.43697166,1.1592929
3022,1.5947398,0.43673667,1.1580031
3023,1.5931944,0.43647897,1.1567154
3024,1.5916744,0.43624505,1.1554294
3025,1.590168,0.43602225,1.1541457
3026,1.5886408,0.43577737,1.1528635
3027,1.5871156,0.43553224,1.1515834
3028,1.5856079,0.43530276,1.1503052
3029,1.5840942,0.4350655,1.1490287
3030,1.582597,0.43484268,1.1477543
3031,1.5811006,0.4346186,1.146482
3032,1.5795815,0.4343697,1.1452118
3033,1.5780811,0.43413725,1.1439439
3034,1.5765834,0.43390557,1.1426778
3035,1.575089,0.43367526,1.1414137
3036,1.5736041,0.43345204,1.1401521
3037,1.5721148,0.43322223,1.1388925
3038,1.5706245,0.43298942,1.137635
3039,1.5691401,0.43276072,1.1363794
3040,1.567656,0.43252987,1.1351261
3041,1.566176,0.43230164,1.1338744
3042,1.5646926,0.43206766,1.132625
3043,1.5632278,0.43185034,1.1313775
3044,1.5617523,0.43161952,1.1301328
3045,1.5602838,0.43139377,1.12889
3046,1.558829,0.43117902,1.1276499
3047,1.5573696,0.43095762,1.1264119
3048,1.5558939,0.43071744,1.1251764
3049,1.554436,0.43049282,1.1239431
3050,1.5529606,0.4302482,1.1227125
3051,1.5515146,0.43003064,1.1214839
3052,1.5500442,0.42978638,1.1202577
3053,1.5485902,0.42955646,1.1190337
3054,1.5471448,0.42933267,1.1178122
3055,1.545692,0.4290992,1.1165928
3056,1.5442593,0.42888388,1.1153754
3057,1.5428115,0.42865145,1.1141601
3058,1.5413638,0.4284165,1.1129473
3059,1.5399164,0.42817977,1.1117367
3060,1.5384654,0.42793712,1.1105282
3061,1.5370357,0.42771345,1.1093222
3062,1.5356001,0.42748132,1.1081188
3063,1.5341729,0.4272552,1.1069177
3064,1.5327339,0.42701516,1.1057187
3065,1.531321,0.42679855,1.1045225
3066,1.5299,0.42657155,1.1033285
3067,1.5284859,0.42634892,1.102137
3068,1.5270594,0.42611182,1.1009476
3069,1.525645,0.42588422,1.0997608
3070,1.5242376,0.42566153,1.0985761
3071,1.5228187,0.4254246,1.0973941
3072,1.5214032,0.4251892,1.0962139
3073,1.5200075,0.4249712,1.0950363
3074,1.5185969,0.42473587,1.093861
3075,1.5171982,0.42451054,1.0926877
3076,1.5158114,0.42429438,1.0915171
3077,1.5144207,0.42407188,1.0903488
3078,1.5130358,0.42385295,1.0891829
3079,1.5116222,0.42360237,1.0880198
3080,1.5102212,0.42336223,1.086859
3081,1.5088477,0.42314696,1.0857008
3082,1.5074773,0.4229324,1.0845449
3083,1.506108,0.42271656,1.0833915
3084,1.5047286,0.42248774,1.0822408
3085,1.5033473,0.42225492,1.0810924
3086,1.5019877,0.42204127,1.0799464
3087,1.5006273,0.42182446,1.0788028
3088,1.4992614,0.4215997,1.0776616
3089,1.4979026,0.42138013,1.0765225
3090,1.4965347,0.4211488,1.0753859
3091,1.4951673,0.42091554,1.0742517
3092,1.4937875,0.42066723,1.0731202
3093,1.4924341,0.42044327,1.0719908
3094,1.4910834,0.42021948,1.070864
3095,1.4897412,0.4200019,1.0697393
3096,1.4884112,0.41979373,1.0686175
3097,1.487069,0.41957116,1.0674978
3098,1.4857162,0.4193356,1.0663806
3099,1.48438,0.41911396,1.065266
3100,1.4830463,0.41889268,1.0641536
3101,1.481718,0.41867453,1.0630435
3102,1.4803913,0.41845495,1.0619363
3103,1.4790455,0.41821405,1.0608314
3104,1.4777211,0.41799235,1.0597287
3105,1.4763758,0.41774696,1.0586288
3106,1.4750494,0.41751826,1.0575311
3107,1.4737278,0.4172916,1.0564362
3108,1.4724069,0.41706333,1.0553435
3109,1.4711052,0.41685137,1.0542538
3110,1.4697845,0.41661808,1.0531664
3111,1.4684743,0.41639233,1.052082
3112,1.467164,0.41616422,1.0509999
3113,1.4658606,0.41594046,1.0499202
3114,1.4645773,0.41573432,1.048843
3115,1.4632618,0.41549397,1.0477679
3116,1.461961,0.4152654,1.0466956
3117,1.460661,0.4150359,1.0456252
3118,1.4593722,0.4148146,1.0445576
3119,1.4580796,0.41458723,1.0434923
3120,1.4567915,0.41436163,1.0424299
3121,1.4555094,0.4141397,1.0413698
3122,1.4542254,0.41391316,1.0403123
3123,1.4529594,0.41370216,1.0392573
3124,1.451681,0.41347644,1.0382046
3125,1.450418,0.41326362,1.0371544
3126,1.449147,0.41304013,1.0361068
3127,1.4478786,0.41281697,1.0350616
3128,1.44659,0.41257116,1.0340188
3129,1.4453291,0.41235006,1.032979
3130,1.4440776,0.41213664,1.0319409
3131,1.4428059,0.41189975,1.0309062
3132,1.4415524,0.411679,1.0298734
3133,1.4402968,0.41145366,1.0288432
3134,1.4390439,0.41122833,1.0278156
3135,1.4377986,0.41100806,1.0267905
3136,1.4365393,0.41077155,1.0257678
3137,1.435305,0.41055757,1.0247475
3138,1.4340684,0.4103389,1.0237296
3139,1.432815,0.41010058,1.0227144
3140,1.431583,0.40988162,1.0217015
3141,1.430356,0.40966436,1.0206916
3142,1.429128,0.40944374,1.0196843
3143,1.4278928,0.40921336,1.0186795
3144,1.4266776,0.4090001,1.0176775
3145,1.4254516,0.4087734,1.0166782
3146,1.4242344,0.40855315,1.0156813
3147,1.4230224,0.4083353,1.0146871
3148,1.4218155,0.40812045,1.013695
3149,1.420609,0.40790305,1.0127059
3150,1.4193937,0.40767428,1.0117193
3151,1.4181807,0.40744528,1.0107354
3152,1.4169683,0.40721405,1.0097543
3153,1.4157699,0.4069943,1.0087756
3154,1.4145485,0.40674952,1.007799
3155,1.4133568,0.40653157,1.0068252
3156,1.4121677,0.40631434,1.0058533
3157,1.410976,0.4060922,1.0048839
3158,1.4097699,0.4058532,1.0039167
3159,1.4085852,0.4056331,1.0029521
3160,1.407405,0.40541515,1.0019898
3161,1.4062216,0.40519154,1.0010301
3162,1.4050262,0.4049536,1.0000726
3163,1.4038428,0.4047254,0.9991174
3164,1.4026824,0.4045179,0.99816453
3165,1.4015131,0.4042992,0.9972139
3166,1.4003267,0.40406096,0.9962657
3167,1.3991638,0.40384352,0.9953204
3168,1.3979963,0.40361923,0.99437714
3169,1.3968351,0.4033983,0.99343675
3170,1.3956763,0.40317744,0.9924989
3171,1.39449,0.4029265,0.99156356
3172,1.3933549,0.40272403,0.9906309
3173,1.39218,0.40247938,0.9897006
3174,1.391014,0.40224087,0.98877305
3175,1.3898629,0.40201542,0.98784745
3176,1.3887137,0.40178964,0.9869241
3177,1.3875654,0.40156233,0.98600304
3178,1.3864193,0.40133524,0.98508406
3179,1.385278,0.40111056,0.9841674
3180,1.3841475,0.4008945,0.983253
3181,1.3830092,0.4006682,0.982341
3182,1.3818693,0.4004382,0.9814312
3183,1.3807424,0.40021884,0.9805236
3184,1.3796248,0.4000063,0.97961855
3185,1.3784952,0.39977995,0.9787153
3186,1.3773713,0.39955655,0.97781473
3187,1.3762599,0.3993434,0.9769165
3188,1.3751417,0.39912102,0.97602075
3189,1.3740193,0.3988916,0.97512764
3190,1.3728954,0.39865816,0.97423714
3191,1.3717932,0.39844364,0.97334945
3192,1.3706914,0.39822692,0.9724645
3193,1.3695741,0.39799207,0.97158194
3194,1.3684697,0.3977674,0.9707023
3195,1.3673711,0.3975461,0.9698249
3196,1.3662666,0.39731684,0.9689498
3197,1.3651611,0.39708394,0.96807706
3198,1.3640641,0.39685765,0.9672065
3199,1.3629612,0.39662284,0.9663383
3200,1.3618636,0.39639148,0.96547216
3201,1.3607687,0.39616033,0.9646084
3202,1.3596867,0.39593992,0.96374685
3203,1.3585998,0.39571232,0.9628874
3204,1.3575265,0.3954962,0.9620304
3205,1.3564508,0.3952754,0.96117544
3206,1.3553581,0.39503458,0.9603235
3207,1.3542833,0.39480963,0.95947367
3208,1.3532069,0.39458066,0.95862615
3209,1.3521435,0.39436218,0.9577814
3210,1.351086,0.39414716,0.9569389
3211,1.3500199,0.39392114,0.9560988
3212,1.3489614,0.39370057,0.95526075
3213,1.3478844,0.39345962,0.9544248
3214,1.3468143,0.39322308,0.9535912
3215,1.3457631,0.39300343,0.9527596
3216,1.3447137,0.39278373,0.95193
3217,1.343665,0.39256206,0.9511029
3218,1.3425944,0.39231616,0.9502782
3219,1.3415513,0.3920958,0.9494555
3220,1.340502,0.3918669,0.94863516
3221,1.3394488,0.39163166,0.94781715
3222,1.3383927,0.39139137,0.94700134
3223,1.3373507,0.39116254,0.94618815
3224,1.336317,0.39093998,0.945377
3225,1.3352995,0.3907314,0.94456816
3226,1.3342737,0.3905119,0.94376177
3227,1.3332491,0.39029163,0.94295746
3228,1.332228,0.3900727,0.9421553
3229,1.331203,0.3898474,0.9413555
3230,1.3301833,0.3896255,0.9405578
3231,1.329148,0.38938567,0.93976235
3232,1.3281268,0.38915786,0.9389689
3233,1.3271152,0.3889375,0.93817765
3234,1.3260937,0.3887055,0.9373882
3235,1.3250784,0.38847795,0.93660045
3236,1.3240737,0.38825887,0.9358148
3237,1.3230765,0.38804525,0.9350312
3238,1.3220617,0.3878117,0.93424994
3239,1.3210584,0.3875872,0.9334712
3240,1.3200552,0.3873605,0.9326948
3241,1.3190523,0.38713145,0.9319208
3242,1.3180555,0.38690624,0.9311493
3243,1.3170494,0.38666925,0.93038017
3244,1.3160654,0.3864519,0.9296135
3245,1.3150858,0.38623646,0.9288493
3246,1.3140802,0.38599274,0.92808753
3247,1.3130907,0.3857626,0.92732805
3248,1.3121015,0.38553068,0.92657083
3249,1.3111397,0.3853236,0.92581606
3250,1.310159,0.38509563,0.9250634
3251,1.3091711,0.38485816,0.92431295
3252,1.308188,0.38462323,0.9235647
3253,1.3072047,0.38438627,0.9228184
3254,1.306223,0.3841491,0.92207396
3255,1.3052322,0.38390097,0.92133117
3256,1.3042672,0.38367668,0.92059046
3257,1.3033085,0.38345706,0.9198515
3258,1.3023564,0.38324186,0.91911453
3259,1.3013849,0.38300523,0.9183797
3260,1.3004118,0.3827649,0.9176469
3261,1.2994474,0.3825313,0.91691613
3262,1.2984784,0.38229105,0.91618735
3263,1.2975338,0.38207287,0.9154609
3264,1.296572,0.38183573,0.9147363
3265,1.2956345,0.38162038,0.9140141
3266,1.2946821,0.3813883,0.9132938
3267,1.2937338,0.38115835,0.91257554
3268,1.2927866,0.3809273,0.91185933
3269,1.2918335,0.3806884,0.9111451
3270,1.2908896,0.38045695,0.91043264
3271,1.2899448,0.38022235,0.9097224
3272,1.2890207,0.3800066,0.90901405
3273,1.2880839,0.37977636,0.90830755
3274,1.287149,0.3795461,0.90760285
3275,1.2862183,0.37931803,0.9069002
3276,1.2853029,0.37910348,0.90619934
3277,1.2843828,0.37888244,0.90550035
3278,1.2834555,0.37865204,0.90480345
3279,1.2825311,0.3784226,0.9041085
3280,1.2815996,0.3781842,0.9034155
3281,1.2806721,0.37794733,0.90272474
3282,1.2797573,0.3777211,0.90203613
3283,1.2788454,0.377496,0.9013495
3284,1.2779304,0.3772655,0.9006649
3285,1.2770232,0.3770407,0.8999825
3286,1.2761207,0.37681824,0.89930236
3287,1.2752141,0.37658963,0.8986245
3288,1.2743156,0.37636694,0.8979486
3289,1.2734056,0.3761305,0.8972751
3290,1.2724979,0.37589458,0.89660335
3291,1.2715951,0.3756615,0.8959336
3292,1.2707045,0.37543863,0.89526594
3293,1.2697996,0.3751997,0.8945999
3294,1.268885,0.37494907,0.8939359
3295,1.2679895,0.37471586,0.8932736
3296,1.2670945,0.37448168,0.8926128
3297,1.2662072,0.3742535,0.8919537
3298,1.2653089,0.37401268,0.8912962
3299,1.2644109,0.37377018,0.8906406
3300,1.2635453,0.37355873,0.8899866
3301,1.2626476,0.37331313,0.8893345
3302,1.261771,0.37308693,0.88868403
3303,1.2608894,0.37285438,0.888035
3304,1.2600183,0.37263003,0.8873883
3305,1.2591264,0.37238282,0.88674355
3306,1.2582561,0.3721553,0.88610077
3307,1.2573931,0.37193334,0.8854597
3308,1.2565329,0.3717123,0.88482064
3309,1.2556621,0.37147853,0.8841836
3310,1.2547965,0.3712482,0.88354826
3311,1.253931,0.371016,0.882915
3312,1.2530656,0.37078217,0.8822834
3313,1.252206,0.3705524,0.8816536
3314,1.2513508,0.37032476,0.881026
3315,1.2504854,0.3700857,0.88039976
3316,1.2496306,0.36985528,0.8797753
3317,1.2487795,0.36962703,0.87915254
3318,1.2479188,0.36938754,0.87853134
3319,1.2470639,0.3691517,0.8779122
3320,1.2462177,0.3689229,0.8772948
3321,1.2453549,0.36867586,0.87667906
3322,1.2445126,0.3684474,0.87606514
3323,1.2436602,0.36820745,0.87545276
3324,1.2428188,0.36797655,0.8748423
3325,1.2419776,0.36774415,0.8742334
3326,1.2411463,0.36751962,0.87362677
3327,1.2403181,0.36729634,0.8730218
3328,1.2394906,0.36707157,0.87241906
3329,1.2386607,0.3668427,0.87181807
3330,1.2378271,0.36660817,0.87121886
3331,1.2370011,0.36637947,0.8706216
3332,1.2361808,0.3661545,0.87002623
3333,1.2353437,0.36591098,0.8694327
3334,1.2345198,0.36567912,0.8688407
3335,1.2336925,0.36544162,0.8682509
3336,1.2328792,0.36521658,0.8676626
3337,1.2320518,0.36497575,0.8670761
3338,1.2312342,0.36474308,0.8664911
3339,1.2304223,0.3645148,0.86590743
3340,1.2296033,0.3642779,0.86532533
3341,1.2287883,0.3640434,0.8647448
3342,1.2279676,0.36380172,0.8641659
3343,1.2271426,0.36355454,0.8635881
3344,1.2263204,0.36330837,0.863012
3345,1.2255013,0.36306396,0.8624373
3346,1.2247016,0.36283785,0.8618638
3347,1.2239017,0.36261,0.8612917
3348,1.2230946,0.36237323,0.8607214
3349,1.2222934,0.36214066,0.8601527
3350,1.2214996,0.36191392,0.85958564
3351,1.2207091,0.36168894,0.8590202
3352,1.219913,0.36145663,0.85845643
3353,1.219128,0.3612334,0.85789454
3354,1.2183307,0.36099663,0.85733414
3355,1.2175314,0.3607556,0.8567758
3356,1.2167339,0.36051503,0.8562189
3357,1.2159587,0.36029482,0.8556639
3358,1.2151779,0.36006743,0.8551104
3359,1.2143939,0.35983518,0.85455865
3360,1.2136096,0.35960126,0.85400826
3361,1.2128369,0.35937738,0.8534595
3362,1.212061,0.3591484,0.8529126
3363,1.2112803,0.35891333,0.85236704
3364,1.2105042,0.35868093,0.8518232
3365,1.209707,0.35842645,0.85128057
3366,1.2089223,0.35818252,0.8507397
3367,1.208138,0.35793757,0.85020036
3368,1.2073678,0.3577052,0.84966254
3369,1.2065969,0.35747075,0.8491261
3370,1.2058274,0.35723603,0.8485914
3371,1.2050669,0.35700926,0.8480577
3372,1.2043082,0.35678235,0.8475258
3373,1.2035449,0.35654974,0.8469952
3374,1.202778,0.35631207,0.8464659
3375,1.2020077,0.35606942,0.8459382
3376,1.2012502,0.35583842,0.8454118
3377,1.2005076,0.35562074,0.84488684
3378,1.1997437,0.3553799,0.84436387
3379,1.1989899,0.35514772,0.84384215
3380,1.1982381,0.3549159,0.8433223
3381,1.1974863,0.35468253,0.8428038
3382,1.1967509,0.354464,0.8422868
3383,1.1960028,0.3542315,0.84177136
3384,1.1952455,0.35398796,0.8412576
3385,1.1945055,0.3537606,0.8407448
3386,1.193742,0.35350862,0.8402334
3387,1.1930045,0.35328078,0.83972365
3388,1.1922616,0.3530466,0.8392149
3389,1.1915163,0.35280845,0.8387078
3390,1.1907665,0.35256472,0.83820176
3391,1.1900219,0.352325,0.83769685
3392,1.1892828,0.3520895,0.83719325
3393,1.1885563,0.35186532,0.83669096
3394,1.187836,0.35164595,0.8361901
3395,1.1870886,0.35139787,0.83569074
3396,1.1863457,0.35115302,0.8351926
3397,1.185626,0.35093018,0.8346959
3398,1.1849016,0.35070103,0.8342005
3399,1.1841623,0.3504556,0.8337066
3400,1.1834276,0.3502134,0.83321416
3401,1.1827042,0.34998113,0.832723
3402,1.1819972,0.34976375,0.8322335
3403,1.1812639,0.34951895,0.83174497
3404,1.180538,0.34928012,0.831258
3405,1.1798103,0.34903765,0.8307726
3406,1.1790963,0.3488079,0.8302884
3407,1.1783792,0.3485736,0.8298056
3408,1.177657,0.34833297,0.829324
3409,1.1769336,0.34808975,0.82884383
3410,1.1762304,0.34786588,0.82836455
3411,1.175504,0.3476173,0.82788664
3412,1.1747768,0.34736714,0.8274097
3413,1.1740693,0.34713507,0.8269342
3414,1.1733603,0.3469009,0.8264594
3415,1.1726576,0.34667176,0.8259858
3416,1.1719606,0.34644708,0.82551354
3417,1.171261,0.34621856,0.82504237
3418,1.1705589,0.3459865,0.8245724
3419,1.1698589,0.3457551,0.82410383
3420,1.1691601,0.34552342,0.82363665
3421,1.1684648,0.345294,0.8231707
3422,1.1677748,0.3450683,0.82270646
3423,1.1670796,0.34483582,0.82224375
3424,1.1663921,0.34460986,0.82178223
3425,1.1656961,0.34437352,0.8213226
3426,1.1650051,0.34414095,0.8208642
3427,1.1643108,0.3439035,0.8204073
3428,1.1636127,0.34366143,0.8199513
3429,1.162921,0.3434244,0.8194965
3430,1.1622213,0.3431786,0.81904274
3431,1.1615409,0.34295094,0.81858987
3432,1.1608403,0.34270182,0.8181384
3433,1.1601651,0.34247756,0.8176875
3434,1.1594765,0.34223855,0.81723803
3435,1.1588027,0.3420134,0.8167893
3436,1.158115,0.34177318,0.8163419
3437,1.1574366,0.3415415,0.81589514
3438,1.1567534,0.34130365,0.81544983
3439,1.1560898,0.34108415,0.81500566
3440,1.1554229,0.3408609,0.8145621
3441,1.1547523,0.34063235,0.8141199
3442,1.1540743,0.34039566,0.8136787
3443,1.1534036,0.3401653,0.8132383
3444,1.1527313,0.33993226,0.812799
3445,1.1520526,0.3396919,0.81236076
3446,1.1513822,0.33945853,0.8119236
3447,1.1507068,0.339219,0.81148773
3448,1.1500423,0.33898896,0.81105334
3449,1.1493682,0.3387485,0.8106196
3450,1.148701,0.33851373,0.8101872
3451,1.1480396,0.33828318,0.80975634
3452,1.1473646,0.33803797,0.8093267
3453,1.1467102,0.33781186,0.8088983
3454,1.1460618,0.33759043,0.8084713
3455,1.1454096,0.33736435,0.80804527
3456,1.1447394,0.33711913,0.8076202
3457,1.144069,0.33687243,0.80719656
3458,1.1434195,0.33664584,0.8067736
3459,1.1427708,0.33641928,0.8063515
3460,1.142121,0.3361906,0.8059303
3461,1.1414609,0.3359509,0.8055099
3462,1.1408097,0.3357194,0.80509025
3463,1.1401559,0.33548442,0.80467147
3464,1.1395183,0.3352648,0.80425346
3465,1.1388625,0.3350259,0.8038366
3466,1.1382127,0.3347917,0.80342096
3467,1.137569,0.33456284,0.80300605
3468,1.1369267,0.33433375,0.80259293
3469,1.1362542,0.33407316,0.80218107
3470,1.1356108,0.3338407,0.8017701
3471,1.1349733,0.33361256,0.8013608
3472,1.1343193,0.3333667,0.8009526
3473,1.1336839,0.33313864,0.80054533
3474,1.1330513,0.33291194,0.80013937
3475,1.1324261,0.33269176,0.7997344
3476,1.1317922,0.33246192,0.79933023
3477,1.1311543,0.33222717,0.7989271
3478,1.1305202,0.33199555,0.7985246
3479,1.1298823,0.33175987,0.79812247
3480,1.1292528,0.33153144,0.7977213
3481,1.1286244,0.331304,0.7973204
3482,1.1279999,0.33107948,0.7969204
3483,1.1273775,0.33085653,0.796521
3484,1.1267539,0.3306312,0.79612267
3485,1.126121,0.33039585,0.79572517
3486,1.1254805,0.33015186,0.7953286
3487,1.1248564,0.32992348,0.79493284
3488,1.1242344,0.3296962,0.79453826
3489,1.1236129,0.32946834,0.7941446
3490,1.1229923,0.32924023,0.7937521
3491,1.1223718,0.32901108,0.79336065
3492,1.1217456,0.328775,0.7929706
3493,1.1211234,0.32854176,0.7925816
3494,1.1204996,0.32830566,0.7921939
3495,1.1198739,0.32806668,0.7918072
3496,1.119247,0.32782546,0.79142153
3497,1.1186329,0.32759628,0.7910366
3498,1.1180214,0.32736894,0.7906524
3499,1.1174011,0.32713225,0.79026884
3500,1.1167935,0.32690778,0.78988576
3501,1.1161826,0.32667893,0.78950363
3502,1.1155897,0.32646784,0.78912187
3503,1.1149871,0.32624623,0.78874093
3504,1.1143736,0.3260129,0.78836066
3505,1.1137791,0.32579777,0.7879813
3506,1.1131715,0.32556844,0.787603
3507,1.1125604,0.32533526,0.7872251
3508,1.111938,0.32508922,0.7868488
3509,1.1113273,0.32485414,0.7864732
3510,1.1107199,0.3246212,0.7860987
3511,1.1101085,0.32438356,0.78572494
3512,1.1095165,0.32416427,0.78535223
3513,1.1089107,0.32393035,0.7849803
3514,1.1083256,0.32371625,0.7846093
3515,1.107733,0.32349393,0.7842391
3516,1.1071192,0.32324952,0.7838697
3517,1.1065285,0.3230276,0.7835009
3518,1.105929,0.32279617,0.7831328
3519,1.1053363,0.32257098,0.7827653
3520,1.1047429,0.32234448,0.78239846
3521,1.1041481,0.32211566,0.78203255
3522,1.1035448,0.3218774,0.7816675
3523,1.1029503,0.3216472,0.7813031
3524,1.1023557,0.32141635,0.78093934
3525,1.1017668,0.32119006,0.78057677
3526,1.1011856,0.32097092,0.7802146
3527,1.1006017,0.3207481,0.7798536
3528,1.1000175,0.32052454,0.779493
3529,1.0994307,0.32029724,0.77913344
3530,1.0988541,0.3200796,0.77877444
3531,1.0982763,0.3198597,0.7784165
3532,1.0976999,0.3196408,0.77805907
3533,1.0971196,0.31941682,0.7777027
3534,1.0965471,0.31920022,0.77734697
3535,1.0959601,0.31896845,0.7769917
3536,1.0953685,0.31873128,0.77663726
3537,1.0948005,0.31851703,0.7762835
3538,1.0942098,0.3182793,0.77593046
3539,1.0936258,0.3180475,0.7755783
3540,1.0930519,0.3178251,0.77522683
3541,1.0924745,0.31759804,0.7748764
3542,1.0919006,0.31737378,0.7745268
3543,1.091328,0.31715024,0.77417785
3544,1.090762,0.31693208,0.77382994
3545,1.0901933,0.31671056,0.77348274
3546,1.0896142,0.31647807,0.7731361
3547,1.0890582,0.31626812,0.77279
3548,1.0884771,0.31603256,0.77244455
3549,1.0879047,0.31580478,0.7720999
3550,1.0873274,0.315572,0.7717554
3551,1.0867705,0.3153589,0.7714116
3552,1.0861979,0.3151296,0.7710682
3553,1.0856261,0.31490117,0.77072495
3554,1.0850675,0.31468546,0.7703821
3555,1.0845053,0.3144657,0.7700397
3556,1.0839399,0.31424206,0.7696979
3557,1.0833693,0.3140123,0.76935697
3558,1.0828018,0.3137848,0.769017
3559,1.0822327,0.3135548,0.7686779
3560,1.0816648,0.31332532,0.7683395
3561,1.081118,0.3131162,0.76800174
3562,1.0805666,0.31290153,0.7676651
3563,1.0800138,0.31268457,0.76732916
3564,1.079449,0.31245527,0.76699376
3565,1.0788927,0.31223345,0.7666593
3566,1.0783379,0.3120126,0.7663253
3567,1.077793,0.31180122,0.7659918
3568,1.077241,0.31158197,0.765659
3569,1.0766721,0.3113454,0.7653267
3570,1.0761255,0.3111305,0.76499504
3571,1.0755776,0.3109137,0.76466393
3572,1.0750345,0.31070095,0.76433355
3573,1.0744857,0.3104822,0.7640035
3574,1.0739427,0.3102683,0.7636743
3575,1.0733804,0.3100346,0.7633457
3576,1.0728433,0.30982548,0.76301783
3577,1.0722868,0.3095961,0.7626907
3578,1.0717344,0.30937055,0.7623639
3579,1.0711732,0.30913544,0.7620378
3580,1.07062,0.30890772,0.7617122
3581,1.0700777,0.3086907,0.76138693
3582,1.0695374,0.30847558,0.76106185
3583,1.0689923,0.3082547,0.76073754
3584,1.0684465,0.30803284,0.76041365
3585,1.0679,0.3078101,0.7600898
3586,1.0673578,0.3075908,0.75976694
3587,1.0668237,0.30737934,0.7594444
3588,1.0662792,0.3071567,0.7591225
3589,1.0657544,0.30695307,0.75880134
3590,1.0652236,0.30674282,0.7584808
3591,1.0646776,0.30651692,0.7581607
3592,1.0641443,0.306303,0.7578413
3593,1.0636109,0.3060884,0.7575225
3594,1.0630686,0.30586463,0.75720406
3595,1.0625334,0.3056472,0.75688624
3596,1.0620056,0.30543685,0.75656885
3597,1.0614717,0.30521977,0.75625193
3598,1.0609534,0.30501777,0.75593567
3599,1.0604202,0.30480027,0.7556198
3600,1.0598767,0.30457202,0.7553047
3601,1.0593454,0.30435535,0.75499
3602,1.0588163,0.30414006,0.7546762
3603,1.0582808,0.3039179,0.7543629
3604,1.0577568,0.30370653,0.7540502
3605,1.0572184,0.3034803,0.7537381
3606,1.0567013,0.30327493,0.7534263
3607,1.0561663,0.30305147,0.7531149
3608,1.0556427,0.3028387,0.752804
3609,1.0551218,0.3026282,0.7524936
3610,1.0545996,0.302416,0.7521836
3611,1.0540768,0.30220315,0.7518736
3612,1.0535512,0.3019872,0.751564
3613,1.0530244,0.30176947,0.751255
3614,1.0524985,0.30155244,0.75094604
3615,1.051978,0.3013403,0.75063765
3616,1.0514554,0.30112574,0.7503297
3617,1.0509421,0.30091983,0.7500223
3618,1.0504112,0.30069602,0.7497152
3619,1.0498936,0.30048454,0.749409
3620,1.0493637,0.30026054,0.74910325
3621,1.0488514,0.30005366,0.7487978
3622,1.0483207,0.29982746,0.74849325
3623,1.0478084,0.2996194,0.74818903
3624,1.047293,0.2994078,0.7478851
3625,1.0467736,0.2991915,0.7475821
3626,1.0462598,0.29898033,0.7472794
3627,1.045756,0.29877883,0.7469772
3628,1.0452421,0.2985666,0.74667543
3629,1.0447209,0.29834655,0.7463743
3630,1.0442092,0.29813588,0.7460733
3631,1.0437025,0.2979297,0.74577284
3632,1.0431899,0.29771706,0.7454728
3633,1.042682,0.29750907,0.74517304
3634,1.0421766,0.29730326,0.7448734
3635,1.0416648,0.29709056,0.7445743
3636,1.0411525,0.29687688,0.74427557
3637,1.0406402,0.2966632,0.74397707
3638,1.0401429,0.29646382,0.7436791
3639,1.039638,0.2962563,0.74338174
3640,1.0391372,0.2960523,0.74308497
3641,1.0386178,0.2958293,0.7427885
3642,1.0381021,0.29560953,0.7424926
3643,1.0375966,0.29539934,0.7421972
3644,1.0370868,0.29518485,0.741902
3645,1.0365871,0.2949796,0.7416075
3646,1.0360984,0.29478535,0.74131304
3647,1.0356015,0.29458213,0.74101937
3648,1.0350865,0.2943607,0.7407259
3649,1.0345874,0.29415473,0.7404327
3650,1.0340912,0.2939517,0.7401395
3651,1.033582,0.29373536,0.73984665
3652,1.0330806,0.29352656,0.73955405
3653,1.0325893,0.2933275,0.7392618
3654,1.0320863,0.2931166,0.7389696
3655,1.0315952,0.29291695,0.7386783
3656,1.0310919,0.29270467,0.7383872
3657,1.0305994,0.29250282,0.7380965
3658,1.0301088,0.2923023,0.7378065
3659,1.029616,0.292099,0.737517
3660,1.0291195,0.29189163,0.7372278
3661,1.0286199,0.29168057,0.7369393
3662,1.0281246,0.29147345,0.73665106
3663,1.0276334,0.29127043,0.73636305
3664,1.0271347,0.29105917,0.73607546
3665,1.02664,0.2908521,0.735788
3666,1.0261444,0.29064387,0.7355006
3667,1.0256466,0.29043314,0.73521346
3668,1.0251521,0.2902253,0.73492676
3669,1.0246643,0.29002365,0.7346406
3670,1.0241711,0.2898167,0.7343544
3671,1.0236733,0.28960434,0.734069
3672,1.0231712,0.28938714,0.733784
3673,1.0226825,0.28918335,0.7334992
3674,1.0221983,0.2889833,0.73321503
3675,1.0217038,0.28877273,0.7329311
3676,1.0212195,0.288572,0.7326475
3677,1.020743,0.28837815,0.73236483
3678,1.0202583,0.2881761,0.7320822
3679,1.019781,0.28798094,0.7318001
3680,1.0193002,0.28778213,0.7315181
3681,1.0188073,0.28757095,0.7312364
3682,1.0183188,0.287364,0.73095477
3683,1.0178401,0.2871668,0.7306733
3684,1.0173631,0.28697127,0.73039186
3685,1.0168822,0.28677166,0.7301105
3686,1.0163966,0.28656715,0.72982943
3687,1.0159153,0.28636655,0.7295487
3688,1.0154355,0.2861674,0.729268
3689,1.0149533,0.2859655,0.72898775
3690,1.0144663,0.28575873,0.72870755
3691,1.0139906,0.28556272,0.7284279
3692,1.0135204,0.28537187,0.7281485
3693,1.0130359,0.28516656,0.7278693
3694,1.0125659,0.2849754,0.7275905
3695,1.012088,0.2847759,0.727312
3696,1.0116173,0.28458336,0.7270339
3697,1.0111302,0.28437406,0.72675616
3698,1.0106511,0.28417203,0.72647905
3699,1.0101845,0.2839822,0.7262023
3700,1.0097028,0.283777,0.7259258
3701,1.0092272,0.28357756,0.72564965
3702,1.008753,0.28337923,0.72537374
3703,1.008283,0.28318474,0.72509825
3704,1.0078113,0.28298846,0.7248228
3705,1.0073394,0.28279182,0.72454756
3706,1.0068567,0.28258404,0.7242726
3707,1.006377,0.28237882,0.7239982
3708,1.0059158,0.2821919,0.7237239
3709,1.0054433,0.28199342,0.7234499
3710,1.0049717,0.28179526,0.7231765
3711,1.0045015,0.28159803,0.72290343
3712,1.0040197,0.28138882,0.7226309
3713,1.003558,0.28119934,0.7223587
3714,1.0030841,0.2809974,0.7220867
3715,1.0026071,0.2807922,0.7218149
3716,1.0021461,0.2806026,0.7215435
3717,1.0016824,0.2804101,0.72127223
3718,1.0012077,0.28020647,0.72100127
3719,1.0007424,0.2800124,0.72073007
3720,1.0002879,0.27982864,0.7204593
3721,0.9998223,0.2796338,0.7201885
3722,0.99934775,0.27942958,0.71991813
3723,0.9988874,0.27923965,0.71964777
3724,0.9984283,0.27905062,0.7193777
3725,0.99797106,0.2788633,0.71910775
3726,0.99751127,0.27867338,0.7188379
3727,0.99704725,0.27847868,0.71856856
3728,0.9965721,0.2782725,0.71829957
3729,0.996112,0.2780811,0.71803087
3730,0.9956555,0.2778927,0.71776277
3731,0.9951933,0.2776986,0.7174947
3732,0.99472284,0.2774955,0.71722734
3733,0.99427515,0.2773153,0.7169599
3734,0.9938187,0.27712545,0.7166933
3735,0.9933555,0.2769291,0.7164264
3736,0.9928951,0.2767353,0.7161598
3737,0.9924292,0.27653614,0.7158931
3738,0.9919719,0.2763453,0.7156266
3739,0.9915216,0.27616173,0.71535987
3740,0.9910679,0.27597454,0.7150934
3741,0.9906118,0.2757846,0.7148272
3742,0.9901499,0.2755889,0.714561
3743,0.98968834,0.2753933,0.714295
3744,0.9892413,0.275212,0.7140293
3745,0.9887793,0.27501518,0.71376413
3746,0.98832476,0.2748257,0.71349907
3747,0.987872,0.27463755,0.7132345
3748,0.98741883,0.2744487,0.71297014
3749,0.98696744,0.2742615,0.71270597
3750,0.98652285,0.27408078,0.71244204
3751,0.98606,0.2738817,0.71217835
3752,0.98560107,0.27368668,0.7119144
3753,0.98513806,0.2734874,0.71165067
3754,0.9846799,0.27329284,0.71138704
3755,0.98423666,0.27311334,0.7111233
3756,0.98378336,0.27292374,0.7108596
3757,0.98334134,0.27274498,0.7105963
3758,0.9828861,0.2725529,0.71033317
3759,0.9824412,0.2723707,0.7100705
3760,0.98198456,0.27217653,0.709808
3761,0.98153484,0.27198896,0.70954585
3762,0.98108137,0.27179736,0.709284
3763,0.9806251,0.27160266,0.70902246
3764,0.9801692,0.27140832,0.70876086
3765,0.9797279,0.27122822,0.7084997
3766,0.9792755,0.27103695,0.7082386
3767,0.97882444,0.27084678,0.70797765
3768,0.9783777,0.27066123,0.70771646
3769,0.9779262,0.27047035,0.7074559
3770,0.97749037,0.2702951,0.7071952
3771,0.97704786,0.27011308,0.7069348
3772,0.9766025,0.26992816,0.70667434
3773,0.97617334,0.26975927,0.7064141
3774,0.97571856,0.26956448,0.7061541
3775,0.97527605,0.26938185,0.7058942
3776,0.97482294,0.26918837,0.7056346
3777,0.9743812,0.269006,0.7053752
3778,0.9739494,0.26883307,0.7051163
3779,0.9735061,0.2686484,0.7048577
3780,0.97305626,0.26845694,0.7045993
3781,0.9726134,0.26827255,0.7043408
3782,0.97216964,0.2680864,0.7040832
3783,0.97173023,0.26790494,0.7038253
3784,0.97129077,0.26772308,0.7035677
3785,0.9708475,0.2675372,0.70331025
3786,0.97040343,0.26735055,0.7030529
3787,0.96995753,0.26716164,0.70279586
3788,0.96952116,0.26698253,0.70253867
3789,0.96908313,0.26680124,0.7022819
3790,0.9686402,0.26661545,0.70202476
3791,0.9682049,0.2664369,0.70176804
3792,0.9677648,0.2662534,0.7015114
3793,0.9673255,0.26607034,0.7012552
3794,0.9668829,0.2658838,0.7009991
3795,0.9664532,0.26571015,0.7007431
3796,0.96601284,0.26552537,0.70048743
3797,0.96557486,0.26534325,0.7002316
3798,0.9651235,0.2651473,0.69997615
3799,0.9646723,0.26495174,0.6997206
3800,0.9642416,0.26477647,0.69946516
3801,0.96380234,0.26459238,0.6992099
3802,0.9633622,0.26440743,0.6989548
3803,0.9629341,0.2642343,0.6986998
3804,0.96249014,0.26404524,0.6984449
3805,0.96204734,0.26385763,0.6981897
3806,0.9616206,0.26368573,0.69793487
3807,0.96119237,0.26351267,0.6976797
3808,0.9607645,0.26334006,0.6974245
3809,0.9603363,0.26316705,0.69716924
3810,0.95991194,0.2629976,0.6969143
3811,0.9594756,0.26281628,0.6966593
3812,0.95903534,0.2626304,0.69640493
3813,0.95860386,0.2624533,0.6961506
3814,0.95817727,0.26228032,0.695897
3815,0.9577473,0.26210377,0.6956435
3816,0.95731926,0.2619291,0.69539016
3817,0.95687115,0.26173374,0.6951374
3818,0.95644194,0.2615575,0.6948845
3819,0.95600194,0.26136988,0.69463205
3820,0.95557547,0.26119584,0.6943796
3821,0.95514315,0.26101613,0.694127
3822,0.9547072,0.26083207,0.69387513
3823,0.9542812,0.2606583,0.69362295
3824,0.9538459,0.26047483,0.6933711
3825,0.9534181,0.26029918,0.6931189
3826,0.95299053,0.26012355,0.692867
3827,0.9525653,0.25995034,0.692615
3828,0.9521408,0.25977758,0.6923632
3829,0.95171905,0.2596076,0.69211143
3830,0.95127773,0.2594176,0.69186014
3831,0.9508485,0.2592398,0.6916087
3832,0.9504208,0.2590631,0.6913577
3833,0.9499891,0.2588826,0.6911065
3834,0.94956213,0.2587068,0.6908553
3835,0.94912016,0.25851604,0.6906041
3836,0.9487053,0.25835243,0.69035286
3837,0.94827354,0.25817195,0.6901016
3838,0.9478556,0.25800526,0.68985033
3839,0.9474291,0.25782996,0.68959916
3840,0.9470034,0.25765526,0.68934816
3841,0.9465742,0.25747702,0.6890972
3842,0.9461493,0.25730288,0.6888464
3843,0.94572407,0.25712803,0.688596
3844,0.94530857,0.25696254,0.688346
3845,0.94488907,0.2567929,0.68809617
3846,0.94446915,0.25662273,0.6878464
3847,0.9440428,0.2564459,0.6875969
3848,0.9436138,0.25626612,0.6873477
3849,0.9431974,0.25609916,0.68709826
3850,0.942785,0.2559358,0.68684924
3851,0.9423639,0.25576392,0.6866
3852,0.941944,0.25559303,0.686351
3853,0.94152546,0.2554234,0.6861021
3854,0.9410984,0.25524518,0.68585324
3855,0.9406857,0.25508144,0.6856043
3856,0.9402593,0.25490373,0.68535554
3857,0.93983513,0.25472835,0.68510675
3858,0.93941927,0.254561,0.68485826
3859,0.9390066,0.25439674,0.6846099
3860,0.9385876,0.25422597,0.68436164
3861,0.9381668,0.25405324,0.68411356
3862,0.9377459,0.25388026,0.68386567
3863,0.93732107,0.25370306,0.683618
3864,0.9368939,0.25352344,0.6833704
3865,0.9364805,0.25335762,0.6831229
3866,0.93605584,0.25318038,0.68287545
3867,0.9356451,0.2530174,0.68262774
3868,0.93523407,0.25285357,0.6823805
3869,0.9348121,0.2526794,0.6821327
3870,0.9343901,0.25250486,0.68188524
3871,0.9339745,0.2523368,0.6816377
3872,0.9335542,0.25216365,0.6813905
3873,0.9331286,0.2519858,0.6811428
3874,0.93270916,0.2518137,0.68089545
3875,0.93229747,0.25164923,0.6806482
3876,0.9318803,0.2514794,0.6804009
3877,0.9314614,0.25130773,0.68015367
3878,0.93105316,0.25114655,0.6799066
3879,0.93063873,0.250979,0.6796597
3880,0.9302272,0.25081408,0.67941314
3881,0.9298119,0.2506458,0.6791661
3882,0.929397,0.25047743,0.67891955
3883,0.92897844,0.25030532,0.67867315
3884,0.9285646,0.2501377,0.6784269
3885,0.92814577,0.24996504,0.6781807
3886,0.9277328,0.2497984,0.6779344
3887,0.9273125,0.24962436,0.6776881
3888,0.92690706,0.24946539,0.67744166
3889,0.9264886,0.24929352,0.6771951
3890,0.92607075,0.24912246,0.6769483
3891,0.9256512,0.24894981,0.67670137
3892,0.9252392,0.24878484,0.67645437
3893,0.9248343,0.24862659,0.6762077
3894,0.9244166,0.24845569,0.6759609
3895,0.92400646,0.24829176,0.67571473
3896,0.9235773,0.24810861,0.6754687
3897,0.92317486,0.24795194,0.67522293
3898,0.92277044,0.24779288,0.67497754
3899,0.92235553,0.2476233,0.67473227
3900,0.92194104,0.24745384,0.67448723
3901,0.921532,0.2472896,0.6742424
3902,0.9211178,0.24712008,0.6739977
3903,0.9207108,0.24695781,0.673753
3904,0.9202985,0.24679002,0.67350847
3905,0.91989976,0.24663594,0.6732638
3906,0.91948473,0.24646564,0.6730191
3907,0.91907877,0.24630438,0.6727744
3908,0.9186659,0.24613616,0.67252976
3909,0.91824806,0.24596322,0.67228484
3910,0.9178477,0.24580757,0.6720401
3911,0.9174393,0.24564388,0.67179537
3912,0.9170231,0.24547257,0.6715506
3913,0.91661835,0.24531284,0.67130554
3914,0.9162102,0.24514908,0.6710611
3915,0.9157933,0.24497712,0.6708162
3916,0.9153825,0.24481076,0.67057174
3917,0.9149815,0.24465413,0.67032737
3918,0.91457593,0.24449323,0.6700827
3919,0.91416794,0.24432942,0.6698385
3920,0.913762,0.24416798,0.669594
3921,0.9133585,0.24400875,0.66934973
3922,0.912956,0.24385044,0.6691055
3923,0.91255194,0.24369037,0.66886157
3924,0.9121398,0.24352229,0.6686175
3925,0.91172093,0.2433475,0.6683734
3926,0.9113185,0.2431892,0.66812927
3927,0.9109118,0.24302639,0.6678854
3928,0.91050863,0.24286743,0.6676412
3929,0.9101013,0.24270423,0.6673971
3930,0.9096866,0.24253362,0.667153
3931,0.90929157,0.24238312,0.66690844
3932,0.90888685,0.2422225,0.66666436
3933,0.9084845,0.24206445,0.66642004
3934,0.90807295,0.24189687,0.6661761
3935,0.9076735,0.2417414,0.66593206
3936,0.90727496,0.24158654,0.66568846
3937,0.9068653,0.2414202,0.6654451
3938,0.906456,0.24125396,0.665202
3939,0.90604687,0.24108793,0.66495895
3940,0.9056454,0.24092945,0.66471595
3941,0.9052434,0.24077043,0.66447294
3942,0.9048381,0.24060808,0.66423
3943,0.90442926,0.24044229,0.663987
3944,0.90403306,0.24028908,0.663744
3945,0.9036312,0.24013053,0.66350067
3946,0.9032367,0.23997913,0.66325754
3947,0.9028363,0.23982199,0.66301435
3948,0.9024417,0.23967054,0.66277117
3949,0.9020349,0.23950675,0.66252816
3950,0.9016238,0.2393386,0.66228515
3951,0.9012244,0.23918213,0.66204226
3952,0.9008189,0.23901968,0.6617992
3953,0.90040874,0.23885252,0.66155624
3954,0.90000737,0.23869415,0.66131324
3955,0.8996119,0.23854154,0.66107035
3956,0.89920706,0.23837939,0.66082764
3957,0.8987996,0.23821473,0.66058487
3958,0.898397,0.23805495,0.6603421
3959,0.89800626,0.23790663,0.6600996
3960,0.8976024,0.23774539,0.659857
3961,0.89719474,0.23758037,0.6596144
3962,0.89679897,0.23742716,0.6593718
3963,0.89640725,0.23727803,0.6591292
3964,0.89600945,0.23712263,0.6588868
3965,0.8956084,0.23696415,0.65864426
3966,0.89521444,0.23681249,0.65840197
3967,0.8948109,0.23665148,0.65815943
3968,0.8944151,0.23649786,0.6579172
3969,0.8940173,0.23634242,0.65767485
3970,0.89362234,0.23618971,0.6574326
3971,0.8932218,0.23603131,0.6571905
3972,0.8928114,0.23586294,0.65694845
3973,0.8924067,0.23570037,0.65670633
3974,0.8920107,0.2355466,0.6564641
3975,0.89161766,0.23539542,0.6562222
3976,0.8912093,0.23522863,0.6559807
3977,0.8908104,0.23507181,0.65573853
3978,0.8904117,0.23491476,0.6554969
3979,0.8900112,0.23475637,0.65525484
3980,0.889615,0.2346023,0.6550127
3981,0.8892255,0.23445489,0.6547706
3982,0.8888302,0.234302,0.6545282
3983,0.88843614,0.2341505,0.6542856
3984,0.8880341,0.233991,0.65404314
3985,0.88764024,0.23383947,0.6538008
3986,0.88723826,0.2336797,0.65355855
3987,0.8868423,0.23352563,0.6533167
3988,0.8864419,0.23336762,0.65307426
3989,0.8860498,0.2332177,0.6528321
3990,0.8856587,0.23306854,0.65259016
3991,0.88527346,0.23292565,0.6523478
3992,0.88487595,0.23277032,0.6521056
3993,0.8844731,0.23260967,0.6518634
3994,0.8840692,0.23244818,0.65162104
3995,0.8836804,0.23230161,0.6513788
3996,0.88327783,0.23214117,0.65113664
3997,0.88289416,0.2319998,0.65089434
3998,0.8825053,0.23185311,0.65065217
3999,0.88211304,0.23170297,0.65041006
4000,0.88171726,0.2315491,0.6501682
4001,0.88132274,0.23139618,0.64992654
4002,0.8809304,0.23124553,0.6496849
4003,0.8805411,0.2310976,0.6494435
4004,0.8801521,0.23094979,0.64920235
4005,0.8797528,0.23079167,0.6489611
4006,0.87935716,0.23063734,0.64871985
4007,0.87896246,0.23048387,0.64847857
4008,0.87856376,0.23032655,0.6482372
4009,0.87817115,0.23017545,0.6479957
4010,0.8777653,0.23001099,0.6477543
4011,0.8773617,0.22984901,0.64751273
4012,0.87697244,0.22970146,0.647271
4013,0.87657046,0.22954129,0.64702916
4014,0.87617874,0.22939128,0.64678746
4015,0.8757884,0.22924262,0.64654577
4016,0.875392,0.22908811,0.6463039
4017,0.8750054,0.22894329,0.64606214
4018,0.87461156,0.22879124,0.6458203
4019,0.87421966,0.22864127,0.6455784
4020,0.87383157,0.22849509,0.64533645
4021,0.87343055,0.22833587,0.6450947
4022,0.8730363,0.22818382,0.6448525
4023,0.87264436,0.22803402,0.64461035
4024,0.8722543,0.22788598,0.64436835
4025,0.8718667,0.22774066,0.64412606
4026,0.87148917,0.22760476,0.6438844
4027,0.8710906,0.22744815,0.6436424
4028,0.87070805,0.22730726,0.6434008
4029,0.8703092,0.22715002,0.64315915
4030,0.86992216,0.22700445,0.6429177
4031,0.86953354,0.22685727,0.6426763
4032,0.8691404,0.22670557,0.64243484
4033,0.8687476,0.2265539,0.6421937
4034,0.8683511,0.22639883,0.6419523
4035,0.8679765,0.22626537,0.6417111
4036,0.8675702,0.22610055,0.64146966
4037,0.8671712,0.22594306,0.6412282
4038,0.86678576,0.22579916,0.6409866
4039,0.86639774,0.2256528,0.6407449
4040,0.86600673,0.2255038,0.6405029
4041,0.8656179,0.22535664,0.64026123
4042,0.8652301,0.22521079,0.6400193
4043,0.86483693,0.22505958,0.63977736
4044,0.86444,0.22490488,0.6395351
4045,0.86404824,0.22475515,0.6392931
4046,0.8636542,0.22460349,0.6390507
4047,0.8632637,0.22445521,0.63880855
4048,0.8628754,0.22430915,0.63856626
4049,0.86248827,0.22416423,0.638324
4050,0.86210763,0.22402576,0.63808185
4051,0.8617191,0.22387896,0.6378401
4052,0.8613274,0.22372915,0.6375983
4053,0.8609369,0.22358051,0.63735634
4054,0.8605371,0.22342263,0.63711447
4055,0.86015266,0.22328037,0.6368723
4056,0.85976803,0.22313778,0.63663024
4057,0.8593786,0.22299054,0.636388
4058,0.85899395,0.22284812,0.63614583
4059,0.85860956,0.22270572,0.63590384
4060,0.85821784,0.2225561,0.6356617
4061,0.8578386,0.22241876,0.63541985
4062,0.85744965,0.22227184,0.6351778
4063,0.8570533,0.22211732,0.634936
4064,0.85667074,0.2219768,0.6346939
4065,0.8562853,0.22183338,0.63445187
4066,0.855885,0.22167543,0.63420963
4067,0.8555012,0.22153397,0.6339672
4068,0.85511214,0.2213876,0.6337246
4069,0.8547319,0.22125004,0.63348186
4070,0.85434705,0.22110797,0.6332391
4071,0.8539583,0.22096182,0.6329965
4072,0.85356104,0.22080716,0.63275385
4073,0.85317254,0.22066121,0.6325113
4074,0.8527855,0.22051662,0.6322689
4075,0.852389,0.22036244,0.63202655
4076,0.85200334,0.22021899,0.6317844
4077,0.85161614,0.22007363,0.6315425
4078,0.85122323,0.2199226,0.6313006
4079,0.8508414,0.21978238,0.63105905
4080,0.85046643,0.21964918,0.63081723
4081,0.8500836,0.21950811,0.6305755
4082,0.8496943,0.21936066,0.63033366
4083,0.8493092,0.2192175,0.6300917
4084,0.848917,0.21906751,0.6298495
4085,0.8485338,0.21892668,0.62960714
4086,0.8481359,0.21877119,0.62936467
4087,0.8477587,0.21863686,0.62912184
4088,0.84736323,0.21848428,0.62887895
4089,0.84698,0.21834384,0.6286361
4090,0.84659433,0.21820122,0.6283931
4091,0.84621245,0.21806222,0.6281502
4092,0.8458264,0.21791893,0.62790745
4093,0.84543455,0.21776968,0.62766486
4094,0.8450537,0.21763116,0.6274225
4095,0.8446616,0.2174813,0.6271803
4096,0.84427774,0.21733955,0.62693816
4097,0.8438922,0.21719627,0.62669593
4098,0.8435079,0.21705431,0.6264536
4099,0.8431155,0.21690458,0.6262109
4100,0.84273803,0.21676993,0.6259681
4101,0.84234536,0.2166205,0.62572485
4102,0.8419598,0.21647835,0.6254814
4103,0.8415737,0.21633603,0.6252377
4104,0.8411899,0.216196,0.6249939
4105,0.8408066,0.21605667,0.62474996
4106,0.8404195,0.21591331,0.6245062
4107,0.84003484,0.21577218,0.62426263
4108,0.83964974,0.2156307,0.624019
4109,0.8392645,0.21548854,0.62377596
4110,0.8388867,0.2153537,0.62353295
4111,0.83850026,0.21521011,0.6232902
4112,0.83811975,0.21507218,0.6230476
4113,0.8377424,0.2149375,0.6228049
4114,0.83736265,0.2148001,0.6225625
4115,0.8369686,0.21464892,0.6223197
4116,0.83658785,0.21451081,0.62207705
4117,0.8361984,0.2143642,0.62183416
4118,0.8358134,0.21422228,0.6215911
4119,0.8354312,0.21408308,0.62134814
4120,0.8350346,0.21392973,0.6211049
4121,0.8346532,0.21379137,0.6208618
4122,0.8342681,0.21364951,0.6206186
4123,0.83388174,0.2135065,0.6203752
4124,0.8335008,0.21336892,0.62013185
4125,0.8331149,0.21322659,0.61988837
4126,0.832736,0.21309137,0.61964464
4127,0.8323461,0.21294506,0.61940104
4128,0.8319613,0.21280381,0.61915743
4129,0.83158666,0.21267304,0.6189136
4130,0.83120567,0.2125359,0.61866975
4131,0.83081603,0.2123905,0.61842555
4132,0.83042604,0.2122446,0.61818147
4133,0.8300443,0.21210723,0.6179371
4134,0.829656,0.21196312,0.6176929
4135,0.8292743,0.21182579,0.6174485
4136,0.8288882,0.21168423,0.61720395
4137,0.8285029,0.21154344,0.61695945
4138,0.8281185,0.21140355,0.61671495
4139,0.82773376,0.21126291,0.6164708
4140,0.82735044,0.21112406,0.6162264
4141,0.8269687,0.2109867,0.61598206
4142,0.82658255,0.21084483,0.61573774
4143,0.82620823,0.21071492,0.6154933
4144,0.82582474,0.2105758,0.6152489
4145,0.82544065,0.21043591,0.6150047
4146,0.8250657,0.21030515,0.6147605
4147,0.82468,0.21016367,0.6145163
4148,0.8242915,0.21001963,0.6142719
4149,0.8239152,0.20988768,0.6140275
4150,0.82353836,0.20975523,0.6137831
4151,0.82315516,0.20961614,0.61353904
4152,0.822778,0.2094832,0.6132948
4153,0.8223944,0.20934373,0.61305064
4154,0.82200277,0.20919642,0.6128064
4155,0.82161635,0.20905435,0.612562
4156,0.82123387,0.20891641,0.61231744
4157,0.8208484,0.20877583,0.6120726
4158,0.8204727,0.20864497,0.61182773
4159,0.82008934,0.20850667,0.61158264
4160,0.819707,0.20836967,0.6113373
4161,0.81931764,0.20822571,0.6110919
4162,0.8189406,0.20809427,0.6108463
4163,0.8185509,0.20795046,0.6106004
4164,0.8181735,0.20781885,0.61035466
4165,0.8177926,0.20768397,0.6101086
4166,0.81741387,0.2075508,0.60986304
4167,0.8170296,0.20741244,0.6096172
4168,0.8166435,0.20727201,0.6093715
4169,0.81625956,0.20713353,0.60912603
4170,0.81588054,0.20699982,0.6088807
4171,0.8154991,0.20686385,0.60863525
4172,0.81511724,0.20672752,0.60838974
4173,0.81473655,0.20659256,0.608144
4174,0.8143594,0.20646076,0.60789865
4175,0.8139741,0.20632112,0.60765296
4176,0.8135943,0.20618707,0.6074072
4177,0.8132171,0.20605566,0.60716146
4178,0.81283045,0.20591481,0.60691565
4179,0.8124449,0.205775,0.6066699
4180,0.81205153,0.20562753,0.606424
4181,0.811672,0.20549391,0.60617805
4182,0.8112851,0.20535262,0.6059325
4183,0.8109042,0.20521757,0.6056866
4184,0.8105249,0.2050842,0.6054407
4185,0.81014395,0.20494919,0.60519475
4186,0.80976313,0.20481463,0.6049485
4187,0.8093871,0.20468473,0.60470235
4188,0.8090066,0.20455058,0.604456
4189,0.80862397,0.20441473,0.60420924
4190,0.8082417,0.20427951,0.60396224
4191,0.8078644,0.20414895,0.6037155
4192,0.8074814,0.2040131,0.6034683
4193,0.8070945,0.2038731,0.6032214
4194,0.8067147,0.2037403,0.6029744
4195,0.80632967,0.2036022,0.6027275
4196,0.8059475,0.20346674,0.6024807
4197,0.8055669,0.20333284,0.60223407
4198,0.80517775,0.20319036,0.60198736
4199,0.80479777,0.20305696,0.60174084
4200,0.80441433,0.20292047,0.6014939
4201,0.8040325,0.20278555,0.60124695
4202,0.8036514,0.20265174,0.60099965
4203,0.80327696,0.20252495,0.600752
4204,0.8029002,0.20239606,0.60050416
4205,0.80251265,0.20225641,0.6002562
4206,0.8021292,0.20212096,0.60000825
4207,0.80174994,0.20198943,0.59976053
4208,0.80136746,0.20185472,0.59951276
4209,0.8009912,0.20172603,0.59926516
4210,0.8006167,0.20159872,0.599018
4211,0.80022913,0.20145828,0.59877086
4212,0.7998598,0.20133586,0.598524
4213,0.7994732,0.2011961,0.59827715
4214,0.79909027,0.20105988,0.5980304
4215,0.7987171,0.20093362,0.59778345
4216,0.7983295,0.20079319,0.59753627
4217,0.79794925,0.2006604,0.59728885
4218,0.7975667,0.20052545,0.59704125
4219,0.79718864,0.20039564,0.596793
4220,0.7968061,0.20026119,0.5965449
4221,0.7964229,0.20012651,0.59629637
4222,0.7960417,0.19999395,0.59604776
4223,0.7956619,0.1998628,0.59579915
4224,0.7952804,0.19973002,0.59555036
4225,0.7949032,0.19960165,0.59530157
4226,0.7945237,0.19947088,0.59505284
4227,0.79413456,0.19933027,0.5948043
4228,0.79375345,0.19919765,0.5945558
4229,0.79337007,0.19906284,0.59430724
4230,0.7929878,0.19892895,0.5940589
4231,0.7926103,0.19879982,0.59381044
4232,0.7922329,0.19867095,0.59356195
4233,0.79185736,0.19854397,0.5933134
4234,0.7914778,0.19841354,0.59306425
4235,0.7910962,0.19828086,0.59281534
4236,0.79071283,0.19814669,0.59256613
4237,0.7903344,0.19801733,0.59231704
4238,0.7899545,0.19788672,0.5920678
4239,0.789576,0.19775793,0.5918181
4240,0.78919154,0.19762307,0.59156847
4241,0.7888113,0.19749258,0.5913187
4242,0.78842217,0.19735357,0.59106857
4243,0.788039,0.19722053,0.59081846
4244,0.7876577,0.19708934,0.59056836
4245,0.7872815,0.19696297,0.59031856
4246,0.7868973,0.19682841,0.5900689
4247,0.7865239,0.19670472,0.58981913
4248,0.7861438,0.19657414,0.5895696
4249,0.7857624,0.1964423,0.5893201
4250,0.7853823,0.19631174,0.58907056
4251,0.7849958,0.19617486,0.58882093
4252,0.7846158,0.19604434,0.5885715
4253,0.7842351,0.19591337,0.58832175
4254,0.7838498,0.19577807,0.5880717
4255,0.78346723,0.19564594,0.5878213
4256,0.7830788,0.19550793,0.58757085
4257,0.782699,0.19537862,0.5873204
4258,0.78232074,0.19525109,0.58706963
4259,0.7819436,0.19512488,0.58681875
4260,0.78156424,0.19499616,0.58656806
4261,0.781181,0.19486366,0.5863173
4262,0.78079647,0.19472969,0.5860668
4263,0.78041786,0.1946018,0.585816
4264,0.7800372,0.19447199,0.5855652
4265,0.7796548,0.19434023,0.5853146
4266,0.77928036,0.19421647,0.5850639
4267,0.7789031,0.1940901,0.584813
4268,0.77852726,0.19396499,0.5845623
4269,0.778143,0.19383158,0.5843114
4270,0.77775234,0.19369179,0.58406055
4271,0.77737194,0.19356272,0.5838092
4272,0.77699596,0.19343823,0.5835577
4273,0.7766171,0.19331098,0.58330613
4274,0.77625203,0.19319767,0.58305436
4275,0.7758695,0.19306709,0.5828024
4276,0.77548885,0.19293818,0.58255064
4277,0.7751079,0.19280906,0.5822989
4278,0.7747306,0.19268335,0.5820473
4279,0.7743502,0.19255479,0.58179545
4280,0.7739644,0.19242026,0.58154416
4281,0.77359223,0.19229962,0.5812926
4282,0.7732036,0.19216229,0.58104134
4283,0.7728279,0.19203822,0.5807897
4284,0.77243954,0.19190137,0.58053815
4285,0.77205086,0.1917642,0.5802866
4286,0.7716654,0.19163097,0.58003443
4287,0.7712708,0.1914889,0.5797819
4288,0.7708954,0.1913661,0.57952935
4289,0.77051544,0.19123878,0.5792767
4290,0.770134,0.19111048,0.5790235
4291,0.769754,0.19098358,0.5787704
4292,0.76937246,0.19085531,0.57851714
4293,0.7689952,0.19073138,0.5782639
4294,0.76861686,0.19060634,0.5780105
4295,0.7682336,0.19047664,0.57775694
4296,0.7678446,0.19034137,0.57750326
4297,0.7674664,0.19021685,0.5772496
4298,0.76708245,0.19008675,0.5769957
4299,0.7667037,0.18996178,0.57674193
4300,0.7663186,0.1898307,0.5764879
4301,0.76593745,0.18970369,0.57623374
4302,0.7655618,0.18958198,0.5759798
4303,0.76517713,0.18945138,0.57572573
4304,0.76479435,0.1893225,0.5754718
4305,0.7644211,0.18920316,0.57521796
4306,0.7640423,0.18907817,0.57496417
4307,0.76366353,0.18895319,0.57471037
4308,0.76328194,0.18882528,0.57445663
4309,0.7628947,0.18869175,0.57420295
4310,0.76251763,0.1885688,0.57394886
4311,0.76213664,0.18844172,0.57369494
4312,0.76175904,0.18831845,0.5734406
4313,0.7613727,0.18818648,0.5731862
4314,0.7609925,0.1880609,0.57293165
4315,0.76061124,0.18793406,0.5726772
4316,0.7602291,0.1878064,0.5724227
4317,0.759847,0.1876791,0.5721679
4318,0.759465,0.1875518,0.5719132
4319,0.7590803,0.1874219,0.5716584
4320,0.7586985,0.18729503,0.5714035
4321,0.7583173,0.18716866,0.57114863
4322,0.7579394,0.1870457,0.5708937
4323,0.75756323,0.18692459,0.57063866
4324,0.75717646,0.18679301,0.5703834
4325,0.75679606,0.18666781,0.57012826
4326,0.75640935,0.18653645,0.5698729
4327,0.7560321,0.18641464,0.56961745
4328,0.75565416,0.18629232,0.5693618
4329,0.755273,0.18616685,0.56910616
4330,0.7548935,0.1860431,0.5688504
4331,0.7545095,0.18591492,0.5685946
4332,0.7541275,0.18578872,0.5683388
4333,0.7537474,0.18566401,0.5680834
4334,0.75336426,0.18553644,0.5678278
4335,0.75298387,0.18541162,0.56757224
4336,0.75261164,0.18529502,0.56731665
4337,0.75222886,0.18516803,0.5670608
4338,0.75184304,0.18503799,0.56680506
4339,0.75145566,0.18490712,0.5665485
4340,0.7510676,0.18477556,0.56629205
4341,0.7506953,0.18465996,0.56603533
4342,0.750312,0.18453348,0.5657785
4343,0.74993676,0.18441522,0.56552154
4344,0.7495623,0.18429755,0.56526476
4345,0.7491842,0.18417595,0.5650082
4346,0.74880177,0.18405016,0.5647516
4347,0.7484129,0.18391767,0.56449527
4348,0.7480329,0.18379396,0.56423897
4349,0.7476534,0.18367079,0.5639826
4350,0.7472688,0.18354268,0.5637261
4351,0.74688804,0.18341877,0.5634693
4352,0.7465088,0.1832963,0.56321245
4353,0.7461232,0.18316785,0.5629554
4354,0.7457407,0.18304259,0.5626981
4355,0.7453554,0.1829146,0.5624408
4356,0.7449713,0.18278766,0.5621836
4357,0.7445867,0.1826606,0.5619261
4358,0.7441961,0.18252751,0.5616686
4359,0.7438161,0.1824051,0.56141096
4360,0.7434259,0.18227278,0.5611531
4361,0.7430395,0.18214436,0.56089514
4362,0.7426634,0.18202639,0.560637
4363,0.7422875,0.18190897,0.56037855
4364,0.7419082,0.181788,0.56012017
4365,0.74152803,0.18166676,0.5598613
4366,0.7411466,0.18154393,0.5596027
4367,0.7407655,0.18142155,0.55934393
4368,0.74037725,0.18129212,0.55908513
4369,0.73999566,0.1811694,0.55882627
4370,0.7396185,0.18105105,0.5585674
4371,0.7392317,0.1809232,0.55830854
4372,0.73885447,0.1808046,0.55804986
4373,0.7384718,0.1806808,0.557791
4374,0.73809284,0.1805607,0.55753213
4375,0.7377094,0.180436,0.5572734
4376,0.73730934,0.18029493,0.5570144
4377,0.7369248,0.18016946,0.55675536
4378,0.7365438,0.18004742,0.5564964
4379,0.736167,0.17992976,0.5562372
4380,0.7357842,0.17980598,0.5559782
4381,0.73540914,0.1796899,0.55571926
4382,0.7350277,0.17956764,0.55546004
4383,0.73465407,0.17945345,0.55520064
4384,0.7342607,0.17931956,0.5549411
4385,0.73387575,0.1791941,0.55468166
4386,0.73349017,0.17906849,0.55442166
4387,0.73310685,0.1789452,0.55416167
4388,0.7327152,0.17881425,0.55390096
4389,0.732335,0.17869481,0.5536401
4390,0.731956,0.17857687,0.5533791
4391,0.7315744,0.1784565,0.55311793
4392,0.73119205,0.17833543,0.5528566
4393,0.7308078,0.17821272,0.5525951
4394,0.7304267,0.17809306,0.55233365
4395,0.73003286,0.17796053,0.55207235
4396,0.72965586,0.17784472,0.55181116
4397,0.729268,0.17771797,0.55155003
4398,0.728883,0.1775942,0.55128884
4399,0.7285029,0.17747529,0.55102766
4400,0.72812253,0.17735603,0.55076647
4401,0.7277412,0.17723577,0.5505054
4402,0.727354,0.17710975,0.5502443
4403,0.7269798,0.17699659,0.5499832
4404,0.7265915,0.17686945,0.5497221
4405,0.72620726,0.17674647,0.54946077
4406,0.72581816,0.17661886,0.5491993
4407,0.7254296,0.17649172,0.54893786
4408,0.7250457,0.17636916,0.5486765
4409,0.7246641,0.1762493,0.5484148
4410,0.7242765,0.17612329,0.54815316
4411,0.7238908,0.17599978,0.547891
4412,0.7235057,0.17587695,0.54762876
4413,0.7231162,0.17574963,0.54736656
4414,0.7227345,0.17563038,0.5471041
4415,0.7223467,0.17550525,0.5468415
4416,0.7219587,0.17537962,0.54657906
4417,0.72157294,0.17525673,0.5463162
4418,0.72118956,0.1751363,0.5460533
4419,0.72080594,0.17501566,0.5457903
4420,0.7204279,0.17490065,0.5455272
4421,0.7200466,0.17478259,0.545264
4422,0.7196501,0.17464945,0.5450006
4423,0.7192635,0.17452635,0.54473716
4424,0.71888024,0.17440641,0.5444738
4425,0.71849775,0.17428762,0.54421014
4426,0.7181167,0.17417018,0.5439465
4427,0.7177358,0.17405312,0.5436827
4428,0.71734756,0.17392825,0.5434193
4429,0.71696377,0.17380814,0.5431556
4430,0.71658355,0.17369156,0.542892
4431,0.71619743,0.17356879,0.54262865
4432,0.7158204,0.17345569,0.5423647
4433,0.71543425,0.17333335,0.5421009
4434,0.71504915,0.17321204,0.5418371
4435,0.71466553,0.1730924,0.54157317
4436,0.7142674,0.17295823,0.5413091
4437,0.7138808,0.17283568,0.5410451
4438,0.7134936,0.17271239,0.5407812
4439,0.71311253,0.17259562,0.5405169
4440,0.7127301,0.17247736,0.54025275
4441,0.71234393,0.1723555,0.5399884
4442,0.7119599,0.17223589,0.539724
4443,0.7115708,0.17211106,0.5394597
4444,0.71118855,0.17199339,0.5391952
4445,0.71080387,0.17187333,0.53893054
4446,0.71042025,0.17175443,0.53866583
4447,0.7100367,0.1716362,0.53840053
4448,0.7096434,0.17150831,0.5381351
4449,0.7092625,0.17139307,0.53786945
4450,0.7088788,0.17127557,0.53760326
4451,0.70849264,0.17115583,0.5373368
4452,0.70809907,0.1710286,0.53707045
4453,0.7077164,0.17091256,0.53680384
4454,0.70733356,0.17079614,0.5365374
4455,0.7069493,0.17067796,0.53627133
4456,0.7065664,0.17056103,0.5360054
4457,0.70618594,0.17044628,0.53573966
4458,0.705803,0.17032892,0.53547406
4459,0.70541424,0.1702059,0.53520834
4460,0.70503074,0.17008796,0.5349428
4461,0.7046522,0.16997498,0.5346772
4462,0.7042638,0.16985257,0.53441125
4463,0.70388037,0.16973537,0.534145
4464,0.70348793,0.16960943,0.5338785
4465,0.703098,0.16948597,0.533612
4466,0.7027088,0.16936335,0.5333454
4467,0.7023223,0.16924375,0.53307855
4468,0.7019383,0.16912648,0.53281176
4469,0.7015432,0.16899817,0.53254503
4470,0.7011603,0.16888234,0.532278
4471,0.7007705,0.16875939,0.5320111
4472,0.700382,0.16863793,0.53174406
4473,0.7000013,0.16852468,0.5314766
4474,0.699612,0.16840291,0.5312091
4475,0.69922024,0.16827893,0.5309413
4476,0.69883645,0.16816321,0.53067327
4477,0.6984416,0.16803654,0.5304051
4478,0.698058,0.16792133,0.5301367
4479,0.6976674,0.16779925,0.5298682
4480,0.6972847,0.16768502,0.52959967
4481,0.6969008,0.16756989,0.5293309
4482,0.69651264,0.16745034,0.5290623
4483,0.6961291,0.1673353,0.5287938
4484,0.6957362,0.16721098,0.52852523
4485,0.69534403,0.16708732,0.5282567
4486,0.69496006,0.16697185,0.5279882
4487,0.6945711,0.16685139,0.5277197
4488,0.694188,0.16673672,0.5274513
4489,0.69379264,0.16660984,0.5271828
4490,0.6934025,0.16648805,0.5269145
4491,0.6930268,0.16638052,0.52664626
4492,0.69264007,0.16626216,0.5263779
4493,0.69224834,0.1661386,0.52610976
4494,0.69186085,0.16601947,0.52584136
4495,0.6914738,0.16590092,0.5255729
4496,0.6910916,0.16578741,0.5253042
4497,0.6906999,0.16566493,0.52503496
4498,0.69031745,0.16555178,0.5247657
4499,0.6899255,0.16542947,0.524496
4500,0.6895282,0.16530216,0.52422607
4501,0.6891481,0.16519208,0.52395606
4502,0.6887535,0.16506751,0.523686
4503,0.68836826,0.16495247,0.5234158
4504,0.68798167,0.16483608,0.52314556
4505,0.6875967,0.16472125,0.5228754
4506,0.68721414,0.1646085,0.52260566
4507,0.68682545,0.16448973,0.5223357
4508,0.68643826,0.1643724,0.5220659
4509,0.68604684,0.1642506,0.5217962
4510,0.6856636,0.16413718,0.5215264
4511,0.6852758,0.16401945,0.5212563
4512,0.68488085,0.16389462,0.5209862
4513,0.6844941,0.1637784,0.5207157
4514,0.6840953,0.16365042,0.5204449
4515,0.6837072,0.16353346,0.5201737
4516,0.68331546,0.16341299,0.51990247
4517,0.6829292,0.16329856,0.5196307
4518,0.6825389,0.16318016,0.51935875
4519,0.6821523,0.16306522,0.519087
4520,0.6817619,0.16294675,0.51881516
4521,0.6813754,0.16283223,0.5185432
4522,0.680994,0.16272266,0.5182713
4523,0.68060416,0.16260436,0.51799977
4524,0.6802121,0.16248383,0.51772827
4525,0.67981565,0.16235897,0.51745665
4526,0.679427,0.16224198,0.51718503
4527,0.67903495,0.16212195,0.516913
4528,0.67865074,0.16200969,0.516641
4529,0.67826086,0.16189219,0.5163687
4530,0.67786694,0.1617706,0.51609635
4531,0.67748225,0.16165827,0.51582396
4532,0.6770943,0.16154264,0.5155516
4533,0.67669576,0.16141681,0.51527894
4534,0.67630136,0.16129477,0.5150066
4535,0.67592126,0.16118719,0.5147341
4536,0.67552644,0.16106452,0.51446193
4537,0.6751334,0.16094401,0.5141894
4538,0.67474294,0.16082576,0.51391715
4539,0.6743585,0.16071376,0.5136447
4540,0.6739744,0.16060202,0.51337236
4541,0.67357725,0.16047758,0.5130997
4542,0.6731938,0.16036694,0.51282686
4543,0.6728076,0.16025367,0.51255393
4544,0.67241174,0.16013092,0.5122808
4545,0.67202085,0.16001338,0.5120075
4546,0.6716358,0.15990178,0.511734
4547,0.6712474,0.1597872,0.51146024
4548,0.67085993,0.15967338,0.51118654
4549,0.6704691,0.1595564,0.5109127
4550,0.6700799,0.1594408,0.5106391
4551,0.6696821,0.1593164,0.51036566
4552,0.6692877,0.15919544,0.51009226
4553,0.66890186,0.15908293,0.5098189
4554,0.6685116,0.15896603,0.50954556
4555,0.66811746,0.15884556,0.5092719
4556,0.66773015,0.15873204,0.5089981
4557,0.66733116,0.15860714,0.50872403
4558,0.66694707,0.1584975,0.50844955
4559,0.6665526,0.15837772,0.5081749
4560,0.6661633,0.15826333,0.5079
4561,0.66578156,0.15815668,0.50762486
4562,0.6653899,0.15804005,0.50734985
4563,0.664995,0.15792051,0.5070745
4564,0.66459703,0.1577979,0.5067991
4565,0.6642061,0.15768227,0.50652385
4566,0.6638132,0.15756465,0.50624853
4567,0.66342854,0.15745528,0.5059733
4568,0.66304487,0.15734702,0.50569785
4569,0.6626523,0.1572299,0.5054224
4570,0.66226554,0.15711865,0.5051469
4571,0.6618753,0.15700376,0.50487155
4572,0.66148317,0.15688717,0.504596
4573,0.6610907,0.15677038,0.5043203
4574,0.6606961,0.1566516,0.5040445
4575,0.6602964,0.15652767,0.5037687
4576,0.6599065,0.15641367,0.50349283
4577,0.659515,0.15629812,0.5032169
4578,0.6591195,0.15617846,0.502941
4579,0.65873027,0.15606532,0.5026649
4580,0.6583403,0.15595168,0.5023886
4581,0.6579455,0.15583313,0.5021124
4582,0.65755427,0.15571837,0.5018359
4583,0.65716535,0.15560603,0.5015593
4584,0.6567778,0.15549506,0.50128275
4585,0.65638095,0.15537484,0.5010061
4586,0.6559877,0.15525836,0.5007293
4587,0.65560097,0.15514827,0.5004527
4588,0.65521157,0.15503576,0.50017583
4589,0.6548185,0.15491936,0.49989915
4590,0.65443355,0.15481113,0.49962243
4591,0.6540317,0.15468623,0.49934548
4592,0.65363795,0.15456931,0.49906865
4593,0.65324706,0.15445517,0.49879187
4594,0.65285134,0.15433651,0.49851483
4595,0.6524689,0.15423116,0.4982378
4596,0.6520737,0.15411296,0.49796075
4597,0.6516809,0.15399739,0.4976835
4598,0.65129024,0.15388405,0.49740618
4599,0.65089446,0.15376562,0.49712887
4600,0.65050286,0.15365145,0.4968514
4601,0.6501076,0.15353379,0.4965738
4602,0.64971995,0.15342389,0.49629608
4603,0.6493261,0.15330754,0.49601853
4604,0.648932,0.15319125,0.49574074
4605,0.64853466,0.15307172,0.49546295
4606,0.6481491,0.15296401,0.49518505
4607,0.6477628,0.15285563,0.49490714
4608,0.6473586,0.15272927,0.49462932
4609,0.64696884,0.15261774,0.4943511
4610,0.64656633,0.15249348,0.49407288
4611,0.6461758,0.15238135,0.49379447
4612,0.6457831,0.15226717,0.49351597
4613,0.64539576,0.1521583,0.49323747
4614,0.64500093,0.15204225,0.49295866
4615,0.6446063,0.15192632,0.49267998
4616,0.64421314,0.151812,0.49240112
4617,0.6438223,0.1517003,0.492122
4618,0.6434336,0.15159072,0.49184284
4619,0.6430402,0.15147679,0.49156338
4620,0.6426519,0.15136802,0.49128386
4621,0.64225954,0.15125528,0.4910043
4622,0.64185995,0.15113512,0.4907248
4623,0.6414674,0.15102202,0.4904454
4624,0.64106864,0.1509028,0.49016583
4625,0.64067364,0.15078725,0.48988637
4626,0.64028275,0.15067576,0.48960698
4627,0.63988554,0.15055765,0.48932788
4628,0.6394972,0.15044844,0.48904878
4629,0.6390989,0.15032941,0.4887695
4630,0.6387015,0.15021136,0.48849013
4631,0.6383133,0.15010247,0.48821083
4632,0.63791895,0.14998783,0.48793113
4633,0.6375221,0.1498706,0.48765147
4634,0.63711894,0.14974762,0.4873713
4635,0.6367291,0.14963803,0.4870911
4636,0.63633335,0.14952262,0.4868107
4637,0.635941,0.14941081,0.48653018
4638,0.63554907,0.1492996,0.48624948
4639,0.63514936,0.14918052,0.48596886
4640,0.6347536,0.1490655,0.48568806
4641,0.6343618,0.14895453,0.4854073
4642,0.6339698,0.1488432,0.48512658
4643,0.6335748,0.14872913,0.48484567
4644,0.63318086,0.14861634,0.48456454
4645,0.63279057,0.14850728,0.4842833
4646,0.6323935,0.14839165,0.48400182
4647,0.631996,0.14827575,0.4837202
4648,0.6316018,0.14816315,0.48343864
4649,0.6312118,0.14805478,0.48315707
4650,0.63080925,0.1479338,0.48287547
4651,0.6304202,0.1478263,0.4825939
4652,0.6300274,0.1477151,0.4823123
4653,0.62962514,0.14759444,0.4820307
4654,0.62922966,0.14748071,0.48174894
4655,0.6288322,0.14736499,0.48146722
4656,0.6284404,0.14725474,0.48118564
4657,0.6280491,0.14714526,0.4809038
4658,0.6276489,0.14702673,0.48062217
4659,0.6272612,0.14692086,0.4803404
4660,0.6268716,0.14681274,0.48005882
4661,0.6264741,0.14669684,0.47977722
4662,0.62608147,0.14658572,0.47949573
4663,0.6256866,0.14647259,0.479214
4664,0.62529314,0.14636113,0.47893202
4665,0.62489486,0.14624499,0.47864985
4666,0.62450534,0.1461382,0.47836712
4667,0.62411326,0.1460292,0.47808406
4668,0.6237191,0.14591822,0.47780088
4669,0.6233111,0.14579354,0.47751758
4670,0.622916,0.14568156,0.47723442
4671,0.62252086,0.14556928,0.4769516
4672,0.6221266,0.14545785,0.47666875
4673,0.6217323,0.14534599,0.47638634
4674,0.6213335,0.14522937,0.47610414
4675,0.6209371,0.14511542,0.47582167
4676,0.6205413,0.14500181,0.47553945
4677,0.62014323,0.1448863,0.47525692
4678,0.6197502,0.14477599,0.47497422
4679,0.6193586,0.1446674,0.4746912
4680,0.6189659,0.14455794,0.474408
4681,0.6185656,0.14444129,0.4741243
4682,0.61816484,0.14432427,0.4738406
4683,0.6177677,0.14421102,0.47355664
4684,0.61737144,0.1440989,0.47327256
4685,0.61697936,0.14399087,0.47298852
4686,0.6165823,0.14387766,0.4727046
4687,0.61618894,0.14376813,0.4724208
4688,0.6157974,0.14366043,0.47213694
4689,0.61540264,0.14354932,0.4718533
4690,0.61501014,0.14344047,0.47156966
4691,0.6146179,0.14333202,0.47128585
4692,0.6142253,0.14322314,0.4710022
4693,0.6138245,0.14310616,0.4707183
4694,0.61342704,0.14299296,0.4704341
4695,0.6130303,0.14288056,0.47014973
4696,0.612639,0.14277373,0.4698653
4697,0.6122427,0.14266175,0.46958095
4698,0.6118429,0.14254639,0.4692965
4699,0.61144686,0.14243484,0.46901202
4700,0.61104536,0.14231768,0.46872765
4701,0.6106544,0.14221096,0.46844345
4702,0.6102536,0.14209443,0.46815914
4703,0.60986096,0.1419863,0.46787468
4704,0.6094659,0.14187543,0.46759048
4705,0.6090676,0.1417615,0.46730614
4706,0.608673,0.1416512,0.46702176
4707,0.6082729,0.1415356,0.4667373
4708,0.6078822,0.14142945,0.46645278
4709,0.6074804,0.1413122,0.46616822
4710,0.60708463,0.14120129,0.46588334
4711,0.60668874,0.1410902,0.46559852
4712,0.6062947,0.14098124,0.46531346
4713,0.6059012,0.14087294,0.46502826
4714,0.60550475,0.14076184,0.4647429
4715,0.605117,0.14065966,0.46445736
4716,0.6047189,0.14054717,0.46417177
4717,0.60431933,0.1404334,0.4638859
4718,0.6039284,0.14032835,0.46360007
4719,0.60352546,0.14021143,0.46331406
4720,0.6031324,0.14010417,0.46302825
4721,0.6027328,0.1399903,0.4627425
4722,0.6023413,0.1398847,0.4624566
4723,0.60194325,0.13977268,0.46217057
4724,0.6015448,0.13966027,0.4618845
4725,0.60114616,0.13954768,0.4615985
4726,0.60074914,0.13943674,0.46131238
4727,0.60034865,0.13932243,0.46102622
4728,0.599944,0.13920367,0.46074033
4729,0.5995499,0.13909563,0.46045423
4730,0.599147,0.13897882,0.46016818
4731,0.59875333,0.13887101,0.4598823
4732,0.5983628,0.13876659,0.45959622
4733,0.5979642,0.13865426,0.45930997
4734,0.59757113,0.13854724,0.45902386
4735,0.5971704,0.13843277,0.45873764
4736,0.5967711,0.13831988,0.45845127
4737,0.59637356,0.13820867,0.4581649
4738,0.5959751,0.13809681,0.4578783
4739,0.59558254,0.13799101,0.4575915
4740,0.5951861,0.13788167,0.45730445
4741,0.59479034,0.13777286,0.45701748
4742,0.59438944,0.13765927,0.45673016
4743,0.593992,0.13754909,0.45644292
4744,0.5935903,0.13743469,0.45615563
4745,0.59319293,0.1373248,0.45586815
4746,0.59280205,0.1372213,0.45558074
4747,0.5924066,0.13711335,0.45529324
4748,0.59201086,0.13700521,0.45500565
4749,0.59162045,0.13690223,0.4547182
4750,0.59122217,0.13679157,0.4544306
4751,0.59082854,0.136685,0.45414352
4752,0.5904285,0.13657233,0.45385617
4753,0.5900374,0.13646843,0.453569
4754,0.5896353,0.13635351,0.45328182
4755,0.5892343,0.13623975,0.45299453
4756,0.5888407,0.13613369,0.45270702
4757,0.5884415,0.13602209,0.4524194
4758,0.5880396,0.13590789,0.4521317
4759,0.5876435,0.13579972,0.45184377
4760,0.5872485,0.13569266,0.45155585
4761,0.58684784,0.13557994,0.4512679
4762,0.58645254,0.1354727,0.45097983
4763,0.5860509,0.13535891,0.450692
4764,0.5856596,0.13525546,0.45040414
4765,0.5852572,0.13514073,0.45011643
4766,0.58486027,0.13503174,0.44982854
4767,0.5844676,0.134927,0.44954056
4768,0.58406496,0.13481258,0.44925237
4769,0.58366793,0.1347039,0.44896403
4770,0.5832676,0.13459226,0.4486754
4771,0.58287764,0.13449082,0.44838685
4772,0.5824732,0.13437517,0.44809806
4773,0.58208257,0.1342732,0.44780937
4774,0.58168495,0.13416424,0.4475207
4775,0.5812858,0.13405344,0.44723234
4776,0.58088964,0.13394576,0.44694388
4777,0.58049434,0.13383886,0.4466555
4778,0.58009905,0.13373186,0.44636717
4779,0.57970166,0.13362297,0.44607872
4780,0.5793093,0.13351886,0.44579044
4781,0.57891536,0.1334135,0.44550186
4782,0.57851803,0.13330461,0.4452134
4783,0.57811564,0.13319069,0.44492492
4784,0.5777186,0.13308245,0.44463617
4785,0.577314,0.1329664,0.44434762
4786,0.5769156,0.13285692,0.4440587
4787,0.57652175,0.1327522,0.44376957
4788,0.57611233,0.13263215,0.4434802
4789,0.5757207,0.13252999,0.44319075
4790,0.5753269,0.13242547,0.44290146
4791,0.57492584,0.132314,0.4426118
4792,0.5745298,0.1322075,0.4423223
4793,0.5741394,0.13210635,0.44203305
4794,0.5737429,0.13199927,0.44174367
4795,0.5733484,0.1318942,0.4414542
4796,0.5729503,0.13178524,0.44116506
4797,0.5725482,0.13167238,0.44087583
4798,0.5721484,0.13156186,0.4405865
4799,0.5717479,0.13145065,0.44029728
4800,0.57135403,0.13134596,0.44000807
4801,0.5709595,0.13124084,0.43971866
4802,0.57056385,0.13113485,0.43942901
4803,0.5701696,0.13103025,0.43913937
4804,0.5697721,0.13092257,0.43884957
4805,0.5693714,0.13081157,0.43855983
4806,0.5689755,0.13070552,0.43826997
4807,0.5685716,0.13059136,0.43798023
4808,0.5681748,0.13048446,0.43769035
4809,0.5677815,0.13038123,0.43740028
4810,0.5673846,0.13027437,0.43711025
4811,0.56698495,0.13016453,0.4368204
4812,0.5665892,0.13005897,0.4365302
4813,0.5661997,0.12995978,0.43623996
4814,0.5657962,0.12984651,0.43594968
4815,0.56540394,0.12974437,0.43565956
4816,0.5650041,0.12963475,0.43536934
4817,0.56461334,0.12953432,0.43507904
4818,0.56421626,0.12942728,0.43478897
4819,0.5638139,0.12931499,0.4344989
4820,0.5634164,0.12920782,0.43420863
4821,0.5630246,0.12910597,0.4339186
4822,0.56262344,0.1289951,0.43362835
4823,0.5622257,0.12888755,0.43333814
4824,0.5618334,0.12878568,0.4330477
4825,0.5614408,0.12868343,0.43275738
4826,0.56104594,0.1285789,0.43246704
4827,0.5606518,0.12847506,0.43217674
4828,0.56025225,0.12836573,0.43188652
4829,0.55985457,0.12825833,0.43159625
4830,0.5594547,0.12814866,0.431306
4831,0.5590609,0.12804511,0.43101573
4832,0.5586632,0.12793784,0.43072537
4833,0.558269,0.12783411,0.43043488
4834,0.5578701,0.12772587,0.4301442
4835,0.5574773,0.12762386,0.42985347
4836,0.557079,0.1275164,0.4295626
4837,0.55668205,0.12741019,0.42927185
4838,0.55627954,0.12729868,0.42898086
4839,0.5558811,0.12719114,0.42868993
4840,0.5554799,0.12708098,0.4283989
4841,0.5550823,0.12697454,0.4281078
4842,0.5546899,0.12687322,0.42781663
4843,0.5542976,0.12677203,0.4275256
4844,0.553898,0.12666374,0.42723426
4845,0.5535033,0.12656036,0.42694294
4846,0.5531063,0.12645474,0.42665154
4847,0.5527048,0.12634484,0.42635995
4848,0.55230707,0.12623878,0.4260683
4849,0.5519098,0.12613344,0.4257764
4850,0.5515116,0.12602718,0.42548442
4851,0.55111545,0.12592307,0.4251924
4852,0.550719,0.12581849,0.42490056
4853,0.55031854,0.12570992,0.42460862
4854,0.5499292,0.1256124,0.42431682
4855,0.54952836,0.12550324,0.42402512
4856,0.54913485,0.12540124,0.4237336
4857,0.5487415,0.12529938,0.42344213
4858,0.54834557,0.12519455,0.42315102
4859,0.5479467,0.12508677,0.4228599
4860,0.54754436,0.12497562,0.42256874
4861,0.54715466,0.12487686,0.4222778
4862,0.54676014,0.12477356,0.42198655
4863,0.5463669,0.124671444,0.4216954
4864,0.5459676,0.12456359,0.421404
4865,0.54557145,0.12445884,0.4211126
4866,0.5451722,0.124351606,0.4208206
4867,0.5447741,0.124245286,0.4205288
4868,0.54438126,0.12414425,0.42023703
4869,0.5439889,0.12404351,0.41994536
4870,0.54358536,0.1239317,0.41965365
4871,0.5431845,0.12382233,0.4193622
4872,0.54279155,0.12372092,0.41907063
4873,0.542403,0.123623915,0.41877908
4874,0.54200214,0.12351484,0.41848728
4875,0.5416093,0.123413816,0.4181955
4876,0.5412131,0.12330957,0.41790354
4877,0.5408218,0.12321051,0.4176113
4878,0.5404194,0.12310047,0.41731894
4879,0.5400228,0.12299614,0.41702664
4880,0.53962743,0.12289315,0.41673428
4881,0.5392299,0.12278777,0.41644216
4882,0.5388301,0.122680135,0.41614997
4883,0.538439,0.122581154,0.41585782
4884,0.5380448,0.12247901,0.4155658
4885,0.5376467,0.12237289,0.41527382
4886,0.5372552,0.12227329,0.41498193
4887,0.53686285,0.122172974,0.41468987
4888,0.5364671,0.12206947,0.41439763
4889,0.53607315,0.12196786,0.4141053
4890,0.5356746,0.12186173,0.41381282
4891,0.5352823,0.12176178,0.41352054
4892,0.53488463,0.12165662,0.413228
4893,0.5344974,0.121561766,0.4129356
4894,0.534101,0.121457785,0.4126432
4895,0.5337053,0.1213544,0.41235092
4896,0.53330636,0.121247776,0.4120586
4897,0.5329147,0.1211485,0.4117662
4898,0.53252196,0.12104816,0.4114738
4899,0.5321253,0.12094399,0.4111813
4900,0.53172064,0.12083185,0.4108888
4901,0.5313258,0.12072964,0.41059616
4902,0.5309341,0.12063085,0.41030324
4903,0.5305437,0.12053333,0.41001034
4904,0.5301487,0.120431274,0.4097174
4905,0.5297427,0.120318346,0.4094244
4906,0.5293497,0.120218374,0.4091313
4907,0.5289553,0.12011697,0.4088383
4908,0.52856207,0.1200167,0.40854537
4909,0.5281655,0.11991316,0.40825236
4910,0.52777284,0.11981342,0.40795943
4911,0.52738136,0.11971449,0.4076669
4912,0.5269873,0.11961298,0.40737435
4913,0.5265904,0.11950852,0.40708187
4914,0.5261959,0.11940653,0.40678933
4915,0.5258014,0.11930441,0.406497
4916,0.52541226,0.11920789,0.40620437
4917,0.5250158,0.119103774,0.405912
4918,0.52461946,0.119000025,0.40561944
4919,0.5242351,0.1189083,0.40532684
4920,0.52384245,0.118808284,0.40503418
4921,0.5234478,0.11870637,0.40474147
4922,0.5230561,0.118607305,0.4044488
4923,0.52265435,0.11849812,0.40415624
4924,0.5222593,0.11839583,0.4038635
4925,0.5218598,0.11828897,0.40357083
4926,0.5214697,0.11819165,0.40327805
4927,0.52107245,0.1180873,0.40298513
4928,0.52068067,0.11798861,0.40269208
4929,0.52028584,0.1178868,0.40239906
4930,0.51989675,0.117790855,0.4021059
4931,0.51949936,0.11768678,0.40181258
4932,0.5191071,0.117588,0.4015191
4933,0.51871383,0.11748822,0.40122563
4934,0.51831555,0.11738345,0.40093213
4935,0.5179223,0.117283545,0.40063876
4936,0.51752734,0.11718178,0.40034553
4937,0.5171353,0.11708286,0.40005246
4938,0.5167504,0.116990924,0.39975947
4939,0.51635665,0.1168901,0.39946654
4940,0.5159626,0.11678882,0.39917377
4941,0.5155698,0.11668895,0.39888087
4942,0.51517314,0.116585165,0.398588
4943,0.51478124,0.11648642,0.39829484
4944,0.51438713,0.11638558,0.39800152
4945,0.5139921,0.116283886,0.39770818
4946,0.5136018,0.11618716,0.39741462
4947,0.51321256,0.11609152,0.39712107
4948,0.51282054,0.11599302,0.39682755
4949,0.5124268,0.11589265,0.39653414
4950,0.51202935,0.11578845,0.39624092
4951,0.51163375,0.115686156,0.3959476
4952,0.51124007,0.11558569,0.39565438
4953,0.5108499,0.11548853,0.39536133
4954,0.51045924,0.11539122,0.39506802
4955,0.5100705,0.11529564,0.39477485
4956,0.50967675,0.11519496,0.3944818
4957,0.50928915,0.11510053,0.3941886
4958,0.50890005,0.11500461,0.39389545
4959,0.5085118,0.11490957,0.39360222
4960,0.5081213,0.1148122,0.3933091
4961,0.50772476,0.11470875,0.39301598
4962,0.5073304,0.11460735,0.39272305
4963,0.5069386,0.11450841,0.39243016
4964,0.50654894,0.11441157,0.39213735
4965,0.50615966,0.11431535,0.39184433
4966,0.505762,0.11421078,0.3915512
4967,0.5053716,0.114113614,0.39125794
4968,0.50498015,0.1140155,0.39096463
4969,0.5045904,0.113919355,0.390671
4970,0.5042021,0.1138248,0.39037734
4971,0.5038189,0.113735214,0.39008373
4972,0.5034177,0.11362747,0.38979018
4973,0.5030246,0.11352795,0.38949665
4974,0.502635,0.11343165,0.38920337
4975,0.50223255,0.113322504,0.38891006
4976,0.5018386,0.11322205,0.38861656
4977,0.5014524,0.1131293,0.38832307
4978,0.5010641,0.11303447,0.38802963
4979,0.5006714,0.112935275,0.38773608
4980,0.5002796,0.112836905,0.3874427
4981,0.4998878,0.11273842,0.38714936
4982,0.4995035,0.11264751,0.386856
4983,0.49911052,0.11254795,0.3865626
4984,0.4987193,0.112449855,0.38626945
4985,0.49833268,0.11235634,0.38597634
4986,0.4979382,0.11225511,0.38568306
4987,0.49754936,0.11215959,0.38538978
4988,0.49716008,0.11206349,0.38509658
4989,0.49677318,0.111969866,0.38480332
4990,0.49638012,0.11187008,0.38451004
4991,0.4959866,0.11176976,0.38421685
4992,0.4955946,0.111670904,0.38392368
4993,0.49520457,0.111574106,0.38363045
4994,0.494814,0.111476734,0.3833373
4995,0.49442512,0.11138124,0.3830439
4996,0.49403596,0.11128557,0.3827504
4997,0.49364665,0.111189686,0.38245696
4998,0.49325618,0.1110929,0.3821633
4999,0.49287266,0.11100317,0.3818695
5000,0.49248472,0.11090873,0.38157597
5001,0.49209732,0.11081492,0.3812824
5002,0.49171072,0.11072177,0.38098896
5003,0.4913245,0.110628866,0.38069564
5004,0.49093172,0.11052912,0.3804026
5005,0.49053955,0.11043012,0.38010943
5006,0.4901539,0.11033754,0.37981635
5007,0.48976538,0.11024214,0.37952325
5008,0.4893708,0.11014069,0.3792301
5009,0.48898345,0.11004664,0.3789368
5010,0.4886028,0.109959066,0.37864372
5011,0.4882154,0.109864816,0.37835056
5012,0.48783344,0.109776,0.37805745
5013,0.487439,0.10967456,0.37776443
5014,0.487045,0.1095736,0.3774714
5015,0.4866545,0.10947603,0.37717846
5016,0.48626477,0.10937952,0.37688524
5017,0.48587012,0.10927808,0.37659204
5018,0.48548794,0.10918922,0.37629873
5019,0.48509976,0.10909442,0.37600535
5020,0.48471147,0.10899938,0.3757121
5021,0.48432404,0.10890533,0.3754187
5022,0.4839382,0.108812734,0.37512547
5023,0.48355618,0.10872393,0.37483224
5024,0.48316866,0.10862984,0.3745388
5025,0.48278177,0.10853615,0.3742456
5026,0.48239428,0.10844197,0.3739523
5027,0.4820051,0.10834609,0.373659
5028,0.48161903,0.108253226,0.3733658
5029,0.48123762,0.10816524,0.3730724
5030,0.48084852,0.10806933,0.3727792
5031,0.4804657,0.10797979,0.37248594
5032,0.48008102,0.107888415,0.37219262
5033,0.4796961,0.10779677,0.37189934
5034,0.47930643,0.10770016,0.37160626
5035,0.478915,0.10760182,0.37131318
5036,0.47853088,0.10751081,0.37102008
5037,0.47813988,0.10741264,0.37072724
5038,0.4777603,0.10732603,0.37043425
5039,0.4773746,0.107233025,0.3701416
5040,0.47698593,0.10713727,0.36984867
5041,0.47659698,0.107041225,0.36955577
5042,0.47621292,0.10695019,0.36926273
5043,0.4758251,0.10685557,0.36896953
5044,0.47544184,0.10676547,0.36867636
5045,0.47506067,0.10667755,0.36838314
5046,0.47466865,0.10657882,0.36808982
5047,0.47427905,0.1064823,0.36779675
5048,0.47389057,0.10638699,0.36750358
5049,0.47350672,0.10629604,0.3672107
5050,0.4731249,0.10620717,0.36691773
5051,0.47274187,0.106116936,0.36662492
5052,0.47236252,0.10603049,0.36633202
5053,0.4719751,0.10593591,0.3660392
5054,0.47159013,0.10584395,0.3657462
5055,0.47120857,0.10575511,0.36545345
5056,0.4708269,0.10566631,0.36516058
5057,0.47044194,0.10557401,0.36486793
5058,0.47004876,0.10547337,0.3645754
5059,0.4696611,0.105378255,0.36428285
5060,0.46927288,0.105282515,0.36399037
5061,0.46889824,0.10520008,0.36369815
5062,0.4685177,0.10511194,0.36340573
5063,0.46813467,0.10502115,0.36311352
5064,0.46775177,0.10493061,0.36282116
5065,0.4673687,0.10483991,0.36252877
5066,0.46698272,0.10474644,0.3622363
5067,0.46660084,0.10465708,0.36194375
5068,0.46621743,0.10456628,0.36165115
5069,0.46582893,0.10447045,0.36135846
5070,0.46543944,0.104373656,0.36106578
5071,0.4650589,0.10428568,0.3607732
5072,0.46467474,0.10419407,0.36048067
5073,0.46429223,0.10410419,0.36018804
5074,0.4639109,0.10401531,0.3598956
5075,0.46353418,0.10393106,0.3596031
5076,0.46315035,0.103839636,0.35931072
5077,0.46276957,0.10375143,0.35901815
5078,0.4623835,0.10365788,0.35872564
5079,0.4619979,0.103565015,0.3584329
5080,0.46161827,0.103478014,0.35814026
5081,0.46123537,0.10338786,0.3578475
5082,0.4608517,0.10329686,0.35755485
5083,0.4604721,0.10320968,0.35726243
5084,0.46008995,0.10311997,0.35696998
5085,0.45971206,0.10303421,0.35667783
5086,0.45933262,0.10294702,0.3563856
5087,0.4589518,0.1028584,0.3560934
5088,0.45856506,0.10276367,0.3558014
5089,0.4581857,0.10267644,0.35550925
5090,0.45780486,0.10258772,0.35521713
5091,0.45741946,0.10249458,0.3549249
5092,0.45702934,0.102396786,0.35463256
5093,0.45665002,0.10230991,0.3543401
5094,0.45627293,0.10222514,0.3540478
5095,0.45589164,0.10213581,0.35375583
5096,0.45551547,0.10205164,0.35346383
5097,0.45513982,0.10196787,0.35317194
5098,0.45475575,0.10187553,0.3528802
5099,0.45437822,0.101789646,0.35258856
5100,0.45399716,0.10170009,0.35229707
5101,0.45361632,0.10161081,0.3520055
5102,0.45324266,0.10152855,0.3517141
5103,0.4528551,0.10143254,0.35142258
5104,0.45247704,0.10134615,0.3511309
5105,0.45209387,0.10125461,0.35083926
5106,0.45171654,0.101169,0.35054755
5107,0.45133352,0.101077825,0.3502557
5108,0.45095214,0.1009883,0.34996384
5109,0.450573,0.10090122,0.34967178
5110,0.4501953,0.10081547,0.34937984
5111,0.44981873,0.10073058,0.34908813
5112,0.44944036,0.10064381,0.34879655
5113,0.44905618,0.10055115,0.34850502
5114,0.4486812,0.10046763,0.34821358
5115,0.4482992,0.100376874,0.34792233
5116,0.44792706,0.10029612,0.34763095
5117,0.44755146,0.10021195,0.3473395
5118,0.4471696,0.1001214,0.3470482
5119,0.44679153,0.10003473,0.3467568
5120,0.44641298,0.09994771,0.34646526
5121,0.4460332,0.09985941,0.3461738
5122,0.44565478,0.09977246,0.34588233
5123,0.44528168,0.099690735,0.34559095
5124,0.44490743,0.09960771,0.34529972
5125,0.44452703,0.09951855,0.3450085
5126,0.44415528,0.09943756,0.3447177
5127,0.4437809,0.09935378,0.3444271
5128,0.4434015,0.099264935,0.34413654
5129,0.4430205,0.09917447,0.34384602
5130,0.4426422,0.09908638,0.34355584
5131,0.44226876,0.09900327,0.3432655
5132,0.44188958,0.09891451,0.34297508
5133,0.44151485,0.098830074,0.34268478
5134,0.4411389,0.098744616,0.34239426
5135,0.44076353,0.09866002,0.3421035
5136,0.44038606,0.09857309,0.34181297
5137,0.44000852,0.098486416,0.3415221
5138,0.43963102,0.09839967,0.34123135
5139,0.43925467,0.09831416,0.3409405
5140,0.43887845,0.09822867,0.34064978
5141,0.43850908,0.098150045,0.34035903
5142,0.43812823,0.098059855,0.34006837
5143,0.43775654,0.09797885,0.33977768
5144,0.43737444,0.09788764,0.3394868
5145,0.43699583,0.09780005,0.3391958
5146,0.4366226,0.0977177,0.3389049
5147,0.43624604,0.097632356,0.3386137
5148,0.4358695,0.09754665,0.33832282
5149,0.43549436,0.097462334,0.33803204
5150,0.4351215,0.097380236,0.33774126
5151,0.43475112,0.097300306,0.33745083
5152,0.4343834,0.097222865,0.33716053
5153,0.43400583,0.09713541,0.33687043
5154,0.4336346,0.097054146,0.33658046
5155,0.43325746,0.096966796,0.33629066
5156,0.43288246,0.0968815,0.33600095
5157,0.43250814,0.096797034,0.3357111
5158,0.4321375,0.09671633,0.33542114
5159,0.43176493,0.096633695,0.33513123
5160,0.4313937,0.09655245,0.33484128
5161,0.4310164,0.09646487,0.3345515
5162,0.43064517,0.09638354,0.33426163
5163,0.4302705,0.09629864,0.33397186
5164,0.4298903,0.096208006,0.3336823
5165,0.42951792,0.09612536,0.33339256
5166,0.4291442,0.096041165,0.33310303
5167,0.42877224,0.09595894,0.3328133
5168,0.42839843,0.095874675,0.33252376
5169,0.42802495,0.095790915,0.33223403
5170,0.42765155,0.09570711,0.33194444
5171,0.4272817,0.09562686,0.33165485
5172,0.42690673,0.09554131,0.3313654
5173,0.42653513,0.095459014,0.33107612
5174,0.42616028,0.09537342,0.33078685
5175,0.42579338,0.09529566,0.3304977
5176,0.42542598,0.09521745,0.33020854
5177,0.42505676,0.09513719,0.32991958
5178,0.42468277,0.09505218,0.32963058
5179,0.4243142,0.094972685,0.32934153
5180,0.42394698,0.09489404,0.32905295
5181,0.42357537,0.09481099,0.32876438
5182,0.42319894,0.09472313,0.3284758
5183,0.422826,0.0946389,0.32818708
5184,0.42245448,0.0945561,0.32789838
5185,0.42208612,0.09447646,0.32760966
5186,0.42171636,0.094395615,0.32732075
5187,0.4213497,0.09431797,0.32703173
5188,0.42097732,0.094234355,0.32674298
5189,0.4206109,0.09415652,0.3264544
5190,0.42023495,0.09406907,0.32616588
5191,0.41986632,0.09398872,0.3258776
5192,0.4194992,0.09390985,0.32558933
5193,0.41913706,0.09383563,0.32530144
5194,0.41876408,0.09375054,0.32501355
5195,0.41839597,0.09367037,0.3247256
5196,0.4180267,0.09358904,0.32443765
5197,0.41765913,0.0935094,0.32414973
5198,0.41729358,0.09343194,0.32386163
5199,0.41692236,0.09334883,0.32357353
5200,0.41655734,0.093272045,0.32328528
5201,0.41619498,0.09319769,0.32299727
5202,0.41582578,0.09311644,0.32270935
5203,0.4154587,0.093037084,0.32242164
5204,0.41509184,0.09295799,0.32213387
5205,0.41472617,0.09287976,0.3218464
5206,0.4143605,0.09280157,0.32155892
5207,0.4139866,0.092715,0.3212716
5208,0.41361618,0.09263216,0.320984
5209,0.41324842,0.09255194,0.32069647
5210,0.41288128,0.09247237,0.3204089
5211,0.41251865,0.09239732,0.32012135
5212,0.41215253,0.0923188,0.31983373
5213,0.41178593,0.09223971,0.31954622
5214,0.41142288,0.09216401,0.31925887
5215,0.41105488,0.09208305,0.3189718
5216,0.41069084,0.092006035,0.31868482
5217,0.41032526,0.09192724,0.31839803
5218,0.40995753,0.09184627,0.31811124
5219,0.40959087,0.09176624,0.31782463
5220,0.40922174,0.091683805,0.31753793
5221,0.4088469,0.09159572,0.3172512
5222,0.4084793,0.091514796,0.3169645
5223,0.40811643,0.09143878,0.31667766
5224,0.4077537,0.09136285,0.31639087
5225,0.4073897,0.09128562,0.31610408
5226,0.40702847,0.09121084,0.31581762
5227,0.40666425,0.09113294,0.3155313
5228,0.4063005,0.091055416,0.31524506
5229,0.40593827,0.09097919,0.31495908
5230,0.40556565,0.09089274,0.31467292
5231,0.40520447,0.09081745,0.31438702
5232,0.4048393,0.09073817,0.31410113
5233,0.40447947,0.090664394,0.3138151
5234,0.40411612,0.090587124,0.313529
5235,0.40375724,0.090514004,0.31324324
5236,0.40339094,0.09043338,0.31295756
5237,0.40302798,0.09035608,0.3126719
5238,0.40266985,0.09028344,0.3123864
5239,0.402306,0.09020487,0.31210113
5240,0.4019449,0.09012891,0.31181598
5241,0.40158585,0.09005495,0.3115309
5242,0.4012142,0.08996834,0.31124586
5243,0.40084785,0.089887105,0.31096074
5244,0.40048233,0.089806885,0.31067544
5245,0.40011823,0.08972799,0.31039023
5246,0.3997571,0.08965214,0.31010494
5247,0.39940062,0.08958091,0.3098197
5248,0.39904106,0.08950664,0.30953443
5249,0.39867854,0.08942914,0.3092494
5250,0.39831516,0.08935078,0.30896437
5251,0.3979588,0.089279376,0.3086794
5252,0.39759678,0.08920223,0.30839455
5253,0.39723706,0.089127205,0.30810985
5254,0.39687556,0.08905029,0.30782527
5255,0.39651567,0.08897488,0.3075408
5256,0.39615273,0.088896334,0.3072564
5257,0.39579427,0.08882214,0.30697212
5258,0.39543456,0.08874679,0.30668777
5259,0.39507532,0.088671975,0.30640334
5260,0.39471868,0.08859957,0.3061191
5261,0.39435968,0.08852486,0.30583483
5262,0.3940031,0.08845252,0.30555058
5263,0.39364716,0.08838073,0.30526644
5264,0.3932839,0.08830162,0.30498227
5265,0.39292157,0.088223405,0.30469817
5266,0.39255872,0.0881445,0.3044142
5267,0.3921985,0.08806827,0.30413023
5268,0.3918405,0.08799404,0.30384645
5269,0.3914814,0.08791867,0.30356273
5270,0.39112458,0.0878453,0.30327928
5271,0.39076844,0.08777223,0.30299622
5272,0.3904113,0.08769817,0.30271313
5273,0.39005175,0.08762132,0.30243045
5274,0.38970026,0.087552644,0.30214763
5275,0.38934314,0.08747811,0.30186504
5276,0.38898432,0.0874018,0.30158252
5277,0.38862273,0.08732293,0.3012998
5278,0.3882659,0.08724879,0.3010171
5279,0.38790986,0.087175466,0.3007344
5280,0.38755414,0.087102346,0.3004518
5281,0.38720098,0.08703188,0.3001691
5282,0.38684446,0.08695768,0.2998868
5283,0.3864905,0.086886056,0.29960445
5284,0.38613325,0.08681085,0.2993224
5285,0.3857779,0.08673761,0.2990403
5286,0.38542593,0.08666778,0.29875815
5287,0.38506973,0.086593546,0.2984762
5288,0.3847125,0.08651832,0.29819417
5289,0.38435262,0.08644049,0.29791215
5290,0.38399863,0.08636865,0.29762998
5291,0.3836448,0.086296745,0.29734805
5292,0.38328862,0.08622243,0.29706618
5293,0.3829348,0.086150296,0.29678452
5294,0.3825799,0.08607692,0.29650298
5295,0.38222313,0.08600162,0.2962215
5296,0.38187113,0.085930906,0.29594022
5297,0.38151738,0.08585838,0.295659
5298,0.38116556,0.08578777,0.2953778
5299,0.38081357,0.08571688,0.2950967
5300,0.38045594,0.08564043,0.2948155
5301,0.38009694,0.08556243,0.2945345
5302,0.37974867,0.08549521,0.29425347
5303,0.37939188,0.08541951,0.29397237
5304,0.37903473,0.085343026,0.2936917
5305,0.37868693,0.08527565,0.29341128
5306,0.37833378,0.08520302,0.29313076
5307,0.37798288,0.08513235,0.29285052
5308,0.37762818,0.085057825,0.29257035
5309,0.37727448,0.08498419,0.2922903
5310,0.37691686,0.084906675,0.2920102
5311,0.3765645,0.084834464,0.29173005
5312,0.37621218,0.084762484,0.2914497
5313,0.37586114,0.08469137,0.29116976
5314,0.37550825,0.084618635,0.29088962
5315,0.3751583,0.08454867,0.29060966
5316,0.3748124,0.08448256,0.29032984
5317,0.37446183,0.08441172,0.29005012
5318,0.37411472,0.08434399,0.28977072
5319,0.37376255,0.084271014,0.28949153
5320,0.37341663,0.08420444,0.2892122
5321,0.37306497,0.08413194,0.28893304
5322,0.372707,0.08405324,0.28865376
5323,0.37235904,0.083984524,0.2883745
5324,0.3720115,0.08391614,0.28809536
5325,0.37166312,0.08384697,0.28781614
5326,0.37131292,0.083775654,0.28753728
5327,0.3709666,0.08370796,0.28725865
5328,0.37062117,0.08364116,0.28698003
5329,0.3702664,0.083564796,0.28670162
5330,0.3699198,0.083496325,0.28642347
5331,0.369571,0.08342572,0.28614527
5332,0.3692169,0.08334975,0.28586712
5333,0.36886975,0.08328089,0.28558886
5334,0.36852294,0.08321232,0.28531063
5335,0.36817664,0.083144255,0.2850324
5336,0.36782864,0.08307432,0.2847543
5337,0.3674742,0.08299788,0.2844763
5338,0.36712795,0.08292945,0.2841985
5339,0.3667822,0.082861304,0.28392088
5340,0.36643717,0.082793795,0.28364336
5341,0.36608747,0.082721256,0.2833662
5342,0.36574376,0.08265471,0.28308904
5343,0.36540246,0.08259038,0.2828121
5344,0.36504945,0.08251426,0.2825352
5345,0.36470246,0.08244393,0.28225854
5346,0.3643567,0.082374856,0.28198186
5347,0.3640153,0.08231005,0.28170526
5348,0.36366713,0.08223836,0.28142878
5349,0.36332163,0.08216942,0.28115222
5350,0.3629779,0.08210207,0.28087583
5351,0.3626318,0.082032286,0.2805995
5352,0.3622866,0.08196334,0.28032327
5353,0.36193928,0.08189217,0.28004712
5354,0.36159274,0.081821725,0.27977103
5355,0.3612481,0.08175342,0.2794947
5356,0.36090636,0.08168771,0.27921864
5357,0.36056116,0.08161847,0.27894267
5358,0.3602183,0.08155165,0.27866665
5359,0.3598686,0.081477776,0.2783908
5360,0.3595311,0.081415914,0.27811518
5361,0.3591839,0.081344284,0.27783963
5362,0.35883665,0.08127243,0.27756423
5363,0.3584921,0.08120308,0.27728903
5364,0.35815042,0.081136405,0.27701402
5365,0.35780832,0.08106929,0.27673903
5366,0.3574644,0.081000194,0.2764642
5367,0.35712233,0.08093266,0.27618968
5368,0.35678297,0.08086795,0.27591503
5369,0.35643294,0.08079235,0.2756406
5370,0.35609248,0.08072626,0.27536622
5371,0.35574841,0.0806565,0.27509192
5372,0.35540628,0.08058857,0.2748177
5373,0.35506257,0.08051898,0.27454358
5374,0.3547267,0.08045704,0.27426967
5375,0.35438746,0.08039177,0.2739957
5376,0.35405034,0.08032833,0.27372202
5377,0.35370728,0.08025874,0.27344853
5378,0.35336742,0.08019234,0.27317506
5379,0.35303056,0.08012881,0.27290174
5380,0.35268965,0.08006122,0.27262843
5381,0.3523487,0.07999357,0.2723551
5382,0.3520061,0.07992426,0.27208185
5383,0.35166642,0.079857774,0.27180865
5384,0.35132843,0.07979293,0.27153552
5385,0.35098797,0.07972557,0.2712624
5386,0.3506506,0.07966127,0.27098933
5387,0.3503108,0.079594314,0.2707165
5388,0.34996992,0.07952601,0.27044392
5389,0.3496374,0.07946593,0.27017146
5390,0.34929657,0.07939742,0.26989916
5391,0.348962,0.07933492,0.2696271
5392,0.3486182,0.07926306,0.26935515
5393,0.34828144,0.07919811,0.26908332
5394,0.34793708,0.079125695,0.26881137
5395,0.34759933,0.07905987,0.26853946
5396,0.3472588,0.07899129,0.2682675
5397,0.34692478,0.07892926,0.26799554
5398,0.34658757,0.078863926,0.26772365
5399,0.34624705,0.078795224,0.26745182
5400,0.34591335,0.07873308,0.26718026
5401,0.3455762,0.07866737,0.26690882
5402,0.3452407,0.078602865,0.26663786
5403,0.3449049,0.07853784,0.26636708
5404,0.34456947,0.07847284,0.26609662
5405,0.3442341,0.078407854,0.26582626
5406,0.34389862,0.07834268,0.26555595
5407,0.34356344,0.0782777,0.26528573
5408,0.34323046,0.0782149,0.26501557
5409,0.34289554,0.07815021,0.26474532
5410,0.34256184,0.07808659,0.26447526
5411,0.34221882,0.07801345,0.26420537
5412,0.34188494,0.07794931,0.26393563
5413,0.3415508,0.07788458,0.2636662
5414,0.34121886,0.07782202,0.26339683
5415,0.34088394,0.07775624,0.26312768
5416,0.3405513,0.0776927,0.26285857
5417,0.34021804,0.07762857,0.26258948
5418,0.33988348,0.07756299,0.2623205
5419,0.33955407,0.07750248,0.26205158
5420,0.3392215,0.07743888,0.26178262
5421,0.3388906,0.07737677,0.26151383
5422,0.33855504,0.07730994,0.2612451
5423,0.3382246,0.07724796,0.2609766
5424,0.33788893,0.07718048,0.26070845
5425,0.33755502,0.07711465,0.26044038
5426,0.33722395,0.07705148,0.26017246
5427,0.33689538,0.076990716,0.25990465
5428,0.33656013,0.076923005,0.25963712
5429,0.336232,0.07686254,0.25936946
5430,0.3358989,0.076796964,0.25910196
5431,0.33556888,0.07673451,0.25883436
5432,0.33523688,0.07666993,0.25856695
5433,0.334905,0.07660546,0.25829953
5434,0.3345742,0.07654196,0.25803223
5435,0.3342433,0.0764786,0.2577647
5436,0.3339113,0.07641391,0.2574974
5437,0.3335766,0.07634659,0.25722998
5438,0.3332492,0.07628627,0.25696295
5439,0.3329183,0.07622242,0.25669587
5440,0.33258578,0.07615671,0.25642908
5441,0.3322598,0.07609754,0.25616226
5442,0.33193296,0.076037295,0.25589567
5443,0.33160797,0.07597866,0.2556293
5444,0.3312822,0.07591908,0.25536314
5445,0.3309463,0.075849,0.2550973
5446,0.3306181,0.075786486,0.2548316
5447,0.33029032,0.075724356,0.25456595
5448,0.32996106,0.0756605,0.25430056
5449,0.3296314,0.07559626,0.25403512
5450,0.3293073,0.07553732,0.25376996
5451,0.32897666,0.07547168,0.253505
5452,0.3286492,0.07540902,0.25324017
5453,0.32832494,0.07534952,0.25297543
5454,0.3280024,0.07529144,0.25271094
5455,0.32767195,0.07522531,0.25244662
5456,0.3273477,0.075165145,0.25218254
5457,0.32701743,0.075098865,0.25191855
5458,0.32669315,0.07503857,0.2516546
5459,0.3263632,0.074972495,0.2513907
5460,0.3260394,0.07491245,0.25112695
5461,0.32571208,0.07484907,0.25086302
5462,0.3253843,0.07478496,0.25059932
5463,0.3250604,0.07472473,0.25033566
5464,0.32473418,0.074662045,0.25007215
5465,0.32440525,0.0745966,0.24980867
5466,0.32408485,0.074539475,0.24954538
5467,0.32375932,0.0744771,0.24928221
5468,0.3234371,0.07441802,0.24901906
5469,0.32311097,0.07435482,0.24875616
5470,0.32278672,0.07429361,0.2484931
5471,0.32246494,0.07423441,0.24823055
5472,0.3221423,0.07417445,0.24796785
5473,0.32182232,0.074117094,0.24770524
5474,0.32150057,0.07405765,0.24744293
5475,0.32117522,0.07399447,0.24718076
5476,0.32085595,0.073937036,0.2469189
5477,0.32053396,0.073876694,0.24665728
5478,0.3202076,0.07381188,0.24639572
5479,0.31988505,0.07375059,0.24613446
5480,0.31956872,0.07369554,0.2458732
5481,0.31924453,0.0736322,0.24561234
5482,0.31892204,0.07357067,0.24535136
5483,0.31860054,0.073509835,0.2450907
5484,0.3182731,0.07344303,0.24483007
5485,0.3179528,0.07338319,0.24456963
5486,0.31763208,0.07332294,0.24430916
5487,0.31730932,0.07326033,0.244049
5488,0.3169855,0.07319658,0.2437889
5489,0.3166625,0.07313348,0.24352902
5490,0.31634355,0.073074386,0.24326918
5491,0.31602535,0.07301603,0.2430093
5492,0.31570393,0.07295425,0.24274968
5493,0.31538194,0.07289194,0.24249001
5494,0.31506377,0.072833195,0.24223056
5495,0.3147466,0.07277538,0.2419712
5496,0.31442735,0.072715394,0.24171194
5497,0.3141085,0.07265566,0.24145284
5498,0.31378838,0.072594546,0.24119385
5499,0.31347248,0.0725375,0.24093497
5500,0.31315774,0.07248146,0.24067628
5501,0.3128406,0.07242293,0.24041769
5502,0.31252217,0.07236286,0.24015932
5503,0.31220683,0.072305836,0.23990099
5504,0.31189078,0.072247915,0.23964287
5505,0.3115767,0.07219179,0.2393849
5506,0.31125498,0.07212795,0.23912703
5507,0.31093362,0.07206425,0.23886937
5508,0.3106164,0.07200452,0.23861189
5509,0.3103003,0.07194571,0.23835456
5510,0.309982,0.07188468,0.23809734
5511,0.30966893,0.0718287,0.23784022
5512,0.30935207,0.07176891,0.23758316
5513,0.3090353,0.07170912,0.23732619
5514,0.30871874,0.07164941,0.23706932
5515,0.30840263,0.07159003,0.2368126
5516,0.30809048,0.07153448,0.23655601
5517,0.30777448,0.071474925,0.23629956
5518,0.30745867,0.07141534,0.23604332
5519,0.30714473,0.07135752,0.23578721
5520,0.3068289,0.07129769,0.2355312
5521,0.30651754,0.07124205,0.23527548
5522,0.30620256,0.07118279,0.23501977
5523,0.30588508,0.07112083,0.23476425
5524,0.3055687,0.07105993,0.23450878
5525,0.30525422,0.071000636,0.23425359
5526,0.304942,0.07094347,0.23399855
5527,0.3046299,0.07088602,0.23374386
5528,0.30431503,0.07082566,0.23348936
5529,0.30400538,0.0707703,0.23323509
5530,0.30368823,0.07070715,0.23298107
5531,0.3033744,0.0706475,0.2327269
5532,0.30306482,0.07059197,0.23247285
5533,0.3027556,0.07053668,0.23221892
5534,0.30244625,0.07048125,0.231965
5535,0.3021341,0.07042294,0.23171116
5536,0.3018278,0.070370354,0.23145743
5537,0.3015161,0.07031219,0.23120388
5538,0.30120653,0.07025604,0.23095049
5539,0.30089208,0.07019466,0.23069742
5540,0.3005837,0.07013921,0.23044448
5541,0.30027145,0.0700797,0.23019175
5542,0.29996094,0.0700219,0.22993904
5543,0.29965198,0.06996543,0.22968656
5544,0.2993442,0.06991001,0.22943419
5545,0.29903138,0.069849394,0.22918198
5546,0.298723,0.06979285,0.22893015
5547,0.29841164,0.06973354,0.2286781
5548,0.2981028,0.06967635,0.22842646
5549,0.29779482,0.06961984,0.22817498
5550,0.2974888,0.06956517,0.22792365
5551,0.29718015,0.06950768,0.22767246
5552,0.29687202,0.06945076,0.22742127
5553,0.29656425,0.06939395,0.22717029
5554,0.29625356,0.06933419,0.22691938
5555,0.29594663,0.06927814,0.22666849
5556,0.29564294,0.069224924,0.22641802
5557,0.29533562,0.06916788,0.22616775
5558,0.29502398,0.06910639,0.2259176
5559,0.29471737,0.06904997,0.22566742
5560,0.2944095,0.068992086,0.22541742
5561,0.29410687,0.06893933,0.22516753
5562,0.29380196,0.06888427,0.22491768
5563,0.29348817,0.068820104,0.22466807
5564,0.29318243,0.068763904,0.22441852
5565,0.2928793,0.06871014,0.22416918
5566,0.29257515,0.068655066,0.22392009
5567,0.29226908,0.06859811,0.22367097
5568,0.29196227,0.06853999,0.22342227
5569,0.29165766,0.06848403,0.22317363
5570,0.29135612,0.06843099,0.22292511
5571,0.2910526,0.0683758,0.22267681
5572,0.29075006,0.06832156,0.2224285
5573,0.29044417,0.06826385,0.22218032
5574,0.29014066,0.06820835,0.22193232
5575,0.28983727,0.06815261,0.22168466
5576,0.28953406,0.068096995,0.22143707
5577,0.289231,0.06804127,0.22118972
5578,0.28892824,0.067985624,0.22094262
5579,0.2886233,0.06792745,0.22069584
5580,0.28832343,0.06787431,0.22044912
5581,0.28802228,0.06781988,0.2202024
5582,0.2877243,0.06776829,0.21995598
5583,0.28742412,0.067714535,0.21970959
5584,0.2871205,0.06765708,0.21946341
5585,0.28681704,0.06759964,0.21921742
5586,0.28652036,0.06754884,0.21897152
5587,0.28621286,0.06748705,0.2187258
5588,0.28590965,0.0674294,0.21848026
5589,0.28560743,0.067372605,0.21823482
5590,0.28530815,0.067318775,0.21798939
5591,0.285008,0.06726385,0.21774417
5592,0.28470784,0.067208864,0.21749897
5593,0.28440663,0.06715275,0.21725388
5594,0.2841071,0.0670982,0.21700889
5595,0.28380942,0.06704515,0.21676426
5596,0.28350917,0.066989616,0.21651955
5597,0.2832102,0.066934966,0.21627523
5598,0.28291,0.06687895,0.21603103
5599,0.28261468,0.06682758,0.21578711
5600,0.28230876,0.066765346,0.2155434
5601,0.2820123,0.06671264,0.21529967
5602,0.28170884,0.06665271,0.21505612
5603,0.28141555,0.066602856,0.21481271
5604,0.28112,0.066550575,0.21456943
5605,0.2808224,0.06649612,0.21432629
5606,0.28052828,0.06644493,0.21408334
5607,0.28023228,0.0663918,0.21384048
5608,0.2799336,0.06633557,0.21359803
5609,0.27963814,0.06628242,0.21335572
5610,0.2793429,0.06622944,0.21311344
5611,0.27904323,0.06617178,0.21287143
5612,0.27874953,0.06611954,0.21262999
5613,0.27845374,0.06606531,0.21238843
5614,0.27815452,0.06600736,0.21214718
5615,0.2778604,0.065954365,0.21190603
5616,0.27756533,0.06590037,0.21166494
5617,0.27727127,0.0658473,0.21142396
5618,0.27697566,0.06579276,0.21118289
5619,0.27667904,0.065737024,0.21094202
5620,0.27638778,0.06568645,0.21070132
5621,0.2760923,0.06563157,0.21046071
5622,0.27579868,0.06557851,0.21022016
5623,0.27550337,0.06552371,0.20997965
5624,0.2752127,0.06547308,0.20973963
5625,0.27491754,0.06541805,0.20949951
5626,0.2746186,0.06535896,0.20925963
5627,0.27432334,0.0653035,0.20901984
5628,0.27403143,0.065251224,0.2087802
5629,0.27374107,0.06520036,0.20854072
5630,0.27345085,0.065149255,0.2083016
5631,0.27315652,0.06509384,0.2080627
5632,0.27286708,0.06504309,0.20782398
5633,0.27257702,0.06499158,0.20758545
5634,0.2722873,0.06494006,0.20734724
5635,0.27200004,0.06489109,0.20710896
5636,0.27170438,0.06483353,0.20687084
5637,0.2714138,0.06478099,0.20663282
5638,0.27112243,0.0647275,0.20639494
5639,0.27083147,0.06467446,0.20615701
5640,0.27054024,0.06462082,0.20591941
5641,0.27024856,0.064566545,0.20568202
5642,0.26995745,0.06451244,0.20544502
5643,0.26966938,0.0644611,0.20520829
5644,0.2693798,0.06440795,0.20497185
5645,0.2690897,0.06435406,0.20473562
5646,0.2688013,0.06430168,0.20449963
5647,0.2685143,0.06425067,0.20426363
5648,0.26822677,0.06419886,0.20402792
5649,0.2679434,0.06415113,0.20379227
5650,0.26765487,0.06409806,0.2035568
5651,0.267364,0.06404241,0.20332159
5652,0.26707888,0.063992485,0.20308639
5653,0.26679137,0.06393994,0.20285144
5654,0.26650488,0.06388811,0.20261677
5655,0.26621586,0.06383373,0.20238213
5656,0.26592883,0.06378114,0.20214768
5657,0.26564145,0.063728176,0.20191327
5658,0.2653606,0.06368162,0.20167898
5659,0.2650757,0.063630804,0.2014449
5660,0.26478344,0.063572675,0.20121075
5661,0.2644979,0.063521,0.20097692
5662,0.2642085,0.0634652,0.20074329
5663,0.2639218,0.06341206,0.20050974
5664,0.26363653,0.06336023,0.2002763
5665,0.26335055,0.06330763,0.20004292
5666,0.26306397,0.063254274,0.19980969
5667,0.26277748,0.0632006,0.19957687
5668,0.262498,0.063154064,0.19934393
5669,0.26221314,0.06310187,0.19911128
5670,0.26193354,0.06305472,0.19887882
5671,0.2616547,0.06300792,0.1986468
5672,0.2613716,0.0629567,0.19841492
5673,0.2610912,0.06290779,0.19818342
5674,0.26080805,0.06285585,0.1979522
5675,0.2605231,0.06280206,0.19772106
5676,0.260239,0.06274887,0.19749013
5677,0.2599571,0.062697865,0.19725925
5678,0.25967476,0.06264618,0.19702858
5679,0.25938967,0.0625918,0.19679786
5680,0.25910744,0.06254004,0.19656739
5681,0.25882453,0.062487517,0.19633701
5682,0.2585433,0.062436633,0.19610669
5683,0.25826794,0.06239135,0.19587658
5684,0.25798997,0.062343318,0.19564664
5685,0.25770798,0.062290933,0.19541705
5686,0.2574235,0.062235802,0.19518769
5687,0.25714245,0.062184084,0.19495836
5688,0.25686228,0.062133145,0.19472915
5689,0.25658262,0.062082585,0.19450004
5690,0.25630343,0.062032387,0.19427104
5691,0.25602356,0.06198115,0.19404241
5692,0.25574479,0.06193081,0.19381398
5693,0.25546655,0.061880764,0.1935858
5694,0.25518683,0.061829083,0.19335775
5695,0.25491053,0.06178055,0.19312997
5696,0.2546321,0.061729707,0.19290237
5697,0.2543525,0.061677482,0.19267504
5698,0.2540767,0.061628934,0.19244775
5699,0.25379845,0.061577726,0.19222073
5700,0.25351763,0.06152397,0.19199367
5701,0.25323606,0.061469365,0.19176668
5702,0.25296065,0.06142073,0.19153991
5703,0.2526849,0.06137166,0.19131322
5704,0.25240856,0.061321747,0.19108681
5705,0.2521295,0.061268933,0.19086057
5706,0.25185475,0.06122005,0.19063471
5707,0.25158185,0.061172865,0.19040897
5708,0.25130633,0.061122894,0.19018343
5709,0.2510331,0.061075144,0.18995795
5710,0.2507537,0.06102089,0.1897328
5711,0.25047678,0.06096913,0.18950766
5712,0.2502041,0.06092126,0.18928283
5713,0.24993084,0.060872864,0.18905798
5714,0.24965867,0.060825292,0.18883339
5715,0.24938434,0.06077536,0.18860899
5716,0.24910916,0.060724344,0.18838482
5717,0.24883851,0.060677525,0.18816099
5718,0.24856621,0.06062887,0.18793733
5719,0.24829285,0.060578816,0.18771404
5720,0.24801876,0.060527932,0.18749082
5721,0.24774614,0.06047837,0.18726777
5722,0.2474751,0.06043025,0.18704484
5723,0.24720296,0.06038109,0.18682188
5724,0.2469299,0.060330763,0.18659914
5725,0.24665767,0.060281042,0.18637663
5726,0.24638309,0.060228784,0.1861543
5727,0.24611272,0.060180582,0.18593214
5728,0.24584466,0.06013448,0.18571018
5729,0.24557601,0.060087495,0.18548852
5730,0.245305,0.060038023,0.18526699
5731,0.24502893,0.059983224,0.1850457
5732,0.24475609,0.059931614,0.18482447
5733,0.24448389,0.059880618,0.18460327
5734,0.24421339,0.05983128,0.18438211
5735,0.24394418,0.059783056,0.18416113
5736,0.2436696,0.059729382,0.18394022
5737,0.24340105,0.059681486,0.18371956
5738,0.24313194,0.059632897,0.18349904
5739,0.24286261,0.059583783,0.18327883
5740,0.24259153,0.059532743,0.18305878
5741,0.24232635,0.05948724,0.18283911
5742,0.24206403,0.05944442,0.18261962
5743,0.24179472,0.059394207,0.18240051
5744,0.24152572,0.059344027,0.1821817
5745,0.24126025,0.05929741,0.18196283
5746,0.24099642,0.05925199,0.18174443
5747,0.24071975,0.05919379,0.18152596
5748,0.24044998,0.05914223,0.18130775
5749,0.2401859,0.059096362,0.18108954
5750,0.23991999,0.05904846,0.18087153
5751,0.23965351,0.058999885,0.18065363
5752,0.23938592,0.05894987,0.18043604
5753,0.23912139,0.05890284,0.18021855
5754,0.23885992,0.05885859,0.18000133
5755,0.23859438,0.058810104,0.17978428
5756,0.23832971,0.058762174,0.17956753
5757,0.23806256,0.058711667,0.1793509
5758,0.23780105,0.058666594,0.17913446
5759,0.23753579,0.058617618,0.17891817
5760,0.23727544,0.05857347,0.17870197
5761,0.23700866,0.058522645,0.17848602
5762,0.23674408,0.05847393,0.17827015
5763,0.23647937,0.058424868,0.17805451
5764,0.23621278,0.058373906,0.17783888
5765,0.2359476,0.058324207,0.17762339
5766,0.23568691,0.058278903,0.17740801
5767,0.23542564,0.05823274,0.1771929
5768,0.23516597,0.058188032,0.17697793
5769,0.23490316,0.058139767,0.17676339
5770,0.23463812,0.058089238,0.17654888
5771,0.23437431,0.058039606,0.17633471
5772,0.2341147,0.05799401,0.1761207
5773,0.23385493,0.057947922,0.17590702
5774,0.23359329,0.057899643,0.17569365
5775,0.23333237,0.057851903,0.17548046
5776,0.23307258,0.05780503,0.17526755
5777,0.23281538,0.0577604,0.17505498
5778,0.23255172,0.05770916,0.17484257
5779,0.23229432,0.057663802,0.17463052
5780,0.23203349,0.057615105,0.17441839
5781,0.23177138,0.05756464,0.17420673
5782,0.23151311,0.05751829,0.17399482
5783,0.2312575,0.057474315,0.17378318
5784,0.23100199,0.05743041,0.17357159
5785,0.23074165,0.057381507,0.17336014
5786,0.23048422,0.057335332,0.17314889
5787,0.23022391,0.057286214,0.17293769
5788,0.22996795,0.05724123,0.17272672
5789,0.22970636,0.05719042,0.17251594
5790,0.22944674,0.057141367,0.17230538
5791,0.2291893,0.057094444,0.17209487
5792,0.22893272,0.057048094,0.17188463
5793,0.22867362,0.056999005,0.17167461
5794,0.22841607,0.056951277,0.17146479
5795,0.22815719,0.05690199,0.1712552
5796,0.22790089,0.056855015,0.17104587
5797,0.22764541,0.056808922,0.1708365
5798,0.22739346,0.05676593,0.17062753
5799,0.22713397,0.05671519,0.17041878
5800,0.22688232,0.056672167,0.17021015
5801,0.22662744,0.05662566,0.17000178
5802,0.2263731,0.056579564,0.16979355
5803,0.22612233,0.056536723,0.16958562
5804,0.22586595,0.05648805,0.1693779
5805,0.2256111,0.056440767,0.16917033
5806,0.22535948,0.056396443,0.16896304
5807,0.225107,0.056351002,0.168756
5808,0.22484988,0.05630069,0.1685492
5809,0.22459917,0.05625662,0.16834255
5810,0.22434413,0.056208022,0.16813612
5811,0.22409089,0.0561611,0.1679298
5812,0.22384167,0.056118146,0.16772352
5813,0.2235863,0.05606866,0.16751765
5814,0.2233368,0.05602515,0.16731165
5815,0.22308463,0.055978805,0.16710582
5816,0.22283135,0.05593108,0.16690028
5817,0.22257803,0.055883206,0.16669483
5818,0.22232854,0.05583895,0.1664896
5819,0.22207697,0.055792317,0.16628465
5820,0.22182615,0.055746354,0.16607979
5821,0.22157408,0.055698827,0.16587526
5822,0.22132596,0.05565509,0.16567087
5823,0.22107476,0.055608097,0.16546667
5824,0.22082768,0.055564996,0.16526268
5825,0.22057834,0.055519596,0.16505875
5826,0.22033124,0.055476114,0.16485512
5827,0.22007997,0.055428274,0.16465169
5828,0.21983199,0.055383444,0.16444854
5829,0.21958202,0.05533638,0.16424565
5830,0.21933262,0.05528961,0.16404301
5831,0.21908195,0.05524126,0.1638407
5832,0.21883237,0.055193912,0.16363846
5833,0.21858782,0.05515128,0.16343653
5834,0.21833861,0.055103898,0.16323471
5835,0.21809489,0.055061806,0.16303308
5836,0.21785022,0.055018768,0.16283146
5837,0.21760736,0.054977234,0.16263013
5838,0.21736258,0.054933608,0.16242898
5839,0.21711111,0.05488306,0.16222805
5840,0.21686725,0.05484003,0.16202722
5841,0.21662131,0.054794617,0.1618267
5842,0.21637473,0.054748375,0.16162635
5843,0.21613058,0.054704405,0.16142619
5844,0.2158843,0.054658223,0.16122608
5845,0.21563789,0.054611683,0.16102621
5846,0.21538895,0.054562464,0.16082649
5847,0.21514466,0.054517914,0.16062675
5848,0.21490087,0.05447362,0.16042724
5849,0.21465576,0.05442789,0.16022786
5850,0.21441323,0.054384477,0.16002876
5851,0.21416816,0.05433836,0.15982981
5852,0.21392636,0.05429516,0.1596312
5853,0.21368365,0.054250855,0.1594328
5854,0.21343717,0.054202538,0.15923463
5855,0.21319741,0.05416078,0.15903662
5856,0.21295504,0.054116063,0.15883897
5857,0.2127125,0.054071106,0.1586414
5858,0.21247043,0.054026246,0.15844418
5859,0.2122313,0.053983983,0.1582473
5860,0.2119886,0.05393794,0.15805066
5861,0.21174681,0.053892445,0.15785436
5862,0.21150914,0.05385089,0.15765825
5863,0.21126764,0.053805448,0.15746218
5864,0.21102631,0.053760126,0.15726618
5865,0.2107839,0.053713568,0.15707032
5866,0.2105411,0.0536666,0.15687451
5867,0.21030214,0.05362334,0.15667881
5868,0.21006452,0.0535812,0.15648331
5869,0.20982379,0.05353567,0.15628812
5870,0.20958528,0.053492196,0.15609308
5871,0.20934819,0.053449817,0.15589838
5872,0.20910634,0.05340238,0.15570396
5873,0.20886843,0.053358864,0.15550956
5874,0.20863105,0.053315617,0.15531544
5875,0.20839022,0.053268794,0.15512143
5876,0.20815222,0.053224705,0.1549275
5877,0.20791523,0.053181488,0.15473375
5878,0.20767316,0.053133003,0.15454017
5879,0.2074322,0.053085268,0.15434693
5880,0.20719805,0.05304414,0.15415391
5881,0.20696193,0.053000633,0.1539613
5882,0.2067253,0.052956466,0.15376884
5883,0.20649274,0.05291606,0.15357667
5884,0.20625356,0.052868906,0.15338466
5885,0.20602183,0.052829128,0.1531927
5886,0.20578685,0.052785985,0.15300088
5887,0.20555547,0.052746255,0.15280922
5888,0.20531939,0.05270163,0.15261775
5889,0.20508392,0.052657403,0.15242653
5890,0.20484893,0.0526134,0.15223552
5891,0.20461622,0.052571494,0.15204473
5892,0.20438008,0.052525986,0.1518541
5893,0.20414665,0.052482866,0.1516638
5894,0.20391244,0.052438773,0.15147366
5895,0.2036789,0.052395068,0.15128383
5896,0.20344658,0.052352473,0.15109411
5897,0.20321466,0.052310046,0.15090461
5898,0.20298257,0.052267298,0.15071528
5899,0.20275386,0.052227702,0.15052615
5900,0.20252205,0.052184876,0.15033717
5901,0.2022834,0.052134898,0.1501485
5902,0.20205583,0.05209583,0.14996
5903,0.20182121,0.052049316,0.14977188
5904,0.20159158,0.05200769,0.14958389
5905,0.20136002,0.051963855,0.14939617
5906,0.20112823,0.051919676,0.14920855
5907,0.20089705,0.05187597,0.14902109
5908,0.2006636,0.05182969,0.1488339
5909,0.20043744,0.051790647,0.14864679
5910,0.20021008,0.051750176,0.1484599
5911,0.19997907,0.0517059,0.14827317
5912,0.1997495,0.051662914,0.1480866
5913,0.19952472,0.051624637,0.14790007
5914,0.1992971,0.05158329,0.14771381
5915,0.19906615,0.051538426,0.14752772
5916,0.1988374,0.05149561,0.14734179
5917,0.19860707,0.051450882,0.1471562
5918,0.19837685,0.051405914,0.14697093
5919,0.19815126,0.05136544,0.14678583
5920,0.1979232,0.05132228,0.14660092
5921,0.19769526,0.051278897,0.14641637
5922,0.19746988,0.051237877,0.146232
5923,0.19723994,0.05119214,0.1460478
5924,0.19701691,0.051153243,0.14586367
5925,0.19679071,0.051110923,0.14567979
5926,0.196564,0.05106792,0.14549609
5927,0.19633622,0.051023755,0.14531247
5928,0.19610904,0.05097996,0.14512908
5929,0.19588235,0.050936434,0.14494592
5930,0.19565967,0.05089671,0.14476296
5931,0.19543585,0.05085561,0.14458025
5932,0.19521396,0.050816275,0.14439769
5933,0.19498684,0.05077137,0.14421546
5934,0.1947612,0.050727744,0.14403346
5935,0.1945386,0.050686937,0.14385165
5936,0.19431604,0.050646186,0.14366986
5937,0.19408926,0.050600845,0.14348842
5938,0.1938704,0.05056337,0.14330703
5939,0.19364472,0.05051884,0.14312588
5940,0.19342045,0.050475504,0.14294495
5941,0.19320127,0.05043698,0.1427643
5942,0.19297546,0.050391704,0.14258376
5943,0.192753,0.050349563,0.14240344
5944,0.19253208,0.050308663,0.14222342
5945,0.192311,0.050267417,0.14204359
5946,0.1920908,0.050226785,0.141864
5947,0.1918701,0.0501855,0.14168459
5948,0.19164774,0.05014227,0.14150546
5949,0.19142783,0.050101247,0.14132658
5950,0.191209,0.050061233,0.14114776
5951,0.19099106,0.050021768,0.14096929
5952,0.19077402,0.049983,0.14079103
5953,0.19055247,0.04993959,0.14061289
5954,0.19033034,0.049895536,0.1404348
5955,0.19010812,0.0498512,0.14025693
5956,0.18989092,0.049811836,0.14007908
5957,0.18967418,0.04977278,0.1399014
5958,0.18945384,0.04972991,0.13972393
5959,0.18923533,0.04968858,0.13954675
5960,0.18901646,0.04964664,0.13936982
5961,0.18879975,0.049606625,0.13919313
5962,0.18858318,0.049566496,0.13901669
5963,0.18836595,0.049525604,0.13884035
5964,0.1881457,0.049481407,0.13866429
5965,0.18792899,0.04944063,0.13848837
5966,0.18771142,0.049398627,0.13831279
5967,0.18749475,0.049357325,0.13813743
5968,0.18727203,0.04930977,0.13796225
5969,0.18705887,0.04927153,0.13778734
5970,0.18684502,0.049232453,0.13761257
5971,0.18663037,0.049192354,0.13743801
5972,0.18641655,0.049152903,0.13726366
5973,0.18620105,0.04911161,0.13708945
5974,0.18598959,0.049074326,0.13691527
5975,0.18577383,0.049032427,0.13674141
5976,0.18555847,0.04899087,0.1365676
5977,0.18534487,0.048950836,0.13639404
5978,0.18513355,0.04891297,0.13622057
5979,0.18491709,0.04886969,0.1360474
5980,0.18469994,0.04882553,0.1358744
5981,0.18448918,0.04878763,0.13570155
5982,0.18427703,0.048748035,0.135529
5983,0.18406251,0.048705854,0.13535665
5984,0.18385111,0.04866662,0.13518448
5985,0.18363734,0.048624765,0.13501257
5986,0.18342653,0.048585728,0.1348408
5987,0.1832116,0.048542354,0.13466924
5988,0.18299884,0.04850081,0.13449803
5989,0.18279012,0.048463054,0.13432705
5990,0.18258093,0.04842445,0.13415648
5991,0.18237197,0.048385892,0.13398609
5992,0.18216327,0.048347276,0.13381599
5993,0.18195285,0.048306752,0.1336461
5994,0.18174389,0.04826744,0.13347645
5995,0.18153475,0.04822784,0.13330692
5996,0.1813237,0.048186097,0.13313761
5997,0.18111591,0.048147466,0.13296844
5998,0.18090557,0.048106194,0.13279937
5999,0.18069771,0.04806724,0.13263047
6000,0.18048704,0.048025385,0.13246165
6001,0.18028004,0.047987,0.13229305
6002,0.18007018,0.047945496,0.13212468
6003,0.17986238,0.047906056,0.13195632
6004,0.17965597,0.04786771,0.13178825
6005,0.17944655,0.047826085,0.13162047
6006,0.1792395,0.047786605,0.13145289
6007,0.17903239,0.047746837,0.13128555
6008,0.17882703,0.047708612,0.13111842
6009,0.17861661,0.047665123,0.1309515
6010,0.17841013,0.04762544,0.13078469
6011,0.17820302,0.047584914,0.1306181
6012,0.17799553,0.04754375,0.13045178
6013,0.17779002,0.047504473,0.13028555
6014,0.17758471,0.047465086,0.13011962
6015,0.17738001,0.047426008,0.12995401
6016,0.17717502,0.047386594,0.12978841
6017,0.17696871,0.04734541,0.1296233
6018,0.1767672,0.047308944,0.12945825
6019,0.1765626,0.047269255,0.12929335
6020,0.17635928,0.04723063,0.12912865
6021,0.17615603,0.047191776,0.12896426
6022,0.17595136,0.047151428,0.12879993
6023,0.17575024,0.0471143,0.12863594
6024,0.17555079,0.04707877,0.12847202
6025,0.17534888,0.047040556,0.12830833
6026,0.17514388,0.04699913,0.12814476
6027,0.17494261,0.046961226,0.12798138
6028,0.17473768,0.04691953,0.12781815
6029,0.1745338,0.046878777,0.12765501
6030,0.17433386,0.046841744,0.12749211
6031,0.17413151,0.046802256,0.12732926
6032,0.17392932,0.04676271,0.12716661
6033,0.17372806,0.046723764,0.1270043
6034,0.17352718,0.04668497,0.12684222
6035,0.17333055,0.046650104,0.12668043
6036,0.1731282,0.046609312,0.12651889
6037,0.17292784,0.04657023,0.12635761
6038,0.17272857,0.04653196,0.12619661
6039,0.17253152,0.04649596,0.12603556
6040,0.17233679,0.04646208,0.1258747
6041,0.17213985,0.046425674,0.12571418
6042,0.1719407,0.04638691,0.12555379
6043,0.17174079,0.046347015,0.12539378
6044,0.17153947,0.046305466,0.12523401
6045,0.17134397,0.046269488,0.12507448
6046,0.17114702,0.04623193,0.124915086
6047,0.17094757,0.0461915,0.124756075
6048,0.1707508,0.046153612,0.12459718
6049,0.17055243,0.046114016,0.12443842
6050,0.17035423,0.046074364,0.12427987
6051,0.17015772,0.046036266,0.12412145
6052,0.16996057,0.045997392,0.12396318
6053,0.16976546,0.045960285,0.12380518
6054,0.16956937,0.045922194,0.123647176
6055,0.16937125,0.045881867,0.12348937
6056,0.16917597,0.045844153,0.12333181
6057,0.16898139,0.045806926,0.123174466
6058,0.16878799,0.045770746,0.12301724
6059,0.168594,0.045733754,0.12286025
6060,0.16839954,0.0456961,0.12270344
6061,0.16820592,0.045659088,0.12254682
6062,0.16801046,0.04562002,0.122390434
6063,0.16781494,0.045580696,0.12223425
6064,0.16762097,0.04554279,0.12207819
6065,0.16742529,0.04550292,0.12192237
6066,0.16723242,0.04546566,0.12176676
6067,0.16704164,0.045430332,0.12161131
6068,0.16684997,0.045393992,0.121455975
6069,0.16666092,0.04535995,0.121300966
6070,0.16647024,0.045324005,0.12114624
6071,0.16627736,0.045285556,0.1209918
6072,0.16608578,0.045248162,0.120837614
6073,0.165894,0.045210302,0.1206837
6074,0.16570127,0.04517124,0.120530024
6075,0.16550957,0.045133118,0.12037645
6076,0.1653211,0.04509804,0.12022305
6077,0.16512841,0.04505857,0.12006984
6078,0.16493806,0.04502124,0.11991682
6079,0.16474743,0.044983584,0.11976385
6080,0.16455536,0.044944294,0.11961107
6081,0.16436502,0.04490659,0.11945844
6082,0.16417837,0.044872314,0.11930606
6083,0.16398633,0.044832457,0.11915387
6084,0.1637954,0.044793434,0.11900196
6085,0.16360685,0.044756774,0.11885008
6086,0.16342263,0.044724133,0.11869849
6087,0.16323356,0.044686325,0.11854724
6088,0.1630445,0.044648387,0.11839611
6089,0.16285641,0.04461122,0.1182452
6090,0.16266534,0.044570852,0.11809448
6091,0.16247953,0.044535704,0.11794384
6092,0.16229346,0.044499993,0.11779347
6093,0.16210464,0.04446144,0.11764319
6094,0.1619189,0.044425905,0.11749299
6095,0.16173229,0.044389103,0.11734318
6096,0.16154617,0.044352703,0.11719346
6097,0.16136186,0.044317916,0.117043935
6098,0.16117656,0.04428193,0.11689463
6099,0.16099119,0.04424568,0.11674552
6100,0.16080733,0.04421076,0.116596565
6101,0.16062157,0.044173785,0.11644779
6102,0.16043542,0.044136174,0.11629925
6103,0.16025144,0.044100463,0.11615097
6104,0.1600675,0.044064585,0.11600291
6105,0.15988149,0.04402636,0.11585512
6106,0.15969545,0.043987848,0.1157076
6107,0.15951504,0.043954913,0.11556012
6108,0.15933168,0.043918636,0.11541304
6109,0.15914595,0.04387989,0.11526606
6110,0.15896232,0.04384308,0.11511925
6111,0.15877995,0.043807372,0.11497257
6112,0.15860212,0.043776028,0.11482609
6113,0.15841761,0.043737847,0.11467977
6114,0.15823449,0.043700952,0.114533536
6115,0.15805301,0.043665357,0.114387654
6116,0.15787233,0.043630335,0.114242
6117,0.15769303,0.043596353,0.11409668
6118,0.15750888,0.043557312,0.11395157
6119,0.15732734,0.043520674,0.11380666
6120,0.15714808,0.043486014,0.11366207
6121,0.15696776,0.04345028,0.11351748
6122,0.15678696,0.04341382,0.113373145
6123,0.1566099,0.043380916,0.11322897
6124,0.15643036,0.043345366,0.113084994
6125,0.1562529,0.04331174,0.11294117
6126,0.15607163,0.04327403,0.1127976
6127,0.15589254,0.043238346,0.11265419
6128,0.15571326,0.04320245,0.112510815
6129,0.15553556,0.04316794,0.11236762
6130,0.15535924,0.043134585,0.11222465
6131,0.15517996,0.043098222,0.11208174
6132,0.15499863,0.043059547,0.11193908
6133,0.15482153,0.043024976,0.11179655
6134,0.15464538,0.042991072,0.11165431
6135,0.15446758,0.042955365,0.11151222
6136,0.15429038,0.042919915,0.11137047
6137,0.1541168,0.042887937,0.11122885
6138,0.15393768,0.042850126,0.11108755
6139,0.15376364,0.042817153,0.110946484
6140,0.15358809,0.042782534,0.11080555
6141,0.15340923,0.04274443,0.1106648
6142,0.15323155,0.042707395,0.11052415
6143,0.15305652,0.04267273,0.11038378
6144,0.15288195,0.042638417,0.11024353
6145,0.15270832,0.042604845,0.11010347
6146,0.15253417,0.042570516,0.10996365
6147,0.15235741,0.042533334,0.10982408
6148,0.15218446,0.042499717,0.109684736
6149,0.15201327,0.0424677,0.10954557
6150,0.15183835,0.04243173,0.10940662
6151,0.1516639,0.042396054,0.109267846
6152,0.15148938,0.04236017,0.10912921
6153,0.15131551,0.042324655,0.10899085
6154,0.15114473,0.042292092,0.10885263
6155,0.15097268,0.042258017,0.108714655
6156,0.15080085,0.04222401,0.10857684
6157,0.1506295,0.04219022,0.10843928
6158,0.15045789,0.04215596,0.10830192
6159,0.15028259,0.04211782,0.108164765
6160,0.15011263,0.04208496,0.108027674
6161,0.14994141,0.04205071,0.1078907
6162,0.14976642,0.042012557,0.10775385
6163,0.14959578,0.04197864,0.10761715
6164,0.14942506,0.04194439,0.10748067
6165,0.1492531,0.041908793,0.1073443
6166,0.14908236,0.041874144,0.10720822
6167,0.14891373,0.041841358,0.107072376
6168,0.14874661,0.041809898,0.106936716
6169,0.14857596,0.041774675,0.10680128
6170,0.1484087,0.041742545,0.106666155
6171,0.14823633,0.041705184,0.10653115
6172,0.1480687,0.041672178,0.106396526
6173,0.1479007,0.041638743,0.10626196
6174,0.14773332,0.041605722,0.10612759
6175,0.147562,0.041568626,0.10599337
6176,0.14739174,0.041532405,0.10585934
6177,0.14722145,0.04149609,0.105725355
6178,0.14705396,0.041462407,0.10559154
6179,0.14688826,0.041430563,0.105457686
6180,0.14672129,0.04139713,0.10532416
6181,0.14655876,0.04136788,0.10519088
6182,0.14639245,0.041334603,0.10505784
6183,0.14622708,0.041302163,0.10492492
6184,0.14606228,0.041269995,0.10479229
6185,0.14589609,0.041236233,0.10465986
6186,0.14573248,0.041204974,0.10452751
6187,0.14556578,0.041170307,0.10439548
6188,0.145402,0.041138317,0.10426368
6189,0.14523533,0.041103177,0.10413215
6190,0.14506914,0.041068364,0.10400078
6191,0.14490373,0.041034054,0.10386968
6192,0.1447393,0.04100058,0.10373872
6193,0.14457713,0.04096927,0.103607856
6194,0.14441344,0.040936206,0.10347723
6195,0.14424714,0.04090033,0.10334682
6196,0.14408576,0.04086923,0.10321654
6197,0.14392085,0.040834382,0.103086464
6198,0.14375965,0.040802885,0.10295677
6199,0.14359497,0.0407676,0.10282737
6200,0.14343202,0.040733833,0.10269819
6201,0.14327212,0.04070296,0.10256916
6202,0.14310929,0.04066906,0.10244022
6203,0.14294764,0.04063626,0.10231138
6204,0.14278843,0.04060573,0.102182694
6205,0.14262602,0.040571887,0.10205413
6206,0.14246449,0.04053885,0.10192564
6207,0.14230205,0.04050468,0.10179737
6208,0.14214452,0.040475152,0.101669356
6209,0.14198226,0.04044067,0.10154159
6210,0.14181943,0.04040544,0.10141399
6211,0.14165784,0.040371396,0.10128645
6212,0.14149837,0.040339313,0.10115905
6213,0.14133847,0.040306583,0.101031885
6214,0.14118397,0.040279098,0.10090488
6215,0.14102389,0.040245783,0.10077811
6216,0.14086162,0.04020988,0.10065174
6217,0.14070316,0.04017767,0.10052548
6218,0.14054354,0.040144213,0.10039932
6219,0.14038737,0.04011387,0.100273505
6220,0.14022854,0.040080875,0.100147665
6221,0.14007166,0.040049538,0.100022115
6222,0.13991217,0.04001544,0.09989674
6223,0.13975328,0.039981693,0.09977159
6224,0.13959463,0.039948102,0.09964653
6225,0.13943565,0.03991387,0.09952178
6226,0.13927904,0.039881963,0.09939708
6227,0.13912246,0.039849803,0.09927265
6228,0.13896844,0.039820097,0.09914834
6229,0.13881224,0.039788112,0.099024124
6230,0.13865463,0.039754484,0.09890015
6231,0.13849874,0.039722506,0.09877623
6232,0.13834363,0.039690983,0.098652646
6233,0.13818623,0.039657097,0.09852914
6234,0.13803175,0.03962592,0.09840583
6235,0.13787843,0.03959568,0.098282754
6236,0.137726,0.039566018,0.09815997
6237,0.13757108,0.039533738,0.09803734
6238,0.1374143,0.03949935,0.097914964
6239,0.13726254,0.039469738,0.097792804
6240,0.13710918,0.039438285,0.0976709
6241,0.13695413,0.039405104,0.09754903
6242,0.1368012,0.03937386,0.097427346
6243,0.13664675,0.039340895,0.09730585
6244,0.13649614,0.039311662,0.09718448
6245,0.13634345,0.039280117,0.09706334
6246,0.13618934,0.03924689,0.09694245
6247,0.13603696,0.039215375,0.09682159
6248,0.13588694,0.039185934,0.096701
6249,0.13573475,0.0391541,0.09658065
6250,0.13558303,0.03912266,0.096460365
6251,0.13543195,0.039091602,0.09634034
6252,0.13527904,0.039058596,0.09622045
6253,0.13513084,0.03903012,0.09610072
6254,0.1349772,0.038996007,0.095981196
6255,0.13482869,0.038966812,0.09586187
6256,0.13467807,0.03893538,0.095742695
6257,0.13452668,0.038902868,0.09562382
6258,0.1343776,0.038872533,0.09550507
6259,0.13422903,0.038842417,0.09538662
6260,0.13407858,0.038810346,0.09526823
6261,0.13392706,0.03877698,0.09515008
6262,0.13377865,0.038746707,0.09503194
6263,0.13362719,0.038713206,0.09491399
6264,0.13347991,0.038683794,0.09479611
6265,0.1333311,0.038652726,0.09467837
6266,0.13318338,0.038622577,0.094560795
6267,0.13303787,0.038594343,0.09444352
6268,0.13289016,0.03856369,0.09432647
6269,0.13274042,0.038530845,0.09420958
6270,0.13259284,0.03849997,0.094092876
6271,0.13244434,0.038467947,0.093976386
6272,0.13229834,0.0384383,0.09386004
6273,0.13215126,0.03840737,0.09374389
6274,0.13200517,0.038377307,0.09362786
6275,0.1318591,0.038347013,0.09351208
6276,0.13171253,0.03831592,0.093396604
6277,0.131569,0.03828782,0.09328118
6278,0.1314219,0.038255945,0.09316595
6279,0.13127626,0.038225442,0.093050815
6280,0.13113081,0.03819497,0.092935845
6281,0.13098687,0.038165785,0.09282108
6282,0.13084169,0.03813526,0.09270642
6283,0.1306974,0.0381055,0.092591904
6284,0.1305495,0.038071766,0.09247774
6285,0.13040626,0.038042657,0.092363596
6286,0.13026188,0.03801214,0.09224974
6287,0.13011743,0.03798124,0.09213619
6288,0.1299734,0.03795076,0.09202263
6289,0.12983076,0.037921377,0.091909386
6290,0.12968986,0.037893537,0.09179632
6291,0.12954658,0.03786322,0.091683365
6292,0.12940183,0.037831087,0.09157075
6293,0.12925896,0.0378007,0.09145826
6294,0.12911305,0.03776703,0.09134602
6295,0.12897354,0.037739787,0.09123375
6296,0.12883165,0.037709966,0.09112168
6297,0.12869073,0.037681043,0.09100969
6298,0.12854719,0.037649296,0.09089789
6299,0.12840743,0.037621226,0.09078621
6300,0.12826648,0.03759174,0.09067474
6301,0.12812841,0.03756482,0.090563595
6302,0.12798735,0.03753471,0.09045264
6303,0.12784636,0.03750449,0.090341866
6304,0.12770395,0.037472833,0.09023112
6305,0.12756082,0.03744017,0.09012066
6306,0.1274223,0.03741191,0.0900104
6307,0.12728354,0.0373833,0.08990025
6308,0.12714422,0.037353963,0.08979025
6309,0.12700336,0.037322804,0.08968056
6310,0.12686202,0.037291043,0.08957098
6311,0.12672226,0.037260592,0.08946168
6312,0.12658569,0.037233178,0.08935251
6313,0.12644681,0.037203193,0.08924361
6314,0.12631103,0.037176244,0.08913478
6315,0.12617703,0.037150912,0.089026116
6316,0.12604032,0.03712276,0.08891756
6317,0.12590176,0.037092645,0.08880912
6318,0.12576683,0.03706597,0.08870086
6319,0.12563059,0.037037738,0.08859286
6320,0.12549314,0.03700816,0.08848497
6321,0.12535547,0.03697826,0.08837721
6322,0.12521625,0.03694654,0.08826971
6323,0.12508258,0.036920253,0.088162325
6324,0.12494541,0.0368903,0.088055104
6325,0.12480713,0.036859017,0.087948106
6326,0.124672264,0.036831014,0.08784125
6327,0.124539346,0.036804754,0.08773459
6328,0.12440395,0.03677586,0.0876281
6329,0.12426737,0.03674557,0.0875218
6330,0.12413233,0.036716595,0.08741573
6331,0.12399579,0.036685884,0.087309904
6332,0.12386356,0.03665939,0.08720417
6333,0.123728365,0.036629673,0.087098695
6334,0.12359225,0.036598932,0.086993314
6335,0.12345788,0.036569804,0.086888075
6336,0.123324886,0.036541887,0.086783
6337,0.12319175,0.03651368,0.08667807
6338,0.12305766,0.036484372,0.08657329
6339,0.12292447,0.03645582,0.08646865
6340,0.12279059,0.03642619,0.0863644
6341,0.122658625,0.03639834,0.08626029
6342,0.1225275,0.03637114,0.08615636
6343,0.122393526,0.036340915,0.08605261
6344,0.12226276,0.036313675,0.085949086
6345,0.1221273,0.03628166,0.08584564
6346,0.12199845,0.036256082,0.08574237
6347,0.12186849,0.036229275,0.085639216
6348,0.1217353,0.036199126,0.085536174
6349,0.12160693,0.03617355,0.085433386
6350,0.12147778,0.03614706,0.08533072
6351,0.12134668,0.03611848,0.0852282
6352,0.12121513,0.036089167,0.08512596
6353,0.121084675,0.036060795,0.08502388
6354,0.12095426,0.036032286,0.08492197
6355,0.12082285,0.036002737,0.08482011
6356,0.12069273,0.035974298,0.08471843
6357,0.1205625,0.03594563,0.08461687
6358,0.120436914,0.03592145,0.08451546
6359,0.12030833,0.03589405,0.08441428
6360,0.120178126,0.035864778,0.08431335
6361,0.12004789,0.035835315,0.08421258
6362,0.11991869,0.03580683,0.08411186
6363,0.11979097,0.035779584,0.08401138
6364,0.11966277,0.03575173,0.08391104
6365,0.11953512,0.03572421,0.0838109
6366,0.11940571,0.035694838,0.08371087
6367,0.119277805,0.035666797,0.08361101
6368,0.1191489,0.035637572,0.08351133
6369,0.11902245,0.035610627,0.08341182
6370,0.11889672,0.035584304,0.08331242
6371,0.11877041,0.035557214,0.0832132
6372,0.11864376,0.035529647,0.08311412
6373,0.1185159,0.03550065,0.08301525
6374,0.118390635,0.035474136,0.0829165
6375,0.11826575,0.035447847,0.0828179
6376,0.11814021,0.035420816,0.0827194
6377,0.11801452,0.035393458,0.08262107
6378,0.117886424,0.035363376,0.08252305
6379,0.117761984,0.035336886,0.082425095
6380,0.117636956,0.03530973,0.08232723
6381,0.11751127,0.03528163,0.082229644
6382,0.11738627,0.035254225,0.08213204
6383,0.11726154,0.03522698,0.08203456
6384,0.11713917,0.03520196,0.08193721
6385,0.11701503,0.035175,0.08184003
6386,0.116890855,0.035147656,0.0817432
6387,0.11676963,0.03512315,0.08164648
6388,0.11664692,0.035096895,0.081550024
6389,0.116523154,0.035069376,0.08145378
6390,0.11640213,0.035044342,0.081357785
6391,0.1162807,0.03501876,0.08126193
6392,0.11615883,0.034992468,0.08116636
6393,0.1160397,0.034968846,0.081070855
6394,0.115915656,0.034939993,0.08097567
6395,0.11579315,0.034912523,0.080880634
6396,0.115673035,0.034887195,0.08078584
6397,0.11555017,0.034859043,0.08069112
6398,0.11542929,0.034832753,0.08059654
6399,0.11530487,0.03480286,0.08050201
6400,0.11518325,0.034775656,0.08040759
6401,0.115062155,0.03474889,0.080313265
6402,0.11493988,0.03472081,0.080219075
6403,0.11481969,0.03469464,0.08012505
6404,0.1146985,0.034667335,0.080031164
6405,0.11457922,0.03464172,0.0799375
6406,0.11445951,0.03461557,0.07984394
6407,0.11434073,0.03459007,0.07975066
6408,0.11422112,0.03456365,0.07965747
6409,0.114102796,0.034538407,0.07956439
6410,0.11398408,0.03451234,0.07947174
6411,0.11386684,0.03448767,0.07937918
6412,0.11374704,0.034460165,0.07928687
6413,0.11362793,0.034433186,0.07919475
6414,0.11350959,0.03440694,0.07910265
6415,0.11339235,0.034381643,0.07901071
6416,0.11327339,0.034354474,0.07891891
6417,0.113154635,0.034327365,0.07882727
6418,0.1130375,0.03430181,0.07873569
6419,0.11292007,0.034275822,0.078644246
6420,0.112803824,0.03425089,0.07855294
6421,0.112685435,0.034223624,0.07846181
6422,0.1125715,0.03420081,0.07837069
6423,0.11245262,0.03417284,0.07827978
6424,0.11233675,0.03414773,0.07818902
6425,0.11222151,0.03412306,0.078098446
6426,0.112101376,0.03409334,0.07800803
6427,0.11198511,0.034067184,0.077917926
6428,0.11186982,0.03404185,0.07782797
6429,0.111754745,0.034016494,0.077738255
6430,0.11163899,0.0339902,0.077648796
6431,0.11152414,0.03396458,0.07755956
6432,0.11140833,0.033937775,0.077470556
6433,0.111289375,0.03390772,0.077381656
6434,0.11117206,0.033879295,0.07729276
6435,0.111058064,0.033854127,0.07720394
6436,0.11094532,0.03383018,0.07711514
6437,0.11082987,0.033803307,0.07702656
6438,0.11071609,0.033778116,0.07693797
6439,0.11060136,0.033751868,0.07684949
6440,0.11049009,0.0337288,0.07676129
6441,0.11037543,0.033702362,0.07667307
6442,0.11026243,0.033677448,0.07658499
6443,0.110151805,0.03365475,0.076497056
6444,0.11003801,0.033628654,0.07640936
6445,0.10992349,0.03360156,0.07632193
6446,0.109814,0.033579223,0.07623478
6447,0.10970058,0.033552647,0.07614794
6448,0.10958838,0.033527225,0.07606115
6449,0.10947719,0.033502594,0.0759746
6450,0.10936608,0.033477906,0.07588817
6451,0.10925535,0.033453453,0.075801894
6452,0.10914434,0.033428617,0.07571572
6453,0.109032385,0.03340269,0.075629696
6454,0.10892222,0.033378482,0.07554374
6455,0.10881226,0.033354305,0.07545795
6456,0.10869854,0.033326298,0.07537224
6457,0.10858726,0.03330056,0.0752867
6458,0.10847646,0.033275213,0.07520125
6459,0.10836862,0.033252712,0.07511591
6460,0.108257264,0.033226546,0.075030714
6461,0.10814763,0.033201903,0.074945726
6462,0.10803743,0.033176392,0.074861035
6463,0.107928544,0.03315214,0.0747764
6464,0.107819855,0.03312797,0.074691884
6465,0.107709855,0.033102196,0.07460766
6466,0.10760197,0.03307845,0.074523516
6467,0.10749139,0.03305173,0.07443966
6468,0.107384525,0.033028707,0.07435582
6469,0.107275866,0.033003613,0.07427225
6470,0.107167944,0.032979064,0.07418888
6471,0.107059635,0.03295398,0.07410566
6472,0.1069526,0.0329301,0.0740225
6473,0.10684482,0.03290524,0.07393958
6474,0.106739126,0.03288239,0.073856734
6475,0.10663157,0.032857455,0.073774114
6476,0.10652541,0.03283383,0.073691584
6477,0.10641895,0.03280975,0.0736092
6478,0.10631121,0.03278428,0.07352693
6479,0.106206715,0.032761946,0.07344477
6480,0.10609983,0.0327371,0.07336273
6481,0.105994105,0.032713316,0.07328079
6482,0.10588857,0.032689475,0.07319909
6483,0.10578172,0.03266429,0.07311743
6484,0.10567615,0.032640122,0.07303603
6485,0.10557066,0.032615826,0.07295483
6486,0.105464466,0.032590635,0.07287383
6487,0.10535801,0.032565083,0.07279293
6488,0.105252504,0.03254039,0.072712116
6489,0.10514532,0.03251392,0.072631404
6490,0.10504338,0.03249254,0.07255084
6491,0.10493646,0.03246601,0.07247045
6492,0.1048331,0.032442927,0.07239018
6493,0.10472735,0.032417376,0.07230997
6494,0.104624175,0.03239411,0.07223006
6495,0.10452197,0.032371677,0.07215029
6496,0.10441777,0.032347087,0.07207069
6497,0.10431612,0.03232491,0.07199121
6498,0.104213364,0.03230138,0.07191198
6499,0.10410993,0.03227707,0.07183286
6500,0.10400755,0.032253712,0.07175384
6501,0.103903785,0.03222878,0.071675
6502,0.103799626,0.032203373,0.07159626
6503,0.10369698,0.032179225,0.07151775
6504,0.103594206,0.03215495,0.07143925
6505,0.10349396,0.03213304,0.07136092
6506,0.10339108,0.03210839,0.07128269
6507,0.1032913,0.032086767,0.071204536
6508,0.1031885,0.03206203,0.07112647
6509,0.10308633,0.032037728,0.0710486
6510,0.102986746,0.032015845,0.0709709
6511,0.10288682,0.031993378,0.07089344
6512,0.10278655,0.03197041,0.07081614
6513,0.10268563,0.031946555,0.070739076
6514,0.10258636,0.031924278,0.07066208
6515,0.10248577,0.031900473,0.070585296
6516,0.102386326,0.031877704,0.07050862
6517,0.10228317,0.031851046,0.07043213
6518,0.102184705,0.031829022,0.07035568
6519,0.102083825,0.03180443,0.0702794
6520,0.101984255,0.031781014,0.070203245
6521,0.101883925,0.031756636,0.070127286
6522,0.10178414,0.031732783,0.07005136
6523,0.1016859,0.031710394,0.0699755
6524,0.101587325,0.03168755,0.069899775
6525,0.10148785,0.03166371,0.069824144
6526,0.10138769,0.03163893,0.06974876
6527,0.10129061,0.03161721,0.069673404
6528,0.10119317,0.031594854,0.06959831
6529,0.101096176,0.031572815,0.069523364
6530,0.10099742,0.031548873,0.069448546
6531,0.100899965,0.03152623,0.069373734
6532,0.10080276,0.03150359,0.06929917
6533,0.100707546,0.031482805,0.069224745
6534,0.100610085,0.03145965,0.06915043
6535,0.100512624,0.03143627,0.06907636
6536,0.10041611,0.031413686,0.06900243
6537,0.10031696,0.031388175,0.06892878
6538,0.10021903,0.031363767,0.06885526
6539,0.100123055,0.031341344,0.06878171
6540,0.100029744,0.031321283,0.06870846
6541,0.09993469,0.031299364,0.06863532
6542,0.09983805,0.031275783,0.06856226
6543,0.0997434,0.031254075,0.06848933
6544,0.09964794,0.031231347,0.06841659
6545,0.0995517,0.03120782,0.06834388
6546,0.099455625,0.031184262,0.06827136
6547,0.09936134,0.031162469,0.06819887
6548,0.09926805,0.031141512,0.06812654
6549,0.099172026,0.031117665,0.06805436
6550,0.09907789,0.031095529,0.06798236
6551,0.09898243,0.03107189,0.067910545
6552,0.098887675,0.031048888,0.06783879
6553,0.09879333,0.031026142,0.06776719
6554,0.09870015,0.031004447,0.06769571
6555,0.098607436,0.03098301,0.06762443
6556,0.0985133,0.030960036,0.06755326
6557,0.0984191,0.030936966,0.067482136
6558,0.09832716,0.030916018,0.06741114
6559,0.09823547,0.03089523,0.06734025
6560,0.0981414,0.030871898,0.067269504
6561,0.0980482,0.030849367,0.067198835
6562,0.097954586,0.030826243,0.067128345
6563,0.09786117,0.030803172,0.067058
6564,0.09776977,0.030781982,0.06698778
6565,0.09767565,0.030757831,0.06691782
6566,0.09758276,0.030734813,0.06684794
6567,0.09749047,0.03071225,0.06677821
6568,0.09739819,0.03068969,0.0667085
6569,0.09730627,0.03066722,0.06663905
6570,0.09721462,0.030644964,0.066569656
6571,0.097122796,0.030622352,0.06650045
6572,0.09703326,0.030601973,0.06643129
6573,0.09693959,0.03057717,0.066362426
6574,0.09684943,0.030555768,0.06629366
6575,0.09675907,0.030534104,0.06622497
6576,0.09666791,0.030511508,0.0661564
6577,0.09657813,0.030490167,0.06608796
6578,0.09648735,0.030467633,0.066019714
6579,0.09639735,0.03044582,0.065951526
6580,0.096306734,0.030423257,0.06588348
6581,0.09621739,0.03040182,0.06581557
6582,0.096128926,0.03038109,0.065747835
6583,0.096040316,0.030360129,0.06568019
6584,0.095949955,0.030337289,0.06561267
6585,0.09586009,0.030314814,0.065545276
6586,0.095771775,0.030293684,0.065478094
6587,0.09568233,0.030271292,0.06541104
6588,0.095595606,0.03025148,0.065344125
6589,0.09550643,0.03022913,0.0652773
6590,0.095419355,0.030208608,0.065210745
6591,0.09532911,0.030184831,0.065144286
6592,0.09524132,0.030163378,0.065077946
6593,0.09515404,0.030142307,0.06501173
6594,0.09506542,0.030119825,0.0649456
6595,0.09497923,0.030099602,0.064879626
6596,0.094893634,0.030079849,0.064813785
6597,0.094806015,0.030057985,0.06474803
6598,0.09471872,0.030036239,0.064682476
6599,0.09462812,0.030011086,0.06461703
6600,0.09454219,0.029990574,0.064551614
6601,0.09445317,0.02996688,0.06448629
6602,0.09436596,0.029944845,0.06442112
6603,0.094282225,0.02992622,0.06435601
6604,0.0941953,0.029904203,0.0642911
6605,0.09410853,0.029882263,0.06422626
6606,0.09402362,0.029861994,0.06416163
6607,0.0939391,0.029842101,0.064097
6608,0.09385228,0.029819697,0.064032584
6609,0.093766786,0.029798567,0.06396822
6610,0.093681835,0.029777879,0.06390396
6611,0.09359677,0.02975691,0.06383986
6612,0.0935133,0.029737346,0.06377596
6613,0.09342691,0.029714681,0.06371223
6614,0.09334221,0.029693648,0.06364856
6615,0.09325909,0.029673958,0.06358513
6616,0.09317451,0.029652754,0.06352176
6617,0.09308984,0.029631339,0.0634585
6618,0.09300647,0.029611045,0.063395426
6619,0.092921674,0.02958923,0.063332446
6620,0.09283886,0.029569304,0.063269556
6621,0.092756584,0.029549837,0.06320675
6622,0.092673086,0.029529031,0.06314405
6623,0.0925885,0.029507088,0.06308141
6624,0.09250468,0.029485771,0.06301891
6625,0.09242138,0.029464781,0.0629566
6626,0.092338055,0.029443735,0.06289432
6627,0.09225469,0.029422421,0.062832266
6628,0.09217104,0.029400816,0.062770225
6629,0.09208886,0.029380407,0.06270845
6630,0.09200673,0.029359955,0.06264678
6631,0.091926396,0.02934114,0.06258526
6632,0.09184265,0.029318832,0.06252382
6633,0.09176007,0.029297573,0.062462494
6634,0.09167815,0.029276827,0.062401325
6635,0.09159608,0.029255822,0.062340263
6636,0.09151375,0.029234407,0.062279347
6637,0.091431715,0.029213203,0.062218513
6638,0.091350645,0.029192863,0.062157784
6639,0.09126823,0.029171022,0.062097207
6640,0.09118808,0.029151443,0.062036633
6641,0.091107845,0.029131664,0.061976183
6642,0.09102567,0.029109845,0.06191583
6643,0.09094582,0.029090086,0.06185573
6644,0.09086494,0.029069193,0.06179575
6645,0.09078495,0.02904907,0.061735883
6646,0.09070658,0.029030435,0.06167615
6647,0.090627104,0.029010614,0.06161649
6648,0.09054712,0.02899014,0.06155698
6649,0.09046677,0.028969131,0.061497632
6650,0.09038746,0.028949186,0.061438274
6651,0.0903091,0.028930016,0.06137908
6652,0.0902285,0.028908504,0.061319992
6653,0.09014542,0.028884396,0.061261024
6654,0.09006479,0.02886265,0.06120214
6655,0.08998485,0.028841523,0.061143328
6656,0.08990702,0.028822348,0.061084673
6657,0.08982921,0.028803105,0.0610261
6658,0.08975216,0.028784547,0.06096761
6659,0.08967439,0.028765133,0.060909256
6660,0.089594446,0.028743327,0.060851116
6661,0.08951369,0.028720593,0.060793098
6662,0.089437075,0.028701931,0.060735144
6663,0.08936029,0.028682979,0.060677312
6664,0.08928305,0.028663538,0.06061951
6665,0.08920521,0.02864335,0.06056186
6666,0.08912577,0.028621482,0.060504284
6667,0.08904722,0.028600393,0.06044683
6668,0.088970035,0.028580595,0.060389437
6669,0.08889156,0.028559478,0.060332082
6670,0.088816,0.028541101,0.060274903
6671,0.0887385,0.028520662,0.06021784
6672,0.08866094,0.028499978,0.060160965
6673,0.0885866,0.028482333,0.06010427
6674,0.08850866,0.028460931,0.060047727
6675,0.088433124,0.028441815,0.05999131
6676,0.088357404,0.028422354,0.05993505
6677,0.08827952,0.02840062,0.0598789
6678,0.088202894,0.028380081,0.05982281
6679,0.088127226,0.028360361,0.059766866
6680,0.088051036,0.028339969,0.059711065
6681,0.08797361,0.028318336,0.05965527
6682,0.08789627,0.02829677,0.059599504
6683,0.08782026,0.02827638,0.059543878
6684,0.08774492,0.028256636,0.05948828
6685,0.08766832,0.028235575,0.05943275
6686,0.087594666,0.0282173,0.059377365
6687,0.087516345,0.02819428,0.059322067
6688,0.08744394,0.028177062,0.059266876
6689,0.087368555,0.028156726,0.059211828
6690,0.08729604,0.028139176,0.059156865
6691,0.08722222,0.028120134,0.05910208
6692,0.08714692,0.028099515,0.05904741
6693,0.087072395,0.028079499,0.058992893
6694,0.086997524,0.028059065,0.05893846
6695,0.086923786,0.02803969,0.058884095
6696,0.08685003,0.02802024,0.058829796
6697,0.08677651,0.028000943,0.058775563
6698,0.086701944,0.027980413,0.058721527
6699,0.08662975,0.02796217,0.058667574
6700,0.08655596,0.027942237,0.05861372
6701,0.086482726,0.027922831,0.058559895
6702,0.08640963,0.027903277,0.058506347
6703,0.08633592,0.02788308,0.05845284
6704,0.08626336,0.027863933,0.058399424
6705,0.086188756,0.027842617,0.05834614
6706,0.086116716,0.027823683,0.058293037
6707,0.08604336,0.027803376,0.058239985
6708,0.08597164,0.02778465,0.05818699
6709,0.08589892,0.027764788,0.058134135
6710,0.08582681,0.02774546,0.05808135
6711,0.08575301,0.027724335,0.058028676
6712,0.08567952,0.027703386,0.057976138
6713,0.08560938,0.027685706,0.05792367
6714,0.08553817,0.027666843,0.057871327
6715,0.0854671,0.027647959,0.05781914
6716,0.08539482,0.027627843,0.05776698
6717,0.08532325,0.02760814,0.05771511
6718,0.08525122,0.027587917,0.0576633
6719,0.08518147,0.0275699,0.05761157
6720,0.08511106,0.02755107,0.05755999
6721,0.08504045,0.027532004,0.057508446
6722,0.084969714,0.027512668,0.057457045
6723,0.084898636,0.027492907,0.05740573
6724,0.08482803,0.027473541,0.057354484
6725,0.08475889,0.027455634,0.057303257
6726,0.0846906,0.027438425,0.057252172
6727,0.08462047,0.027419366,0.057201102
6728,0.08454825,0.027398048,0.0571502
6729,0.08447901,0.027379682,0.057099327
6730,0.08440876,0.027360102,0.05704866
6731,0.084339924,0.027341953,0.05699797
6732,0.084269814,0.027322376,0.056947436
6733,0.08420071,0.027303707,0.056897
6734,0.084132,0.02728531,0.05684669
6735,0.08406258,0.027266067,0.056796513
6736,0.08399213,0.02724573,0.0567464
6737,0.08392543,0.027229043,0.056696393
6738,0.083856694,0.027210165,0.05664653
6739,0.083786055,0.02718935,0.056596708
6740,0.08371827,0.027171314,0.056546956
6741,0.083648846,0.027151495,0.056497347
6742,0.08358139,0.027133526,0.05644786
6743,0.08351282,0.02711442,0.056398403
6744,0.08344319,0.027094143,0.056349043
6745,0.08337522,0.02707545,0.05629977
6746,0.08330639,0.027055852,0.056250535
6747,0.08323975,0.027038269,0.056201477
6748,0.083172776,0.027020363,0.056152415
6749,0.08310617,0.027002644,0.056103524
6750,0.08303746,0.026982732,0.056054726
6751,0.082968526,0.02696242,0.056006107
6752,0.08290116,0.026943566,0.055957593
6753,0.08283394,0.02692471,0.055909224
6754,0.08276547,0.026904535,0.055860933
6755,0.0826981,0.026885444,0.055812653
6756,0.08263173,0.02686722,0.05576451
6757,0.08256421,0.02684775,0.055716462
6758,0.08249708,0.0268286,0.055668484
6759,0.08243221,0.02681163,0.05562058
6760,0.08236428,0.026791506,0.055572778
6761,0.082298465,0.026773417,0.055525046
6762,0.08223138,0.026754031,0.05547735
6763,0.08216621,0.026736539,0.055429667
6764,0.08209987,0.026717734,0.055382133
6765,0.08203436,0.026699651,0.055334702
6766,0.081967525,0.026680142,0.055287383
6767,0.081900924,0.02666069,0.055240236
6768,0.08183705,0.026643842,0.05519321
6769,0.08177169,0.026625399,0.055146284
6770,0.08170526,0.026605822,0.05509944
6771,0.08163977,0.026586993,0.055052776
6772,0.08157491,0.026568692,0.055006217
6773,0.08151159,0.026551902,0.054959685
6774,0.08144679,0.02653349,0.054913297
6775,0.0813819,0.026514927,0.054866977
6776,0.08131582,0.026495112,0.05482071
6777,0.081250735,0.026476266,0.05477447
6778,0.08118788,0.026459562,0.05472832
6779,0.08112171,0.026439546,0.05468217
6780,0.08105618,0.02642006,0.054636117
6781,0.0809924,0.02640224,0.05459016
6782,0.08092882,0.026384573,0.05454424
6783,0.080861256,0.026362808,0.054498445
6784,0.08079693,0.026344234,0.05445269
6785,0.08073301,0.026325947,0.054407064
6786,0.08067028,0.026308738,0.054361545
6787,0.08060605,0.026289888,0.054316167
6788,0.08054235,0.02627141,0.054270938
6789,0.080479436,0.026253548,0.05422589
6790,0.08041655,0.026235618,0.054180935
6791,0.080352195,0.026216123,0.05413607
6792,0.08028833,0.026197113,0.054091215
6793,0.08022484,0.026178233,0.05404661
6794,0.08016147,0.02615946,0.05400201
6795,0.08009774,0.026140332,0.053957414
6796,0.080034226,0.026121417,0.053912807
6797,0.07997072,0.026102439,0.05386828
6798,0.07990896,0.026085252,0.053823706
6799,0.07984722,0.026068008,0.05377921
6800,0.07978575,0.026050936,0.053734817
6801,0.07972391,0.026033431,0.05369048
6802,0.07966049,0.026014242,0.05364625
6803,0.07959857,0.025996476,0.05360209
6804,0.07953632,0.025978306,0.053558014
6805,0.07947385,0.025959756,0.053514093
6806,0.07941451,0.025944259,0.05347025
6807,0.07935331,0.025926713,0.053426594
6808,0.07929351,0.025910417,0.053383093
6809,0.07923075,0.02589109,0.053339656
6810,0.079169266,0.025873015,0.053296253
6811,0.07910758,0.025854591,0.053252988
6812,0.07904686,0.025837136,0.053209726
6813,0.078986205,0.025819544,0.05316666
6814,0.07892516,0.025801474,0.05312369
6815,0.07886483,0.025784014,0.053080816
6816,0.07880257,0.025764603,0.05303797
6817,0.078740925,0.025745692,0.052995235
6818,0.07868026,0.025727766,0.0529525
6819,0.0786191,0.025709238,0.052909862
6820,0.07855812,0.025690814,0.052867305
6821,0.078498565,0.025673756,0.052824806
6822,0.07843838,0.025655884,0.0527825
6823,0.07837856,0.025638325,0.05274023
6824,0.07832033,0.025622295,0.052698035
6825,0.07825967,0.025603665,0.052656002
6826,0.078199625,0.025585648,0.052613974
6827,0.07814067,0.025568526,0.052572142
6828,0.07808199,0.025551692,0.052530292
6829,0.07802105,0.02553246,0.052488588
6830,0.0779627,0.025515826,0.052446872
6831,0.07789963,0.025494374,0.052405253
6832,0.0778409,0.025477288,0.05236361
6833,0.07777974,0.025457677,0.052322067
6834,0.07772048,0.025439871,0.05228061
6835,0.07766019,0.025421029,0.052239157
6836,0.07760206,0.02540428,0.05219778
6837,0.07754423,0.025387807,0.05215642
6838,0.077487335,0.025372112,0.052115224
6839,0.077428095,0.025353996,0.052074097
6840,0.077369906,0.025336852,0.05203305
6841,0.07731058,0.02531846,0.051992115
6842,0.07725073,0.02529955,0.05195118
6843,0.07719213,0.025281737,0.05191039
6844,0.07713457,0.025264878,0.051869694
6845,0.07707769,0.025248606,0.051829077
6846,0.0770184,0.025229821,0.051788583
6847,0.07695996,0.025211716,0.051748246
6848,0.07690214,0.025194237,0.05170791
6849,0.0768438,0.025176134,0.05166766
6850,0.076786816,0.025159301,0.051627517
6851,0.07672934,0.025141833,0.05158751
6852,0.07667178,0.025124203,0.051547576
6853,0.07661274,0.025105052,0.05150769
6854,0.07655471,0.025086878,0.05146783
6855,0.07649662,0.025068697,0.05142793
6856,0.0764389,0.025050808,0.05138809
6857,0.076380275,0.025031978,0.051348295
6858,0.076323204,0.025014674,0.051308528
6859,0.0762663,0.02499738,0.051268924
6860,0.0762094,0.024980113,0.05122929
6861,0.0761511,0.024961302,0.0511898
6862,0.076093175,0.024942959,0.051150214
6863,0.07603666,0.024925772,0.051110886
6864,0.07598121,0.024909597,0.05107161
6865,0.07592512,0.024892667,0.051032454
6866,0.075869955,0.024876451,0.050993506
6867,0.07581529,0.024860688,0.0509546
6868,0.07576025,0.024844393,0.05091586
6869,0.07570328,0.024826078,0.0508772
6870,0.075647645,0.02480904,0.05083861
6871,0.075592294,0.024792185,0.050800107
6872,0.07553454,0.02477293,0.05076161
6873,0.07547902,0.024755854,0.050723173
6874,0.07542318,0.024738366,0.050684813
6875,0.07536671,0.024720334,0.05064638
6876,0.075312056,0.024704045,0.05060801
6877,0.07525531,0.024685612,0.0505697
6878,0.0752001,0.024668617,0.050531488
6879,0.0751434,0.024650035,0.05049336
6880,0.07508977,0.024634425,0.050455343
6881,0.07503595,0.024618495,0.050417457
6882,0.07497942,0.024599878,0.050379537
6883,0.07492662,0.024584798,0.050341822
6884,0.074872755,0.024568615,0.05030414
6885,0.07481781,0.024551202,0.050266605
6886,0.07476176,0.024532631,0.05022913
6887,0.074706726,0.024514945,0.05019178
6888,0.07465438,0.024499997,0.05015438
6889,0.074600615,0.024483576,0.05011704
6890,0.07454671,0.024466923,0.05007979
6891,0.07449186,0.024449226,0.05004263
6892,0.07443807,0.024432575,0.0500055
6893,0.07438294,0.024414474,0.049968462
6894,0.074328184,0.024396649,0.049931537
6895,0.07427234,0.024377782,0.04989456
6896,0.074219115,0.02436134,0.049857773
6897,0.07416501,0.024344003,0.049821008
6898,0.074112445,0.024328135,0.049784314
6899,0.0740583,0.02431067,0.04974763
6900,0.07400343,0.024292367,0.049711064
6901,0.073948964,0.024274457,0.04967451
6902,0.0738951,0.02425709,0.049638003
6903,0.07384221,0.024240674,0.049601536
6904,0.07378933,0.024224132,0.0495652
6905,0.07373654,0.024207689,0.049528856
6906,0.07368207,0.02418946,0.049492612
6907,0.07362878,0.024172325,0.04945646
6908,0.073574916,0.024154576,0.049420338
6909,0.07352375,0.02413947,0.04938428
6910,0.07347122,0.02412288,0.04934834
6911,0.0734184,0.02410596,0.049312443
6912,0.07336588,0.024089226,0.049276654
6913,0.07331347,0.02407247,0.049241
6914,0.07326004,0.024054755,0.049205285
6915,0.07320689,0.02403724,0.04916965
6916,0.073156156,0.0240221,0.049134053
6917,0.07310276,0.02400417,0.04909859
6918,0.073051356,0.023988225,0.04906313
6919,0.07300017,0.023972522,0.049027648
6920,0.072949536,0.023957185,0.048992347
6921,0.0728964,0.023939397,0.048957
6922,0.072844274,0.02392244,0.048921835
6923,0.072792366,0.023905683,0.048886687
6924,0.07274008,0.023888413,0.048851665
6925,0.072688386,0.023871636,0.04881675
6926,0.0726371,0.023855276,0.048781823
6927,0.07258488,0.023837887,0.048747
6928,0.07253213,0.02381995,0.048712183
6929,0.072481185,0.023803776,0.04867741
6930,0.072430246,0.023787547,0.0486427
6931,0.07237846,0.023770412,0.048608042
6932,0.07232752,0.023754105,0.04857341
6933,0.0722759,0.023737071,0.048538826
6934,0.07222634,0.023722075,0.048504263
6935,0.07217444,0.023704648,0.048469793
6936,0.07212251,0.023687027,0.04843548
6937,0.07207339,0.023672173,0.048401218
6938,0.07202316,0.023655964,0.0483672
6939,0.07197135,0.02363808,0.04833327
6940,0.07191903,0.023619598,0.04829943
6941,0.07186977,0.023604088,0.048265684
6942,0.07181852,0.02358652,0.048232004
6943,0.07176772,0.023569427,0.048198294
6944,0.07171632,0.023551691,0.048164636
6945,0.0716666,0.023535619,0.048130978
6946,0.07161637,0.023519022,0.048097342
6947,0.071565636,0.02350197,0.048063666
6948,0.07151786,0.0234879,0.048029963
6949,0.071468964,0.023472711,0.047996253
6950,0.071421,0.023458362,0.047962632
6951,0.07137092,0.023441773,0.04792915
6952,0.07132092,0.023425203,0.04789572
6953,0.0712719,0.023409521,0.047862377
6954,0.071221404,0.023392284,0.04782912
6955,0.07117023,0.02337426,0.047795977
6956,0.07112176,0.023358926,0.047762834
6957,0.07107328,0.02334347,0.047729805
6958,0.07102357,0.023326725,0.047696844
6959,0.07097458,0.023310568,0.047664013
6960,0.070923485,0.023292271,0.047631215
6961,0.07087413,0.023275662,0.04759847
6962,0.0708249,0.023259187,0.04756571
6963,0.07077694,0.023243885,0.047533054
6964,0.07072691,0.023226433,0.04750048
6965,0.07067909,0.023211187,0.047467902
6966,0.07063139,0.023195911,0.047435485
6967,0.070582956,0.023179865,0.047403093
6968,0.0705335,0.02316279,0.047370706
6969,0.070485204,0.023146821,0.04733838
6970,0.070435345,0.023129238,0.04730611
6971,0.07038683,0.023112979,0.047273852
6972,0.07033937,0.023097644,0.047241725
6973,0.07029289,0.023083236,0.047209654
6974,0.07024272,0.02306508,0.047177635
6975,0.070195206,0.023049634,0.04714557
6976,0.07014718,0.023033597,0.047113586
6977,0.07009786,0.023016263,0.0470816
6978,0.07005106,0.023001298,0.04704976
6979,0.07000203,0.022983994,0.047018033
6980,0.069952585,0.0229663,0.046986286
6981,0.0699058,0.022951087,0.046954717
6982,0.06985864,0.02293547,0.04692317
6983,0.06981069,0.022919016,0.04689167
6984,0.069764,0.02290378,0.04686022
6985,0.06971718,0.022888288,0.046828896
6986,0.06967044,0.022872875,0.046797562
6987,0.06962421,0.022857944,0.046766263
6988,0.06957686,0.022841766,0.046735093
6989,0.069527164,0.022823337,0.04670383
6990,0.06947914,0.022806441,0.046672698
6991,0.06943593,0.02279437,0.04664156
6992,0.06938784,0.02277735,0.046610486
6993,0.069340214,0.022760767,0.046579447
6994,0.06929271,0.022744292,0.046548415
6995,0.06924519,0.022727797,0.04651739
6996,0.06919799,0.022711644,0.046486344
6997,0.06915277,0.022697378,0.046455394
6998,0.06910537,0.022680765,0.046424605
6999,0.069057494,0.022663688,0.046393804
7000,0.06901017,0.022647038,0.04636313
7001,0.06896414,0.022631668,0.046332467
7002,0.06891698,0.022615029,0.046301946
7003,0.068871014,0.02259955,0.046271466
7004,0.06882364,0.02258262,0.046241023
7005,0.068776764,0.022566002,0.046210762
7006,0.068730645,0.022550108,0.04618054
7007,0.0686857,0.022535255,0.046150446
7008,0.06863969,0.022519382,0.04612031
7009,0.06859268,0.02250248,0.0460902
7010,0.06854647,0.022486344,0.046060123
7011,0.06850082,0.02247076,0.046030056
7012,0.068455204,0.02245518,0.046000026
7013,0.06841039,0.022440322,0.045970064
7014,0.06836516,0.022424964,0.045940194
7015,0.068320535,0.022410229,0.04591031
7016,0.06827398,0.022393502,0.04588047
7017,0.06822934,0.02237862,0.045850717
7018,0.06818301,0.022361975,0.04582104
7019,0.06813903,0.022347609,0.045791425
7020,0.0680921,0.022330206,0.045761894
7021,0.06804609,0.02231363,0.045732465
7022,0.06800044,0.022297362,0.045703083
7023,0.06795576,0.022282083,0.04567368
7024,0.06791198,0.02226762,0.045644365
7025,0.06786585,0.022250744,0.045615107
7026,0.06782302,0.022237087,0.045585938
7027,0.06777818,0.02222145,0.045556728
7028,0.067733735,0.022206087,0.045527644
7029,0.06769001,0.022191433,0.045498572
7030,0.06764441,0.022174938,0.04546947
7031,0.067599416,0.022159034,0.04544038
7032,0.06755472,0.022143373,0.045411345
7033,0.06751091,0.02212856,0.04538235
7034,0.06746487,0.022111427,0.04535345
7035,0.06742197,0.0220974,0.045324575
7036,0.06737711,0.02208137,0.045295745
7037,0.067332916,0.022065967,0.04526695
7038,0.06728879,0.022050524,0.04523827
7039,0.06724426,0.022034662,0.045209598
7040,0.0671997,0.022018692,0.045181006
7041,0.06715632,0.022003869,0.045152456
7042,0.06711202,0.021988027,0.04512399
7043,0.067067,0.021971436,0.04509556
7044,0.06702551,0.021958409,0.045067105
7045,0.06698168,0.021942941,0.045038737
7046,0.06693917,0.021928707,0.04501046
7047,0.06689437,0.021912174,0.044982195
7048,0.06685053,0.021896612,0.04495392
7049,0.06680659,0.02188083,0.04492576
7050,0.06676436,0.021866737,0.044897623
7051,0.06672102,0.021851601,0.044869423
7052,0.066678695,0.021837281,0.044841412
7053,0.06663548,0.021822125,0.044813357
7054,0.066591546,0.021806108,0.044785436
7055,0.066548064,0.021790497,0.04475757
7056,0.06650579,0.021776082,0.044729706
7057,0.06646299,0.021761084,0.04470191
7058,0.06642022,0.021745967,0.044674255
7059,0.06637686,0.021730246,0.04464661
7060,0.0663331,0.02171409,0.04461901
7061,0.06629019,0.021698626,0.04459157
7062,0.066248946,0.02168484,0.044564106
7063,0.06620673,0.02167003,0.0445367
7064,0.06616273,0.021653436,0.04450929
7065,0.06612012,0.02163821,0.044481907
7066,0.06607737,0.021622842,0.044454522
7067,0.066035435,0.021608297,0.044427138
7068,0.065992594,0.021592835,0.044399757
7069,0.06594929,0.021576883,0.04437241
7070,0.06590696,0.02156183,0.04434513
7071,0.06586326,0.021545393,0.044317864
7072,0.065820046,0.021529349,0.0442907
7073,0.06577949,0.021515911,0.044263583
7074,0.06573791,0.021501351,0.044236556
7075,0.065695114,0.021485563,0.04420955
7076,0.06565264,0.021469971,0.04418267
7077,0.06561058,0.021454709,0.044155873
7078,0.06556865,0.021439612,0.044129036
7079,0.06552684,0.021424517,0.044102322
7080,0.06548421,0.021408621,0.04407559
7081,0.06544316,0.021394307,0.04404885
7082,0.06540206,0.02137986,0.0440222
7083,0.06535889,0.021363368,0.043995522
7084,0.06531821,0.021349294,0.04396892
7085,0.06527764,0.021335293,0.043942355
7086,0.065237164,0.021321332,0.043915834
7087,0.065194055,0.021304702,0.04388935
7088,0.06515309,0.021290151,0.043862943
7089,0.06511119,0.021274595,0.043836597
7090,0.06506993,0.021259584,0.043810345
7091,0.06502824,0.021244165,0.04378408
7092,0.064983964,0.021226065,0.043757897
7093,0.064943634,0.021211931,0.043731704
7094,0.064902775,0.021197217,0.04370556
7095,0.06486215,0.021182658,0.043679487
7096,0.06482128,0.021167899,0.043653384
7097,0.064779125,0.021151766,0.043627363
7098,0.06473897,0.021137524,0.04360144
7099,0.0646969,0.021121426,0.043575473
7100,0.06465791,0.021108257,0.043549653
7101,0.06461539,0.021091552,0.043523837
7102,0.064575866,0.021077776,0.04349809
7103,0.06453586,0.021063482,0.04347238
7104,0.06449485,0.02104812,0.043446727
7105,0.0644538,0.021032758,0.043421045
7106,0.06441341,0.021018058,0.043395355
7107,0.0643736,0.021003926,0.043369673
7108,0.0643342,0.020990081,0.043344118
7109,0.06429222,0.020973736,0.043318488
7110,0.06425095,0.020958008,0.043292947
7111,0.06421278,0.020945402,0.043267373
7112,0.06417328,0.020931456,0.04324183
7113,0.06413238,0.020916028,0.043216348
7114,0.064093575,0.020902567,0.043191005
7115,0.06405334,0.020887695,0.043165646
7116,0.0640129,0.020872565,0.043140337
7117,0.06397337,0.020858262,0.043115105
7118,0.063933074,0.020843117,0.043089956
7119,0.06389511,0.020830294,0.043064814
7120,0.06385346,0.020813625,0.043039836
7121,0.063813984,0.020799173,0.043014813
7122,0.06377334,0.020783432,0.042989906
7123,0.06373463,0.020769602,0.042965025
7124,0.06369553,0.020755406,0.042940117
7125,0.063655876,0.020740565,0.042915307
7126,0.06361696,0.020726446,0.042890515
7127,0.06357794,0.020712228,0.042865716
7128,0.06353873,0.020697773,0.042840958
7129,0.06349915,0.020682974,0.042816177
7130,0.06346177,0.020670274,0.0427915
7131,0.063422695,0.020655889,0.04276681
7132,0.063382246,0.020640142,0.042742103
7133,0.06334298,0.020625478,0.042717505
7134,0.063303374,0.020610407,0.042692967
7135,0.06326296,0.020594507,0.04266845
7136,0.06322526,0.020581279,0.04264398
7137,0.06318546,0.02056592,0.042619538
7138,0.06314586,0.020550711,0.042595148
7139,0.06310678,0.020536015,0.042570766
7140,0.0630694,0.020522963,0.04254644
7141,0.06303139,0.020509228,0.042522162
7142,0.06299295,0.020494973,0.042497978
7143,0.0629551,0.020481305,0.042473793
7144,0.062916696,0.020467073,0.042449627
7145,0.062878415,0.020452904,0.04242551
7146,0.06283905,0.020437602,0.04240145
7147,0.06279995,0.020422546,0.04237741
7148,0.062761605,0.020408196,0.04235341
7149,0.06272472,0.020395264,0.042329453
7150,0.06268572,0.020380164,0.04230556
7151,0.062647186,0.020365646,0.04228154
7152,0.06260793,0.02035026,0.042257667
7153,0.06256984,0.020335985,0.042233855
7154,0.06253202,0.020322025,0.042209998
7155,0.062492963,0.02030674,0.042186223
7156,0.0624541,0.020291664,0.042162437
7157,0.062416296,0.020277603,0.042138696
7158,0.06237679,0.020261848,0.042114943
7159,0.06233971,0.020248516,0.042091195
7160,0.06230195,0.02023445,0.042067498
7161,0.06226545,0.02022153,0.04204392
7162,0.062226374,0.02020609,0.042020284
7163,0.062189203,0.020192482,0.04199672
7164,0.062151514,0.020178277,0.041973237
7165,0.062113322,0.020163463,0.041949857
7166,0.062076446,0.020149898,0.041926548
7167,0.062040355,0.020137098,0.041903257
7168,0.062003843,0.020123746,0.041880097
7169,0.061965384,0.02010845,0.041856933
7170,0.06192965,0.020095903,0.041833747
7171,0.061892588,0.020081926,0.04181066
7172,0.06185506,0.020067481,0.041787576
7173,0.061818145,0.020053677,0.041764468
7174,0.06178071,0.02003928,0.041741427
7175,0.061743803,0.020025462,0.04171834
7176,0.061706547,0.020011205,0.04169534
7177,0.061668355,0.019996068,0.041672286
7178,0.061631598,0.019982304,0.041649293
7179,0.06159495,0.019968532,0.041626416
7180,0.061557632,0.019954063,0.04160357
7181,0.06152102,0.019940266,0.04158075
7182,0.06148423,0.019926246,0.041557983
7183,0.061446834,0.019911593,0.041535243
7184,0.061410163,0.019897602,0.04151256
7185,0.06137493,0.019884998,0.04148993
7186,0.061337408,0.019870026,0.041467384
7187,0.06130196,0.019857079,0.041444883
7188,0.061265208,0.019842923,0.041422285
7189,0.0612287,0.019828934,0.041399766
7190,0.061191335,0.019814057,0.041377276
7191,0.06115653,0.01980172,0.041354813
7192,0.06111978,0.019787395,0.041332383
7193,0.061082922,0.01977295,0.04130997
7194,0.061046273,0.01975877,0.041287504
7195,0.061009668,0.01974448,0.041265186
7196,0.060972996,0.019730223,0.041242775
7197,0.06093782,0.01971738,0.041220438
7198,0.060900364,0.01970222,0.041198146
7199,0.060864888,0.019689042,0.041175846
7200,0.06082923,0.019675598,0.041153632
7201,0.060794234,0.019662846,0.04113139
7202,0.060757693,0.019648483,0.041109208
7203,0.060722526,0.01963549,0.041087035
7204,0.0606868,0.01962186,0.04106494
7205,0.06065064,0.019607786,0.041042853
7206,0.060614444,0.019593528,0.04102092
7207,0.060579497,0.019580537,0.040998958
7208,0.06054496,0.019567886,0.040977076
7209,0.060507834,0.019552613,0.040955223
7210,0.060474288,0.019540792,0.040933494
7211,0.060437415,0.019525621,0.040911794
7212,0.060399376,0.01950921,0.040890165
7213,0.06036602,0.019497436,0.040868584
7214,0.060331374,0.019484358,0.04084702
7215,0.06029531,0.019469839,0.04082547
7216,0.060260404,0.019456446,0.040803958
7217,0.060224477,0.019442055,0.04078242
7218,0.060188163,0.019427292,0.04076087
7219,0.060153723,0.019414436,0.040739287
7220,0.060118496,0.019400753,0.040717743
7221,0.06008124,0.019385014,0.040696226
7222,0.060048,0.01937338,0.04067462
7223,0.06001298,0.0193599,0.04065308
7224,0.059977446,0.019345893,0.04063155
7225,0.059942827,0.019332713,0.040610112
7226,0.059906863,0.019318143,0.04058872
7227,0.05987345,0.019306052,0.040567398
7228,0.059840117,0.019293936,0.04054618
7229,0.059806097,0.019281063,0.040525034
7230,0.05977004,0.019266099,0.04050394
7231,0.05973498,0.019252067,0.040482912
7232,0.059700105,0.019238189,0.040461916
7233,0.059664637,0.019223755,0.04044088
7234,0.059630338,0.019210465,0.040419873
7235,0.05959663,0.019197764,0.04039887
7236,0.05956286,0.01918503,0.040377825
7237,0.05952947,0.019172665,0.040356804
7238,0.059495427,0.019159697,0.04033573
7239,0.05945863,0.019143958,0.04031467
7240,0.059424795,0.019131044,0.04029375
7241,0.05939077,0.019118011,0.040272757
7242,0.05935594,0.019104037,0.040251903
7243,0.059322067,0.019090895,0.040231172
7244,0.059288494,0.019078106,0.04021039
7245,0.05925399,0.019064292,0.0401897
7246,0.05922027,0.01905122,0.04016905
7247,0.059186596,0.019038051,0.040148545
7248,0.059153017,0.019024963,0.040128056
7249,0.059119068,0.019011563,0.040107504
7250,0.059084985,0.018998,0.040086985
7251,0.059050985,0.018984502,0.040066484
7252,0.059018575,0.018972665,0.04004591
7253,0.058984406,0.018959101,0.040025305
7254,0.058950923,0.018946122,0.0400048
7255,0.058917042,0.018932784,0.03998426
7256,0.05888213,0.01891839,0.039963737
7257,0.058848675,0.018905418,0.039943255
7258,0.058814492,0.018891681,0.03992281
7259,0.058781933,0.018879497,0.039902434
7260,0.05874905,0.018866964,0.039882086
7261,0.058715172,0.018853337,0.039861836
7262,0.058681834,0.018840112,0.039841723
7263,0.058647275,0.01882566,0.039821614
7264,0.058614247,0.018812696,0.039801553
7265,0.058580507,0.018798968,0.03978154
7266,0.058547832,0.018786274,0.03976156
7267,0.058512866,0.018771203,0.039741665
7268,0.058480248,0.018758532,0.039721716
7269,0.058448587,0.018746791,0.039701797
7270,0.05841502,0.018733164,0.039681856
7271,0.0583824,0.018720528,0.039661873
7272,0.058348488,0.018706504,0.039641984
7273,0.058315136,0.018693037,0.0396221
7274,0.058282897,0.018680753,0.039602146
7275,0.058250263,0.01866796,0.0395823
7276,0.058216557,0.018654129,0.039562427
7277,0.05818191,0.018639306,0.039542608
7278,0.05815001,0.018627193,0.039522815
7279,0.05811735,0.018614242,0.039503105
7280,0.058083907,0.0186005,0.039483406
7281,0.05805101,0.018587286,0.039463725
7282,0.058017936,0.018573938,0.039444
7283,0.057984848,0.018560559,0.03942429
7284,0.057952255,0.018547622,0.03940463
7285,0.05791965,0.018534675,0.039384976
7286,0.05788732,0.018521931,0.03936539
7287,0.057854097,0.018508308,0.03934579
7288,0.05782214,0.01849584,0.039326303
7289,0.05778961,0.018482845,0.039306764
7290,0.05775753,0.018470224,0.039287306
7291,0.057725165,0.018457275,0.03926789
7292,0.057694223,0.018445771,0.03924845
7293,0.05766241,0.018433345,0.039229065
7294,0.05762972,0.018420063,0.039209656
7295,0.057597052,0.01840679,0.039190263
7296,0.057563834,0.018392887,0.039170947
7297,0.057531875,0.018380249,0.039151628
7298,0.0575021,0.018369691,0.03913241
7299,0.057468694,0.018355519,0.039113175
7300,0.05743913,0.018345086,0.039094046
7301,0.057406705,0.018331774,0.03907493
7302,0.05737435,0.018318504,0.039055847
7303,0.05734285,0.018306075,0.039036777
7304,0.057311635,0.018293835,0.0390178
7305,0.057281014,0.018282214,0.038998798
7306,0.057247683,0.0182679,0.038979784
7307,0.057216685,0.018255888,0.0389608
7308,0.0571839,0.018242061,0.038941838
7309,0.057152033,0.01822913,0.038922902
7310,0.057119478,0.018215384,0.038904093
7311,0.057087492,0.018202234,0.03888526
7312,0.05705736,0.018190911,0.03886645
7313,0.05702549,0.018177852,0.038847636
7314,0.05699471,0.018165907,0.0388288
7315,0.056963466,0.018153356,0.038810108
7316,0.05693229,0.018140871,0.038791418
7317,0.056900416,0.018127678,0.03877274
7318,0.05686861,0.01811454,0.03875407
7319,0.056836527,0.018101135,0.038735393
7320,0.056806587,0.01808984,0.038716745
7321,0.05677365,0.018075578,0.038698073
7322,0.05674155,0.018062023,0.03867953
7323,0.056710996,0.018049998,0.038661
7324,0.05667992,0.018037513,0.038642406
7325,0.05664951,0.018025598,0.03862391
7326,0.056618672,0.018013237,0.038605437
7327,0.056587886,0.018000884,0.038587004
7328,0.056556832,0.017988188,0.038568646
7329,0.056525618,0.017975295,0.03855032
7330,0.05649526,0.017963322,0.03853194
7331,0.05646419,0.017950594,0.038513597
7332,0.056432616,0.017937314,0.038495302
7333,0.056401845,0.017924815,0.03847703
7334,0.05637005,0.017911257,0.038458794
7335,0.056339666,0.017899081,0.038440585
7336,0.056311157,0.017888786,0.03842237
7337,0.056279838,0.017875575,0.038404264
7338,0.056249287,0.017863203,0.038386084
7339,0.056218516,0.01785055,0.038367968
7340,0.056187272,0.017837405,0.038349867
7341,0.05615649,0.017824749,0.038331743
7342,0.056126066,0.017812375,0.03831369
7343,0.056095645,0.017799927,0.038295716
7344,0.056064874,0.01778716,0.03827771
7345,0.056034338,0.017774567,0.03825977
7346,0.05600492,0.017763134,0.038241785
7347,0.05597436,0.01775047,0.038223892
7348,0.055943295,0.017737264,0.038206033
7349,0.055913907,0.017725658,0.03818825
7350,0.05588371,0.017713318,0.038170394
7351,0.055853236,0.017700702,0.038152535
7352,0.055822805,0.017688137,0.038134668
7353,0.055794228,0.017677352,0.038116876
7354,0.05576504,0.01766598,0.03809906
7355,0.05573476,0.017653428,0.038081333
7356,0.05570586,0.017642323,0.038063537
7357,0.05567619,0.017630434,0.038045753
7358,0.055646922,0.01761891,0.038028013
7359,0.05561611,0.017605808,0.038010303
7360,0.055586684,0.017594012,0.037992675
7361,0.055557087,0.017582064,0.037975024
7362,0.055526473,0.017569013,0.03795746
7363,0.055496488,0.017556578,0.03793991
7364,0.055467457,0.017545074,0.037922382
7365,0.055436276,0.017531374,0.037904903
7366,0.05540659,0.017519217,0.037887372
7367,0.055376396,0.017506398,0.037869997
7368,0.05534703,0.017494433,0.037852596
7369,0.055317037,0.017481819,0.037835218
7370,0.05528817,0.017470371,0.0378178
7371,0.055259667,0.017459234,0.037800435
7372,0.05523031,0.017447283,0.037783023
7373,0.05520042,0.017434724,0.037765697
7374,0.055171937,0.017423587,0.037748348
7375,0.055142608,0.01741163,0.037730977
7376,0.055112176,0.017398518,0.037713658
7377,0.055083506,0.017387172,0.03769633
7378,0.05505333,0.017374286,0.037679043
7379,0.05502301,0.017361155,0.037661854
7380,0.054993395,0.017348694,0.0376447
7381,0.054962486,0.017334947,0.03762754
7382,0.05493499,0.017324528,0.037610464
7383,0.05490632,0.017313024,0.037593294
7384,0.05487754,0.01730124,0.0375763
7385,0.054847587,0.017288292,0.037559293
7386,0.054819204,0.017276922,0.03754228
7387,0.05479124,0.017265871,0.037525367
7388,0.054762285,0.01725392,0.037508365
7389,0.054731246,0.017239887,0.03749136
7390,0.054702632,0.017228207,0.037474424
7391,0.05467469,0.01721722,0.03745747
7392,0.05464556,0.017204957,0.037440605
7393,0.05461654,0.017192852,0.03742369
7394,0.054588225,0.017181488,0.037406735
7395,0.05455981,0.017169917,0.03738989
7396,0.05453035,0.017157298,0.03737305
7397,0.05450082,0.017144462,0.037356358
7398,0.0544716,0.017132003,0.037339598
7399,0.05444299,0.017120074,0.037322916
7400,0.05441428,0.017108,0.03730628
7401,0.054385573,0.017095868,0.037289705
7402,0.054357804,0.017084664,0.03727314
7403,0.054329317,0.017072748,0.03725657
7404,0.054301653,0.017061675,0.03723998
7405,0.05427387,0.01705046,0.03722341
7406,0.05424506,0.017038183,0.037206873
7407,0.05421564,0.017025372,0.03719027
7408,0.054187253,0.017013522,0.03717373
7409,0.05415802,0.017000917,0.037157103
7410,0.054130595,0.016990047,0.03714055
7411,0.054101907,0.016977884,0.037124023
7412,0.054074045,0.01696655,0.037107497
7413,0.054046568,0.016955571,0.037090994
7414,0.05401785,0.016943298,0.03707455
7415,0.0539888,0.016930612,0.037058186
7416,0.053962458,0.01692061,0.037041847
7417,0.053933855,0.016908312,0.03702554
7418,0.05390596,0.016896678,0.037009284
7419,0.053878248,0.016885184,0.036993064
7420,0.053849015,0.016872205,0.03697681
7421,0.05382108,0.016860517,0.036960565
7422,0.053792853,0.016848575,0.036944278
7423,0.05376522,0.016837211,0.036928006
7424,0.053737465,0.016825676,0.03691179
7425,0.053711753,0.016816156,0.036895595
7426,0.053684086,0.016804686,0.036879398
7427,0.05365643,0.01679318,0.03686325
7428,0.05362952,0.016782396,0.036847126
7429,0.05360148,0.016770454,0.03683103
7430,0.05357377,0.01675873,0.036815036
7431,0.05354634,0.016747264,0.036799073
7432,0.053519122,0.016736066,0.036783054
7433,0.053491782,0.016724747,0.036767036
7434,0.053464264,0.016713254,0.03675101
7435,0.05343585,0.016700901,0.03673495
7436,0.05340823,0.016689312,0.03671892
7437,0.05338142,0.016678512,0.03670291
7438,0.05335336,0.01666649,0.03668687
7439,0.053325918,0.016655013,0.036670905
7440,0.05329895,0.016643997,0.036654953
7441,0.053270034,0.016630976,0.036639057
7442,0.053245023,0.016621815,0.03662321
7443,0.053217076,0.016609583,0.036607493
7444,0.053189646,0.01659783,0.036591817
7445,0.053162627,0.0165865,0.03657613
7446,0.053133436,0.016572988,0.03656045
7447,0.053106192,0.016561415,0.036544777
7448,0.053079475,0.016550334,0.036529142
7449,0.053052295,0.016538791,0.036513504
7450,0.053025417,0.016527563,0.036497854
7451,0.05299843,0.016516216,0.036482215
7452,0.05297292,0.016506378,0.036466543
7453,0.052944154,0.01649323,0.036450926
7454,0.052915517,0.016480207,0.03643531
7455,0.05288798,0.016468192,0.036419787
7456,0.05286149,0.016457267,0.036404222
7457,0.0528348,0.016446048,0.03638875
7458,0.052809164,0.016435836,0.03637333
7459,0.05278155,0.016423572,0.036357976
7460,0.052755322,0.016412677,0.036342643
7461,0.052728456,0.01640108,0.036327373
7462,0.052701987,0.016389959,0.03631203
7463,0.05267558,0.016378868,0.03629671
7464,0.052647978,0.016366618,0.036281362
7465,0.052621134,0.01635518,0.036265954
7466,0.052595828,0.016345283,0.036250543
7467,0.052569043,0.01633392,0.036235124
7468,0.05254243,0.0163227,0.03621973
7469,0.052516278,0.016311938,0.036204338
7470,0.052489687,0.016300697,0.03618899
7471,0.05246215,0.016288467,0.036173683
7472,0.052436024,0.016277568,0.036158457
7473,0.0524103,0.016266998,0.036143303
7474,0.05238186,0.016253708,0.03612815
7475,0.052355785,0.016242772,0.036113013
7476,0.05233045,0.0162325,0.036097948
7477,0.052305736,0.016222822,0.036082916
7478,0.05227983,0.016211975,0.036067855
7479,0.052253403,0.016200576,0.036052827
7480,0.052227058,0.016189199,0.03603786
7481,0.052200716,0.016177898,0.036022816
7482,0.05217434,0.016166525,0.036007814
7483,0.052147683,0.01615482,0.03599286
7484,0.05212173,0.016143851,0.035977878
7485,0.052094944,0.016131962,0.03596298
7486,0.052070167,0.01612212,0.03594805
7487,0.052043617,0.016110448,0.03593317
7488,0.052016936,0.016098619,0.035918318
7489,0.051990196,0.016086778,0.035903417
7490,0.05196638,0.016077803,0.035888575
7491,0.051939957,0.01606623,0.035873726
7492,0.05191515,0.016056268,0.03585888
7493,0.051888276,0.016044203,0.035844073
7494,0.051862523,0.016033318,0.035829205
7495,0.051837325,0.016022934,0.03581439
7496,0.051811058,0.016011465,0.035799593
7497,0.05178585,0.016000971,0.035784878
7498,0.05176074,0.015990594,0.035770148
7499,0.05173453,0.01597901,0.03575552
7500,0.051709656,0.015968828,0.03574083
7501,0.051684335,0.015958115,0.03572622
7502,0.051659387,0.015947806,0.035711583
7503,0.051633492,0.015936544,0.035696946
7504,0.05160822,0.015925873,0.035682347
7505,0.051582128,0.015914366,0.035667762
7506,0.051555537,0.015902335,0.035653204
7507,0.05153129,0.01589267,0.03563862
7508,0.051503543,0.015879499,0.035624042
7509,0.05147894,0.015869524,0.035609417
7510,0.051453244,0.015858393,0.03559485
7511,0.05142813,0.01584781,0.035580322
7512,0.051402777,0.015837004,0.03556577
7513,0.051378082,0.015826829,0.035551254
7514,0.05135341,0.015816573,0.035536837
7515,0.05132802,0.015805587,0.03552243
7516,0.051302206,0.015794067,0.03550814
7517,0.05127748,0.015783597,0.035493884
7518,0.0512518,0.015772171,0.035479628
7519,0.051227394,0.015762001,0.035465393
7520,0.05120185,0.015750695,0.035451155
7521,0.051177103,0.015740188,0.035436913
7522,0.05115067,0.015727995,0.03542267
7523,0.051124863,0.015716463,0.0354084
7524,0.051099975,0.015705857,0.035394117
7525,0.051073916,0.015694095,0.035379823
7526,0.051049914,0.015684377,0.035365537
7527,0.05102384,0.015672628,0.035351213
7528,0.05099983,0.015662923,0.035336908
7529,0.050975017,0.015652442,0.035322577
7530,0.0509486,0.015640294,0.035308305
7531,0.050923828,0.015629744,0.035294086
7532,0.050899114,0.01561926,0.035279855
7533,0.050873555,0.015607792,0.035265762
7534,0.050849225,0.015597532,0.035251692
7535,0.05082342,0.015585781,0.03523764
7536,0.050799225,0.01557565,0.035223573
7537,0.05077412,0.015564577,0.035209544
7538,0.050749917,0.015554344,0.03519557
7539,0.050725747,0.015544165,0.035181582
7540,0.05070198,0.015534322,0.035167657
7541,0.05067703,0.015523347,0.035153683
7542,0.050654326,0.015514613,0.035139713
7543,0.050628122,0.015502366,0.035125755
7544,0.050602555,0.015490746,0.03511181
7545,0.050578468,0.015480564,0.035097905
7546,0.050555144,0.015471204,0.03508394
7547,0.050532725,0.015462725,0.03507
7548,0.05050795,0.015451842,0.03505611
7549,0.050483547,0.015441346,0.0350422
7550,0.050458755,0.015430394,0.03502836
7551,0.05043489,0.015420352,0.03501454
7552,0.05040988,0.015409056,0.035000823
7553,0.050385308,0.015398145,0.034987163
7554,0.050360784,0.015387249,0.034973536
7555,0.0503381,0.015378159,0.034959942
7556,0.050313752,0.015367387,0.034946367
7557,0.05028939,0.015356609,0.03493278
7558,0.050264027,0.015344755,0.034919273
7559,0.05024032,0.015334601,0.03490572
7560,0.05021629,0.0153241595,0.03489213
7561,0.05019127,0.015312687,0.03487858
7562,0.05016739,0.015302424,0.034864966
7563,0.050142553,0.015291236,0.034851316
7564,0.05011939,0.015281716,0.03483767
7565,0.05009638,0.015272365,0.034824017
7566,0.05007092,0.015260529,0.03481039
7567,0.050046552,0.015249713,0.034796838
7568,0.05002314,0.015239917,0.03478322
7569,0.049999,0.015229288,0.03476971
7570,0.049974464,0.015218221,0.034756243
7571,0.04995214,0.015209342,0.034742795
7572,0.04992632,0.015196979,0.03472934
7573,0.049904484,0.015188555,0.034715928
7574,0.049880974,0.015178459,0.034702517
7575,0.04985703,0.015167901,0.03468913
7576,0.04983401,0.015158221,0.034675788
7577,0.04980977,0.015147323,0.034662448
7578,0.0497858,0.015136646,0.034649156
7579,0.049761556,0.015125704,0.034635853
7580,0.04973613,0.015113552,0.03462258
7581,0.049712945,0.01510362,0.034609325
7582,0.049690444,0.015094388,0.034596056
7583,0.049666286,0.015083402,0.034582883
7584,0.049642984,0.015073341,0.034569643
7585,0.049619388,0.015062967,0.034556422
7586,0.049596347,0.015053143,0.034543205
7587,0.04957417,0.015044138,0.034530032
7588,0.0495506,0.015033711,0.03451689
7589,0.049528327,0.015024612,0.034503713
7590,0.049504604,0.015014039,0.034490567
7591,0.04948058,0.015003146,0.034477435
7592,0.049457084,0.014992755,0.03446433
7593,0.04943483,0.014983569,0.03445126
7594,0.04941159,0.0149734365,0.034438156
7595,0.049387705,0.014962639,0.034425065
7596,0.049364503,0.014952516,0.03441199
7597,0.049340665,0.01494172,0.034398943
7598,0.049317714,0.014931759,0.034385957
7599,0.049293913,0.01492093,0.03437298
7600,0.049270727,0.014910725,0.034360003
7601,0.04924763,0.014900588,0.034347042
7602,0.049224973,0.014890897,0.034334075
7603,0.049200796,0.014879685,0.03432111
7604,0.04917812,0.014869921,0.0343082
7605,0.04915526,0.014860027,0.034295235
7606,0.04913243,0.014850105,0.034282323
7607,0.04910925,0.014839854,0.034269396
7608,0.049086086,0.014829539,0.034256548
7609,0.049062155,0.014818469,0.034243688
7610,0.049039517,0.014808691,0.034230825
7611,0.04901621,0.014798287,0.034217924
7612,0.048992883,0.014787802,0.034205083
7613,0.048969477,0.014777238,0.03419224
7614,0.048947223,0.014767805,0.03417942
7615,0.048924394,0.0147577915,0.0341666
7616,0.048901133,0.014747359,0.034153774
7617,0.048878066,0.014737096,0.03414097
7618,0.04885653,0.014728286,0.034128245
7619,0.048833422,0.014717918,0.034115504
7620,0.048810713,0.014707901,0.034102812
7621,0.048789077,0.014698937,0.03409014
7622,0.048766587,0.014689077,0.03407751
7623,0.048744068,0.014679189,0.034064878
7624,0.048722778,0.014670562,0.034052216
7625,0.048699312,0.014659777,0.034039535
7626,0.048677094,0.0146501865,0.03402691
7627,0.04865506,0.014640777,0.03401428
7628,0.048633642,0.014631997,0.034001645
7629,0.04861063,0.014621558,0.033989076
7630,0.048588574,0.014612022,0.03397655
7631,0.048565425,0.014601477,0.03396395
7632,0.04854314,0.014591743,0.033951398
7633,0.048521914,0.014583007,0.033938907
7634,0.048498128,0.014571717,0.03392641
7635,0.04847678,0.0145628285,0.033913955
7636,0.048452597,0.014551096,0.0339015
7637,0.04843175,0.014542635,0.033889115
7638,0.04840961,0.014532892,0.03387672
7639,0.04838807,0.01452374,0.03386433
7640,0.04836535,0.0145133715,0.03385198
7641,0.048343338,0.014503742,0.033839595
7642,0.048321333,0.014494068,0.033827264
7643,0.048298396,0.014483395,0.033815
7644,0.048276544,0.014473869,0.033802673
7645,0.048254002,0.014463628,0.033790372
7646,0.048231967,0.014453859,0.03377811
7647,0.04820936,0.014443525,0.033765838
7648,0.048186146,0.014432573,0.033753574
7649,0.04816401,0.014422665,0.033741344
7650,0.048142515,0.014413461,0.033729054
7651,0.04812024,0.014403453,0.03371679
7652,0.048098605,0.014393973,0.03370463
7653,0.048074946,0.014382511,0.033692434
7654,0.048053525,0.01437329,0.033680234
7655,0.04803244,0.014364462,0.033667978
7656,0.048009958,0.014354132,0.033655826
7657,0.047988757,0.014345143,0.033643615
7658,0.04796618,0.014334739,0.03363144
7659,0.04794453,0.014325291,0.03361924
7660,0.047922354,0.014315245,0.03360711
7661,0.04790051,0.014305547,0.033594962
7662,0.04787863,0.014295764,0.033582866
7663,0.047857158,0.014286285,0.03357087
7664,0.04783661,0.014277759,0.03355885
7665,0.047814365,0.014267532,0.03354683
7666,0.047792133,0.014257336,0.0335348
7667,0.047770843,0.014248015,0.03352283
7668,0.047750767,0.014239933,0.033510834
7669,0.04772876,0.014229899,0.03349886
7670,0.04770733,0.01422043,0.033486903
7671,0.04768599,0.014211104,0.033474885
7672,0.047663588,0.0142005915,0.033462998
7673,0.047642898,0.014191827,0.03345107
7674,0.047622442,0.014183289,0.033439152
7675,0.047599614,0.014172339,0.033427276
7676,0.04757944,0.014164022,0.033415418
7677,0.04755691,0.014153322,0.033403587
7678,0.047535416,0.014143705,0.03339171
7679,0.047514446,0.014134566,0.03337988
7680,0.047492612,0.014124565,0.033368047
7681,0.04747146,0.014115158,0.0333563
7682,0.047450624,0.014106195,0.03334443
7683,0.047428425,0.014095818,0.03333261
7684,0.047406428,0.014085578,0.033320848
7685,0.047384653,0.0140755195,0.033309136
7686,0.047363944,0.014066588,0.033297356
7687,0.047341086,0.014055478,0.033285607
7688,0.047320586,0.014046734,0.033273853
7689,0.047299385,0.014037258,0.033262126
7690,0.047278214,0.014027819,0.033250395
7691,0.047256727,0.014018043,0.033238683
7692,0.047235686,0.014008705,0.03322698
7693,0.047214705,0.013999428,0.033215277
7694,0.047194906,0.013991306,0.033203598
7695,0.04717366,0.01398165,0.03319201
7696,0.04715305,0.013972719,0.03318033
7697,0.047130972,0.013962286,0.033168685
7698,0.047109913,0.013952845,0.03315707
7699,0.047089074,0.013943598,0.033145476
7700,0.047069106,0.013935239,0.033133868
7701,0.047047123,0.013924835,0.03312229
7702,0.047026914,0.013916156,0.033110756
7703,0.04700677,0.013907534,0.033099238
7704,0.046984956,0.01389724,0.033087716
7705,0.046964318,0.0138881365,0.033076182
7706,0.046943113,0.01387844,0.033064675
7707,0.04692047,0.013867326,0.033053145
7708,0.04690041,0.013858809,0.0330416
7709,0.04687985,0.01384973,0.033030123
7710,0.046858642,0.013839904,0.033018738
7711,0.04683894,0.013831687,0.033007253
7712,0.046818808,0.013822939,0.03299587
7713,0.04679765,0.013813128,0.032984525
7714,0.046777915,0.0138046825,0.032973234
7715,0.046757225,0.013795317,0.03296191
7716,0.04673578,0.013785183,0.032950595
7717,0.046715353,0.013776036,0.032939315
7718,0.046695277,0.013767274,0.032928005
7719,0.046674855,0.013758215,0.03291664
7720,0.046654426,0.013749114,0.03290531
7721,0.0466341,0.013740105,0.032893997
7722,0.046613887,0.013731303,0.032882586
7723,0.046593834,0.013722593,0.03287124
7724,0.046573065,0.013713208,0.032859858
7725,0.046552487,0.013703945,0.03284854
7726,0.046530362,0.013693126,0.032837234
7727,0.046508364,0.013682423,0.032825943
7728,0.046489064,0.01367439,0.032814674
7729,0.046469115,0.013665574,0.03280354
7730,0.04644786,0.013655491,0.032792367
7731,0.046428,0.013646693,0.032781307
7732,0.04640797,0.013637779,0.032770194
7733,0.04638753,0.01362834,0.03275919
7734,0.04636757,0.013619402,0.032748166
7735,0.046347875,0.013610759,0.032737117
7736,0.04632796,0.013601946,0.032726016
7737,0.04630733,0.013592514,0.032714814
7738,0.046286646,0.013582955,0.03270369
7739,0.046266437,0.013573915,0.03269252
7740,0.046246402,0.013565015,0.032681387
7741,0.046226878,0.013556656,0.032670222
7742,0.046207197,0.013548107,0.03265909
7743,0.046186373,0.013538316,0.032648057
7744,0.04616576,0.0135287745,0.032636985
7745,0.046146795,0.013520843,0.03262595
7746,0.04612595,0.013511016,0.03261493
7747,0.046105806,0.013501883,0.032603923
7748,0.046085224,0.013492286,0.032592937
7749,0.046066754,0.013484768,0.032581985
7750,0.046046432,0.013475338,0.032571092
7751,0.046026602,0.013466382,0.03256022
7752,0.046006143,0.013456834,0.03254931
7753,0.045985445,0.01344701,0.032538436
7754,0.045966487,0.0134389,0.03252759
7755,0.045945905,0.013429193,0.032516714
7756,0.045926437,0.013420594,0.032505844
7757,0.04590718,0.013412245,0.032494936
7758,0.04588742,0.013403329,0.03248409
7759,0.045867555,0.013394305,0.03247325
7760,0.045848288,0.0133858705,0.032462418
7761,0.04582872,0.013377126,0.032451592
7762,0.045808367,0.01336758,0.032440785
7763,0.04578863,0.013358689,0.03242994
7764,0.045769423,0.013350248,0.032419175
7765,0.0457501,0.013341648,0.032408454
7766,0.045729805,0.013332131,0.032397673
7767,0.04570938,0.013322387,0.032386992
7768,0.045690514,0.013314193,0.03237632
7769,0.045671917,0.013306253,0.032365665
7770,0.045651518,0.01329652,0.032354996
7771,0.04563175,0.013287427,0.032344323
7772,0.04561152,0.0132778715,0.03233365
7773,0.045591194,0.013268153,0.03232304
7774,0.045573212,0.013260866,0.032312345
7775,0.045553215,0.013251484,0.03230173
7776,0.045533642,0.013242544,0.0322911
7777,0.04551399,0.013233474,0.032280516
7778,0.04549514,0.0132252695,0.032269873
7779,0.045473978,0.01321469,0.03225929
7780,0.045455243,0.013206581,0.032248665
7781,0.045435876,0.013197784,0.032238092
7782,0.045415338,0.013187865,0.032227475
7783,0.04539612,0.013179197,0.03221692
7784,0.045377206,0.01317083,0.032206375
7785,0.045358222,0.013162407,0.032195814
7786,0.045339074,0.013153727,0.032185346
7787,0.04531915,0.01314434,0.03217481
7788,0.04530015,0.01313583,0.03216432
7789,0.04528142,0.013127631,0.03215379
7790,0.04526132,0.013117987,0.032143332
7791,0.045242276,0.013109389,0.032132886
7792,0.045223445,0.013101003,0.03212244
7793,0.045203816,0.013091794,0.03211202
7794,0.045185484,0.013083903,0.032101583
7795,0.045165777,0.013074572,0.032091204
7796,0.04514658,0.013065728,0.03208085
7797,0.04512798,0.013057551,0.032070428
7798,0.04510747,0.013047413,0.032060057
7799,0.04508838,0.013038679,0.0320497
7800,0.04507026,0.013030976,0.032039285
7801,0.04505008,0.0130211115,0.03202897
7802,0.045031644,0.0130130425,0.032018602
7803,0.045012645,0.013004409,0.032008234
7804,0.044993892,0.012996002,0.03199789
7805,0.044974577,0.012986938,0.031987637
7806,0.04495438,0.012977045,0.031977333
7807,0.04493668,0.012969605,0.031967074
7808,0.044916973,0.012960153,0.031956818
7809,0.044898544,0.012952049,0.031946495
7810,0.044880047,0.0129438285,0.03193622
7811,0.044861473,0.012935512,0.03192596
7812,0.044842698,0.012927019,0.03191568
7813,0.044824973,0.012919539,0.031905435
7814,0.044806566,0.012911427,0.03189514
7815,0.044788238,0.012903343,0.031884894
7816,0.04476947,0.0128948055,0.031874664
7817,0.044749696,0.012885246,0.03186445
7818,0.044730987,0.012876727,0.03185426
7819,0.04471193,0.01286784,0.03184409
7820,0.04469331,0.012859421,0.03183389
7821,0.044674408,0.012850644,0.03182376
7822,0.044656117,0.01284252,0.031813595
7823,0.0446383,0.012834871,0.031803425
7824,0.04462026,0.012826903,0.031793356
7825,0.04460077,0.012817545,0.031783227
7826,0.04458237,0.012809258,0.031773113
7827,0.044564765,0.012801661,0.031763103
7828,0.044545047,0.01279195,0.031753097
7829,0.044527303,0.012784216,0.031743087
7830,0.044507787,0.012774686,0.0317331
7831,0.044490762,0.01276769,0.03172307
7832,0.044472363,0.012759184,0.031713177
7833,0.044453513,0.012750267,0.031703245
7834,0.044434488,0.012741185,0.031693302
7835,0.04441754,0.012734213,0.03168333
7836,0.044399295,0.012725899,0.031673394
7837,0.04438046,0.012717011,0.031663448
7838,0.04436239,0.01270887,0.03165352
7839,0.044344366,0.012700746,0.031643618
7840,0.044325043,0.01269139,0.031633653
7841,0.04430639,0.012682625,0.031623766
7842,0.044288017,0.012674127,0.03161389
7843,0.0442693,0.012665278,0.03160402
7844,0.044250645,0.012656516,0.031594127
7845,0.044232175,0.01264792,0.031584255
7846,0.044214156,0.012639758,0.0315744
7847,0.044194918,0.012630405,0.03156451
7848,0.044176362,0.012621691,0.03155467
7849,0.04415861,0.012613735,0.031544875
7850,0.044140242,0.012605221,0.031535022
7851,0.0441228,0.012597544,0.031525258
7852,0.044104684,0.012589195,0.03151549
7853,0.044085596,0.012579881,0.031505715
7854,0.04406735,0.01257145,0.0314959
7855,0.044050533,0.012564418,0.031486116
7856,0.04403248,0.012556161,0.03147632
7857,0.044013254,0.012546708,0.031466547
7858,0.04399542,0.012538656,0.031456765
7859,0.043977942,0.012530896,0.031447046
7860,0.043959934,0.012522668,0.031437267
7861,0.043942362,0.012514751,0.03142761
7862,0.043924544,0.01250664,0.031417903
7863,0.043905996,0.012497788,0.031408206
7864,0.043886695,0.012488186,0.03139851
7865,0.043869082,0.0124802245,0.031388856
7866,0.043851096,0.012471951,0.031379145
7867,0.043834306,0.012464829,0.031369478
7868,0.04381633,0.012456467,0.031359866
7869,0.043798544,0.012448292,0.03135025
7870,0.043779764,0.012439115,0.03134065
7871,0.043762185,0.012431162,0.03133102
7872,0.04374422,0.012422726,0.031321496
7873,0.04372799,0.012416124,0.031311866
7874,0.04370955,0.012407208,0.031302344
7875,0.043691766,0.012398975,0.03129279
7876,0.04367338,0.012390161,0.031283222
7877,0.04365726,0.012383526,0.031273734
7878,0.043639913,0.012375714,0.0312642
7879,0.043622583,0.012367931,0.031254653
7880,0.04360451,0.012359405,0.031245107
7881,0.043586407,0.012350857,0.031235548
7882,0.043569118,0.012343133,0.031225985
7883,0.0435517,0.0123352455,0.031216452
7884,0.043534607,0.012327711,0.031206895
7885,0.043516748,0.012319367,0.031197378
7886,0.043498706,0.012310822,0.031187883
7887,0.04348171,0.012303299,0.031178413
7888,0.043463416,0.012294469,0.031168949
7889,0.04344606,0.012286586,0.031159475
7890,0.043428153,0.012278138,0.031150017
7891,0.04341122,0.012270574,0.031140648
7892,0.043394055,0.012262806,0.031131249
7893,0.04337625,0.012254364,0.031121885
7894,0.04335936,0.012246862,0.0311125
7895,0.04334086,0.012237701,0.03110316
7896,0.04332421,0.012230432,0.031093778
7897,0.043305606,0.012221152,0.031084454
7898,0.043287996,0.012212885,0.03107511
7899,0.043271247,0.0122054415,0.031065805
7900,0.043253306,0.01219676,0.031056548
7901,0.043235626,0.012188378,0.03104725
7902,0.043217946,0.012179969,0.031037975
7903,0.043201454,0.012172784,0.03102867
7904,0.043184105,0.012164784,0.031019323
7905,0.043167185,0.012157146,0.03101004
7906,0.04314958,0.012148888,0.031000692
7907,0.043133106,0.012141668,0.030991437
7908,0.04311648,0.012134326,0.030982153
7909,0.043098286,0.012125422,0.030972863
7910,0.043080993,0.012117362,0.030963631
7911,0.043063745,0.012109345,0.030954398
7912,0.04304711,0.012101912,0.030945199
7913,0.043030348,0.012094329,0.03093602
7914,0.043013126,0.012086299,0.030926825
7915,0.042995926,0.012078302,0.030917622
7916,0.04297868,0.012070258,0.030908423
7917,0.0429614,0.012062131,0.03089927
7918,0.042944666,0.012054557,0.030890109
7919,0.04292714,0.012046222,0.030880917
7920,0.04290989,0.012038197,0.030871691
7921,0.04289328,0.012030736,0.030862542
7922,0.042876948,0.012023541,0.030853406
7923,0.042860772,0.01201648,0.030844294
7924,0.042843286,0.01200817,0.030835118
7925,0.04282429,0.011998276,0.030826015
7926,0.042808525,0.011991599,0.030816928
7927,0.04279169,0.011983803,0.030807886
7928,0.042774606,0.011975788,0.03079882
7929,0.04275771,0.011967991,0.030789718
7930,0.042740688,0.011960064,0.030780625
7931,0.04272348,0.01195204,0.03077144
7932,0.04270581,0.011943513,0.0307623
7933,0.042689815,0.0119366525,0.030753162
7934,0.042673513,0.011929506,0.030744007
7935,0.042656094,0.011921184,0.030734908
7936,0.04263873,0.0119127985,0.030725934
7937,0.042621516,0.011904562,0.030716954
7938,0.042604826,0.011896856,0.030707972
7939,0.042588092,0.011889037,0.030699058
7940,0.04257146,0.0118812965,0.030690162
7941,0.042555474,0.011874209,0.030681264
7942,0.042538792,0.011866424,0.03067237
7943,0.042521354,0.011857879,0.030663475
7944,0.042504348,0.011849856,0.030654492
7945,0.042487435,0.011841904,0.030645533
7946,0.042469956,0.011833302,0.030636653
7947,0.04245324,0.011825488,0.030627752
7948,0.04243729,0.011818472,0.030618818
7949,0.042421434,0.011811552,0.030609883
7950,0.04240381,0.011802838,0.030600972
7951,0.04238746,0.011795307,0.030592151
7952,0.042371374,0.011788083,0.03058329
7953,0.042355146,0.011780665,0.030574482
7954,0.042336952,0.011771351,0.0305656
7955,0.042321276,0.011764486,0.03055679
7956,0.042305097,0.011757187,0.030547911
7957,0.042288452,0.011749329,0.030539123
7958,0.0422709,0.011740574,0.030530324
7959,0.042255,0.01173351,0.03052149
7960,0.042238306,0.011725637,0.030512668
7961,0.042222463,0.011718531,0.03050393
7962,0.042206284,0.011711153,0.030495131
7963,0.042189065,0.011702757,0.03048631
7964,0.04217267,0.011695104,0.030477569
7965,0.042157017,0.011688213,0.030468803
7966,0.042139884,0.011679788,0.030460095
7967,0.042124193,0.011672751,0.030451441
7968,0.04210727,0.011664502,0.030442767
7969,0.042091183,0.0116571,0.030434081
7970,0.042076137,0.011650731,0.030425405
7971,0.04205904,0.011642305,0.030416738
7972,0.04204313,0.011635098,0.030408032
7973,0.042026576,0.011627259,0.030399317
7974,0.042010304,0.011619749,0.030390555
7975,0.041994765,0.011612945,0.030381821
7976,0.0419783,0.0116051715,0.030373128
7977,0.04196115,0.011596727,0.030364422
7978,0.041945037,0.011589295,0.03035574
7979,0.041928776,0.0115816835,0.030347094
7980,0.041913215,0.011574752,0.030338464
7981,0.041895814,0.011565921,0.030329894
7982,0.04188003,0.011558688,0.030321341
7983,0.04186378,0.011551022,0.03031276
7984,0.041848265,0.01154408,0.030304182
7985,0.04183208,0.011536454,0.030295625
7986,0.041816253,0.011529082,0.03028717
7987,0.041799933,0.011521308,0.030278625
7988,0.04178379,0.011513691,0.0302701
7989,0.041768048,0.011506479,0.030261569
7990,0.04175156,0.011498493,0.030253068
7991,0.04173597,0.011491441,0.030244527
7992,0.041719448,0.011483418,0.030236028
7993,0.041703522,0.01147601,0.030227514
7994,0.041687448,0.01146842,0.030219028
7995,0.041672204,0.011461626,0.030210579
7996,0.041656904,0.011454786,0.030202119
7997,0.04164054,0.011446852,0.030193686
7998,0.04162465,0.011439351,0.030185297
7999,0.04160858,0.011431722,0.030176856
8000,0.041592423,0.011423957,0.030168468
8001,0.041576803,0.011416746,0.030160055
8002,0.041561596,0.011409912,0.030151684
8003,0.0415455,0.01140228,0.03014322
8004,0.041529763,0.011394967,0.030134795
8005,0.04151451,0.011388181,0.030126328
8006,0.04149981,0.011381916,0.030117892
8007,0.04148264,0.011373183,0.030109454
8008,0.041465953,0.011364945,0.030101009
8009,0.04145105,0.01135848,0.030092573
8010,0.041435678,0.011351486,0.03008419
8011,0.041419916,0.011344051,0.030075865
8012,0.041404027,0.011336526,0.030067502
8013,0.041388128,0.011328994,0.030059135
8014,0.041372735,0.011321903,0.030050833
8015,0.041356865,0.01131429,0.030042574
8016,0.041341696,0.0113073215,0.030034373
8017,0.041325405,0.011299267,0.030026138
8018,0.041309252,0.011291398,0.030017855
8019,0.041294478,0.01128485,0.030009627
8020,0.041278347,0.011276921,0.030001426
8021,0.041261736,0.01126856,0.029993176
8022,0.04124709,0.011262182,0.029984906
8023,0.041231237,0.011254614,0.029976621
8024,0.041215863,0.011247498,0.029968364
8025,0.041200127,0.011240014,0.029960115
8026,0.04118463,0.011232743,0.029951889
8027,0.04116885,0.011225192,0.029943656
8028,0.04115334,0.011217971,0.029935371
8029,0.041137453,0.011210257,0.029927196
8030,0.041121926,0.011202958,0.029918967
8031,0.041107424,0.011196646,0.029910779
8032,0.04109143,0.011188867,0.029902562
8033,0.041075636,0.011181259,0.029894378
8034,0.04106023,0.011174041,0.029886192
8035,0.04104476,0.011166718,0.029878043
8036,0.04102904,0.011159194,0.029869845
8037,0.041014012,0.011152391,0.02986162
8038,0.04099796,0.0111445375,0.02985342
8039,0.040983003,0.011137765,0.029845238
8040,0.04096795,0.011130862,0.029837089
8041,0.0409532,0.011124319,0.029828882
8042,0.04093734,0.011116571,0.029820772
8043,0.040922586,0.011109976,0.029812608
8044,0.040907033,0.0111024715,0.02980456
8045,0.04089292,0.011096458,0.029796463
8046,0.040877655,0.01108927,0.029788386
8047,0.04086285,0.011082515,0.029780336
8048,0.040847454,0.0110752,0.029772254
8049,0.040831186,0.011067028,0.029764157
8050,0.04081701,0.011060966,0.029756045
8051,0.040801696,0.011053752,0.029747944
8052,0.04078685,0.011047009,0.02973984
8053,0.04077187,0.011040107,0.029731765
8054,0.04075551,0.011031825,0.029723685
8055,0.040740527,0.011024846,0.02971568
8056,0.040725507,0.0110178385,0.029707668
8057,0.040710144,0.011010445,0.029699698
8058,0.04069532,0.011003565,0.029691756
8059,0.040679537,0.010995754,0.029683784
8060,0.040664997,0.010989104,0.029675893
8061,0.04065006,0.010982115,0.029667946
8062,0.04063413,0.010974085,0.029660046
8063,0.040618997,0.0109668635,0.029652134
8064,0.040603336,0.010959136,0.0296442
8065,0.040589195,0.010952921,0.029636273
8066,0.040574472,0.010946155,0.029628318
8067,0.04055987,0.010939537,0.02962033
8068,0.040544722,0.010932381,0.02961234
8069,0.040528934,0.010924552,0.029604381
8070,0.040514078,0.010917614,0.029596463
8071,0.040498637,0.010910073,0.029588563
8072,0.040483356,0.010902623,0.029580735
8073,0.04046745,0.01089451,0.029572938
8074,0.040453214,0.010888033,0.029565182
8075,0.040438537,0.010881172,0.029557364
8076,0.040424302,0.0108747175,0.029549584
8077,0.040409002,0.010867261,0.02954174
8078,0.040394377,0.010860505,0.029533872
8079,0.040379908,0.010853973,0.029525934
8080,0.04036557,0.010847535,0.029518034
8081,0.040349785,0.010839619,0.029510165
8082,0.04033491,0.010832606,0.029502306
8083,0.04032053,0.010826089,0.029494442
8084,0.040304575,0.01081794,0.029486634
8085,0.040290333,0.01081157,0.029478762
8086,0.04027567,0.010804702,0.02947097
8087,0.040260017,0.010796855,0.02946316
8088,0.040245455,0.010790133,0.029455323
8089,0.040231515,0.010783986,0.029447528
8090,0.040216975,0.010777206,0.02943977
8091,0.04020278,0.010770815,0.029431967
8092,0.040187597,0.010763378,0.029424218
8093,0.040173396,0.010756906,0.02941649
8094,0.04015916,0.010750397,0.02940876
8095,0.040144704,0.01074366,0.029401045
8096,0.040128358,0.010735048,0.02939331
8097,0.040114574,0.010728998,0.029385576
8098,0.04009952,0.010721672,0.02937785
8099,0.040086832,0.010716756,0.029370075
8100,0.040072322,0.0107099265,0.029362395
8101,0.04005604,0.0107013695,0.02935467
8102,0.040041573,0.010694548,0.029347025
8103,0.04002743,0.010688065,0.029339366
8104,0.04001306,0.010681356,0.029331703
8105,0.03999852,0.010674376,0.029324146
8106,0.03998389,0.010667363,0.029316528
8107,0.039968915,0.010659965,0.029308952
8108,0.03995473,0.010653309,0.02930142
8109,0.039939474,0.010645654,0.02929382
8110,0.03992414,0.01063789,0.02928625
8111,0.039909326,0.010630721,0.029278604
8112,0.03989537,0.010624356,0.029271014
8113,0.03988058,0.010617174,0.029263409
8114,0.039866857,0.010611102,0.029255755
8115,0.039851837,0.010603719,0.029248117
8116,0.03983782,0.0105973175,0.0292405
8117,0.039824717,0.0105917975,0.02923292
8118,0.039810125,0.010584823,0.029225301
8119,0.03979623,0.010578486,0.029217744
8120,0.039781347,0.010571128,0.02921022
8121,0.039766874,0.010564209,0.029202666
8122,0.039752286,0.010557186,0.029195098
8123,0.039738607,0.010551096,0.029187512
8124,0.039723556,0.010543599,0.029179959
8125,0.0397096,0.010537243,0.029172359
8126,0.039695673,0.010530848,0.029164825
8127,0.03968203,0.010524763,0.02915727
8128,0.039668046,0.010518276,0.02914977
8129,0.03965417,0.010511882,0.029142287
8130,0.039640106,0.010505243,0.029134862
8131,0.03962518,0.010497755,0.029127425
8132,0.03961158,0.010491539,0.029120043
8133,0.039597783,0.010485095,0.029112687
8134,0.039584324,0.010479042,0.029105281
8135,0.039570212,0.010472322,0.02909789
8136,0.0395554,0.01046488,0.029090522
8137,0.03954122,0.010458118,0.029083101
8138,0.039526854,0.010451202,0.02907565
8139,0.03951345,0.0104452465,0.029068204
8140,0.039499223,0.010438426,0.029060796
8141,0.039484944,0.010431538,0.029053405
8142,0.039470132,0.010424141,0.029045992
8143,0.039456066,0.010417467,0.029038597
8144,0.039441947,0.010410653,0.029031292
8145,0.03942827,0.010404316,0.029023955
8146,0.03941397,0.010397331,0.02901664
8147,0.039399993,0.010390701,0.02900929
8148,0.03938586,0.010383932,0.029001927
8149,0.039371382,0.010376855,0.028994529
8150,0.03935652,0.010369397,0.02898712
8151,0.03934367,0.010363901,0.028979769
8152,0.039329924,0.010357544,0.028972382
8153,0.039315753,0.010350733,0.02896502
8154,0.039302774,0.010345085,0.02895769
8155,0.039288316,0.010338057,0.028950257
8156,0.039274476,0.010331585,0.028942892
8157,0.039259885,0.010324315,0.02893557
8158,0.039245594,0.010317342,0.028928254
8159,0.03923197,0.010311053,0.028920917
8160,0.039217997,0.010304395,0.028913602
8161,0.03920584,0.010299487,0.028906355
8162,0.039192267,0.010293132,0.028899135
8163,0.039177854,0.010286022,0.02889183
8164,0.039163455,0.010278848,0.028884606
8165,0.039150357,0.0102729695,0.028877389
8166,0.039135993,0.010265881,0.028870111
8167,0.039121773,0.010258922,0.028862853
8168,0.039109062,0.010253477,0.028855585
8169,0.03909573,0.010247459,0.028848272
8170,0.03908067,0.010239664,0.028841004
8171,0.039066702,0.010232914,0.02883379
8172,0.0390541,0.010227543,0.028826557
8173,0.039040614,0.010221275,0.028819337
8174,0.039026648,0.010214518,0.028812129
8175,0.039013185,0.010208278,0.028804908
8176,0.038999695,0.010202017,0.028797677
8177,0.038986444,0.010195941,0.028790502
8178,0.03897154,0.010188245,0.028783293
8179,0.038958713,0.010182637,0.028776078
8180,0.038944013,0.010175082,0.02876893
8181,0.038930032,0.0101682525,0.02876178
8182,0.038916297,0.010161724,0.028754573
8183,0.03890335,0.010155873,0.028747477
8184,0.038889363,0.010149057,0.028740305
8185,0.038875144,0.0101420125,0.028733132
8186,0.03886125,0.010135251,0.028725997
8187,0.03884782,0.0101289125,0.028718907
8188,0.038833957,0.010122175,0.02871178
8189,0.038820118,0.0101153925,0.028704727
8190,0.03880712,0.01010944,0.028697679
8191,0.03879359,0.010103022,0.028690567
8192,0.038779337,0.010095836,0.028683502
8193,0.0387666,0.0100901965,0.028676406
8194,0.038752478,0.010083147,0.028669331
8195,0.038739108,0.010076789,0.028662318
8196,0.038726572,0.010071352,0.028655222
8197,0.038713053,0.010064844,0.028648209
8198,0.038699497,0.01005832,0.028641175
8199,0.038685434,0.010051293,0.028634142
8200,0.038672954,0.010045834,0.02862712
8201,0.038659595,0.010039556,0.028620038
8202,0.03864564,0.010032624,0.028613016
8203,0.038633633,0.010027635,0.028606
8204,0.03862006,0.010021103,0.028598955
8205,0.038607452,0.010015511,0.02859194
8206,0.038592733,0.010007829,0.028584905
8207,0.03857951,0.010001595,0.028577913
8208,0.038565584,0.009994657,0.028570926
8209,0.03855242,0.0099884635,0.028563954
8210,0.03854,0.009983019,0.02855698
8211,0.03852687,0.00997686,0.02855001
8212,0.038512886,0.009969841,0.028543046
8213,0.038499814,0.009963723,0.02853609
8214,0.03848652,0.009957311,0.02852921
8215,0.038473174,0.0099508595,0.028522315
8216,0.038459245,0.009943803,0.028515441
8217,0.038446274,0.009937769,0.028508507
8218,0.038432784,0.00993121,0.028501576
8219,0.038419545,0.0099249035,0.028494641
8220,0.03840656,0.009918856,0.028487701
8221,0.038394235,0.009913454,0.028480783
8222,0.038381137,0.009907241,0.028473897
8223,0.038367942,0.009900998,0.028466946
8224,0.03835471,0.009894624,0.028460087
8225,0.038341716,0.009888478,0.028453238
8226,0.03832816,0.009881849,0.028446311
8227,0.0383153,0.009875894,0.028439404
8228,0.03830287,0.00987034,0.02843253
8229,0.03828923,0.00986361,0.028425619
8230,0.03827568,0.009856991,0.028418692
8231,0.03826359,0.009851807,0.028411781
8232,0.03825042,0.009845493,0.028404927
8233,0.038236886,0.009838844,0.028398043
8234,0.03822391,0.009832688,0.028391223
8235,0.0382112,0.009826824,0.028384376
8236,0.038197145,0.009819649,0.028377496
8237,0.038183942,0.009813229,0.028370714
8238,0.038170837,0.009806995,0.02836384
8239,0.03815799,0.009801,0.028356988
8240,0.038144816,0.009794689,0.028350126
8241,0.03813275,0.009789472,0.028343279
8242,0.038118713,0.009782234,0.028336477
8243,0.03810601,0.009776324,0.028329685
8244,0.03809297,0.009770131,0.02832284
8245,0.03808007,0.009763985,0.028316086
8246,0.038067944,0.00975859,0.028309355
8247,0.03805415,0.009751589,0.02830256
8248,0.038040914,0.009745084,0.02829583
8249,0.038027998,0.00973892,0.02828908
8250,0.038015608,0.009733301,0.028282307
8251,0.03800227,0.009726729,0.028275542
8252,0.037988734,0.009719911,0.028268822
8253,0.037976343,0.0097143,0.028262045
8254,0.037963897,0.009708541,0.028255355
8255,0.0379505,0.009701866,0.028248634
8256,0.037937883,0.009695956,0.028241927
8257,0.037925445,0.009690194,0.028235251
8258,0.037912156,0.009683519,0.028228639
8259,0.03789959,0.009677651,0.028221939
8260,0.037886575,0.009671338,0.028215235
8261,0.037874103,0.009665513,0.02820859
8262,0.037861835,0.009659941,0.028201893
8263,0.037848573,0.009653385,0.028195187
8264,0.03783589,0.009647401,0.02818849
8265,0.03782366,0.00964189,0.028181767
8266,0.037810627,0.009635528,0.028175099
8267,0.03779854,0.009630085,0.028168455
8268,0.03778604,0.009624217,0.028161822
8269,0.037773207,0.009618027,0.02815518
8270,0.03776089,0.009612343,0.028148547
8271,0.037748378,0.0096064005,0.028141977
8272,0.037735593,0.009600146,0.028135447
8273,0.03772329,0.009594375,0.028128916
8274,0.037710775,0.009588501,0.028122272
8275,0.037697837,0.009582123,0.028115712
8276,0.037684742,0.009575588,0.028109156
8277,0.03767225,0.009569689,0.028102562
8278,0.03765924,0.009563277,0.028095962
8279,0.03764661,0.009557213,0.028089397
8280,0.0376347,0.009551849,0.028082853
8281,0.037620727,0.009544412,0.028076317
8282,0.037608474,0.009538705,0.028069768
8283,0.037595432,0.00953223,0.028063202
8284,0.037582744,0.009526129,0.028056616
8285,0.037570555,0.009520512,0.028050043
8286,0.03755796,0.009514451,0.028043509
8287,0.037545256,0.009508318,0.028036937
8288,0.03753232,0.009501933,0.028030384
8289,0.037519112,0.0094953,0.028023813
8290,0.03750687,0.0094895745,0.028017297
8291,0.037495445,0.00948466,0.028010787
8292,0.037483428,0.009479166,0.02800426
8293,0.037470065,0.009472339,0.027997727
8294,0.037457105,0.009465927,0.027991176
8295,0.03744565,0.009460985,0.027984664
8296,0.037433412,0.009455274,0.027978137
8297,0.037420817,0.009449162,0.027971653
8298,0.037408993,0.00944376,0.02796523
8299,0.03739684,0.00943806,0.027958779
8300,0.03738447,0.009432145,0.027952323
8301,0.03737131,0.009425462,0.027945848
8302,0.037358552,0.009419172,0.027939381
8303,0.037346303,0.00941337,0.027932933
8304,0.03733431,0.009407822,0.02792649
8305,0.037321962,0.009401961,0.027920002
8306,0.037309922,0.009396345,0.027913578
8307,0.03729751,0.0093903495,0.02790716
8308,0.037285533,0.009384754,0.02790078
8309,0.037273403,0.00937908,0.027894324
8310,0.037261188,0.00937323,0.027887959
8311,0.03724885,0.009367247,0.027881604
8312,0.037236743,0.009361465,0.027875276
8313,0.037224464,0.00935554,0.027868925
8314,0.037211776,0.009349263,0.027862512
8315,0.037200414,0.009344295,0.02785612
8316,0.037187975,0.009338257,0.027849719
8317,0.037175726,0.009332431,0.027843295
8318,0.037163354,0.0093265,0.027836854
8319,0.03715124,0.00932086,0.02783038
8320,0.0371393,0.00931534,0.027823962
8321,0.037127,0.009309444,0.027817555
8322,0.037114855,0.009303675,0.027811179
8323,0.03710358,0.009298861,0.027804717
8324,0.03709103,0.0092926705,0.027798362
8325,0.037078675,0.009286699,0.027791975
8326,0.03706644,0.0092808,0.02778564
8327,0.03705437,0.009275031,0.027779339
8328,0.037041754,0.009268715,0.02777304
8329,0.03703001,0.009263246,0.027766764
8330,0.037017573,0.009257094,0.02776048
8331,0.037005603,0.009251329,0.027754273
8332,0.036994755,0.009246691,0.027748065
8333,0.036982473,0.009240648,0.027741825
8334,0.03696923,0.009233613,0.027735617
8335,0.036957614,0.009228248,0.027729366
8336,0.036945626,0.009222501,0.027723124
8337,0.036932956,0.009216087,0.027716868
8338,0.03692139,0.009210814,0.027710576
8339,0.036910664,0.009206412,0.027704254
8340,0.03689915,0.009201166,0.027697982
8341,0.03688699,0.00919532,0.027691668
8342,0.036874898,0.009189531,0.027685367
8343,0.03686244,0.009183355,0.027679086
8344,0.036850993,0.00917817,0.027672822
8345,0.036839135,0.009172555,0.02766658
8346,0.03682667,0.009166306,0.027660364
8347,0.036814835,0.009160709,0.027654126
8348,0.036803987,0.009156077,0.02764791
8349,0.036791313,0.009149599,0.027641715
8350,0.036779243,0.009143806,0.027635437
8351,0.03676723,0.009138042,0.02762919
8352,0.036755763,0.009132798,0.027622964
8353,0.03674445,0.00912769,0.027616758
8354,0.036731895,0.00912133,0.027610565
8355,0.036720574,0.009116184,0.027604392
8356,0.036708392,0.0091101285,0.027598264
8357,0.036695708,0.009103593,0.027592113
8358,0.03668436,0.009098368,0.027585993
8359,0.03667177,0.009091905,0.027579863
8360,0.036660172,0.009086396,0.027573776
8361,0.03664931,0.00908168,0.027567627
8362,0.036636677,0.009075169,0.027561508
8363,0.03662426,0.009068865,0.027555395
8364,0.03661291,0.009063664,0.027549244
8365,0.03660129,0.009058216,0.027543075
8366,0.0365894,0.009052504,0.027536893
8367,0.036577556,0.00904684,0.027530715
8368,0.036565598,0.00904107,0.027524529
8369,0.036553822,0.009035402,0.02751842
8370,0.036541868,0.0090295905,0.027512277
8371,0.03652949,0.00902325,0.027506238
8372,0.036518022,0.009017829,0.027500195
8373,0.036506552,0.009012445,0.027494108
8374,0.03649546,0.009007406,0.027488051
8375,0.036482885,0.009000941,0.027481945
8376,0.036471777,0.008995898,0.027475879
8377,0.036460362,0.008990542,0.027469821
8378,0.036449198,0.008985441,0.027463757
8379,0.036437605,0.00897992,0.027457686
8380,0.036425874,0.0089742765,0.027451597
8381,0.036414903,0.008969324,0.027445579
8382,0.036403265,0.008963763,0.027439503
8383,0.03639143,0.008958043,0.027433386
8384,0.036379453,0.008952136,0.027427316
8385,0.0363679,0.008946678,0.027421225
8386,0.03635697,0.008941804,0.027415168
8387,0.03634544,0.008936318,0.027409125
8388,0.03633385,0.008930743,0.02740311
8389,0.036322445,0.008925295,0.02739715
8390,0.036310926,0.008919764,0.027391164
8391,0.03629922,0.008914044,0.027385177
8392,0.03628699,0.008907749,0.02737924
8393,0.036275517,0.008902302,0.027373213
8394,0.036264587,0.008897323,0.027367262
8395,0.03625289,0.008891634,0.027361255
8396,0.036241803,0.0088865245,0.02735528
8397,0.03623014,0.008880892,0.027349249
8398,0.036219437,0.008876256,0.02734318
8399,0.03620716,0.008869967,0.027337195
8400,0.036195695,0.008864464,0.027331231
8401,0.036183473,0.008858176,0.027325295
8402,0.03617225,0.008852887,0.027319362
8403,0.036160283,0.008846813,0.027313469
8404,0.036148578,0.008840984,0.027307594
8405,0.036136936,0.008835307,0.027301628
8406,0.0361257,0.008830017,0.027295684
8407,0.03611486,0.008825182,0.027289677
8408,0.036103494,0.008819809,0.027283683
8409,0.036092125,0.008814502,0.027277622
8410,0.03608025,0.00880868,0.027271569
8411,0.036069486,0.008803936,0.02726555
8412,0.036057346,0.008797814,0.02725953
8413,0.03604644,0.008792901,0.02725354
8414,0.03603415,0.008786603,0.027247546
8415,0.03602307,0.008781498,0.02724157
8416,0.036012273,0.00877662,0.027235655
8417,0.03600073,0.0087710265,0.027229702
8418,0.035989918,0.008766084,0.027223833
8419,0.035978686,0.008760738,0.027217947
8420,0.035967372,0.0087553235,0.02721205
8421,0.035957012,0.008750893,0.027206117
8422,0.035945546,0.008745274,0.027200272
8423,0.035933748,0.008739416,0.027194332
8424,0.035922434,0.008733945,0.02718849
8425,0.03591057,0.008728001,0.02718257
8426,0.035899594,0.008722906,0.027176687
8427,0.03588884,0.008717962,0.027170878
8428,0.035877816,0.00871276,0.027165055
8429,0.03586675,0.008707492,0.027159255
8430,0.035855826,0.008702403,0.027153421
8431,0.035843816,0.008696206,0.02714761
8432,0.035832427,0.008690586,0.027141843
8433,0.035821017,0.00868496,0.027136056
8434,0.035810452,0.008680188,0.027130263
8435,0.0357989,0.008674512,0.02712439
8436,0.03578793,0.008669361,0.02711857
8437,0.035775654,0.008662958,0.027112696
8438,0.035765775,0.0086588375,0.027106939
8439,0.035753816,0.00865271,0.027101107
8440,0.035743184,0.008647852,0.027095333
8441,0.03573232,0.008642762,0.02708956
8442,0.035720695,0.008636917,0.027083777
8443,0.03571019,0.0086321235,0.027078066
8444,0.03569922,0.008626927,0.027072292
8445,0.03568811,0.008621624,0.027066484
8446,0.035677034,0.008616295,0.027060738
8447,0.035665944,0.008611049,0.027054897
8448,0.03565521,0.008606129,0.027049081
8449,0.035643823,0.00860059,0.027043235
8450,0.035632335,0.008594944,0.02703739
8451,0.035622288,0.008590711,0.027031578
8452,0.035611343,0.008585522,0.027025819
8453,0.03560013,0.008580086,0.027020045
8454,0.03558978,0.008575478,0.027014304
8455,0.035578217,0.0085696485,0.027008569
8456,0.035567146,0.008564266,0.027002878
8457,0.035555806,0.008558621,0.026997186
8458,0.035545185,0.0085536605,0.026991524
8459,0.035534646,0.008548804,0.026985843
8460,0.03552321,0.008543,0.02698021
8461,0.03551219,0.008537586,0.026974604
8462,0.035500664,0.008531736,0.026968928
8463,0.03549028,0.008526977,0.0269633
8464,0.03547947,0.008521785,0.026957685
8465,0.035468105,0.008516111,0.026951993
8466,0.035457008,0.008510624,0.026946384
8467,0.035446454,0.00850572,0.026940735
8468,0.035435688,0.008500599,0.02693509
8469,0.03542508,0.008495706,0.026929377
8470,0.035414584,0.008490875,0.02692371
8471,0.03540291,0.008484879,0.026918031
8472,0.035393637,0.008481298,0.02691234
8473,0.035382625,0.0084759295,0.026906697
8474,0.035371795,0.0084706955,0.0269011
8475,0.035360463,0.008464951,0.026895514
8476,0.03534825,0.008458398,0.026889855
8477,0.035338618,0.008454412,0.026884208
8478,0.03532761,0.008449058,0.02687855
8479,0.035316136,0.00844333,0.026872806
8480,0.035305686,0.0084385285,0.026867157
8481,0.035295315,0.008433868,0.026861446
8482,0.03528457,0.008428759,0.026855811
8483,0.035273466,0.008423265,0.0268502
8484,0.03526217,0.008417575,0.026844596
8485,0.03525126,0.008412218,0.026839042
8486,0.0352416,0.008408121,0.02683348
8487,0.035229895,0.00840199,0.026827905
8488,0.03521937,0.008397057,0.026822314
8489,0.035209514,0.008392756,0.02681676
8490,0.0351987,0.0083875265,0.026811173
8491,0.03518817,0.008382612,0.026805555
8492,0.035178132,0.008378191,0.026799941
8493,0.03516686,0.008372559,0.0267943
8494,0.035156608,0.008367929,0.02678868
8495,0.03514529,0.008362218,0.026783073
8496,0.035135563,0.0083581265,0.026777435
8497,0.035125308,0.008353448,0.02677186
8498,0.035114072,0.0083477795,0.026766293
8499,0.03510396,0.008343231,0.026760729
8500,0.035092186,0.008337057,0.02675513
8501,0.035082456,0.008332883,0.026749574
8502,0.035071142,0.008327125,0.02674402
8503,0.035060648,0.008322163,0.026738483
8504,0.035050496,0.008317598,0.026732897
8505,0.03504066,0.008313281,0.026727378
8506,0.035029348,0.008307478,0.026721869
8507,0.0350191,0.0083027715,0.026716327
8508,0.03500881,0.008297891,0.02671092
8509,0.03499852,0.0082930885,0.026705435
8510,0.03498786,0.008287882,0.026699977
8511,0.03497712,0.008282583,0.026694536
8512,0.03496671,0.008277624,0.026689086
8513,0.03495573,0.0082720285,0.0266837
8514,0.03494485,0.008266569,0.026678283
8515,0.034934457,0.0082615875,0.026672868
8516,0.034924347,0.008256881,0.026667465
8517,0.034913067,0.00825102,0.026662046
8518,0.034903083,0.008246476,0.026656609
8519,0.034892775,0.00824162,0.026651153
8520,0.034882784,0.008237098,0.026645686
8521,0.03487225,0.008232044,0.026640203
8522,0.034861743,0.008227041,0.0266347
8523,0.034850888,0.008221628,0.02662926
8524,0.034840707,0.008216862,0.026623843
8525,0.034830015,0.008211604,0.026618412
8526,0.03481982,0.0082068425,0.026612978
8527,0.034809206,0.008201633,0.026607573
8528,0.034797825,0.0081956675,0.026602156
8529,0.03478787,0.008191127,0.026596744
8530,0.034777626,0.008186279,0.026591346
8531,0.03476662,0.008180732,0.026585888
8532,0.034755994,0.008175491,0.026580503
8533,0.034745794,0.008170706,0.026575089
8534,0.03473698,0.008167263,0.026569715
8535,0.034726545,0.008162306,0.02656424
8536,0.03471518,0.008156302,0.026558876
8537,0.034705,0.008151602,0.0265534
8538,0.03469419,0.008146205,0.026547985
8539,0.034684647,0.0081421565,0.02654249
8540,0.034673873,0.008136819,0.026537055
8541,0.03466283,0.00813127,0.02653156
8542,0.03465243,0.008126351,0.026526079
8543,0.034642093,0.00812151,0.026520584
8544,0.034632683,0.008117564,0.02651512
8545,0.034622353,0.008112676,0.026509676
8546,0.034611486,0.008107291,0.026504196
8547,0.03460162,0.00810281,0.026498811
8548,0.0345915,0.0080980705,0.02649343
8549,0.034582328,0.0080943005,0.026488028
8550,0.034571238,0.008088512,0.026482726
8551,0.03456098,0.008083594,0.026477385
8552,0.034550983,0.008078928,0.026472056
8553,0.034540482,0.008073687,0.026466796
8554,0.034529448,0.0080679525,0.026461493
8555,0.03451974,0.008063523,0.026456218
8556,0.034509167,0.0080583,0.026450867
8557,0.034499835,0.008054206,0.02644563
8558,0.03448895,0.008048612,0.026440337
8559,0.03447803,0.008042996,0.026435036
8560,0.034468766,0.008038978,0.026429787
8561,0.034458384,0.008033884,0.026424501
8562,0.034449384,0.008030109,0.026419275
8563,0.034439314,0.008025301,0.026414014
8564,0.034429003,0.0080202045,0.026408797
8565,0.034418885,0.008015319,0.026403565
8566,0.034408092,0.008009736,0.026398355
8567,0.034397863,0.008004731,0.026393132
8568,0.034388892,0.008001017,0.026387876
8569,0.03437853,0.007995946,0.02638258
8570,0.034368508,0.00799117,0.026377339
8571,0.03435774,0.007985708,0.026372034
8572,0.034347437,0.0079807,0.026366737
8573,0.034337334,0.0079759145,0.02636142
8574,0.034327168,0.007971016,0.026356153
8575,0.034317274,0.007966492,0.026350781
8576,0.034307383,0.007961877,0.026345508
8577,0.034296803,0.007956566,0.026340235
8578,0.034286734,0.007951843,0.026334891
8579,0.034277003,0.00794738,0.026329622
8580,0.034266748,0.007942408,0.02632434
8581,0.034256652,0.007937548,0.026319105
8582,0.034246556,0.00793269,0.026313866
8583,0.03423654,0.007927874,0.026308667
8584,0.03422652,0.0079230005,0.02630352
8585,0.034216538,0.007918168,0.026298368
8586,0.034206558,0.007913366,0.026293194
8587,0.034196932,0.007908911,0.026288021
8588,0.034186963,0.007904102,0.026282862
8589,0.034176722,0.007899055,0.026277669
8590,0.03416708,0.007894703,0.026272379
8591,0.034157094,0.0078899525,0.02626714
8592,0.034147225,0.007885251,0.026261976
8593,0.03413762,0.007880846,0.026256777
8594,0.034127753,0.007876186,0.026251566
8595,0.034117144,0.007870743,0.0262464
8596,0.03410733,0.00786609,0.026241243
8597,0.034097813,0.007861752,0.02623606
8598,0.03408756,0.007856699,0.026230862
8599,0.03407753,0.007851852,0.026225675
8600,0.034067765,0.007847293,0.026220473
8601,0.034057733,0.007842501,0.026215231
8602,0.034047984,0.007838026,0.026209956
8603,0.03403906,0.007834343,0.026204716
8604,0.034029055,0.007829552,0.026199503
8605,0.03401929,0.007824985,0.026194306
8606,0.034009196,0.007820073,0.026189122
8607,0.033998173,0.007814184,0.026183987
8608,0.03398896,0.0078100995,0.026178861
8609,0.033979334,0.0078054974,0.026173836
8610,0.033969704,0.0078009767,0.026168726
8611,0.03395883,0.007795197,0.026163632
8612,0.033949345,0.0077907764,0.02615857
8613,0.033939604,0.0077861254,0.026153479
8614,0.03392995,0.007781611,0.026148342
8615,0.03392031,0.007777078,0.02614323
8616,0.03391078,0.0077726985,0.026138084
8617,0.03390044,0.007767483,0.026132956
8618,0.033890385,0.0077625164,0.026127867
8619,0.033880852,0.0077581364,0.026122717
8620,0.03387116,0.007753532,0.026117628
8621,0.03386115,0.0077485936,0.026112556
8622,0.03385178,0.007744314,0.026107468
8623,0.033843573,0.007741166,0.026102409
8624,0.033833385,0.0077360715,0.026097313
8625,0.033824112,0.0077318572,0.026092255
8626,0.033814225,0.0077270637,0.026087163
8627,0.03380495,0.0077228015,0.026082149
8628,0.03379486,0.007717801,0.02607706
8629,0.033785038,0.007712985,0.026072051
8630,0.03377536,0.0077083567,0.026067004
8631,0.03376586,0.0077038975,0.026061963
8632,0.03375668,0.007699796,0.026056886
8633,0.033747885,0.007696078,0.026051808
8634,0.03373807,0.0076913754,0.026046695
8635,0.033728037,0.0076864273,0.026041608
8636,0.033718158,0.0076816096,0.02603655
8637,0.033708587,0.007677107,0.02603148
8638,0.033699133,0.007672684,0.02602645
8639,0.033689894,0.0076684896,0.026021402
8640,0.033680078,0.0076636747,0.026016405
8641,0.033670668,0.0076592877,0.02601138
8642,0.033660892,0.0076545356,0.026006356
8643,0.033650026,0.007648685,0.026001342
8644,0.033640966,0.007644638,0.02599633
8645,0.033630494,0.007639201,0.025991293
8646,0.033621278,0.007634998,0.02598628
8647,0.033611704,0.0076303626,0.02598134
8648,0.03360238,0.007626035,0.025976343
8649,0.03359263,0.0076212664,0.025971362
8650,0.033583723,0.0076172804,0.025966441
8651,0.033574056,0.0076125455,0.02596151
8652,0.033564404,0.0076078535,0.025956549
8653,0.033555806,0.0076041855,0.025951618
8654,0.03354496,0.0075983396,0.025946623
8655,0.033535637,0.0075939996,0.025941638
8656,0.03352574,0.0075891125,0.025936628
8657,0.033516288,0.0075847157,0.025931573
8658,0.033507407,0.0075808177,0.02592659
8659,0.03349791,0.007576293,0.025921619
8660,0.03348862,0.007571961,0.02591666
8661,0.0334784,0.007566668,0.025911732
8662,0.033468388,0.0075615663,0.02590682
8663,0.033458337,0.007556448,0.02590189
8664,0.033449974,0.007553026,0.025896948
8665,0.03344075,0.007548814,0.025891935
8666,0.033430886,0.007543948,0.025886936
8667,0.03342193,0.0075399727,0.025881957
8668,0.033412352,0.007535403,0.025876949
8669,0.033403337,0.007531381,0.025871957
8670,0.033394054,0.0075270887,0.025866963
8671,0.03338436,0.0075223637,0.025861995
8672,0.03337547,0.007518423,0.02585705
8673,0.033366438,0.00751436,0.025852077
8674,0.033356424,0.0075092698,0.025847156
8675,0.033346724,0.007504473,0.02584225
8676,0.03333793,0.007500597,0.02583733
8677,0.033328712,0.0074962545,0.025832457
8678,0.03332057,0.0074929968,0.025827572
8679,0.03331166,0.00748897,0.02582269
8680,0.033301476,0.0074836467,0.025817828
8681,0.03329211,0.007479122,0.02581299
8682,0.03328231,0.0074742227,0.025808087
8683,0.033272848,0.0074696317,0.025803218
8684,0.03326449,0.0074661765,0.025798315
8685,0.033254135,0.0074607106,0.025793426
8686,0.033244357,0.0074558104,0.025788547
8687,0.033235162,0.007451504,0.02578366
8688,0.03322539,0.0074466392,0.025778752
8689,0.03321641,0.007442525,0.025773883
8690,0.033207078,0.00743811,0.025768967
8691,0.03319822,0.0074341013,0.025764117
8692,0.033188842,0.007429612,0.025759231
8693,0.033179812,0.007425477,0.025754334
8694,0.033170104,0.007420615,0.02574949
8695,0.033160537,0.0074158786,0.025744658
8696,0.033151936,0.00741211,0.025739826
8697,0.033142712,0.0074077356,0.025734976
8698,0.033133607,0.0074033896,0.025730217
8699,0.03312473,0.007399307,0.025725424
8700,0.03311564,0.0073950347,0.025720606
8701,0.03310612,0.0073903697,0.02571575
8702,0.03309707,0.007386134,0.025710935
8703,0.033087797,0.007381673,0.025706124
8704,0.033078223,0.0073769167,0.025701307
8705,0.033068713,0.0073722135,0.025696497
8706,0.033059575,0.0073678764,0.025691697
8707,0.033050697,0.0073638456,0.025686853
8708,0.033041596,0.007359507,0.02568209
8709,0.03303282,0.007355534,0.025677286
8710,0.03302296,0.007350472,0.025672488
8711,0.033013977,0.007346272,0.025667705
8712,0.03300512,0.0073421677,0.02566295
8713,0.03299646,0.0073382272,0.025658235
8714,0.03298725,0.007333764,0.025653483
8715,0.03297782,0.00732909,0.025648728
8716,0.03296823,0.007324246,0.025643986
8717,0.03295911,0.0073199095,0.025639202
8718,0.032949753,0.007315342,0.02563441
8719,0.032941066,0.0073114648,0.025629602
8720,0.03293262,0.0073078726,0.025624746
8721,0.032923374,0.007303433,0.025619943
8722,0.03291429,0.007299136,0.025615154
8723,0.03290488,0.007294551,0.025610328
8724,0.032895923,0.0072904117,0.02560551
8725,0.032886527,0.007285761,0.025600765
8726,0.032877166,0.0072811674,0.025595998
8727,0.03286883,0.0072775506,0.025591277
8728,0.0328597,0.007273117,0.025586583
8729,0.03285051,0.0072686705,0.025581842
8730,0.032841694,0.007264602,0.02557709
8731,0.03283327,0.0072609326,0.025572337
8732,0.032824233,0.0072566685,0.025567565
8733,0.03281542,0.007252622,0.025562799
8734,0.03280604,0.0072480263,0.025558013
8735,0.032797247,0.0072439834,0.025553264
8736,0.032788273,0.007239715,0.025548559
8737,0.032779757,0.007235919,0.025543837
8738,0.03277007,0.0072309203,0.02553915
8739,0.032761462,0.0072270595,0.025534403
8740,0.032752287,0.0072225835,0.025529701
8741,0.032743204,0.007218222,0.025524983
8742,0.032734387,0.0072141187,0.025520267
8743,0.032725226,0.00720972,0.025515506
8744,0.03271595,0.0072050965,0.025510853
8745,0.0327071,0.007200889,0.02550621
8746,0.032698113,0.007196616,0.025501499
8747,0.03268979,0.0071929437,0.025496848
8748,0.032680932,0.00718869,0.025492242
8749,0.032672282,0.007184727,0.025487557
8750,0.032663833,0.007180946,0.025482887
8751,0.03265449,0.0071763066,0.025478184
8752,0.0326452,0.007171664,0.025473535
8753,0.03263616,0.007167342,0.025468817
8754,0.032627035,0.007162885,0.02546415
8755,0.03261792,0.0071584173,0.025459502
8756,0.032609176,0.007154272,0.025454905
8757,0.03260071,0.0071504447,0.025450263
8758,0.032591276,0.007145599,0.025445677
8759,0.03258234,0.0071412222,0.025441118
8760,0.03257395,0.0071374066,0.025436543
8761,0.032565214,0.007133273,0.02543194
8762,0.032556005,0.007128657,0.025427349
8763,0.032547172,0.0071244286,0.025422744
8764,0.032538265,0.007120195,0.02541807
8765,0.03252996,0.0071165613,0.025413401
8766,0.032520656,0.0071119335,0.02540872
8767,0.03251142,0.00710741,0.025404012
8768,0.03250279,0.007103451,0.025399338
8769,0.03249343,0.007098779,0.025394652
8770,0.03248502,0.007095014,0.025390005
8771,0.0324762,0.0070908703,0.02538533
8772,0.032467496,0.0070868344,0.02538066
8773,0.03245964,0.007083616,0.025376022
8774,0.032449976,0.007078537,0.025371438
8775,0.032441493,0.007074674,0.025366819
8776,0.032432623,0.0070704133,0.025362208
8777,0.032424096,0.0070664883,0.02535761
8778,0.032415442,0.0070624547,0.025352988
8779,0.032406237,0.0070578908,0.025348347
8780,0.032398015,0.0070542973,0.025343718
8781,0.0323889,0.0070498306,0.025339069
8782,0.032379556,0.0070451153,0.02533444
8783,0.03237165,0.00704183,0.025329823
8784,0.03236286,0.0070376443,0.025325214
8785,0.03235398,0.0070333113,0.025320668
8786,0.03234562,0.0070295697,0.02531605
8787,0.032336798,0.007025336,0.02531146
8788,0.032328133,0.007021294,0.025306838
8789,0.03231943,0.0070172013,0.02530223
8790,0.032310158,0.0070125326,0.025297627
8791,0.03230201,0.0070090094,0.025293002
8792,0.032293,0.007004527,0.025288472
8793,0.03228493,0.007001039,0.02528389
8794,0.0322764,0.006997056,0.025279345
8795,0.03226756,0.006992766,0.025274795
8796,0.0322594,0.006989144,0.025270257
8797,0.032250736,0.0069850623,0.025265675
8798,0.0322419,0.00698079,0.025261112
8799,0.03223301,0.0069764494,0.025256563
8800,0.032224208,0.006972187,0.025252022
8801,0.032216217,0.0069687534,0.025247464
8802,0.032207195,0.006964268,0.025242927
8803,0.032198902,0.006960475,0.025238428
8804,0.03219062,0.0069567543,0.025233867
8805,0.032182246,0.006952919,0.025229327
8806,0.032173794,0.006948994,0.0252248
8807,0.032165494,0.006945219,0.025220275
8808,0.032156564,0.0069407774,0.025215786
8809,0.0321482,0.0069368714,0.025211329
8810,0.03213956,0.0069326945,0.025206864
8811,0.03213094,0.0069285743,0.02520237
8812,0.03212217,0.006924256,0.025197914
8813,0.032114167,0.00692071,0.025193455
8814,0.0321058,0.006916861,0.025188938
8815,0.032096755,0.0069122887,0.025184467
8816,0.03208761,0.0069075916,0.025180016
8817,0.03207988,0.0069043566,0.025175523
8818,0.03207148,0.0069004465,0.025171034
8819,0.032062773,0.0068962118,0.02516656
8820,0.03205446,0.0068923845,0.025162077
8821,0.032045625,0.006888062,0.025157562
8822,0.03203739,0.0068843067,0.025153084
8823,0.03202893,0.0068803313,0.025148598
8824,0.03202017,0.006876069,0.0251441
8825,0.032012142,0.006872512,0.02513963
8826,0.032003682,0.0068684625,0.025135221
8827,0.031995453,0.006864675,0.025130777
8828,0.03198719,0.006860782,0.025126407
8829,0.03197803,0.0068560173,0.025122013
8830,0.03196899,0.006851333,0.025117654
8831,0.031960424,0.0068471953,0.025113227
8832,0.03195248,0.006843711,0.02510877
8833,0.031944275,0.006839982,0.025104294
8834,0.03193616,0.0068363915,0.02509977
8835,0.031928334,0.0068330956,0.02509524
8836,0.031920053,0.006829306,0.025090747
8837,0.031910915,0.0068246783,0.025086235
8838,0.031902548,0.0068207593,0.02508179
8839,0.031894244,0.0068169376,0.025077308
8840,0.031885535,0.006812698,0.025072837
8841,0.03187719,0.006808798,0.025068391
8842,0.031868488,0.0068045715,0.025063915
8843,0.03186047,0.0068010106,0.025059462
8844,0.031851847,0.0067968117,0.025055034
8845,0.03184343,0.0067928485,0.025050582
8846,0.031834103,0.0067880047,0.025046099
8847,0.031825926,0.0067842905,0.025041634
8848,0.031818215,0.006781077,0.025037138
8849,0.031809594,0.0067769135,0.025032682
8850,0.03180105,0.006772825,0.025028223
8851,0.031793445,0.0067696474,0.0250238
8852,0.031785235,0.0067658788,0.025019355
8853,0.031777423,0.006762482,0.025014939
8854,0.031769004,0.006758412,0.025010593
8855,0.031759933,0.006753749,0.025006184
8856,0.031751227,0.006749396,0.02500183
8857,0.031743843,0.0067463717,0.024997473
8858,0.031735048,0.0067419857,0.024993064
8859,0.031727012,0.006738278,0.024988735
8860,0.03171837,0.0067339865,0.024984382
8861,0.03170947,0.006729474,0.024979997
8862,0.03170162,0.0067259627,0.024975657
8863,0.03169322,0.0067219087,0.024971312
8864,0.031685054,0.006718079,0.024966974
8865,0.031676527,0.006713892,0.024962636
8866,0.031669453,0.0067111906,0.024958262
8867,0.031660955,0.0067070457,0.024953911
8868,0.03165225,0.0067026494,0.0249496
8869,0.031644467,0.006699232,0.024945237
8870,0.03163572,0.0066948207,0.0249409
8871,0.03162789,0.0066912733,0.024936616
8872,0.03162019,0.0066879145,0.024932276
8873,0.031611625,0.006683652,0.024927972
8874,0.031603023,0.0066793454,0.024923677
8875,0.031594418,0.0066750553,0.024919363
8876,0.031586148,0.0066711497,0.024914999
8877,0.03157837,0.006667766,0.024910605
8878,0.03157024,0.006664079,0.02490616
8879,0.031561863,0.006660115,0.024901746
8880,0.031553794,0.006656507,0.024897285
8881,0.03154603,0.0066531566,0.024892874
8882,0.031537883,0.0066493996,0.024888482
8883,0.03152984,0.0066457526,0.024884086
8884,0.031520814,0.006641019,0.024879795
8885,0.03151194,0.006636443,0.024875496
8886,0.031504255,0.0066330587,0.024871195
8887,0.031496488,0.0066295313,0.024866955
8888,0.03148843,0.006625718,0.024862712
8889,0.031480484,0.0066220723,0.02485841
8890,0.031472843,0.006618729,0.024854116
8891,0.03146519,0.0066153337,0.024849858
8892,0.031457376,0.006611851,0.024845524
8893,0.03144898,0.0066077653,0.024841214
8894,0.031440396,0.0066034608,0.024836935
8895,0.031431697,0.0065990807,0.024832617
8896,0.03142462,0.006596328,0.02482829
8897,0.0314159,0.0065917964,0.024824101
8898,0.031407814,0.0065879733,0.02481984
8899,0.03139951,0.00658401,0.024815502
8900,0.031390984,0.0065797544,0.02481123
8901,0.031382877,0.006575917,0.024806961
8902,0.03137572,0.006572993,0.024802728
8903,0.031367663,0.006569188,0.024798475
8904,0.031359565,0.0065653455,0.024794219
8905,0.031351846,0.00656189,0.024789955
8906,0.03134417,0.0065584765,0.024785696
8907,0.0313357,0.0065542674,0.024781432
8908,0.031327512,0.0065503046,0.02477721
8909,0.031319726,0.006546754,0.024772974
8910,0.03131202,0.006543284,0.024768734
8911,0.031304404,0.0065399115,0.024764493
8912,0.031295974,0.0065356595,0.024760315
8913,0.031288095,0.006532012,0.024756081
8914,0.03127966,0.0065278197,0.02475184
8915,0.031271502,0.006523883,0.02474762
8916,0.031264022,0.006520677,0.024743345
8917,0.03125592,0.0065168585,0.024739062
8918,0.031248437,0.0065135974,0.02473484
8919,0.031240074,0.0065094954,0.024730578
8920,0.031231942,0.006505585,0.024726357
8921,0.031223498,0.0065013757,0.024722122
8922,0.031215694,0.006497854,0.02471784
8923,0.031207668,0.00649404,0.024713628
8924,0.031200146,0.0064907772,0.02470937
8925,0.031192224,0.006487078,0.024705146
8926,0.031184493,0.006483564,0.024700928
8927,0.031176994,0.0064802715,0.024696723
8928,0.031168703,0.00647621,0.024692493
8929,0.031160371,0.006472097,0.024688276
8930,0.031152226,0.0064681903,0.024684036
8931,0.031144615,0.0064648082,0.024679808
8932,0.031136712,0.006461188,0.024675524
8933,0.031128332,0.006457069,0.024671264
8934,0.031119818,0.0064528175,0.024667
8935,0.031111447,0.006448723,0.024662724
8936,0.031103458,0.0064448966,0.02465856
8937,0.031096332,0.006442002,0.024654329
8938,0.03108805,0.0064378786,0.024650171
8939,0.031079954,0.006434004,0.02464595
8940,0.031072127,0.006430351,0.024641775
8941,0.03106382,0.006426237,0.024637582
8942,0.03105595,0.006422559,0.02463339
8943,0.03104807,0.006418923,0.024629148
8944,0.031040147,0.0064152107,0.024624936
8945,0.031032644,0.0064119054,0.024620738
8946,0.031025337,0.006408902,0.024616435
8947,0.031016864,0.0064046923,0.024612172
8948,0.031009594,0.006401725,0.024607869
8949,0.031001944,0.0063982797,0.024603665
8950,0.030994171,0.006394715,0.024599457
8951,0.030986851,0.006391583,0.024595268
8952,0.030978404,0.0063872184,0.024591185
8953,0.030970732,0.006383669,0.024587063
8954,0.03096315,0.006380175,0.024582976
8955,0.030955564,0.00637665,0.024578914
8956,0.030946923,0.0063720807,0.024574842
8957,0.030939035,0.00636826,0.024570774
8958,0.030931441,0.006364779,0.024566662
8959,0.030923534,0.006360928,0.024562607
8960,0.030915674,0.0063571916,0.024558483
8961,0.030907948,0.006353567,0.024554381
8962,0.030900026,0.006349774,0.024550252
8963,0.030892136,0.0063459673,0.024546169
8964,0.030884972,0.0063429223,0.024542049
8965,0.030876921,0.006338996,0.024537927
8966,0.030869134,0.0063353595,0.024533775
8967,0.03086193,0.0063323095,0.024529621
8968,0.030853633,0.0063281683,0.024525465
8969,0.030846085,0.0063247154,0.02452137
8970,0.030837657,0.0063204537,0.024517203
8971,0.030830454,0.006317415,0.02451304
8972,0.030822862,0.006313916,0.024508946
8973,0.030814765,0.0063099735,0.024504792
8974,0.030807253,0.0063066036,0.02450065
8975,0.030800031,0.006303501,0.024496531
8976,0.030792726,0.0063002994,0.024492426
8977,0.03078517,0.0062968465,0.024488322
8978,0.03077685,0.006292598,0.024484253
8979,0.030769601,0.006289463,0.024480138
8980,0.030762048,0.006286007,0.024476042
8981,0.030754497,0.0062825806,0.024471916
8982,0.030746685,0.0062789144,0.024467772
8983,0.030738235,0.0062746597,0.024463575
8984,0.030730512,0.0062710806,0.024459431
8985,0.030723404,0.0062681297,0.024455275
8986,0.030715654,0.006264502,0.024451151
8987,0.030706916,0.006259852,0.024447065
8988,0.030699499,0.0062564695,0.024443028
8989,0.030691957,0.0062529957,0.024438962
8990,0.030684426,0.006249503,0.024434924
8991,0.030677205,0.006246353,0.024430852
8992,0.030669065,0.0062422836,0.02442678
8993,0.030661304,0.0062385644,0.024422739
8994,0.030653967,0.006235329,0.024418637
8995,0.030645449,0.0062308637,0.024414584
8996,0.030637741,0.0062272274,0.024410514
8997,0.030630812,0.0062243845,0.024406428
8998,0.030622847,0.00622052,0.024402328
8999,0.030615142,0.0062168753,0.024398265
9000,0.030608183,0.00621401,0.024394173
9001,0.030601174,0.0062110606,0.024390113
9002,0.030592902,0.00620688,0.024386022
9003,0.030585438,0.006203468,0.02438197
9004,0.030577887,0.006199973,0.024377914
9005,0.030570177,0.0061962935,0.024373883
9006,0.030562516,0.0061926576,0.024369858
9007,0.03055475,0.0061889486,0.0243658
9008,0.030547349,0.0061856015,0.024361746
9009,0.030540103,0.0061824294,0.024357675
9010,0.030532075,0.0061784703,0.024353605
9011,0.030524787,0.006175249,0.024349539
9012,0.030517396,0.006171898,0.024345499
9013,0.030509965,0.00616849,0.024341475
9014,0.030501794,0.0061643315,0.024337463
9015,0.030495064,0.006161642,0.024333423
9016,0.030487258,0.00615782,0.024329439
9017,0.030480176,0.006154764,0.024325412
9018,0.030472573,0.006151204,0.024321368
9019,0.030464945,0.006147552,0.024317393
9020,0.030457363,0.0061440235,0.02431334
9021,0.030450098,0.006140755,0.024309343
9022,0.030442726,0.006137383,0.024305344
9023,0.030435694,0.006134344,0.02430135
9024,0.03042805,0.0061306944,0.024297355
9025,0.030420985,0.0061276364,0.024293348
9026,0.030413944,0.0061246227,0.024289321
9027,0.030405717,0.0061203986,0.024285318
9028,0.03039818,0.006116932,0.024281248
9029,0.030390983,0.006113711,0.024277272
9030,0.030383136,0.006109913,0.024273222
9031,0.030375903,0.006106669,0.024269234
9032,0.030367961,0.0061027375,0.024265224
9033,0.030360699,0.006099451,0.024261247
9034,0.030353157,0.006095872,0.024257286
9035,0.030345486,0.0060921293,0.024253357
9036,0.030338168,0.0060887844,0.024249384
9037,0.030330865,0.0060854936,0.02424537
9038,0.030323053,0.006081698,0.024241354
9039,0.030315725,0.0060783722,0.024237353
9040,0.030307991,0.006074682,0.02423331
9041,0.0303002,0.0060709724,0.024229227
9042,0.030292988,0.0060677854,0.024225201
9043,0.030285118,0.0060639186,0.024221199
9044,0.03027857,0.0060613365,0.024217233
9045,0.030271145,0.0060579614,0.024213184
9046,0.030263545,0.006054325,0.02420922
9047,0.030256394,0.0060511967,0.024205199
9048,0.030249296,0.006048064,0.024201231
9049,0.030241437,0.006044188,0.024197249
9050,0.030233573,0.006040261,0.024193313
9051,0.030226314,0.0060369065,0.024189407
9052,0.03021969,0.006034143,0.024185548
9053,0.030211877,0.0060301777,0.0241817
9054,0.03020421,0.0060263355,0.024177875
9055,0.030196808,0.0060228524,0.024173956
9056,0.03018959,0.0060195555,0.024170035
9057,0.030182682,0.006016592,0.02416609
9058,0.03017533,0.0060132253,0.024162104
9059,0.03016782,0.0060096136,0.024158206
9060,0.030160146,0.006005855,0.02415429
9061,0.03015292,0.006002514,0.024150407
9062,0.030145364,0.005998866,0.024146497
9063,0.030138409,0.005995754,0.024142655
9064,0.030131146,0.0059924074,0.02413874
9065,0.030123793,0.005989028,0.024134764
9066,0.030116254,0.005985441,0.024130814
9067,0.030109134,0.005982245,0.02412689
9068,0.030101571,0.005978654,0.024122916
9069,0.030094398,0.0059754374,0.02411896
9070,0.030087037,0.005971985,0.024115052
9071,0.030080236,0.0059691463,0.02411109
9072,0.03007268,0.005965433,0.024107246
9073,0.030065786,0.0059624272,0.024103358
9074,0.03005906,0.0059596025,0.024099458
9075,0.030051494,0.0059559,0.024095595
9076,0.030044222,0.0059524695,0.024091752
9077,0.030036885,0.0059489487,0.024087938
9078,0.03002949,0.005945448,0.024084043
9079,0.030021293,0.0059410934,0.0240802
9080,0.030014373,0.0059380326,0.02407634
9081,0.030007014,0.005934586,0.024072427
9082,0.03000041,0.0059318324,0.024068577
9083,0.029993318,0.005928674,0.024064643
9084,0.029986843,0.0059261513,0.024060693
9085,0.029979581,0.0059228325,0.02405675
9086,0.029971685,0.00591894,0.024052745
9087,0.029965136,0.0059164083,0.024048727
9088,0.029958116,0.0059132813,0.024044834
9089,0.029951112,0.0059101675,0.024040945
9090,0.0299434,0.0059063556,0.024037044
9091,0.029935967,0.005902734,0.024033234
9092,0.029928477,0.005899088,0.024029389
9093,0.029921547,0.0058959685,0.024025578
9094,0.029913742,0.005892023,0.024021719
9095,0.029906161,0.005888243,0.024017919
9096,0.029898588,0.0058844974,0.024014091
9097,0.029892165,0.0058818567,0.024010308
9098,0.02988552,0.005878976,0.024006544
9099,0.029878506,0.0058757686,0.024002738
9100,0.029871153,0.0058722473,0.023998905
9101,0.029864302,0.0058692023,0.0239951
9102,0.029857285,0.0058660437,0.023991242
9103,0.029849913,0.0058625937,0.02398732
9104,0.02984297,0.0058595007,0.023983471
9105,0.029835565,0.0058559394,0.023979627
9106,0.029828237,0.0058524646,0.023975773
9107,0.029821416,0.005849529,0.023971887
9108,0.02981416,0.0058460813,0.023968078
9109,0.029807026,0.0058428175,0.023964208
9110,0.029800225,0.0058398577,0.023960367
9111,0.029792482,0.0058359783,0.023956504
9112,0.02978544,0.005832862,0.023952577
9113,0.029779503,0.0058307657,0.023948736
9114,0.029771619,0.005826753,0.023944866
9115,0.029764095,0.0058230315,0.023941064
9116,0.029757338,0.0058201067,0.02393723
9117,0.029749865,0.0058164448,0.02393342
9118,0.02974242,0.005812831,0.023929588
9119,0.029735373,0.0058096033,0.02392577
9120,0.029728075,0.0058061327,0.023921942
9121,0.029721223,0.0058030756,0.023918146
9122,0.029714117,0.0057998304,0.023914287
9123,0.029707447,0.005797009,0.023910437
9124,0.029699791,0.0057931314,0.02390666
9125,0.029692747,0.0057899132,0.023902833
9126,0.02968525,0.0057862643,0.023898985
9127,0.029678151,0.0057830005,0.02389515
9128,0.029671526,0.0057802037,0.023891322
9129,0.029664034,0.0057765516,0.023887482
9130,0.029657234,0.005773556,0.023883678
9131,0.029650683,0.0057708407,0.023879841
9132,0.02964364,0.005767596,0.023876043
9133,0.029636491,0.005764229,0.023872262
9134,0.029629579,0.005761076,0.023868503
9135,0.029623002,0.0057581896,0.023864811
9136,0.02961583,0.005754737,0.023861093
9137,0.02960898,0.0057516317,0.023857348
9138,0.029601471,0.0057479385,0.023853533
9139,0.029594554,0.005744886,0.023849668
9140,0.029587619,0.005741775,0.023845844
9141,0.02958035,0.0057383557,0.023841994
9142,0.029573448,0.005735302,0.023838146
9143,0.02956662,0.005732287,0.023834333
9144,0.029559487,0.005728885,0.023830602
9145,0.029552784,0.005726,0.023826784
9146,0.029546455,0.005723434,0.023823021
9147,0.029539308,0.0057200547,0.023819253
9148,0.0295324,0.005716898,0.023815503
9149,0.029525869,0.005714129,0.023811739
9150,0.029518213,0.005710265,0.023807948
9151,0.02951096,0.0057067033,0.023804257
9152,0.029504934,0.005704428,0.023800507
9153,0.029497538,0.0057008015,0.023796737
9154,0.029490214,0.005697248,0.023792965
9155,0.029483046,0.005693803,0.023789244
9156,0.029475845,0.005690395,0.02378545
9157,0.029468924,0.0056871804,0.023781743
9158,0.029462352,0.0056842966,0.023778057
9159,0.029455638,0.0056813215,0.023774317
9160,0.029448977,0.0056783473,0.02377063
9161,0.029441608,0.005674647,0.023766961
9162,0.029434934,0.0056716846,0.02376325
9163,0.029427843,0.005668287,0.023759555
9164,0.029420745,0.00566494,0.023755806
9165,0.029414019,0.0056619314,0.023752088
9166,0.02940734,0.0056589516,0.023748387
9167,0.029400561,0.005655913,0.023744648
9168,0.029394174,0.0056532356,0.023740938
9169,0.029387204,0.0056500025,0.023737201
9170,0.02938045,0.0056469943,0.023733456
9171,0.029373894,0.0056442227,0.02372967
9172,0.029366361,0.005640453,0.023725908
9173,0.029360337,0.005638208,0.023722129
9174,0.029354053,0.0056356387,0.023718415
9175,0.029346785,0.005632097,0.023714688
9176,0.029339295,0.0056283064,0.023710988
9177,0.029332146,0.005624874,0.023707272
9178,0.02932511,0.0056215515,0.023703558
9179,0.029318476,0.0056186114,0.023699865
9180,0.029311022,0.005614863,0.023696158
9181,0.02930446,0.0056119966,0.023692463
9182,0.029297378,0.0056086467,0.023688732
9183,0.02929092,0.005605935,0.023684984
9184,0.029283721,0.0056024394,0.023681281
9185,0.029277146,0.0055996333,0.023677513
9186,0.02926985,0.005596061,0.02367379
9187,0.029263167,0.0055930843,0.023670083
9188,0.02925625,0.0055898856,0.023666365
9189,0.029249256,0.005586565,0.023662692
9190,0.029242976,0.0055839014,0.023659075
9191,0.029236399,0.005581018,0.023655381
9192,0.029229036,0.0055773547,0.023651682
9193,0.029222358,0.005574378,0.023647979
9194,0.02921487,0.0055705695,0.0236443
9195,0.029208468,0.0055678235,0.023640644
9196,0.029201483,0.005564553,0.02363693
9197,0.029195167,0.005561968,0.023633199
9198,0.02918791,0.0055584,0.02362951
9199,0.029181203,0.005555428,0.023625774
9200,0.029174497,0.0055523645,0.023622133
9201,0.02916751,0.0055491016,0.02361841
9202,0.029160859,0.0055461144,0.023614746
9203,0.029153978,0.0055429256,0.023611054
9204,0.029146891,0.005539515,0.023607375
9205,0.029140968,0.005537276,0.023603693
9206,0.029134395,0.0055343895,0.023600005
9207,0.029126704,0.0055303993,0.023596304
9208,0.029120361,0.0055277715,0.02359259
9209,0.029113946,0.0055250605,0.023588886
9210,0.029107213,0.005521977,0.023585236
9211,0.029100899,0.0055193356,0.023581563
9212,0.029093448,0.0055155316,0.023577917
9213,0.029086802,0.0055125346,0.023574268
9214,0.029079791,0.005509179,0.023570612
9215,0.029072354,0.005505415,0.023566939
9216,0.029065916,0.005502606,0.02356331
9217,0.02905908,0.0054994505,0.02355963
9218,0.02905234,0.005496391,0.02355595
9219,0.02904545,0.005493193,0.023552258
9220,0.02903935,0.0054907654,0.023548584
9221,0.0290321,0.0054872283,0.023544872
9222,0.029025413,0.0054842005,0.023541212
9223,0.029019274,0.0054817316,0.023537543
9224,0.029012486,0.005478606,0.02353388
9225,0.029005446,0.005475174,0.02353027
9226,0.028998334,0.0054716757,0.023526657
9227,0.028991995,0.005468952,0.023523044
9228,0.028985118,0.0054656975,0.023519421
9229,0.028978562,0.005462787,0.023515776
9230,0.028972413,0.005460281,0.023512132
9231,0.028965365,0.005456805,0.02350856
9232,0.028959338,0.005454346,0.023504991
9233,0.028952325,0.0054509235,0.023501402
9234,0.02894529,0.005447523,0.023497766
9235,0.028939461,0.0054453057,0.023494156
9236,0.028932758,0.0054422426,0.023490515
9237,0.028925482,0.0054385723,0.02348691
9238,0.028918214,0.0054349485,0.023483265
9239,0.0289128,0.005433119,0.023479681
9240,0.028905923,0.005429915,0.023476006
9241,0.02889968,0.0054273293,0.023472352
9242,0.02889275,0.005424076,0.023468673
9243,0.028885705,0.00542066,0.023465045
9244,0.028879331,0.005417913,0.023461418
9245,0.028872808,0.00541499,0.02345782
9246,0.028867027,0.00541272,0.023454307
9247,0.02886016,0.0054094177,0.023450742
9248,0.0288535,0.0054062745,0.023447227
9249,0.028847462,0.0054037557,0.023443706
9250,0.028840318,0.005400165,0.023440154
9251,0.02883392,0.0053973403,0.02343658
9252,0.028827453,0.0053944616,0.023432992
9253,0.028820919,0.0053915633,0.023429357
9254,0.02881427,0.005388536,0.023425734
9255,0.028807301,0.0053852247,0.023422077
9256,0.028800791,0.0053824126,0.023418378
9257,0.028794667,0.005379919,0.023414748
9258,0.028788105,0.0053769927,0.023411112
9259,0.028781325,0.0053738537,0.02340747
9260,0.028774874,0.0053710095,0.023403864
9261,0.028767796,0.005367558,0.023400238
9262,0.028761651,0.005365048,0.023396604
9263,0.02875476,0.0053617163,0.023393042
9264,0.028747763,0.005358322,0.023389442
9265,0.028741896,0.0053560054,0.023385892
9266,0.028734688,0.005352319,0.023382368
9267,0.028728351,0.0053495183,0.023378832
9268,0.028722228,0.0053468947,0.023375334
9269,0.028716208,0.0053444672,0.023371741
9270,0.028709767,0.00534161,0.023368157
9271,0.028702876,0.005338296,0.02336458
9272,0.028695997,0.005335077,0.02336092
9273,0.028689913,0.005332599,0.023357315
9274,0.028683659,0.0053299773,0.023353681
9275,0.028677454,0.005327378,0.023350077
9276,0.028670354,0.005323845,0.02334651
9277,0.02866414,0.005321157,0.023342984
9278,0.028657736,0.0053182766,0.02333946
9279,0.028651124,0.005315167,0.023335956
9280,0.028644873,0.0053124293,0.023332443
9281,0.028638208,0.0053093196,0.02332889
9282,0.028631777,0.0053064087,0.023325369
9283,0.028624946,0.005303123,0.023321824
9284,0.02861843,0.005300121,0.02331831
9285,0.028611254,0.005296472,0.023314781
9286,0.028604843,0.00529362,0.023311224
9287,0.028598258,0.005290553,0.023307705
9288,0.028591735,0.0052875187,0.023304217
9289,0.028585128,0.005284398,0.023300732
9290,0.028578168,0.005280909,0.023297258
9291,0.028572656,0.0052789208,0.023293735
9292,0.02856538,0.005275191,0.02329019
9293,0.028559022,0.0052723703,0.023286652
9294,0.02855292,0.0052697468,0.023283172
9295,0.028546913,0.005267296,0.023279617
9296,0.028540261,0.005264187,0.023276074
9297,0.028533619,0.005261035,0.023272583
9298,0.02852727,0.005258158,0.023269111
9299,0.02852125,0.0052555385,0.02326571
9300,0.028514842,0.0052525965,0.023262246
9301,0.028508313,0.0052494984,0.023258815
9302,0.02850164,0.005246248,0.023255391
9303,0.028495407,0.005243482,0.023251925
9304,0.028489199,0.0052407547,0.023248443
9305,0.02848267,0.0052376837,0.023244986
9306,0.02847679,0.0052353623,0.023241427
9307,0.028469807,0.0052318824,0.023237925
9308,0.02846415,0.005229777,0.023234373
9309,0.028457753,0.005226924,0.023230828
9310,0.0284511,0.005223833,0.023227267
9311,0.028444385,0.0052206526,0.023223734
9312,0.028438305,0.005218109,0.023220196
9313,0.028431283,0.005214594,0.023216689
9314,0.028424405,0.005211191,0.023213213
9315,0.028417943,0.0052081905,0.023209753
9316,0.028412232,0.0052059833,0.023206249
9317,0.028405461,0.0052027586,0.023202702
9318,0.028399795,0.005200551,0.023199245
9319,0.028392367,0.0051966496,0.023195717
9320,0.02838636,0.0051941313,0.023192229
9321,0.028379658,0.0051909336,0.023188725
9322,0.028372766,0.0051874816,0.023185285
9323,0.028366825,0.00518508,0.023181744
9324,0.028360596,0.005182357,0.023178238
9325,0.028354647,0.005179978,0.023174668
9326,0.028348222,0.0051771025,0.02317112
9327,0.028341787,0.005174218,0.02316757
9328,0.028335616,0.005171598,0.023164017
9329,0.028329452,0.00516895,0.023160502
9330,0.028323136,0.005166125,0.023157012
9331,0.028316727,0.0051632123,0.023153516
9332,0.028310487,0.005160503,0.023149984
9333,0.028304078,0.005157546,0.023146532
9334,0.028297612,0.005154516,0.023143096
9335,0.028291358,0.005151694,0.023139663
9336,0.028285105,0.005148881,0.023136223
9337,0.028279059,0.0051462487,0.02313281
9338,0.028271861,0.005142456,0.023129405
9339,0.028265564,0.005139591,0.023125973
9340,0.028259685,0.0051371353,0.02312255
9341,0.028253939,0.0051348303,0.023119109
9342,0.028247517,0.005131908,0.023115609
9343,0.02824145,0.005129304,0.023112146
9344,0.028234478,0.005125785,0.023108693
9345,0.028228594,0.005123383,0.023105212
9346,0.028222274,0.0051205005,0.023101773
9347,0.028215911,0.005117521,0.02309839
9348,0.02820907,0.0051140767,0.023094993
9349,0.028202733,0.0051111737,0.02309156
9350,0.028196288,0.0051081227,0.023088166
9351,0.028190758,0.0051060664,0.023084693
9352,0.028185103,0.0051038116,0.023081291
9353,0.028178299,0.0051004584,0.02307784
9354,0.028172392,0.0050979755,0.023074416
9355,0.028166104,0.005095112,0.023070993
9356,0.0281597,0.00509214,0.02306756
9357,0.02815321,0.0050890422,0.023064168
9358,0.02814684,0.005086104,0.023060737
9359,0.028141225,0.0050839116,0.023057314
9360,0.02813552,0.00508162,0.0230539
9361,0.028128661,0.005078151,0.023050511
9362,0.028122714,0.00507563,0.023047084
9363,0.028116265,0.005072606,0.02304366
9364,0.028109537,0.0050693024,0.023040235
9365,0.028103853,0.0050670328,0.023036819
9366,0.028097596,0.005064239,0.023033358
9367,0.028091539,0.005061624,0.023029914
9368,0.028084768,0.0050582914,0.023026478
9369,0.028077766,0.0050546546,0.023023112
9370,0.028071916,0.0050522066,0.023019709
9371,0.028066093,0.0050497884,0.023016306
9372,0.028060477,0.0050476273,0.02301285
9373,0.028053613,0.0050441124,0.023009501
9374,0.02804741,0.005041262,0.023006149
9375,0.028041903,0.0050390894,0.023002813
9376,0.028036041,0.005036592,0.022999449
9377,0.028029343,0.0050332765,0.022996066
9378,0.028022802,0.0050301426,0.02299266
9379,0.028016865,0.005027601,0.022989264
9380,0.028010601,0.005024741,0.02298586
9381,0.028004583,0.005022105,0.022982478
9382,0.027998222,0.0050191246,0.022979097
9383,0.027992198,0.0050164643,0.022975734
9384,0.027986215,0.0050139036,0.022972312
9385,0.027980126,0.005011229,0.022968898
9386,0.027973678,0.005008213,0.022965465
9387,0.027967544,0.005005529,0.022962015
9388,0.027961997,0.0050033247,0.022958672
9389,0.027955377,0.005000084,0.022955293
9390,0.027949162,0.0049972623,0.0229519
9391,0.0279432,0.004994661,0.022948539
9392,0.02793691,0.0049917437,0.022945166
9393,0.02793072,0.004988941,0.02294178
9394,0.027924944,0.004986607,0.022938337
9395,0.027918678,0.0049837213,0.022934956
9396,0.027912105,0.0049805446,0.02293156
9397,0.027906246,0.0049780007,0.022928245
9398,0.027901229,0.0049763867,0.022924842
9399,0.027894434,0.0049728975,0.022921536
9400,0.027888473,0.0049702837,0.022918189
9401,0.027882038,0.004967239,0.022914799
9402,0.027876377,0.0049649193,0.022911457
9403,0.027870044,0.004962005,0.02290804
9404,0.027864052,0.0049594548,0.022904597
9405,0.027858203,0.004956988,0.022901215
9406,0.02785169,0.004953943,0.022897746
9407,0.027845489,0.0049511506,0.022894338
9408,0.02783917,0.0049482305,0.02289094
9409,0.027833203,0.004945668,0.022887535
9410,0.027827263,0.004943066,0.022884198
9411,0.027820561,0.004939669,0.022880893
9412,0.027814716,0.0049371584,0.022877557
9413,0.027808432,0.0049341954,0.022874236
9414,0.027802445,0.0049315197,0.022870926
9415,0.02779614,0.004928577,0.022867562
9416,0.027790148,0.0049258973,0.02286425
9417,0.027784854,0.004924019,0.022860836
9418,0.027778273,0.0049208296,0.022857444
9419,0.027772205,0.0049181674,0.022854038
9420,0.027766,0.0049153096,0.02285069
9421,0.027759416,0.0049120937,0.022847323
9422,0.02775404,0.004910035,0.022844005
9423,0.027748773,0.004908102,0.022840671
9424,0.027742589,0.0049052746,0.022837315
9425,0.027736379,0.00490237,0.022834009
9426,0.027730089,0.0048993947,0.022830693
9427,0.027724411,0.004896981,0.02282743
9428,0.027718877,0.0048947004,0.022824178
9429,0.027712975,0.0048920857,0.022820888
9430,0.027707785,0.0048901956,0.02281759
9431,0.027701652,0.004887409,0.022814242
9432,0.027695803,0.00488492,0.022810884
9433,0.027689775,0.004882263,0.022807512
9434,0.027682953,0.0048787934,0.02280416
9435,0.027677018,0.00487617,0.022800848
9436,0.02767058,0.004873038,0.022797544
9437,0.027664777,0.004870545,0.022794232
9438,0.027658295,0.004867387,0.022790909
9439,0.027653022,0.0048654843,0.022787537
9440,0.027647074,0.0048629073,0.022784166
9441,0.027641302,0.0048604608,0.022780841
9442,0.027635671,0.004858123,0.022777548
9443,0.027628986,0.0048547126,0.022774274
9444,0.02762335,0.0048523145,0.022771036
9445,0.027616965,0.004849175,0.02276779
9446,0.027611306,0.0048467736,0.022764532
9447,0.027604878,0.004843624,0.022761254
9448,0.027599178,0.0048411856,0.022757992
9449,0.027593177,0.0048384843,0.022754692
9450,0.027587235,0.0048358114,0.022751423
9451,0.027580975,0.0048328084,0.022748167
9452,0.027575174,0.004830317,0.022744857
9453,0.027568629,0.0048270947,0.022741534
9454,0.027562913,0.0048247688,0.022738144
9455,0.02755689,0.004822141,0.02273475
9456,0.027551087,0.0048197405,0.022731347
9457,0.027545396,0.004817392,0.022728004
9458,0.02753953,0.0048147845,0.022724746
9459,0.02753321,0.0048117437,0.022721468
9460,0.027527854,0.0048096688,0.022718186
9461,0.027521886,0.004806957,0.022714928
9462,0.027516585,0.004804931,0.022711653
9463,0.02751009,0.0048017222,0.022708368
9464,0.027503867,0.0047987145,0.022705153
9465,0.027498433,0.0047965082,0.022701925
9466,0.027492473,0.004793864,0.02269861
9467,0.027486574,0.0047912067,0.022695368
9468,0.027480388,0.004788313,0.022692075
9469,0.027474722,0.0047859997,0.022688722
9470,0.027468724,0.0047832783,0.022685446
9471,0.027462615,0.0047804345,0.02268218
9472,0.02745696,0.004777964,0.022678996
9473,0.027451318,0.0047755465,0.022675771
9474,0.027445082,0.004772531,0.02267255
9475,0.027439402,0.004770109,0.022669293
9476,0.027433624,0.0047675967,0.022666028
9477,0.027427694,0.004764916,0.022662777
9478,0.02742213,0.0047626426,0.022659488
9479,0.027416047,0.0047597606,0.022656286
9480,0.027409842,0.0047567612,0.02265308
9481,0.027404105,0.0047542867,0.022649819
9482,0.02739792,0.0047512637,0.022646656
9483,0.027392382,0.004748996,0.022643385
9484,0.027385563,0.004745405,0.022640157
9485,0.027380183,0.0047432478,0.022636935
9486,0.027374245,0.004740585,0.02263366
9487,0.027368512,0.0047380244,0.022630488
9488,0.027362501,0.0047353087,0.022627192
9489,0.027356867,0.0047329348,0.022623932
9490,0.02735157,0.0047309245,0.022620644
9491,0.027345462,0.0047281645,0.022617297
9492,0.027339967,0.004725988,0.022613978
9493,0.02733398,0.0047232793,0.022610702
9494,0.027327806,0.0047203614,0.022607444
9495,0.027322473,0.0047182376,0.022604235
9496,0.027316216,0.004715208,0.022601008
9497,0.027310072,0.004712317,0.022597754
9498,0.027304495,0.0047100447,0.02259445
9499,0.027298436,0.004707228,0.022591207
9500,0.02729302,0.004705126,0.022587895
9501,0.02728697,0.004702307,0.022584662
9502,0.027280496,0.0046991925,0.022581303
9503,0.02727435,0.004696327,0.022578023
9504,0.027268909,0.004694125,0.022574784
9505,0.027263325,0.004691804,0.02257152
9506,0.027257228,0.004688876,0.022568353
9507,0.027251454,0.0046863034,0.02256515
9508,0.027245825,0.0046838345,0.022561992
9509,0.027238892,0.0046800748,0.022558818
9510,0.027233731,0.004678071,0.02255566
9511,0.027227942,0.004675552,0.02255239
9512,0.027222581,0.0046734833,0.022549098
9513,0.0272164,0.0046706116,0.022545788
9514,0.027210223,0.004667783,0.02254244
9515,0.027204867,0.0046657454,0.022539122
9516,0.027198885,0.004663018,0.022535866
9517,0.027192686,0.004660011,0.022532675
9518,0.027187617,0.004658087,0.022529531
9519,0.02718236,0.004655891,0.022526467
9520,0.027176395,0.0046530454,0.02252335
9521,0.027170585,0.004650349,0.022520237
9522,0.027165137,0.00464806,0.022517078
9523,0.027158799,0.004644905,0.022513893
9524,0.027152954,0.004642275,0.02251068
9525,0.027148215,0.0046407934,0.022507422
9526,0.02714231,0.0046381885,0.022504123
9527,0.027136464,0.004635613,0.02250085
9528,0.027131425,0.0046338905,0.022497535
9529,0.027124878,0.0046305875,0.02249429
9530,0.02711981,0.0046287435,0.022491066
9531,0.027113382,0.0046254867,0.022487896
9532,0.027107684,0.004622911,0.022484774
9533,0.027101764,0.004620107,0.022481658
9534,0.02709649,0.004617944,0.022478545
9535,0.02709057,0.0046151583,0.022475412
9536,0.027085012,0.004612757,0.022472255
9537,0.027079137,0.004610094,0.022469044
9538,0.02707391,0.0046080844,0.022465825
9539,0.027067576,0.0046048653,0.02246271
9540,0.027062027,0.004602488,0.022459539
9541,0.02705629,0.0045998804,0.02245641
9542,0.027050903,0.0045976103,0.022453293
9543,0.02704496,0.0045948373,0.022450121
9544,0.02703926,0.004592315,0.022446945
9545,0.027033819,0.0045900457,0.022443773
9546,0.027027804,0.0045872102,0.022440594
9547,0.027022509,0.004585131,0.022437377
9548,0.027016457,0.0045822635,0.022434194
9549,0.027010785,0.004579736,0.02243105
9550,0.027005365,0.0045775236,0.022427842
9551,0.02699932,0.0045746597,0.02242466
9552,0.026993798,0.0045723533,0.022421446
9553,0.026988072,0.0045698006,0.022418272
9554,0.026982116,0.004567048,0.022415068
9555,0.026976222,0.00456433,0.022411892
9556,0.026970537,0.004561788,0.02240875
9557,0.026964743,0.004559108,0.022405634
9558,0.026959533,0.0045570447,0.022402488
9559,0.026953293,0.004553997,0.022399297
9560,0.02694787,0.004551716,0.022396155
9561,0.026942251,0.004549254,0.022392998
9562,0.02693667,0.004546882,0.022389788
9563,0.026931008,0.004544396,0.022386612
9564,0.026924986,0.0045415447,0.022383442
9565,0.026919417,0.0045391093,0.022380307
9566,0.026913755,0.0045365877,0.022377167
9567,0.026907846,0.004533775,0.022374071
9568,0.02690238,0.004531397,0.022370983
9569,0.026897023,0.0045292033,0.02236782
9570,0.026890898,0.0045262557,0.022364642
9571,0.02688485,0.0045234365,0.022361413
9572,0.026879756,0.004521522,0.022358233
9573,0.026874345,0.0045193466,0.022354998
9574,0.026869142,0.0045173033,0.022351839
9575,0.0268627,0.0045140567,0.022348642
9576,0.026856558,0.0045110807,0.022345478
9577,0.026851956,0.0045096646,0.02234229
9578,0.026846245,0.00450713,0.022339115
9579,0.026840752,0.0045047514,0.022336
9580,0.02683502,0.0045021763,0.022332845
9581,0.026829476,0.0044997465,0.022329729
9582,0.026824158,0.0044975705,0.022326587
9583,0.026818335,0.00449497,0.022323364
9584,0.02681294,0.004492735,0.022320205
9585,0.026806736,0.004489684,0.022317052
9586,0.026801344,0.004487432,0.022313911
9587,0.026795965,0.0044851834,0.022310782
9588,0.026790345,0.0044826465,0.0223077
9589,0.026784783,0.004480182,0.022304602
9590,0.02677917,0.004477679,0.02230149
9591,0.02677328,0.004474873,0.022298407
9592,0.026767576,0.0044722697,0.022295307
9593,0.026762301,0.0044700764,0.022292225
9594,0.026756316,0.0044671614,0.022289155
9595,0.026750796,0.0044647222,0.022286072
9596,0.026745107,0.0044621225,0.022282984
9597,0.026739934,0.0044600423,0.022279892
9598,0.026734669,0.0044578817,0.022276787
9599,0.02672878,0.0044551357,0.022273643
9600,0.026723346,0.0044528255,0.02227052
9601,0.02671802,0.0044505736,0.022267446
9602,0.026712442,0.0044481377,0.022264304
9603,0.02670716,0.004445956,0.022261202
9604,0.026701687,0.0044435733,0.022258114
9605,0.026696576,0.004441584,0.022254992
9606,0.026690505,0.0044386857,0.02225182
9607,0.02668502,0.004436261,0.02224876
9608,0.02667968,0.0044340505,0.022245629
9609,0.026674146,0.0044316533,0.022242492
9610,0.026668375,0.004429011,0.022239365
9611,0.02666273,0.0044264942,0.022236235
9612,0.02665682,0.004423728,0.022233091
9613,0.026651815,0.004421845,0.02222997
9614,0.026646055,0.0044191997,0.022226855
9615,0.0266412,0.004417496,0.022223704
9616,0.02663499,0.0044144057,0.022220584
9617,0.026629835,0.004412339,0.022217497
9618,0.026624078,0.00440963,0.022214448
9619,0.026618581,0.004407209,0.022211373
9620,0.026612673,0.004404287,0.022208387
9621,0.026607225,0.0044018533,0.022205371
9622,0.02660168,0.0043992973,0.022202382
9623,0.026595598,0.0043962733,0.022199325
9624,0.026590366,0.0043941075,0.022196257
9625,0.0265852,0.0043920605,0.02219314
9626,0.026579905,0.004389905,0.02219
9627,0.026573937,0.004387091,0.022186847
9628,0.02656881,0.004385113,0.022183698
9629,0.026563192,0.0043826173,0.022180574
9630,0.026557803,0.0043803398,0.022177463
9631,0.026552157,0.0043777586,0.0221744
9632,0.026547337,0.004375921,0.022171415
9633,0.026541688,0.00437329,0.022168398
9634,0.026535783,0.0043703816,0.0221654
9635,0.026530297,0.0043679522,0.022162344
9636,0.026525248,0.0043659257,0.022159321
9637,0.026519883,0.0043636495,0.022156233
9638,0.026514143,0.0043609254,0.022153217
9639,0.026508376,0.004358217,0.022150159
9640,0.026503308,0.0043562413,0.022147067
9641,0.026497932,0.0043539046,0.022144027
9642,0.026492514,0.004351549,0.022140965
9643,0.026486734,0.004348817,0.022137918
9644,0.026482113,0.0043472033,0.02213491
9645,0.02647569,0.004343734,0.022131957
9646,0.026470313,0.004341374,0.02212894
9647,0.02646522,0.0043392796,0.02212594
9648,0.026460225,0.004337356,0.02212287
9649,0.026454736,0.0043349103,0.022119826
9650,0.026449334,0.004332565,0.02211677
9651,0.026443563,0.0043298486,0.022113714
9652,0.026438154,0.0043274956,0.022110658
9653,0.02643319,0.00432553,0.02210766
9654,0.02642817,0.004323555,0.022104615
9655,0.026422603,0.004321028,0.022101576
9656,0.026417451,0.004318916,0.022098536
9657,0.026412042,0.00431655,0.022095492
9658,0.026406378,0.0043139253,0.022092452
9659,0.02640063,0.0043112407,0.022089388
9660,0.026395481,0.0043091825,0.022086298
9661,0.026389653,0.004306364,0.022083288
9662,0.026384821,0.004304572,0.02208025
9663,0.026379695,0.0043024733,0.022077221
9664,0.026374362,0.004300145,0.022074217
9665,0.026368674,0.0042974907,0.022071183
9666,0.02636253,0.0042943694,0.022068162
9667,0.02635744,0.0042922925,0.022065148
9668,0.026351683,0.004289516,0.022062168
9669,0.026346274,0.004287091,0.022059184
9670,0.026340641,0.0042844214,0.02205622
9671,0.026335487,0.004282256,0.02205323
9672,0.026330478,0.0042802817,0.022050196
9673,0.026325043,0.004277871,0.022047173
9674,0.026319697,0.0042755636,0.022044133
9675,0.026314437,0.0042733266,0.02204111
9676,0.026309235,0.0042711613,0.022038074
9677,0.026303545,0.0042684665,0.02203508
9678,0.026298285,0.0042662644,0.02203202
9679,0.026292577,0.0042635896,0.022028988
9680,0.026287448,0.004261448,0.022026
9681,0.026282338,0.004259335,0.022023004
9682,0.026277114,0.0042570867,0.022020027
9683,0.026271718,0.0042547225,0.022016995
9684,0.026266547,0.004252573,0.022013973
9685,0.026260994,0.0042500454,0.022010949
9686,0.026256127,0.004248225,0.022007901
9687,0.026250593,0.0042457436,0.02200485
9688,0.026245423,0.004243554,0.022001868
9689,0.02624018,0.004241402,0.021998778
9690,0.026234498,0.004238768,0.02199573
9691,0.026229743,0.0042370623,0.021992682
9692,0.026223753,0.0042340644,0.021989688
9693,0.026218778,0.004232074,0.021986704
9694,0.026213804,0.004230063,0.02198374
9695,0.026208894,0.0042281374,0.021980757
9696,0.026203163,0.004225366,0.021977797
9697,0.026197933,0.0042231637,0.021974768
9698,0.026192177,0.0042203874,0.02197179
9699,0.026187008,0.004218322,0.021968685
9700,0.026181718,0.004215984,0.021965735
9701,0.026176674,0.004214016,0.02196266
9702,0.026171112,0.00421138,0.021959731
9703,0.026164813,0.0042081047,0.021956708
9704,0.02615932,0.00420556,0.02195376
9705,0.02615445,0.0042036492,0.0219508
9706,0.026149115,0.004201282,0.021947833
9707,0.02614395,0.004199057,0.021944892
9708,0.02613908,0.0041971393,0.021941941
9709,0.026134033,0.0041950126,0.02193902
9710,0.02612833,0.0041923374,0.021935992
9711,0.026123703,0.0041906997,0.021933002
9712,0.02611844,0.0041884934,0.021929948
9713,0.026112717,0.0041857827,0.021926934
9714,0.026107334,0.0041834395,0.021923894
9715,0.02610207,0.00418115,0.02192092
9716,0.026096478,0.004178544,0.021917934
9717,0.026091006,0.0041760146,0.02191499
9718,0.026085794,0.004173725,0.02191207
9719,0.02608082,0.0041716765,0.021909144
9720,0.026074821,0.0041686553,0.021906165
9721,0.026069416,0.0041661495,0.021903267
9722,0.026064882,0.0041646142,0.021900268
9723,0.026059493,0.004162272,0.021897221
9724,0.026054064,0.0041598687,0.021894194
9725,0.0260492,0.004158069,0.021891132
9726,0.026043883,0.0041557564,0.021888126
9727,0.026038712,0.0041536996,0.021885011
9728,0.026033297,0.0041512684,0.02188203
9729,0.026027994,0.0041489666,0.021879027
9730,0.026023293,0.004147228,0.021876065
9731,0.026018267,0.004145137,0.021873131
9732,0.026012843,0.0041425545,0.021870289
9733,0.026007602,0.004140233,0.021867368
9734,0.026002284,0.0041377433,0.02186454
9735,0.025997344,0.0041357507,0.021861594
9736,0.025992088,0.004133308,0.02185878
9737,0.025986668,0.0041308883,0.021855779
9738,0.025981626,0.004128677,0.021852948
9739,0.025976757,0.0041268882,0.021849869
9740,0.025971351,0.004124382,0.021846969
9741,0.025966613,0.004122769,0.021843843
9742,0.025961163,0.004120132,0.02184103
9743,0.025956493,0.0041186702,0.021837823
9744,0.02595074,0.004115641,0.021835098
9745,0.02594566,0.00411372,0.02183194
9746,0.025940953,0.0041116294,0.021829324
9747,0.025935821,0.0041096923,0.02182613
9748,0.025930762,0.00410705,0.021823712
9749,0.025925322,0.004104864,0.021820458
9750,0.025920602,0.0041023456,0.021818256
9751,0.025915368,0.004100496,0.021814872
9752,0.025910303,0.004097297,0.021813007
9753,0.025905222,0.004095722,0.0218095
9754,0.025901398,0.0040932614,0.021808136
9755,0.025895925,0.0040914193,0.021804506
9756,0.025891468,0.0040876213,0.021803847
9757,0.025887355,0.0040873294,0.021800026
9758,0.025882902,0.0040831463,0.021799754
9759,0.02587872,0.0040834146,0.021795306
9760,0.025873188,0.004078773,0.021794414
9761,0.025866535,0.0040777223,0.021788811
9762,0.025860853,0.004074478,0.021786375
9763,0.025853535,0.004072784,0.021780752
9764,0.025847504,0.0040698815,0.021777622
9765,0.02584188,0.0040677343,0.021774147
9766,0.025837196,0.00406592,0.021771276
9767,0.02583306,0.0040632756,0.021769784
9768,0.025828913,0.0040624957,0.021766417
9769,0.025824139,0.0040591876,0.02176495
9770,0.02581819,0.004057512,0.021760678
9771,0.025812315,0.004054034,0.02175828
9772,0.025806513,0.0040523824,0.02175413
9773,0.025800923,0.004049605,0.021751318
9774,0.025795702,0.0040473132,0.021748388
9775,0.025790572,0.004045145,0.021745427
9776,0.025786093,0.004042729,0.021743365
9777,0.025781332,0.004041424,0.021739908
9778,0.025776297,0.004038475,0.021737821
9779,0.025771033,0.004036992,0.02173404
9780,0.025765833,0.004034243,0.021731589
9781,0.025760446,0.0040324074,0.021728039
9782,0.02575515,0.0040298463,0.021725304
9783,0.025750203,0.0040276824,0.02172252
9784,0.025745433,0.0040259394,0.021719493
9785,0.02574061,0.0040233773,0.021717234
9786,0.025735574,0.004021646,0.021713927
9787,0.025730697,0.0040190914,0.021711607
9788,0.025725603,0.00401739,0.021708213
9789,0.025720276,0.004014654,0.021705622
9790,0.02571441,0.0040120394,0.021702372
9791,0.025709666,0.0040100706,0.021699596
9792,0.025704846,0.0040080803,0.021696765
9793,0.02569986,0.0040060007,0.02169386
9794,0.02569458,0.0040032314,0.02169135
9795,0.025689147,0.004000995,0.021688152
9796,0.025684444,0.003998849,0.021685595
9797,0.025680335,0.003998014,0.02168232
9798,0.025674853,0.0039951354,0.021679718
9799,0.02566971,0.003993122,0.021676589
9800,0.02566471,0.003990811,0.0216739
9801,0.02565938,0.00398836,0.02167102
9802,0.025654672,0.003986509,0.021668162
9803,0.025649916,0.0039844383,0.021665478
9804,0.025644941,0.0039824448,0.021662496
9805,0.025640009,0.0039801165,0.021659892
9806,0.025634682,0.003977805,0.021656876
9807,0.025629537,0.003975256,0.021654282
9808,0.025624705,0.003973394,0.02165131
9809,0.025619442,0.003970794,0.021648647
9810,0.025614096,0.0039684842,0.021645611
9811,0.025609022,0.00396625,0.021642772
9812,0.02560431,0.0039644307,0.021639878
9813,0.025599591,0.0039626425,0.021636948
9814,0.025594635,0.003960425,0.02163421
9815,0.025589557,0.0039582453,0.021631312
9816,0.025584627,0.003955959,0.021628669
9817,0.025579272,0.003953482,0.02162579
9818,0.02557452,0.0039514075,0.021623112
9819,0.025569309,0.003949106,0.021620203
9820,0.025564497,0.0039469996,0.021617498
9821,0.02555973,0.003945205,0.021614525
9822,0.025554124,0.003942365,0.02161176
9823,0.025549246,0.0039403597,0.021608887
9824,0.025544185,0.003938093,0.021606093
9825,0.025539327,0.003936069,0.021603258
9826,0.02553422,0.0039337417,0.021600477
9827,0.02552894,0.003931242,0.021597698
9828,0.025524348,0.0039294986,0.021594848
9829,0.025519846,0.003927706,0.02159214
9830,0.025514806,0.0039255028,0.021589303
9831,0.025510075,0.0039235726,0.021586502
9832,0.025504714,0.0039211223,0.021583593
9833,0.025500704,0.0039198976,0.021580806
9834,0.025495172,0.003917226,0.021577945
9835,0.025489887,0.003914694,0.021575194
9836,0.025485426,0.003913039,0.021572387
9837,0.025480205,0.0039105644,0.021569641
9838,0.025475744,0.0039088908,0.021566853
9839,0.025470842,0.0039068297,0.021564012
9840,0.02546589,0.0039047266,0.021561164
9841,0.025460929,0.0039025773,0.021558352
9842,0.025455559,0.0039000537,0.021555506
9843,0.02545062,0.0038979314,0.02155269
9844,0.02544577,0.0038958956,0.021549875
9845,0.025440846,0.0038937423,0.021547103
9846,0.025435684,0.0038914161,0.021544268
9847,0.025430635,0.0038891686,0.021541465
9848,0.025425706,0.0038870748,0.021538632
9849,0.025420628,0.0038847625,0.021535866
9850,0.025415704,0.003882681,0.021533022
9851,0.025410796,0.0038804887,0.021530308
9852,0.025405794,0.00387831,0.021527484
9853,0.025400937,0.0038761278,0.02152481
9854,0.02539628,0.0038743706,0.02152191
9855,0.02539108,0.0038719224,0.021519158
9856,0.025385896,0.0038696558,0.02151624
9857,0.025381377,0.0038677887,0.021513589
9858,0.025376389,0.0038656625,0.021510726
9859,0.025371939,0.0038638783,0.02150806
9860,0.025366886,0.0038616748,0.02150521
9861,0.025362015,0.0038595148,0.0215025
9862,0.025356997,0.00385745,0.021499546
9863,0.025351774,0.0038548897,0.021496885
9864,0.025347069,0.003853132,0.021493936
9865,0.025342278,0.0038508372,0.021491442
9866,0.025337595,0.0038491406,0.021488454
9867,0.025332646,0.0038466088,0.021486038
9868,0.025327789,0.003844802,0.021482987
9869,0.025323221,0.0038424758,0.021480747
9870,0.025318539,0.0038409166,0.021477623
9871,0.025314556,0.0038388567,0.021475699
9872,0.025309373,0.0038368946,0.021472478
9873,0.025304798,0.0038338092,0.021470988
9874,0.025300829,0.003833227,0.021467602
9875,0.025295733,0.0038289214,0.02146681
9876,0.02529286,0.0038294594,0.021463402
9877,0.025288435,0.0038249146,0.02146352
9878,0.02528565,0.0038255278,0.021460121
9879,0.025281515,0.003820699,0.021460816
9880,0.025278207,0.0038218175,0.021456389
9881,0.025272848,0.0038171909,0.021455657
9882,0.025265787,0.0038167166,0.02144907
9883,0.02525814,0.0038122803,0.021445861
9884,0.025251452,0.0038117743,0.021439677
9885,0.02524494,0.0038085745,0.021436365
9886,0.025240175,0.00380656,0.021433616
9887,0.025236538,0.00380543,0.021431107
9888,0.025232514,0.0038020734,0.02143044
9889,0.02522872,0.0038017663,0.021426953
9890,0.02522403,0.0037985547,0.021425476
9891,0.025219062,0.00379834,0.021420723
9892,0.025212228,0.003794203,0.021418026
9893,0.025206476,0.0037923534,0.021414123
9894,0.025201557,0.0037900892,0.021411467
9895,0.025197702,0.003788233,0.021409469
9896,0.025193222,0.0037865706,0.02140665
9897,0.025188727,0.003783577,0.021405151
9898,0.02518366,0.0037821862,0.021401474
9899,0.02517872,0.0037794702,0.021399248
9900,0.02517387,0.0037784786,0.021395393
9901,0.025168948,0.0037762392,0.021392709
9902,0.025163902,0.003774045,0.021389857
9903,0.025159143,0.003772101,0.021387042
9904,0.025155239,0.0037702194,0.02138502
9905,0.025150081,0.0037681407,0.02138194
9906,0.025145527,0.0037656876,0.02137984
9907,0.025140945,0.0037644224,0.021376522
9908,0.025135534,0.003761425,0.021374108
9909,0.025130618,0.0037595343,0.021371083
9910,0.025125928,0.0037574489,0.02136848
9911,0.025121573,0.0037556002,0.021365974
9912,0.025117084,0.0037539876,0.021363096
9913,0.025111925,0.0037510926,0.021360833
9914,0.025106868,0.0037491533,0.021357715
9915,0.025101967,0.0037466264,0.02135534
9916,0.025096925,0.00374466,0.021352265
9917,0.025092652,0.0037429773,0.021349674
9918,0.025087846,0.0037409957,0.02134685
9919,0.025082933,0.0037388061,0.021344127
9920,0.025078427,0.0037368564,0.02134157
9921,0.025073752,0.003735057,0.021338694
9922,0.025068806,0.0037325863,0.02133622
9923,0.025064373,0.0037311302,0.021333244
9924,0.025059672,0.0037288745,0.021330798
9925,0.025054188,0.0037263178,0.02132787
9926,0.025050094,0.0037247878,0.021325307
9927,0.025045602,0.0037230721,0.02132253
9928,0.025040368,0.003720542,0.021319825
9929,0.025036056,0.0037187797,0.021317275
9930,0.025031308,0.0037168316,0.021314476
9931,0.02502631,0.003714314,0.021311997
9932,0.02502234,0.0037131638,0.021309175
9933,0.025016917,0.0037102243,0.021306694
9934,0.025011806,0.0037079193,0.021303887
9935,0.025007192,0.0037058361,0.021301355
9936,0.025002629,0.003704016,0.021298612
9937,0.024997821,0.0037017514,0.021296069
9938,0.024993435,0.0036999842,0.02129345
9939,0.024988703,0.003697914,0.021290788
9940,0.024984077,0.0036958826,0.021288194
9941,0.024979781,0.0036943716,0.02128541
9942,0.02497498,0.0036921601,0.02128282
9943,0.02497031,0.003690286,0.021280024
9944,0.024965841,0.0036883946,0.021277446
9945,0.024961079,0.0036863475,0.02127473
9946,0.0249566,0.003684442,0.021272158
9947,0.024952104,0.0036826904,0.021269415
9948,0.024947183,0.0036803083,0.021266876
9949,0.02494278,0.0036785821,0.021264197
9950,0.024938077,0.0036764857,0.021261591
9951,0.024932899,0.0036739584,0.02125894
9952,0.024928875,0.0036726422,0.021256233
9953,0.024924096,0.0036705262,0.021253569
9954,0.024919707,0.0036688407,0.021250866
9955,0.024915123,0.0036668929,0.02124823
9956,0.024910375,0.0036648123,0.021245563
9957,0.024905086,0.0036620677,0.021243017
9958,0.02490091,0.003660571,0.021240339
9959,0.024895718,0.003657912,0.021237807
9960,0.02489115,0.0036560814,0.021235067
9961,0.024886273,0.0036538448,0.021232428
9962,0.02488197,0.0036522914,0.021229679
9963,0.024877526,0.003650499,0.021227026
9964,0.02487277,0.0036484923,0.021224279
9965,0.024868475,0.0036468362,0.02122164
9966,0.024863562,0.0036445956,0.021218967
9967,0.024858663,0.0036423248,0.021216339
9968,0.024854263,0.0036405772,0.021213686
9969,0.024850024,0.0036390177,0.021211006
9970,0.024845317,0.0036369874,0.02120833
9971,0.02484026,0.0036345131,0.021205748
9972,0.024835866,0.0036327378,0.021203129
9973,0.0248312,0.0036306484,0.021200553
9974,0.024826495,0.0036285447,0.02119795
9975,0.024821883,0.0036265554,0.021195328
9976,0.024817195,0.0036244674,0.021192728
9977,0.024812475,0.0036224087,0.021190066
9978,0.024807932,0.0036204723,0.02118746
9979,0.024803024,0.0036182473,0.021184776
9980,0.02479852,0.0036164282,0.021182092
9981,0.024793746,0.0036143567,0.02117939
9982,0.02478901,0.0036122901,0.021176718
9983,0.024783906,0.0036098745,0.02117403
9984,0.02477987,0.0036084352,0.021171434
9985,0.02477527,0.0036064258,0.021168845
9986,0.024770964,0.0036046123,0.02116635
9987,0.024766551,0.003602818,0.021163734
9988,0.024761898,0.0036007736,0.021161124
9989,0.024756802,0.0035984416,0.02115836
9990,0.024752395,0.0035966155,0.02115578
9991,0.02474815,0.00359516,0.02115299
9992,0.024744038,0.003593596,0.021150442
9993,0.024738928,0.0035912876,0.02114764
9994,0.024734247,0.0035891677,0.02114508
9995,0.024730245,0.0035879852,0.02114226
9996,0.024725508,0.003585597,0.02113991
9997,0.024720905,0.0035837553,0.02113715
9998,0.024716526,0.0035815088,0.021135017
9999,0.024711635,0.003579402,0.021132233
10000,0.02470739,0.003577201,0.02113019
10001,0.02470265,0.0035754088,0.02112724
10002,0.02469874,0.0035732712,0.02112547
10003,0.024694221,0.0035717678,0.021122454
10004,0.02469042,0.0035690193,0.0211214
10005,0.02468684,0.0035684297,0.02111841
10006,0.024683356,0.003564971,0.021118386
10007,0.024680054,0.0035644886,0.021115566
10008,0.024677722,0.0035609708,0.02111675
10009,0.024675166,0.0035612325,0.021113934
10010,0.02467215,0.003556717,0.021115433
10011,0.024668168,0.0035573423,0.021110825
10012,0.024662802,0.0035533048,0.021109497
10013,0.024655271,0.0035535698,0.021101702
10014,0.024646716,0.0035492948,0.021097422
10015,0.024639567,0.0035483073,0.02109126
10016,0.02463464,0.0035463371,0.021088304
10017,0.024631083,0.0035437576,0.021087326
10018,0.024628539,0.0035430964,0.021085443
10019,0.024625234,0.0035396665,0.021085568
10020,0.024621177,0.0035398826,0.021081295
10021,0.024615012,0.0035361277,0.021078885
10022,0.024609553,0.003536025,0.021073528
10023,0.02460358,0.0035330872,0.021070492
10024,0.024598915,0.0035310218,0.021067893
10025,0.024595303,0.0035296439,0.02106566
10026,0.024591079,0.0035262678,0.02106481
10027,0.024586963,0.0035253314,0.02106163
10028,0.024582658,0.0035227933,0.021059865
10029,0.02457732,0.0035215036,0.021055816
10030,0.02457206,0.0035188864,0.021053173
10031,0.024567833,0.0035175895,0.021050243
10032,0.024563165,0.0035154198,0.021047745
10033,0.024559556,0.0035134205,0.021046136
10034,0.024554916,0.0035117173,0.021043198
10035,0.024550166,0.0035088726,0.021041293
10036,0.024545535,0.0035077122,0.021037823
10037,0.024540715,0.0035053499,0.021035366
10038,0.024536693,0.003504293,0.0210324
10039,0.02453201,0.0035021554,0.021029856
10040,0.024527753,0.0035000166,0.021027736
10041,0.024523493,0.0034984993,0.021024993
10042,0.024519514,0.0034965246,0.02102299
10043,0.024515402,0.0034955398,0.021019861
10044,0.02451058,0.0034930266,0.021017553
10045,0.024505965,0.0034913353,0.02101463
10046,0.024501573,0.003489438,0.021012135
10047,0.024496824,0.0034871404,0.021009684
10048,0.0244925,0.0034854673,0.021007033
10049,0.02448754,0.003482753,0.021004787
10050,0.024482947,0.003481002,0.021001944
10051,0.024479063,0.003479378,0.020999685
10052,0.024475202,0.003478342,0.02099686
10053,0.024470173,0.0034756665,0.020994507
10054,0.024465716,0.0034738167,0.0209919
10055,0.024460824,0.0034714716,0.020989353
10056,0.024456833,0.0034698134,0.020987019
10057,0.024452515,0.0034681899,0.020984326
10058,0.024448024,0.0034659684,0.020982055
10059,0.024443315,0.003464007,0.020979308
10060,0.02443852,0.0034615071,0.020977015
10061,0.024434103,0.0034597798,0.020974323
10062,0.02443008,0.0034580969,0.020971982
10063,0.024425898,0.003456455,0.020969443
10064,0.024421198,0.0034542659,0.020966932
10065,0.024416732,0.003452134,0.020964598
10066,0.02441228,0.0034503166,0.020961963
10067,0.024407879,0.0034482381,0.02095964
10068,0.024403155,0.0034461948,0.02095696
10069,0.024398876,0.003444343,0.020954533
10070,0.024394792,0.003442931,0.020951862
10071,0.024390273,0.00344086,0.020949412
10072,0.024385793,0.0034389494,0.020946844
10073,0.024381496,0.0034372087,0.020944288
10074,0.024377638,0.003435844,0.020941794
10075,0.024373306,0.003434136,0.02093917
10076,0.024369119,0.0034323996,0.020936718
10077,0.024364457,0.0034303437,0.020934112
10078,0.02435996,0.0034282017,0.020931758
10079,0.02435586,0.0034266915,0.020929169
10080,0.02435124,0.0034244645,0.020926775
10081,0.024346443,0.003422248,0.020924196
10082,0.024342427,0.0034207366,0.02092169
10083,0.02433816,0.0034190153,0.020919144
10084,0.024334019,0.003417506,0.020916512
10085,0.024329655,0.0034156449,0.02091401
10086,0.024324827,0.0034134083,0.020911418
10087,0.024320662,0.0034116425,0.020909019
10088,0.024316108,0.003409657,0.02090645
10089,0.024312073,0.003407978,0.020904096
10090,0.024307063,0.0034055875,0.020901475
10091,0.024303555,0.0034044979,0.020899057
10092,0.024299191,0.0034027086,0.020896483
10093,0.024294918,0.003400912,0.020894006
10094,0.024290327,0.0033988906,0.020891435
10095,0.024286438,0.0033975414,0.020888897
10096,0.024282025,0.003395611,0.020886414
10097,0.024277639,0.0033937718,0.020883868
10098,0.02427286,0.0033913904,0.020881468
10099,0.024268785,0.0033897783,0.020879008
10100,0.024264539,0.0033878782,0.020876661
10101,0.024259534,0.0033853839,0.02087415
10102,0.024255358,0.0033836737,0.020871684
10103,0.024251709,0.00338254,0.02086917
10104,0.024247007,0.003380383,0.020866625
10105,0.024243047,0.0033789529,0.020864094
10106,0.024238467,0.0033768418,0.020861626
10107,0.024233712,0.0033745873,0.020859124
10108,0.02422968,0.003373029,0.02085665
10109,0.024225399,0.0033712417,0.020854156
10110,0.024220906,0.003369229,0.020851677
10111,0.024216257,0.0033670815,0.020849176
10112,0.024212375,0.0033657027,0.020846672
10113,0.02420786,0.003363639,0.020844221
10114,0.02420372,0.0033619928,0.020841727
10115,0.024199096,0.0033598316,0.020839265
10116,0.0241951,0.0033583534,0.020836746
10117,0.024190733,0.0033564547,0.020834278
10118,0.024186341,0.0033544935,0.020831848
10119,0.024182351,0.0033528868,0.020829465
10120,0.024178077,0.003351057,0.02082702
10121,0.02417389,0.003349319,0.02082457
10122,0.024169724,0.0033475764,0.020822149
10123,0.024165394,0.003345699,0.020819696
10124,0.024161108,0.0033438758,0.020817231
10125,0.024156703,0.0033419526,0.02081475
10126,0.024152575,0.0033402273,0.020812348
10127,0.024148582,0.0033387803,0.020809801
10128,0.02414405,0.0033366198,0.02080743
10129,0.024140432,0.0033354897,0.020804944
10130,0.024135554,0.0033329895,0.020802565
10131,0.02413125,0.003331181,0.020800069
10132,0.024127226,0.0033295501,0.020797675
10133,0.02412305,0.0033279445,0.020795105
10134,0.024118107,0.0033253948,0.020792712
10135,0.0241142,0.003324067,0.020790134
10136,0.024109975,0.0033221825,0.020787792
10137,0.024105562,0.0033202667,0.020785294
10138,0.024101406,0.0033183512,0.020783056
10139,0.02409702,0.0033165584,0.02078046
10140,0.024092562,0.00331422,0.020778343
10141,0.024088584,0.0033128725,0.020775711
10142,0.02408449,0.0033107481,0.020773742
10143,0.024080418,0.003309376,0.020771042
10144,0.024076486,0.00330727,0.020769216
10145,0.024072694,0.0033063656,0.020766329
10146,0.024067972,0.0033032729,0.0207647
10147,0.02406499,0.0033031502,0.02076184
10148,0.024060436,0.0032996016,0.020760834
10149,0.02405753,0.003299334,0.020758195
10150,0.024054931,0.0032966554,0.020758277
10151,0.02405186,0.0032959047,0.020755956
10152,0.02405034,0.0032928667,0.020757474
10153,0.02404848,0.0032931694,0.02075531
10154,0.024046268,0.003288959,0.02075731
10155,0.024042703,0.0032893275,0.020753376
10156,0.024037233,0.003284829,0.020752404
10157,0.024030281,0.0032856972,0.020744585
10158,0.024021776,0.003281964,0.020739812
10159,0.02401382,0.0032811253,0.020732693
10160,0.024008442,0.003279117,0.020729326
10161,0.0240052,0.00327721,0.02072799
10162,0.024002865,0.0032762391,0.020726627
10163,0.02400035,0.003273161,0.02072719
10164,0.023996929,0.003273283,0.020723647
10165,0.023991492,0.0032698782,0.020721614
10166,0.023985485,0.0032692687,0.020716216
10167,0.023979604,0.0032665038,0.0207131
10168,0.02397484,0.0032647306,0.020710109
10169,0.023971224,0.0032631618,0.020708062
10170,0.02396864,0.0032612777,0.020707363
10171,0.023965022,0.003260377,0.020704644
10172,0.023961393,0.003258213,0.02070318
10173,0.023956051,0.0032569552,0.020699095
10174,0.023951076,0.0032545456,0.02069653
10175,0.023946634,0.00325322,0.020693414
10176,0.023941867,0.0032508464,0.02069102
10177,0.0239389,0.003249494,0.020689406
10178,0.023934642,0.003247861,0.020686781
10179,0.023930289,0.0032451097,0.02068518
10180,0.023925936,0.0032440496,0.020681886
10181,0.023922129,0.003242434,0.020679694
10182,0.023917532,0.0032407753,0.020676756
10183,0.023912922,0.0032385425,0.02067438
10184,0.023909042,0.0032367685,0.020672273
10185,0.023905143,0.003235421,0.020669723
10186,0.023901135,0.003233226,0.020667909
10187,0.023897367,0.003232336,0.02066503
10188,0.023893137,0.003230218,0.020662919
10189,0.023888487,0.0032284108,0.020660076
10190,0.023884261,0.0032264474,0.020657813
10191,0.023879945,0.0032244476,0.020655498
10192,0.02387577,0.0032225982,0.020653171
10193,0.023872003,0.00322084,0.020651164
10194,0.023867669,0.0032191314,0.020648537
10195,0.023864035,0.0032176306,0.020646404
10196,0.023859879,0.0032162024,0.020643676
10197,0.023855714,0.0032143048,0.020641409
10198,0.023851434,0.0032125323,0.020638902
10199,0.023847785,0.0032111772,0.020636607
10200,0.02384321,0.0032088384,0.020634372
10201,0.023839122,0.0032071962,0.020631926
10202,0.02383484,0.003205058,0.020629782
10203,0.023831248,0.003204029,0.02062722
10204,0.023826998,0.0032019776,0.02062502
10205,0.023822479,0.003200063,0.020622415
10206,0.023818333,0.0031982574,0.020620076
10207,0.023814669,0.0031970758,0.020617593
10208,0.02381058,0.0031954122,0.020615168
10209,0.023805933,0.0031931316,0.0206128
10210,0.023802226,0.0031918087,0.020610418
10211,0.023797661,0.0031895554,0.020608105
10212,0.0237938,0.0031881526,0.020605648
10213,0.02379006,0.0031866317,0.020603428
10214,0.023785809,0.0031848655,0.020600943
10215,0.023781868,0.003183191,0.020598676
10216,0.023777574,0.003181349,0.020596225
10217,0.023773769,0.0031798948,0.020593874
10218,0.02377011,0.0031786405,0.02059147
10219,0.02376614,0.003177007,0.020589132
10220,0.023761785,0.0031749455,0.020586839
10221,0.023758,0.0031735431,0.020584457
10222,0.023753714,0.0031715669,0.020582147
10223,0.023748972,0.0031692868,0.020579685
10224,0.023744803,0.0031674495,0.020577354
10225,0.023740776,0.0031658758,0.0205749
10226,0.023736691,0.0031640993,0.020572592
10227,0.023733087,0.0031628544,0.020570233
10228,0.02372912,0.00316122,0.0205679
10229,0.023724841,0.0031592443,0.020565597
10230,0.023720738,0.0031574862,0.020563252
10231,0.023716675,0.00315568,0.020560995
10232,0.023712771,0.0031541265,0.020558644
10233,0.023708647,0.0031522976,0.02055635
10234,0.023704024,0.0031500272,0.020553997
10235,0.023700466,0.0031488007,0.020551665
10236,0.023696259,0.00314702,0.02054924
10237,0.023692613,0.0031457425,0.02054687
10238,0.023688443,0.0031439634,0.020544479
10239,0.023684729,0.003142551,0.020542178
10240,0.023680871,0.0031409936,0.020539878
10241,0.023676716,0.0031391955,0.02053752
10242,0.023672614,0.0031374244,0.02053519
10243,0.023669213,0.0031363503,0.020532863
10244,0.023664696,0.0031341081,0.020530589
10245,0.02366045,0.0031322152,0.020528235
10246,0.023656817,0.0031308748,0.020525942
10247,0.023652289,0.0031287193,0.02052357
10248,0.023648642,0.0031274115,0.020521231
10249,0.023644732,0.0031259358,0.020518797
10250,0.023640374,0.0031239071,0.020516466
10251,0.023636058,0.003121961,0.020514097
10252,0.023632213,0.0031203805,0.020511832
10253,0.023627995,0.0031184684,0.020509526
10254,0.023623941,0.003116749,0.020507192
10255,0.023620151,0.0031151976,0.020504953
10256,0.02361648,0.0031139192,0.02050256
10257,0.023612434,0.0031121327,0.0205003
10258,0.023608364,0.003110444,0.02049792
10259,0.02360426,0.0031086248,0.020495636
10260,0.02360069,0.0031074295,0.02049326
10261,0.02359655,0.003105537,0.020491013
10262,0.023593022,0.003104349,0.020488672
10263,0.023589186,0.00310281,0.020486377
10264,0.023585238,0.00310124,0.020483999
10265,0.023580907,0.0030991395,0.020481767
10266,0.02357723,0.0030978676,0.020479362
10267,0.023573069,0.003095958,0.02047711
10268,0.023569072,0.0030943544,0.020474717
10269,0.023564696,0.0030922408,0.020472456
10270,0.023560738,0.0030906328,0.020470105
10271,0.023556655,0.0030887688,0.020467887
10272,0.023552276,0.0030867658,0.02046551
10273,0.02354842,0.0030850791,0.020463342
10274,0.023544112,0.003083236,0.020460876
10275,0.023540378,0.0030816484,0.02045873
10276,0.023536222,0.0030800041,0.020456217
10277,0.023532638,0.003078562,0.020454077
10278,0.02352864,0.0030770516,0.020451587
10279,0.023524871,0.0030753496,0.020449521
10280,0.023520924,0.0030739924,0.020446932
10281,0.02351713,0.0030721389,0.020444991
10282,0.023512788,0.0030704325,0.020442355
10283,0.023509271,0.0030686448,0.020440627
10284,0.023505336,0.003067305,0.02043803
10285,0.023501508,0.003064869,0.020436639
10286,0.023498427,0.003064467,0.02043396
10287,0.023494862,0.0030618708,0.020432992
10288,0.02349169,0.0030612608,0.020430429
10289,0.02348921,0.0030589425,0.020430269
10290,0.023486286,0.0030583027,0.020427983
10291,0.023484118,0.0030552768,0.020428842
10292,0.023481656,0.0030552575,0.020426398
10293,0.023478981,0.0030513876,0.020427594
10294,0.023476062,0.0030518647,0.020424198
10295,0.02347264,0.0030486665,0.020423975
10296,0.023467686,0.0030492493,0.020418437
10297,0.023460565,0.003045075,0.02041549
10298,0.02345404,0.0030452537,0.020408787
10299,0.023447178,0.0030420972,0.02040508
10300,0.023442198,0.0030410788,0.020401118
10301,0.023438564,0.00303959,0.020398974
10302,0.023435442,0.0030370865,0.020398356
10303,0.023433594,0.0030371167,0.020396477
10304,0.023430232,0.0030341363,0.020396097
10305,0.023426171,0.0030336715,0.0203925
10306,0.023421647,0.003031178,0.02039047
10307,0.023416476,0.0030304734,0.020386003
10308,0.023411674,0.0030283947,0.02038328
10309,0.023407418,0.0030270033,0.020380415
10310,0.023403738,0.0030254894,0.020378249
10311,0.023400463,0.003023452,0.020377012
10312,0.023396913,0.0030222032,0.02037471
10313,0.023393575,0.003020094,0.02037348
10314,0.023389386,0.0030190267,0.020370359
10315,0.023384921,0.0030165287,0.020368392
10316,0.02338065,0.0030155196,0.02036513
10317,0.023376409,0.0030135645,0.020362845
10318,0.023372341,0.0030119324,0.020360408
10319,0.023368163,0.003009964,0.0203582
10320,0.023364358,0.0030078725,0.020356486
10321,0.023360593,0.0030065665,0.020354027
10322,0.023356656,0.003004361,0.020352295
10323,0.023353314,0.0030038639,0.02034945
10324,0.023349293,0.0030019137,0.02034738
10325,0.023345372,0.0030007828,0.020344589
10326,0.023341099,0.0029987167,0.020342382
10327,0.02333787,0.0029977937,0.020340078
10328,0.023333794,0.0029959234,0.02033787
10329,0.023329983,0.0029941057,0.020335877
10330,0.023326306,0.002992837,0.020333469
10331,0.023322264,0.0029907764,0.020331487
10332,0.023318423,0.0029895427,0.02032888
10333,0.023314405,0.0029875834,0.020326821
10334,0.023311006,0.0029867175,0.020324288
10335,0.023307184,0.0029849685,0.020322215
10336,0.02330307,0.0029832083,0.02031986
10337,0.023299016,0.0029813568,0.020317659
10338,0.023295593,0.002980049,0.020315543
10339,0.023291113,0.0029779118,0.020313201
10340,0.023287624,0.002976491,0.020311134
10341,0.023282997,0.0029743847,0.020308612
10342,0.023280097,0.0029736347,0.020306462
10343,0.023275726,0.0029717751,0.02030395
10344,0.02327194,0.0029701137,0.020301826
10345,0.02326842,0.0029689404,0.02029948
10346,0.023264265,0.0029668978,0.020297367
10347,0.023260672,0.0029655457,0.020295126
10348,0.023256972,0.0029640426,0.02029293
10349,0.023253025,0.0029623047,0.020290721
10350,0.023249201,0.0029607292,0.020288473
10351,0.023245262,0.0029588733,0.020286389
10352,0.023241805,0.002957674,0.020284131
10353,0.023237526,0.002955506,0.02028202
10354,0.023233743,0.002954134,0.020279609
10355,0.02323022,0.0029527901,0.02027743
10356,0.023226561,0.002951511,0.02027505
10357,0.023223115,0.0029501882,0.020272927
10358,0.023219062,0.0029484616,0.0202706
10359,0.023215307,0.0029469042,0.020268403
10360,0.023211487,0.0029453905,0.020266097
10361,0.023208201,0.002944352,0.020263849
10362,0.023204247,0.0029426515,0.020261595
10363,0.023200313,0.002940922,0.02025939
10364,0.02319641,0.0029391565,0.020257253
10365,0.023192804,0.0029378003,0.020255005
10366,0.023188563,0.0029356808,0.020252882
10367,0.023184983,0.0029343404,0.020250643
10368,0.023180388,0.0029319325,0.020248456
10369,0.023176849,0.0029307653,0.020246083
10370,0.023173131,0.002929229,0.020243902
10371,0.023169369,0.0029277932,0.020241575
10372,0.023165347,0.002925865,0.020239482
10373,0.023161804,0.0029246055,0.020237198
10374,0.023158044,0.0029229976,0.020235047
10375,0.023154035,0.0029212714,0.020232763
10376,0.023150742,0.0029201128,0.020230629
10377,0.023147058,0.0029187298,0.020228328
10378,0.023143044,0.0029168387,0.020226205
10379,0.023139397,0.002915491,0.020223906
10380,0.023135548,0.0029137763,0.020221772
10381,0.02313117,0.0029116566,0.020219512
10382,0.023127582,0.002910229,0.020217353
10383,0.023123713,0.0029085372,0.020215176
10384,0.023120258,0.0029071928,0.020213066
10385,0.023116203,0.002905394,0.020210808
10386,0.023112725,0.002904094,0.02020863
10387,0.023109227,0.002903019,0.020206207
10388,0.023105687,0.0029017807,0.020203905
10389,0.023101956,0.002900436,0.02020152
10390,0.023098653,0.002899328,0.020199325
10391,0.023094399,0.00289736,0.02019704
10392,0.023090627,0.0028956716,0.020194955
10393,0.023086619,0.0028938784,0.02019274
10394,0.023083052,0.002892374,0.020190679
10395,0.023079144,0.002890683,0.02018846
10396,0.023075469,0.002889071,0.020186398
10397,0.023071589,0.0028874944,0.020184094
10398,0.02306843,0.0028864352,0.020181995
10399,0.023064837,0.0028852588,0.020179579
10400,0.023061028,0.0028834657,0.020177562
10401,0.023057224,0.0028820825,0.020175142
10402,0.0230536,0.002880357,0.020173242
10403,0.023049809,0.0028789688,0.02017084
10404,0.0230465,0.002877401,0.020169098
10405,0.023042567,0.0028759914,0.020166576
10406,0.023039235,0.0028740729,0.020165162
10407,0.023035794,0.0028730505,0.020162744
10408,0.023032703,0.0028707352,0.020161968
10409,0.023029981,0.002870126,0.020159855
10410,0.02302724,0.0028671825,0.020160057
10411,0.023026275,0.0028679587,0.020158315
10412,0.023024498,0.0028644276,0.02016007
10413,0.023024028,0.0028651585,0.02015887
10414,0.023022832,0.0028613084,0.020161524
10415,0.023021132,0.0028619377,0.020159194
10416,0.023018215,0.002858622,0.020159593
10417,0.023011878,0.0028591412,0.020152736
10418,0.023003737,0.0028556793,0.020148057
10419,0.022994278,0.002855049,0.020139229
10420,0.022987409,0.0028529381,0.020134471
10421,0.022982782,0.002851313,0.020131469
10422,0.022980815,0.0028502888,0.020130526
10423,0.022979833,0.0028479754,0.020131858
10424,0.022978133,0.0028481765,0.020129956
10425,0.022974012,0.002844971,0.020129042
10426,0.022968011,0.0028441625,0.020123849
10427,0.022962661,0.0028422738,0.020120388
10428,0.022957385,0.002841014,0.02011637
10429,0.02295345,0.0028392458,0.020114206
10430,0.022950554,0.0028370032,0.02011355
10431,0.022948256,0.0028365112,0.020111745
10432,0.02294526,0.0028343247,0.020110937
10433,0.022940913,0.0028335787,0.020107334
10434,0.022936339,0.002831497,0.020104842
10435,0.022931758,0.0028304223,0.020101337
10436,0.022927817,0.0028287421,0.020099076
10437,0.02292434,0.0028268946,0.020097444
10438,0.02292174,0.0028262371,0.020095501
10439,0.022917876,0.0028235184,0.020094357
10440,0.022914564,0.0028230501,0.020091515
10441,0.022910021,0.0028204469,0.020089574
10442,0.022905469,0.0028189258,0.020086544
10443,0.022901857,0.0028175334,0.020084323
10444,0.022898423,0.0028162575,0.020082165
10445,0.022895297,0.0028153192,0.020079978
10446,0.022892352,0.0028139737,0.020078378
10447,0.022888618,0.0028127658,0.020075852
10448,0.022884546,0.0028105807,0.020073965
10449,0.022880996,0.0028096822,0.020071313
10450,0.022876825,0.0028076002,0.020069225
10451,0.022873484,0.0028065508,0.020066934
10452,0.022869483,0.0028046363,0.020064846
10453,0.022865804,0.0028028379,0.020062966
10454,0.022862628,0.0028019282,0.0200607
10455,0.022858763,0.002799862,0.020058902
10456,0.02285546,0.0027990087,0.020056453
10457,0.02285176,0.0027973382,0.020054422
10458,0.022848198,0.0027962166,0.020051982
10459,0.022844523,0.0027946786,0.020049844
10460,0.022840628,0.0027929202,0.020047707
10461,0.022836946,0.0027913586,0.020045588
10462,0.02283317,0.0027895002,0.02004367
10463,0.022829749,0.002788272,0.020041477
10464,0.022826215,0.0027866322,0.020039583
10465,0.022823066,0.0027858228,0.020037243
10466,0.02281921,0.002784009,0.020035202
10467,0.022815961,0.002783084,0.020032877
10468,0.022812087,0.002781335,0.020030752
10469,0.022808388,0.0027797553,0.020028632
10470,0.022804622,0.0027781837,0.020026438
10471,0.022800874,0.00277644,0.020024434
10472,0.022798346,0.0027760626,0.020022284
10473,0.02279429,0.0027739992,0.02002029
10474,0.022790391,0.002772328,0.020018063
10475,0.02278671,0.0027707175,0.020015992
10476,0.022783136,0.0027693503,0.020013785
10477,0.022779945,0.0027682893,0.020011656
10478,0.022776503,0.0027669577,0.020009546
10479,0.022773378,0.0027660003,0.020007377
10480,0.022769626,0.0027643146,0.020005312
10481,0.022765856,0.0027627058,0.020003151
10482,0.02276218,0.0027610664,0.020001113
10483,0.022758907,0.0027599966,0.01999891
10484,0.022755098,0.0027582569,0.01999684
10485,0.022751743,0.002757066,0.019994678
10486,0.02274846,0.0027558776,0.019992582
10487,0.022744602,0.0027541523,0.01999045
10488,0.022740886,0.0027525218,0.019988364
10489,0.022737352,0.0027510691,0.019986283
10490,0.02273355,0.002749404,0.019984147
10491,0.022730306,0.0027482456,0.01998206
10492,0.022726862,0.002747059,0.019979803
10493,0.022723015,0.0027453734,0.019977642
10494,0.022719365,0.0027439622,0.019975401
10495,0.02271653,0.0027432116,0.019973317
10496,0.022712562,0.0027413731,0.019971188
10497,0.02270879,0.0027396807,0.01996911
10498,0.022705121,0.0027380856,0.019967034
10499,0.022701506,0.0027366003,0.019964905
10500,0.022697957,0.0027351335,0.019962823
10501,0.022694755,0.0027341114,0.019960644
10502,0.022691064,0.002732483,0.01995858
10503,0.022687582,0.0027311742,0.019956408
10504,0.022683645,0.0027293274,0.019954318
10505,0.022680227,0.0027280247,0.019952202
10506,0.02267696,0.0027268697,0.01995009
10507,0.022673769,0.0027258052,0.019947965
10508,0.022670012,0.0027241074,0.019945905
10509,0.02266639,0.0027226522,0.019943736
10510,0.022662848,0.0027212615,0.019941587
10511,0.02265901,0.002719592,0.019939417
10512,0.02265546,0.002718159,0.0199373
10513,0.022651853,0.0027166193,0.019935234
10514,0.022648051,0.002714918,0.019933132
10515,0.02264428,0.0027131925,0.019931087
10516,0.022641193,0.0027122663,0.019928927
10517,0.022637917,0.0027110758,0.01992684
10518,0.02263416,0.0027094476,0.019924711
10519,0.022630945,0.002708184,0.019922761
10520,0.02262735,0.0027066441,0.019920705
10521,0.022623826,0.002705161,0.019918665
10522,0.022620313,0.0027038467,0.019916466
10523,0.022616724,0.0027024306,0.019914294
10524,0.022612987,0.0027008606,0.019912126
10525,0.022609575,0.0026994674,0.019910108
10526,0.022606025,0.002698072,0.019907953
10527,0.02260253,0.0026965975,0.019905932
10528,0.022598889,0.0026950769,0.019903813
10529,0.022595735,0.0026939698,0.019901766
10530,0.022592194,0.0026925532,0.019899642
10531,0.022588948,0.0026913385,0.01989761
10532,0.022584897,0.0026893879,0.019895509
10533,0.022581592,0.002688243,0.019893348
10534,0.022578206,0.0026870524,0.019891154
10535,0.022574825,0.0026858232,0.019889003
10536,0.022571592,0.0026847522,0.01988684
10537,0.022567758,0.002682957,0.0198848
10538,0.02256406,0.0026813478,0.01988271
10539,0.02256081,0.002680151,0.01988066
10540,0.02255692,0.0026783934,0.019878527
10541,0.02255369,0.0026772125,0.019876478
10542,0.022550102,0.0026758455,0.019874256
10543,0.022546124,0.0026738793,0.019872244
10544,0.02254268,0.0026726448,0.019870035
10545,0.022539245,0.002671176,0.019868068
10546,0.022535676,0.0026697747,0.019865902
10547,0.022532534,0.0026684434,0.01986409
10548,0.022528972,0.0026670736,0.0198619
10549,0.022525596,0.0026654375,0.019860158
10550,0.022522012,0.002664131,0.019857882
10551,0.022518817,0.002662578,0.019856239
10552,0.022515876,0.002662031,0.019853845
10553,0.022513084,0.0026604445,0.01985264
10554,0.022510415,0.0026599816,0.019850433
10555,0.02250789,0.002657835,0.019850055
10556,0.02250597,0.0026576305,0.019848341
10557,0.022504339,0.0026549113,0.019849427
10558,0.022503754,0.0026549967,0.019848756
10559,0.022503836,0.002651835,0.019852001
10560,0.022504538,0.0026525182,0.01985202
10561,0.022504516,0.002648513,0.019856002
10562,0.022503575,0.0026504751,0.0198531
10563,0.022497639,0.0026460278,0.019851612
10564,0.022488441,0.0026468702,0.01984157
10565,0.022477077,0.0026432637,0.019833814
10566,0.022468064,0.0026427824,0.019825282
10567,0.022463307,0.0026410946,0.019822212
10568,0.022462787,0.0026396555,0.019823132
10569,0.022463012,0.0026393181,0.019823695
10570,0.022461487,0.0026363435,0.019825144
10571,0.022457633,0.0026368634,0.01982077
10572,0.022450924,0.0026339248,0.019816998
10573,0.022443857,0.002632897,0.01981096
10574,0.022438874,0.00263085,0.019808024
10575,0.022436518,0.0026293015,0.019807216
10576,0.022435516,0.0026291714,0.019806344
10577,0.022433296,0.0026267895,0.019806506
10578,0.02242925,0.0026262999,0.01980295
10579,0.022424363,0.002624187,0.019800175
10580,0.022419333,0.0026232963,0.019796036
10581,0.022415698,0.0026220346,0.019793663
10582,0.022413077,0.0026205776,0.019792499
10583,0.022410404,0.002619498,0.019790906
10584,0.022407863,0.0026178025,0.01979006
10585,0.022403486,0.002616565,0.01978692
10586,0.02239935,0.002614697,0.019784652
10587,0.022395533,0.002613955,0.019781578
10588,0.022392279,0.002612783,0.019779496
10589,0.022388678,0.0026106716,0.019778006
10590,0.022386055,0.00261003,0.019776026
10591,0.022382163,0.0026074986,0.019774664
10592,0.022378884,0.0026069733,0.019771911
10593,0.022374641,0.0026046922,0.019769948
10594,0.022371076,0.002603687,0.019767389
10595,0.022367926,0.0026025507,0.019765375
10596,0.022364141,0.0026004785,0.019763663
10597,0.022361422,0.002599903,0.01976152
10598,0.02235821,0.0025983283,0.019759882
10599,0.022354614,0.0025972566,0.019757358
10600,0.022351185,0.0025957967,0.019755388
10601,0.022347191,0.002594182,0.01975301
10602,0.022344032,0.0025930516,0.01975098
10603,0.022341318,0.0025922316,0.019749086
10604,0.022338487,0.0025914114,0.019747077
10605,0.022334913,0.0025895091,0.019745404
10606,0.022331499,0.002588352,0.019743146
10607,0.02232771,0.0025864332,0.019741276
10608,0.022324424,0.0025854073,0.019739017
10609,0.022320995,0.0025839852,0.01973701
10610,0.02231785,0.002582836,0.019735014
10611,0.02231433,0.0025814,0.01973293
10612,0.02231104,0.002579867,0.019731171
10613,0.022308124,0.0025790865,0.019729037
10614,0.02230442,0.0025771868,0.019727232
10615,0.022301463,0.002576418,0.019725045
10616,0.022297703,0.0025745956,0.019723106
10617,0.02229428,0.0025732436,0.019721035
10618,0.022290925,0.0025719358,0.019718988
10619,0.022287548,0.0025704377,0.01971711
10620,0.022283986,0.0025689735,0.019715013
10621,0.02228054,0.002567409,0.019713132
10622,0.022277713,0.002566795,0.019710917
10623,0.022274397,0.0025654843,0.019708913
10624,0.022271037,0.0025642663,0.01970677
10625,0.022268,0.0025632102,0.019704789
10626,0.022265173,0.002562392,0.019702781
10627,0.022261325,0.002560582,0.019700743
10628,0.022258429,0.0025596279,0.0196988
10629,0.022254903,0.0025581904,0.019696712
10630,0.02225135,0.0025565668,0.019694785
10631,0.022248004,0.002555369,0.019692635
10632,0.022244936,0.0025542292,0.019690707
10633,0.02224149,0.0025529023,0.019688588
10634,0.022238245,0.0025517396,0.019686505
10635,0.02223474,0.0025502997,0.01968444
10636,0.022231644,0.0025492967,0.019682348
10637,0.022228183,0.002547742,0.01968044
10638,0.02222497,0.0025464685,0.019678501
10639,0.022221591,0.0025450191,0.019676572
10640,0.022218267,0.0025437335,0.019674534
10641,0.022215044,0.0025425162,0.019672528
10642,0.022211293,0.0025407942,0.019670498
10643,0.022208292,0.0025398438,0.019668449
10644,0.022205075,0.0025386028,0.019666472
10645,0.02220208,0.0025375823,0.019664498
10646,0.0221984,0.002535871,0.01966253
10647,0.022195166,0.0025347217,0.019660445
10648,0.022191755,0.0025332903,0.019658465
10649,0.022188226,0.0025318207,0.019656405
10650,0.022184996,0.0025305508,0.019654445
10651,0.022181513,0.0025290928,0.01965242
10652,0.022178423,0.0025279815,0.01965044
10653,0.022174986,0.002526572,0.019648414
10654,0.022171566,0.0025251033,0.019646462
10655,0.02216836,0.0025238674,0.019644493
10656,0.022164993,0.0025224064,0.019642586
10657,0.02216179,0.002521161,0.019640628
10658,0.022158366,0.0025196976,0.019638669
10659,0.02215509,0.0025184664,0.019636624
10660,0.022151766,0.00251719,0.019634577
10661,0.022148656,0.002516069,0.019632587
10662,0.02214518,0.0025146815,0.0196305
10663,0.022141684,0.0025131642,0.01962852
10664,0.02213872,0.0025122336,0.019626487
10665,0.022135224,0.0025107448,0.01962448
10666,0.02213196,0.0025094943,0.019622467
10667,0.022128701,0.002508234,0.019620467
10668,0.02212535,0.0025068198,0.01961853
10669,0.022122273,0.0025056668,0.019616606
10670,0.022118919,0.0025042966,0.019614622
10671,0.022115665,0.0025030167,0.019612648
10672,0.022112507,0.0025019087,0.019610599
10673,0.02210929,0.0025006644,0.019608626
10674,0.022106366,0.0024997583,0.019606609
10675,0.022102676,0.002498084,0.019604592
10676,0.022099875,0.0024973021,0.019602573
10677,0.022096587,0.0024960604,0.019600527
10678,0.022093298,0.002494812,0.019598486
10679,0.022090234,0.0024937706,0.019596463
10680,0.022086548,0.002492125,0.019594423
10681,0.022083532,0.0024910783,0.019592455
10682,0.022080032,0.002489505,0.019590527
10683,0.022076525,0.0024879165,0.019588608
10684,0.022073304,0.0024866054,0.0195867
10685,0.02207009,0.0024853973,0.019584693
10686,0.022066938,0.0024841907,0.019582747
10687,0.022063913,0.002483231,0.01958068
10688,0.022061005,0.002482372,0.019578634
10689,0.022057567,0.0024810403,0.019576527
10690,0.022054087,0.0024795588,0.019574529
10691,0.022050912,0.0024783579,0.019572554
10692,0.022047596,0.0024769383,0.019570658
10693,0.022044284,0.0024755625,0.019568723
10694,0.022041658,0.0024748854,0.019566773
10695,0.022037912,0.002473232,0.01956468
10696,0.022034872,0.0024722388,0.019562634
10697,0.02203123,0.0024706887,0.019560542
10698,0.022028087,0.002469619,0.019558467
10699,0.022025123,0.0024686612,0.019556463
10700,0.022021951,0.0024674572,0.019554494
10701,0.022018127,0.0024655634,0.019552564
10702,0.022015013,0.002464416,0.019550597
10703,0.022011638,0.0024629412,0.019548696
10704,0.022008033,0.0024613768,0.019546656
10705,0.022004917,0.0024602741,0.019544642
10706,0.022001453,0.0024589326,0.01954252
10707,0.02199883,0.0024582634,0.019540567
10708,0.021995489,0.0024570364,0.019538453
10709,0.02199207,0.002455512,0.019536559
10710,0.02198894,0.002454397,0.019534543
10711,0.021986172,0.0024534296,0.019532742
10712,0.021982912,0.0024522303,0.019530682
10713,0.021979498,0.002450604,0.019528894
10714,0.021976259,0.0024495036,0.019526755
10715,0.021973211,0.0024481076,0.019525103
10716,0.02196999,0.002447098,0.019522892
10717,0.02196657,0.0024451304,0.01952144
10718,0.021963893,0.002444608,0.019519284
10719,0.021961194,0.0024428854,0.019518308
10720,0.021959137,0.0024426086,0.019516528
10721,0.021957017,0.002440352,0.019516665
10722,0.021955706,0.0024401916,0.019515514
10723,0.021955317,0.0024377496,0.019517567
10724,0.021955764,0.002437973,0.01951779
10725,0.02195743,0.0024350507,0.019522378
10726,0.0219594,0.0024361098,0.01952329
10727,0.021960894,0.0024331794,0.019527715
10728,0.021957917,0.002434223,0.019523693
10729,0.021950297,0.002430749,0.019519549
10730,0.021938391,0.0024313577,0.019507034
10731,0.021926245,0.0024284264,0.019497817
10732,0.02191835,0.0024273098,0.019491041
10733,0.0219165,0.0024262685,0.01949023
10734,0.021918265,0.0024245915,0.019493673
10735,0.02191942,0.0024251407,0.019494278
10736,0.021916427,0.0024221793,0.019494247
10737,0.021909675,0.0024221812,0.019487493
10738,0.021901738,0.0024195185,0.01948222
10739,0.021895962,0.0024184359,0.019477526
10740,0.021893842,0.0024176128,0.01947623
10741,0.021893013,0.0024156969,0.019477317
10742,0.021892179,0.0024159953,0.019476183
10743,0.021888405,0.0024134251,0.01947498
10744,0.02188289,0.002412724,0.019470166
10745,0.02187787,0.002411012,0.019466858
10746,0.021874048,0.0024098891,0.01946416
10747,0.0218718,0.0024090055,0.019462794
10748,0.021870168,0.0024075606,0.019462608
10749,0.021867316,0.0024069245,0.019460391
10750,0.021863589,0.002404999,0.01945859
10751,0.021859335,0.0024042844,0.019455051
10752,0.021855412,0.002402684,0.019452728
10753,0.021852238,0.0024012832,0.019450955
10754,0.021850169,0.0024008513,0.019449318
10755,0.021847127,0.0023987622,0.019448364
10756,0.021844396,0.0023985105,0.019445887
10757,0.021840388,0.0023964064,0.019443981
10758,0.021836987,0.002395721,0.019441266
10759,0.021833431,0.0023941705,0.019439261
10760,0.02183057,0.0023929055,0.019437665
10761,0.02182777,0.0023919742,0.019435797
10762,0.021824392,0.0023900399,0.019434351
10763,0.021820918,0.0023889919,0.019431926
10764,0.021818181,0.0023881549,0.019430026
10765,0.021814592,0.0023869623,0.01942763
10766,0.021811666,0.0023859683,0.019425698
10767,0.021808645,0.0023846682,0.019423977
10768,0.021805346,0.00238335,0.019421997
10769,0.021802722,0.0023823052,0.019420417
10770,0.02179931,0.0023811234,0.019418186
10771,0.021796435,0.0023801022,0.019416332
10772,0.021792999,0.0023788211,0.019414177
10773,0.02179001,0.0023777552,0.019412255
10774,0.021787358,0.0023769608,0.019410398
10775,0.021783894,0.002375487,0.019408407
10776,0.021780549,0.0023738677,0.01940668
10777,0.021777716,0.0023730905,0.019404626
10778,0.021774638,0.002371807,0.019402832
10779,0.021771405,0.0023706022,0.019400803
10780,0.021768067,0.002369166,0.019398902
10781,0.021765115,0.0023680918,0.019397022
10782,0.021762231,0.0023671526,0.01939508
10783,0.021758987,0.0023656741,0.019393312
10784,0.021755653,0.0023643477,0.019391306
10785,0.021752393,0.0023628715,0.019389521
10786,0.02174948,0.0023619945,0.019387485
10787,0.021746181,0.002360573,0.019385608
10788,0.021743396,0.002359736,0.01938366
10789,0.021740286,0.0023586068,0.01938168
10790,0.021737259,0.0023574724,0.019379787
10791,0.021733569,0.002355818,0.019377751
10792,0.021730844,0.002354929,0.019375915
10793,0.021727972,0.00235412,0.01937385
10794,0.02172486,0.0023528421,0.019372016
10795,0.021721998,0.0023519055,0.019370092
10796,0.02171887,0.0023505874,0.019368283
10797,0.021715509,0.0023490975,0.019366411
10798,0.02171226,0.0023477802,0.01936448
10799,0.021709371,0.0023467522,0.01936262
10800,0.021706397,0.0023457971,0.0193606
10801,0.021703728,0.0023449846,0.019358743
10802,0.021699969,0.00234326,0.019356709
10803,0.021696856,0.0023419894,0.019354867
10804,0.02169371,0.0023407685,0.01935294
10805,0.021690637,0.002339546,0.019351091
10806,0.021687211,0.0023379393,0.019349271
10807,0.021684371,0.0023369903,0.01934738
10808,0.021681406,0.0023358783,0.019345528
10809,0.021678057,0.002334494,0.019343562
10810,0.0216751,0.002333415,0.019341685
10811,0.021672249,0.00233252,0.01933973
10812,0.021669203,0.0023314313,0.019337771
10813,0.021665867,0.0023299765,0.01933589
10814,0.021663157,0.0023291775,0.01933398
10815,0.021660231,0.0023281067,0.019332124
10816,0.0216574,0.0023271486,0.019330252
10817,0.021654442,0.0023260363,0.019328406
10818,0.021651477,0.002324964,0.019326512
10819,0.021648519,0.0023238945,0.019324625
10820,0.021645132,0.0023224736,0.019322658
10821,0.021642283,0.0023215374,0.019320745
10822,0.02163903,0.0023202684,0.019318761
10823,0.021635816,0.002318959,0.019316856
10824,0.021632869,0.0023178905,0.019314978
10825,0.021630071,0.0023169757,0.019313095
10826,0.021627009,0.0023158381,0.019311171
10827,0.02162405,0.002314824,0.019309225
10828,0.021620842,0.0023135063,0.019307336
10829,0.021618057,0.0023126882,0.019305369
10830,0.021614727,0.0023112816,0.019303445
10831,0.021611791,0.0023102767,0.019301515
10832,0.021608192,0.0023085028,0.01929969
10833,0.021605292,0.002307501,0.019297792
10834,0.021602344,0.0023064173,0.019295927
10835,0.02159877,0.0023047235,0.019294046
10836,0.021596141,0.002304043,0.019292098
10837,0.021593405,0.0023032848,0.01929012
10838,0.021590373,0.0023021975,0.019288175
10839,0.02158721,0.0023009293,0.01928628
10840,0.02158394,0.0022995186,0.019284422
10841,0.021580897,0.0022983546,0.019282542
10842,0.02157787,0.0022972396,0.019280631
10843,0.021574838,0.0022960508,0.019278787
10844,0.02157181,0.002294947,0.019276863
10845,0.021568842,0.0022938654,0.019274976
10846,0.021565368,0.0022923336,0.019273035
10847,0.021562874,0.002291734,0.01927114
10848,0.02155987,0.0022906438,0.019269226
10849,0.021556823,0.0022894428,0.01926738
10850,0.021553941,0.0022884842,0.019265456
10851,0.021551298,0.0022877895,0.019263508
10852,0.02154782,0.0022862402,0.01926158
10853,0.02154485,0.0022851983,0.01925965
10854,0.021541929,0.0022842756,0.019257654
10855,0.02153889,0.0022830516,0.01925584
10856,0.021535505,0.0022814784,0.019254027
10857,0.021532806,0.0022805892,0.019252216
10858,0.021529414,0.002279089,0.019250324
10859,0.021526432,0.0022780297,0.019248402
10860,0.02152326,0.0022768038,0.019246455
10861,0.02152026,0.0022758248,0.019244436
10862,0.0215174,0.0022748958,0.019242505
10863,0.021514263,0.0022737503,0.019240513
10864,0.021511568,0.0022728487,0.01923872
10865,0.02150805,0.0022711852,0.019236865
10866,0.021505097,0.0022699982,0.019235099
10867,0.02150198,0.0022688024,0.019233178
10868,0.021499082,0.002267813,0.01923127
10869,0.021496164,0.002266907,0.019229257
10870,0.021493116,0.0022657334,0.019227384
10871,0.021490244,0.0022648156,0.019225428
10872,0.021486847,0.0022632142,0.019223632
10873,0.021483991,0.0022623355,0.019221656
10874,0.02148154,0.0022616333,0.019219907
10875,0.021478318,0.0022603525,0.019217966
10876,0.021475503,0.002259252,0.01921625
10877,0.021472355,0.0022580752,0.01921428
10878,0.021469578,0.0022571068,0.019212471
10879,0.021466654,0.002256278,0.019210376
10880,0.021463627,0.00225502,0.019208606
10881,0.021460455,0.0022538945,0.019206561
10882,0.021458043,0.002253031,0.019205011
10883,0.021454684,0.0022517121,0.019202972
10884,0.021452041,0.002250512,0.01920153
10885,0.021449234,0.002249742,0.019199492
10886,0.021446215,0.002247749,0.019198466
10887,0.021444393,0.002247786,0.019196607
10888,0.021441145,0.002244944,0.019196201
10889,0.021439785,0.00224522,0.019194566
10890,0.021438187,0.0022430816,0.019195106
10891,0.021437515,0.0022433216,0.019194193
10892,0.021437507,0.0022411982,0.01919631
10893,0.021437805,0.0022414308,0.019196374
10894,0.021439034,0.0022392988,0.019199736
10895,0.021438807,0.0022400077,0.0191988
10896,0.021436932,0.0022369756,0.019199956
10897,0.021431826,0.0022376718,0.019194154
10898,0.021423925,0.0022349525,0.019188972
10899,0.021413658,0.0022342924,0.019179365
10900,0.021404976,0.0022318484,0.019173129
10901,0.021399975,0.0022311073,0.019168867
10902,0.021398533,0.002230472,0.019168062
10903,0.021398826,0.002228904,0.019169921
10904,0.021397911,0.0022281625,0.019169748
10905,0.021396339,0.0022265895,0.01916975
10906,0.021391561,0.00222633,0.01916523
10907,0.021386027,0.002224453,0.019161575
10908,0.021380194,0.0022235045,0.019156689
10909,0.021376668,0.0022224823,0.019154185
10910,0.021374995,0.0022217135,0.019153282
10911,0.02137312,0.0022206947,0.019152425
10912,0.021371882,0.0022194416,0.01915244
10913,0.021368245,0.0022184264,0.019149818
10914,0.021364784,0.0022171119,0.019147672
10915,0.021360353,0.002216428,0.019143924
10916,0.02135664,0.0022151277,0.019141512
10917,0.021354048,0.0022145214,0.019139526
10918,0.021351216,0.0022131915,0.019138025
10919,0.021348974,0.0022117458,0.019137228
10920,0.021346191,0.0022109863,0.019135205
10921,0.021343777,0.0022101111,0.019133667
10922,0.021339774,0.0022088985,0.019130876
10923,0.02133645,0.0022076631,0.019128786
10924,0.021333115,0.0022066059,0.01912651
10925,0.0213298,0.0022050897,0.01912471
10926,0.02132716,0.0022039178,0.019123243
10927,0.021324959,0.0022035942,0.019121364
10928,0.02132212,0.002202119,0.01912
10929,0.021319136,0.002201387,0.019117748
10930,0.021316012,0.002200016,0.019115996
10931,0.021312706,0.0021989415,0.019113764
10932,0.021309953,0.002198026,0.019111928
10933,0.021306787,0.0021966812,0.019110106
10934,0.021303698,0.0021954405,0.019108258
10935,0.021301338,0.0021946763,0.019106662
10936,0.021297555,0.0021929103,0.019104645
10937,0.021294853,0.0021918349,0.019103019
10938,0.021292144,0.0021912209,0.019100923
10939,0.021289106,0.0021899682,0.019099139
10940,0.021286039,0.0021889417,0.019097097
10941,0.021283546,0.0021883154,0.01909523
10942,0.021280596,0.002187171,0.019093424
10943,0.021277556,0.0021860457,0.019091511
10944,0.021274434,0.0021845552,0.01908988
10945,0.021272453,0.0021845521,0.0190879
10946,0.021269333,0.002183105,0.019086227
10947,0.021266693,0.00218242,0.019084273
10948,0.02126376,0.0021812348,0.019082524
10949,0.021260671,0.0021800685,0.019080603
10950,0.02125762,0.0021788059,0.019078815
10951,0.021255238,0.0021782503,0.019076988
10952,0.021252185,0.002177125,0.01907506
10953,0.021249471,0.002176169,0.019073302
10954,0.021246485,0.0021751109,0.019071374
10955,0.021243522,0.002173887,0.019069634
10956,0.021240795,0.0021730415,0.019067753
10957,0.021237817,0.00217183,0.019065987
10958,0.021234943,0.0021708251,0.019064117
10959,0.021231642,0.0021693923,0.019062249
10960,0.02122853,0.0021681252,0.019060405
10961,0.021225829,0.0021673136,0.019058514
10962,0.021222977,0.002166254,0.019056723
10963,0.021220224,0.0021653106,0.019054914
10964,0.021216918,0.0021637655,0.019053152
10965,0.02121403,0.0021627417,0.01905129
10966,0.02121155,0.002162061,0.019049488
10967,0.021209015,0.0021614635,0.01904755
10968,0.02120585,0.00216015,0.0190457
10969,0.02120287,0.0021591317,0.019043738
10970,0.021199973,0.0021580886,0.019041885
10971,0.02119712,0.0021570688,0.01904005
10972,0.021194298,0.002156063,0.019038234
10973,0.021191034,0.0021545864,0.019036448
10974,0.02118853,0.0021539521,0.019034578
10975,0.021185547,0.002152838,0.01903271
10976,0.021182643,0.0021517938,0.01903085
10977,0.02117942,0.0021503891,0.019029032
10978,0.021176873,0.0021497046,0.019027168
10979,0.021174284,0.0021489102,0.019025374
10980,0.021171309,0.0021477968,0.019023512
10981,0.021168316,0.0021465824,0.019021733
10982,0.021165535,0.002145711,0.019019824
10983,0.02116265,0.002144619,0.01901803
10984,0.021159537,0.002143396,0.019016141
10985,0.021156756,0.0021424356,0.019014321
10986,0.021153918,0.0021414242,0.019012494
10987,0.021150747,0.002140043,0.019010704
10988,0.021148019,0.0021391355,0.019008882
10989,0.021145115,0.0021380843,0.01900703
10990,0.021142375,0.0021371762,0.019005198
10991,0.021139598,0.0021362812,0.019003317
10992,0.021136774,0.0021352624,0.019001512
10993,0.021133585,0.0021338922,0.018999692
10994,0.021131132,0.0021331946,0.018997937
10995,0.021128288,0.0021320982,0.01899619
10996,0.021125704,0.0021313368,0.018994367
10997,0.021122525,0.002129992,0.018992532
10998,0.02111961,0.002129015,0.018990595
10999,0.021116532,0.0021278062,0.018988727
11000,0.021113789,0.002126926,0.018986862
11001,0.02111123,0.0021261047,0.018985124
11002,0.021108646,0.0021253107,0.018983336
11003,0.02110557,0.002123995,0.018981576
11004,0.021102682,0.0021229277,0.018979754
11005,0.02110018,0.0021222292,0.018977951
11006,0.021097062,0.0021209707,0.01897609
11007,0.021093916,0.0021196099,0.018974306
11008,0.021091169,0.0021187935,0.018972374
11009,0.021088429,0.0021178306,0.018970598
11010,0.02108548,0.002116745,0.018968735
11011,0.021082709,0.002115754,0.018966954
11012,0.02107984,0.0021148028,0.018965038
11013,0.0210771,0.0021138308,0.01896327
11014,0.021074114,0.0021127816,0.018961333
11015,0.021071374,0.0021117434,0.01895963
11016,0.021068148,0.0021104175,0.01895773
11017,0.021065522,0.00210935,0.018956171
11018,0.021062275,0.002108011,0.018954264
11019,0.021060059,0.002107337,0.018952722
11020,0.021057338,0.0021065818,0.018950757
11021,0.021054665,0.0021053085,0.018949356
11022,0.02105199,0.0021045785,0.018947411
11023,0.021049421,0.0021031334,0.018946288
11024,0.02104713,0.0021027068,0.018944424
11025,0.021044927,0.0021011916,0.018943734
11026,0.021042673,0.0021005322,0.01894214
11027,0.021041438,0.002099054,0.018942384
11028,0.021040583,0.0020992334,0.01894135
11029,0.021040387,0.0020975762,0.01894281
11030,0.02104013,0.0020975708,0.01894256
11031,0.021040814,0.0020954139,0.0189454
11032,0.021041395,0.0020962716,0.018945124
11033,0.021040797,0.00209371,0.018947087
11034,0.021037605,0.0020941624,0.018943442
11035,0.021031937,0.0020913547,0.018940583
11036,0.021023719,0.0020916378,0.018932082
11037,0.021015177,0.0020894606,0.018925715
11038,0.021007713,0.0020887002,0.018919013
11039,0.021003379,0.0020873053,0.018916072
11040,0.02100218,0.002086323,0.018915858
11041,0.021001969,0.0020858317,0.018916138
11042,0.021002078,0.0020845039,0.018917575
11043,0.020999754,0.0020842094,0.018915545
11044,0.020996155,0.0020826412,0.018913515
11045,0.020990532,0.0020820894,0.018908443
11046,0.020985432,0.0020805234,0.01890491
11047,0.020981478,0.0020797495,0.018901728
11048,0.02097935,0.002079189,0.018900162
11049,0.020977879,0.002077877,0.018900001
11050,0.020975737,0.0020769148,0.018898822
11051,0.020973805,0.0020756514,0.018898154
11052,0.020970192,0.0020749678,0.018895224
11053,0.020966724,0.0020737797,0.018892944
11054,0.02096274,0.0020730018,0.018889738
11055,0.020959364,0.0020717573,0.018887607
11056,0.020956622,0.0020706628,0.018885959
11057,0.020954307,0.0020698851,0.018884422
11058,0.020952087,0.0020685322,0.018883554
11059,0.020949788,0.0020682204,0.018881569
11060,0.020946892,0.002066863,0.018880028
11061,0.020943323,0.0020658716,0.018877452
11062,0.020940302,0.0020647885,0.018875513
11063,0.020937104,0.002063789,0.018873315
11064,0.020934435,0.002062926,0.018871509
11065,0.020932144,0.0020621535,0.01886999
11066,0.02092968,0.0020614555,0.018868225
11067,0.020926887,0.0020600557,0.018866831
11068,0.020924445,0.002059674,0.018864771
11069,0.020921567,0.002058451,0.018863115
11070,0.020918436,0.0020575156,0.018860921
11071,0.020915743,0.0020566415,0.018859101
11072,0.020912813,0.0020556604,0.018857153
11073,0.02090996,0.002054586,0.018855374
11074,0.02090683,0.0020530187,0.018853812
11075,0.020904372,0.0020523993,0.018851971
11076,0.02090133,0.0020508997,0.01885043
11077,0.020898785,0.0020503283,0.018848456
11078,0.020895926,0.0020491397,0.018846786
11079,0.020892544,0.0020477392,0.018844804
11080,0.020889804,0.0020467779,0.018843027
11081,0.020887133,0.0020459115,0.018841222
11082,0.020884424,0.0020449606,0.018839464
11083,0.020882063,0.0020442877,0.018837774
11084,0.020879377,0.0020434568,0.018835919
11085,0.020877171,0.002042908,0.018834263
11086,0.0208736,0.0020412118,0.01883239
11087,0.020871274,0.0020406046,0.01883067
11088,0.020868342,0.0020395515,0.01882879
11089,0.020865617,0.0020385738,0.018827043
11090,0.02086252,0.0020373324,0.018825188
11091,0.020860132,0.0020366807,0.01882345
11092,0.020857206,0.0020356278,0.018821578
11093,0.020854412,0.0020346686,0.018819744
11094,0.020851485,0.0020334965,0.01881799
11095,0.020848988,0.0020328327,0.018816154
11096,0.020846209,0.002031758,0.01881445
11097,0.020843383,0.0020307635,0.01881262
11098,0.020841058,0.0020301049,0.018810954
11099,0.020838395,0.002029278,0.018809117
11100,0.020835219,0.0020278299,0.018807389
11101,0.020832617,0.0020270632,0.018805554
11102,0.02082968,0.002025864,0.018803816
11103,0.020827169,0.0020250762,0.018802091
11104,0.020824611,0.0020242757,0.018800335
11105,0.020822007,0.0020234052,0.018798603
11106,0.020819256,0.002022537,0.01879672
11107,0.020816661,0.0020216764,0.018794985
11108,0.020814016,0.0020208699,0.018793147
11109,0.020811342,0.0020198831,0.01879146
11110,0.020808926,0.002019265,0.01878966
11111,0.020806307,0.002018377,0.01878793
11112,0.02080344,0.0020173346,0.018786106
11113,0.020800823,0.0020164975,0.018784326
11114,0.020798113,0.002015614,0.018782498
11115,0.020795342,0.0020146417,0.0187807
11116,0.020792518,0.0020135504,0.018778967
11117,0.020789808,0.0020125387,0.018777268
11118,0.020786893,0.0020113422,0.01877555
11119,0.020784415,0.0020106742,0.018773742
11120,0.020781554,0.0020095566,0.018771997
11121,0.020778747,0.00200861,0.018770138
11122,0.020776095,0.0020077468,0.018768348
11123,0.020773381,0.0020068986,0.018766481
11124,0.020770624,0.0020058618,0.018764762
11125,0.020767339,0.002004345,0.018762995
11126,0.020765044,0.002003684,0.01876136
11127,0.020762483,0.0020028544,0.018759629
11128,0.020759817,0.0020019491,0.018757869
11129,0.020757297,0.0020013181,0.01875598
11130,0.020754568,0.0020004557,0.018754113
11131,0.02075187,0.0019996131,0.018752256
11132,0.020749232,0.0019987118,0.01875052
11133,0.020746399,0.001997619,0.018748779
11134,0.020743512,0.0019964366,0.018747075
11135,0.020740978,0.0019956306,0.018745348
11136,0.020737946,0.001994295,0.018743651
11137,0.020735575,0.0019936962,0.018741878
11138,0.020732678,0.0019925854,0.018740093
11139,0.020730307,0.0019920801,0.018738227
11140,0.020727498,0.0019910503,0.018736448
11141,0.020724768,0.001990157,0.018734612
11142,0.02072235,0.0019893835,0.018732967
11143,0.020719552,0.001988403,0.018731149
11144,0.020716263,0.0019868067,0.018729456
11145,0.020713868,0.001986271,0.018727597
11146,0.020711476,0.001985587,0.018725889
11147,0.020708557,0.0019845509,0.018724006
11148,0.02070624,0.0019838468,0.018722393
11149,0.020703435,0.0019828877,0.018720547
11150,0.020700589,0.0019816142,0.018718975
11151,0.020697938,0.0019808,0.018717138
11152,0.020695338,0.0019795974,0.018715741
11153,0.02069323,0.0019793613,0.018713867
11154,0.020690385,0.0019777608,0.018712625
11155,0.02068816,0.0019773664,0.018710792
11156,0.020685606,0.0019756053,0.01871
11157,0.020684084,0.0019756288,0.018708454
11158,0.020682393,0.0019740514,0.01870834
11159,0.020681193,0.0019739529,0.01870724
11160,0.020680195,0.00197171,0.018708484
11161,0.020680912,0.0019724967,0.018708415
11162,0.02068207,0.0019707135,0.018711356
11163,0.020683387,0.0019711708,0.018712217
11164,0.020684652,0.001968831,0.018715821
11165,0.020684315,0.0019695277,0.018714787
11166,0.02068124,0.0019669528,0.018714286
11167,0.020674177,0.001967499,0.018706677
11168,0.020664215,0.0019647148,0.0186995
11169,0.020654166,0.0019644338,0.018689733
11170,0.020647595,0.0019632976,0.018684298
11171,0.020644508,0.0019622317,0.018682277
11172,0.020644706,0.0019619146,0.01868279
11173,0.020645965,0.0019606221,0.018685343
11174,0.020644771,0.0019600934,0.018684678
11175,0.020641705,0.0019582238,0.018683482
11176,0.020636298,0.0019582086,0.01867809
11177,0.020630458,0.0019565814,0.018673876
11178,0.02062597,0.0019561502,0.01866982
11179,0.020622948,0.001954833,0.018668115
11180,0.020622224,0.0019540745,0.018668149
11181,0.020620853,0.0019533949,0.018667458
11182,0.020619396,0.0019523074,0.018667089
11183,0.020615956,0.0019518627,0.018664094
11184,0.02061208,0.0019505128,0.018661566
11185,0.020608142,0.0019500116,0.01865813
11186,0.020604843,0.0019488593,0.018655984
11187,0.020602975,0.0019483371,0.018654639
11188,0.020600518,0.0019470998,0.018653419
11189,0.0205988,0.0019461035,0.018652698
11190,0.020595934,0.0019453188,0.018650616
11191,0.020593027,0.0019441698,0.018648857
11192,0.020589603,0.001943549,0.018646054
11193,0.020586519,0.0019425031,0.018644016
11194,0.020583792,0.0019416412,0.01864215
11195,0.020581752,0.001941156,0.018640596
11196,0.02057912,0.0019396077,0.018639512
11197,0.020577021,0.0019392841,0.018637737
11198,0.020573873,0.0019375875,0.018636286
11199,0.020571634,0.0019375763,0.018634059
11200,0.020568293,0.0019360735,0.018632218
11201,0.020565506,0.0019354393,0.018630067
11202,0.020562796,0.0019345382,0.018628258
11203,0.020560434,0.001933747,0.018626688
11204,0.020557953,0.0019330223,0.018624932
11205,0.020555433,0.0019318957,0.018623536
11206,0.020552745,0.0019310857,0.018621659
11207,0.020549888,0.0019298285,0.018620059
11208,0.020547492,0.001929492,0.018618
11209,0.020544598,0.0019283647,0.018616233
11210,0.020541787,0.0019274286,0.01861436
11211,0.020539787,0.0019271923,0.018612595
11212,0.020536708,0.0019256641,0.018611044
11213,0.020534366,0.0019250446,0.018609323
11214,0.020531643,0.0019238017,0.018607842
11215,0.0205291,0.0019230498,0.018606052
11216,0.020526338,0.0019218664,0.018604472
11217,0.020523956,0.0019213659,0.018602591
11218,0.020521494,0.0019206894,0.018600805
11219,0.020518633,0.0019196313,0.018599002
11220,0.020515855,0.0019186034,0.018597253
11221,0.020513348,0.0019177186,0.01859563
11222,0.020511,0.0019170336,0.018593965
11223,0.020508356,0.0019159461,0.01859241
11224,0.020506052,0.0019154443,0.018590609
11225,0.020503525,0.0019145295,0.018588996
11226,0.020500977,0.001913793,0.018587183
11227,0.020498369,0.0019129333,0.018585436
11228,0.02049543,0.0019118187,0.01858361
11229,0.020492485,0.0019105849,0.0185819
11230,0.020489825,0.0019096015,0.018580223
11231,0.020487146,0.0019086442,0.018578501
11232,0.020484708,0.001907953,0.018576756
11233,0.020482441,0.0019074858,0.018574955
11234,0.020479882,0.0019066294,0.018573252
11235,0.02047716,0.0019056372,0.018571524
11236,0.020474408,0.0019045308,0.018569877
11237,0.020471882,0.0019037392,0.018568143
11238,0.020469382,0.0019028948,0.018566487
11239,0.020466685,0.0019019535,0.01856473
11240,0.020464022,0.0019010144,0.018563008
11241,0.020461822,0.0019005422,0.01856128
11242,0.020459117,0.0018996353,0.018559482
11243,0.020456579,0.0018988255,0.018557753
11244,0.020454086,0.0018980725,0.018556014
11245,0.02045124,0.0018969194,0.01855432
11246,0.02044876,0.0018961467,0.018552613
11247,0.020446034,0.0018950343,0.018551
11248,0.0204434,0.0018941555,0.018549245
11249,0.020440785,0.0018931716,0.018547613
11250,0.020438183,0.0018923508,0.018545832
11251,0.020435669,0.0018915669,0.018544102
11252,0.020433145,0.0018907632,0.018542381
11253,0.020430394,0.0018897288,0.018540666
11254,0.020427756,0.001888882,0.018538874
11255,0.020424921,0.001887751,0.01853717
11256,0.020422371,0.0018869333,0.018535437
11257,0.020420054,0.0018862862,0.018533768
11258,0.020417286,0.0018852255,0.01853206
11259,0.020414867,0.0018844473,0.01853042
11260,0.020412497,0.0018838759,0.018528622
11261,0.020409957,0.0018830462,0.01852691
11262,0.020407554,0.0018824058,0.018525148
11263,0.020404939,0.0018815376,0.0185234
11264,0.020402655,0.0018809816,0.018521674
11265,0.020400137,0.0018801681,0.018519968
11266,0.020397404,0.0018791314,0.018518273
11267,0.02039481,0.0018782323,0.018516578
11268,0.020392265,0.0018774307,0.018514834
11269,0.02038946,0.0018763688,0.01851309
11270,0.020387188,0.0018758181,0.01851137
11271,0.020384321,0.0018746696,0.01850965
11272,0.020381948,0.0018740137,0.018507935
11273,0.020379234,0.0018729849,0.01850625
11274,0.020376887,0.0018723434,0.018504543
11275,0.020374242,0.0018713612,0.018502882
11276,0.020371664,0.0018705374,0.018501127
11277,0.02036913,0.0018696582,0.018499471
11278,0.020367045,0.0018693384,0.018497707
11279,0.020364394,0.0018683727,0.018496022
11280,0.020361774,0.001867478,0.018494295
11281,0.020358963,0.0018663158,0.018492647
11282,0.020356419,0.0018655097,0.018490909
11283,0.020353878,0.0018646385,0.01848924
11284,0.020351313,0.0018638714,0.018487442
11285,0.020348553,0.0018628178,0.018485734
11286,0.020345954,0.0018619985,0.018483955
11287,0.020343248,0.0018609012,0.018482346
11288,0.020340975,0.0018604336,0.018480541
11289,0.020338157,0.0018592122,0.018478945
11290,0.020336458,0.0018592688,0.01847719
11291,0.020333562,0.0018578854,0.018475676
11292,0.02033141,0.0018575662,0.018473845
11293,0.020328682,0.0018562659,0.018472416
11294,0.020326653,0.0018560132,0.018470641
11295,0.020324362,0.0018549397,0.018469423
11296,0.020322125,0.0018543557,0.018467769
11297,0.020320019,0.001852982,0.018467037
11298,0.020318143,0.0018525207,0.018465623
11299,0.020316795,0.0018512009,0.018465593
11300,0.020315781,0.001851072,0.018464709
11301,0.020315701,0.0018496178,0.018466083
11302,0.020316644,0.0018501449,0.018466499
11303,0.02031779,0.0018478594,0.01846993
11304,0.020320006,0.0018486049,0.018471401
11305,0.020322151,0.00184652,0.018475631
11306,0.0203221,0.0018471172,0.018474981
11307,0.020319099,0.0018447583,0.01847434
11308,0.020311417,0.0018454413,0.018465975
11309,0.020300495,0.0018428455,0.01845765
11310,0.020290282,0.0018429481,0.018447334
11311,0.020283034,0.0018411682,0.018441865
11312,0.020280654,0.0018401698,0.018440483
11313,0.020282174,0.0018404523,0.018441722
11314,0.020283047,0.0018383452,0.018444702
11315,0.020283036,0.0018391309,0.018443905
11316,0.020278456,0.0018364468,0.018442009
11317,0.020272814,0.0018367737,0.01843604
11318,0.020266298,0.0018347537,0.018431544
11319,0.020262321,0.0018343785,0.018427944
11320,0.020260723,0.001833912,0.018426811
11321,0.02026048,0.0018330362,0.018427443
11322,0.020259477,0.0018326953,0.018426782
11323,0.020257348,0.0018313394,0.018426009
11324,0.020253677,0.0018312191,0.018422458
11325,0.020248918,0.001829323,0.018419595
11326,0.020245187,0.001828791,0.018416395
11327,0.020242654,0.0018280424,0.018414611
11328,0.020240802,0.001826975,0.018413827
11329,0.020239104,0.0018264272,0.018412676
11330,0.020237027,0.0018251368,0.01841189
11331,0.020234339,0.0018249251,0.018409414
11332,0.02023152,0.0018241071,0.018407414
11333,0.020228045,0.0018232646,0.01840478
11334,0.02022548,0.0018226008,0.01840288
11335,0.020222768,0.0018212788,0.018401489
11336,0.020220498,0.0018204561,0.018400041
11337,0.020218529,0.0018195038,0.018399024
11338,0.020216567,0.0018194896,0.018397078
11339,0.020213537,0.0018180859,0.018395452
11340,0.020210845,0.0018176968,0.018393148
11341,0.020207992,0.0018166536,0.01839134
11342,0.020205472,0.0018158607,0.01838961
11343,0.02020301,0.0018149768,0.018388033
11344,0.02020116,0.0018144196,0.01838674
11345,0.02019826,0.0018132706,0.01838499
11346,0.020196019,0.0018124956,0.018383523
11347,0.020193186,0.0018116545,0.01838153
11348,0.020190585,0.0018107551,0.01837983
11349,0.020188218,0.0018102787,0.01837794
11350,0.020185672,0.001809396,0.018376276
11351,0.020182947,0.0018082123,0.018374734
11352,0.020181058,0.0018079918,0.018373067
11353,0.020178609,0.0018070701,0.01837154
11354,0.020175839,0.0018061725,0.018369667
11355,0.020173552,0.0018055149,0.018368037
11356,0.020170933,0.0018047487,0.018366184
11357,0.020168243,0.0018037176,0.018364526
11358,0.020165738,0.0018029361,0.018362802
11359,0.020163162,0.0018020248,0.018361136
11360,0.020160876,0.0018013398,0.018359536
11361,0.020158788,0.0018009046,0.018357884
11362,0.020156143,0.0017998237,0.01835632
11363,0.02015357,0.0017990061,0.018354565
11364,0.020151135,0.0017981908,0.018352944
11365,0.020148752,0.0017975504,0.018351203
11366,0.020146077,0.0017964455,0.018349633
11367,0.020143911,0.0017959945,0.018347917
11368,0.020141574,0.0017952619,0.018346312
11369,0.020138936,0.0017942301,0.018344706
11370,0.02013662,0.0017936274,0.018342994
11371,0.020134129,0.001792706,0.018341422
11372,0.020131594,0.0017919368,0.018339656
11373,0.020129258,0.001791249,0.01833801
11374,0.02012654,0.0017902659,0.018336274
11375,0.020124031,0.0017893468,0.018334685
11376,0.020121628,0.0017885806,0.018333048
11377,0.02011949,0.0017880935,0.018331397
11378,0.02011717,0.0017873751,0.018329794
11379,0.020114765,0.0017866667,0.018328099
11380,0.020112127,0.0017857129,0.018326415
11381,0.020109544,0.0017848926,0.01832465
11382,0.02010758,0.0017845741,0.018323006
11383,0.020104973,0.0017836841,0.018321289
11384,0.020102262,0.001782561,0.018319702
11385,0.02010015,0.0017821454,0.018318005
11386,0.020097578,0.0017811664,0.018316412
11387,0.020095516,0.0017807918,0.018314725
11388,0.020092638,0.0017796584,0.01831298
11389,0.020090085,0.0017787982,0.018311286
11390,0.020087661,0.0017780459,0.018309616
11391,0.02008536,0.0017774388,0.018307922
11392,0.020082697,0.0017764136,0.018306283
11393,0.02008005,0.0017754453,0.018304605
11394,0.020077348,0.0017744219,0.018302925
11395,0.020075148,0.0017738813,0.018301267
11396,0.020072732,0.0017731398,0.018299593
11397,0.020070203,0.0017722509,0.018297952
11398,0.020067934,0.0017716313,0.018296303
11399,0.020065377,0.001770743,0.018294634
11400,0.020062901,0.0017699527,0.018292949
11401,0.02006063,0.0017693109,0.018291319
11402,0.020058548,0.0017688617,0.018289687
11403,0.020056004,0.0017679768,0.018288027
11404,0.020053566,0.0017672192,0.018286346
11405,0.020051248,0.0017665803,0.018284667
11406,0.02004852,0.0017655548,0.018282965
11407,0.020046214,0.0017649154,0.018281298
11408,0.020043807,0.001764214,0.018279593
11409,0.02004128,0.0017632869,0.018277993
11410,0.020038657,0.0017623339,0.018276323
11411,0.020036561,0.0017618358,0.018274726
11412,0.020033816,0.0017607559,0.01827306
11413,0.020031366,0.001760029,0.018271338
11414,0.020028807,0.0017592157,0.018269591
11415,0.02002645,0.0017585009,0.018267948
11416,0.02002416,0.0017578441,0.018266317
11417,0.020021757,0.001757018,0.018264739
11418,0.020019067,0.0017560023,0.018263064
11419,0.020016734,0.0017552967,0.018261436
11420,0.020014387,0.0017546798,0.018259706
11421,0.020011576,0.0017535536,0.018258022
11422,0.020009385,0.0017530731,0.018256312
11423,0.020006994,0.0017523284,0.018254666
11424,0.020004477,0.0017514847,0.018252993
11425,0.020002004,0.0017505783,0.018251425
11426,0.019999871,0.0017500916,0.01824978
11427,0.01999745,0.0017492265,0.018248223
11428,0.019995054,0.0017485624,0.018246492
11429,0.019992812,0.0017478977,0.018244915
11430,0.01999024,0.0017470402,0.0182432
11431,0.0199878,0.0017461402,0.018241659
11432,0.019985182,0.001745226,0.018239956
11433,0.019983081,0.0017446366,0.018238444
11434,0.019980531,0.001743863,0.018236669
11435,0.019978346,0.001743098,0.018235248
11436,0.019976128,0.0017426392,0.01823349
11437,0.019973615,0.0017414116,0.018232204
11438,0.019971514,0.0017409674,0.018230546
11439,0.01996939,0.0017398915,0.0182295
11440,0.019967584,0.0017395952,0.018227989
11441,0.019966224,0.0017387973,0.018227426
11442,0.019964838,0.0017386465,0.018226191
11443,0.01996418,0.0017376663,0.018226514
11444,0.019963494,0.001737431,0.018226063
11445,0.019963568,0.0017358527,0.018227715
11446,0.019963952,0.0017356765,0.018228276
11447,0.019966103,0.0017345211,0.018231582
11448,0.019967262,0.0017348327,0.01823243
11449,0.019968078,0.0017327578,0.01823532
11450,0.019966483,0.0017334144,0.018233068
11451,0.019961271,0.0017309075,0.018230364
11452,0.019953359,0.0017314393,0.01822192
11453,0.01994363,0.0017294275,0.018214203
11454,0.019934814,0.0017289235,0.01820589
11455,0.019929593,0.0017277006,0.018201893
11456,0.019928325,0.0017271979,0.018201128
11457,0.019928945,0.001726881,0.018202065
11458,0.019930117,0.0017259106,0.018204207
11459,0.01992913,0.0017259219,0.018203208
11460,0.019926311,0.0017248237,0.018201487
11461,0.019920453,0.0017239968,0.018196456
11462,0.019914987,0.0017225293,0.018192457
11463,0.019910986,0.0017221168,0.01818887
11464,0.019908553,0.0017212784,0.018187275
11465,0.019907556,0.0017203374,0.01818722
11466,0.019907165,0.0017204616,0.018186703
11467,0.019905267,0.0017189615,0.018186307
11468,0.019902578,0.0017188324,0.018183745
11469,0.019899303,0.0017179123,0.018181391
11470,0.01989526,0.0017171502,0.01817811
11471,0.019892069,0.0017161166,0.018175952
11472,0.019889709,0.0017152746,0.018174434
11473,0.019887885,0.0017146268,0.018173259
11474,0.019886669,0.0017141022,0.018172566
11475,0.019884069,0.0017132575,0.018170811
11476,0.019881928,0.0017124932,0.018169435
11477,0.019878944,0.0017120258,0.018166918
11478,0.019876057,0.0017110986,0.018164959
11479,0.019873446,0.0017105415,0.018162904
11480,0.019871078,0.001709762,0.018161315
11481,0.019868879,0.0017088052,0.018160073
11482,0.019866977,0.001708438,0.018158538
11483,0.01986473,0.0017073331,0.018157398
11484,0.019862367,0.0017068911,0.018155476
11485,0.019859608,0.0017056945,0.018153913
11486,0.019857151,0.0017053415,0.01815181
11487,0.019854482,0.0017044029,0.01815008
11488,0.01985199,0.0017036302,0.018148359
11489,0.019849898,0.0017031252,0.018146774
11490,0.019847836,0.0017024212,0.018145416
11491,0.019845156,0.0017013487,0.018143807
11492,0.019843323,0.0017008882,0.018142436
11493,0.019841079,0.0017004798,0.0181406
11494,0.019838713,0.0016996965,0.018139016
11495,0.019836243,0.0016990857,0.018137157
11496,0.019834062,0.0016984841,0.018135577
11497,0.019831413,0.0016975023,0.01813391
11498,0.019828958,0.0016966382,0.01813232
11499,0.01982653,0.0016957215,0.018130807
11500,0.019824198,0.0016950589,0.018129138
11501,0.019821698,0.0016940944,0.018127603
11502,0.019819262,0.0016933937,0.018125867
11503,0.019816717,0.0016924154,0.018124301
11504,0.01981471,0.0016921068,0.018122602
11505,0.019812293,0.0016912834,0.01812101
11506,0.019809984,0.001690609,0.018119374
11507,0.019807668,0.0016898824,0.018117785
11508,0.01980539,0.0016892375,0.018116152
11509,0.01980302,0.0016885027,0.018114517
11510,0.019800616,0.0016876642,0.018112952
11511,0.019798078,0.0016867614,0.018111316
11512,0.019795632,0.0016858357,0.018109797
11513,0.01979351,0.0016854064,0.018108103
11514,0.019791292,0.0016847526,0.018106539
11515,0.019789023,0.0016842086,0.018104814
11516,0.019786498,0.0016833176,0.01810318
11517,0.019784402,0.0016828703,0.018101532
11518,0.01978176,0.0016818609,0.0180999
11519,0.019779878,0.0016815697,0.018098308
11520,0.019777339,0.0016806382,0.0180967
11521,0.01977511,0.0016800588,0.01809505
11522,0.01977273,0.0016793136,0.018093416
11523,0.019770341,0.0016785446,0.018091796
11524,0.01976772,0.0016775863,0.018090134
11525,0.019765345,0.001676757,0.018088588
11526,0.019763162,0.0016762036,0.018086959
11527,0.019760886,0.0016754908,0.018085396
11528,0.01975883,0.0016750927,0.018083736
11529,0.019756442,0.0016743188,0.018082123
11530,0.019753968,0.0016734909,0.018080477
11531,0.019751532,0.0016726212,0.01807891
11532,0.019749291,0.00167198,0.018077312
11533,0.019747162,0.0016714727,0.01807569
11534,0.019744316,0.0016701885,0.018074127
11535,0.019742243,0.0016697427,0.0180725
11536,0.019740019,0.0016691077,0.018070912
11537,0.01973777,0.0016685151,0.018069256
11538,0.019735336,0.0016676771,0.01806766
11539,0.019733045,0.0016670376,0.018066008
11540,0.019730799,0.001666358,0.018064441
11541,0.019728502,0.0016656442,0.018062858
11542,0.01972613,0.0016648583,0.018061271
11543,0.019723417,0.0016638116,0.018059606
11544,0.019721221,0.0016632336,0.018057987
11545,0.019718671,0.0016622945,0.018056376
11546,0.019716319,0.001661554,0.018054765
11547,0.019714303,0.0016611638,0.018053139
11548,0.019712158,0.0016606193,0.018051539
11549,0.019709881,0.0016599349,0.018049946
11550,0.019707227,0.0016589086,0.018048318
11551,0.019704655,0.0016579198,0.018046735
11552,0.019702526,0.0016574478,0.018045079
11553,0.019700095,0.001656601,0.018043494
11554,0.019698225,0.0016563945,0.01804183
11555,0.019695822,0.0016555461,0.018040275
11556,0.019693512,0.0016548902,0.018038623
11557,0.019691167,0.0016541613,0.018037006
11558,0.01968891,0.0016535661,0.018035343
11559,0.019686505,0.0016528044,0.0180337
11560,0.019684093,0.0016520307,0.018032063
11561,0.019681865,0.0016513985,0.018030467
11562,0.019679448,0.001650569,0.018028878
11563,0.01967693,0.0016496467,0.018027283
11564,0.019674517,0.001648912,0.018025605
11565,0.019671854,0.0016478928,0.01802396
11566,0.01966981,0.0016474604,0.01802235
11567,0.01966764,0.0016468375,0.018020803
11568,0.019665284,0.0016461341,0.018019151
11569,0.019663053,0.0016454578,0.018017596
11570,0.019660626,0.0016446367,0.018015988
11571,0.019658616,0.0016442381,0.018014377
11572,0.019656446,0.0016437379,0.018012708
11573,0.019654242,0.0016431767,0.018011065
11574,0.019651687,0.0016422549,0.018009432
11575,0.019649493,0.0016415586,0.018007934
11576,0.019647228,0.0016409266,0.0180063
11577,0.019644864,0.001640004,0.01800486
11578,0.019642645,0.0016394292,0.018003216
11579,0.01964032,0.0016384717,0.018001849
11580,0.01963798,0.0016377936,0.018000185
11581,0.019636367,0.0016373486,0.017999018
11582,0.019634312,0.001636774,0.017997539
11583,0.01963265,0.0016358708,0.01799678
11584,0.019630974,0.0016352892,0.017995685
11585,0.019630073,0.0016340241,0.017996049
11586,0.019630602,0.0016344632,0.017996138
11587,0.019632246,0.0016334086,0.017998837
11588,0.019635065,0.0016334429,0.018001622
11589,0.01964028,0.0016316522,0.018008627
11590,0.019648088,0.0016333706,0.018014718
11591,0.019654766,0.0016310574,0.018023709
11592,0.019657578,0.0016323519,0.018025227
11593,0.019651288,0.0016298379,0.01802145
11594,0.01963537,0.0016304823,0.018004889
11595,0.019615542,0.001627666,0.017987875
11596,0.01960252,0.0016272614,0.01797526
11597,0.019600907,0.001626656,0.017974252
11598,0.01960726,0.001625822,0.017981438
11599,0.019612502,0.0016257855,0.017986717
11600,0.019611504,0.0016245745,0.017986929
11601,0.01960181,0.0016242085,0.017977603
11602,0.019591235,0.001622716,0.017968519
11603,0.019585932,0.001622482,0.01796345
11604,0.019586524,0.0016219927,0.01796453
11605,0.01958928,0.0016208583,0.017968422
11606,0.01958896,0.0016211057,0.017967856
11607,0.019583935,0.0016196741,0.01796426
11608,0.019576563,0.0016188564,0.017957706
11609,0.019572068,0.0016178325,0.017954236
11610,0.019571565,0.0016174229,0.017954143
11611,0.019571861,0.0016171435,0.017954718
11612,0.019570688,0.0016158036,0.017954884
11613,0.019566922,0.0016156145,0.017951308
11614,0.019562157,0.0016144246,0.017947732
11615,0.019558817,0.0016139668,0.01794485
11616,0.019557707,0.0016138217,0.017943885
11617,0.019556824,0.0016127089,0.017944116
11618,0.019554775,0.0016120459,0.017942728
11619,0.019552203,0.001611351,0.01794085
11620,0.019548474,0.00161078,0.017937694
11621,0.01954548,0.0016098984,0.017935582
11622,0.019544002,0.00160959,0.017934412
11623,0.01954227,0.0016089028,0.017933367
11624,0.019540334,0.0016078702,0.017932463
11625,0.019537747,0.0016074671,0.01793028
11626,0.019534647,0.0016063415,0.017928306
11627,0.019532293,0.0016060409,0.017926252
11628,0.019530162,0.0016054118,0.01792475
11629,0.019528788,0.0016050729,0.017923715
11630,0.019526707,0.0016045268,0.01792218
11631,0.019524578,0.0016038612,0.017920718
11632,0.01952207,0.0016034046,0.017918667
11633,0.01951953,0.0016025004,0.01791703
11634,0.019517161,0.0016016549,0.017915506
11635,0.019515,0.0016009414,0.017914059
11636,0.019513207,0.0016004521,0.017912755
11637,0.019510746,0.0015997228,0.017911023
11638,0.019508315,0.0015988856,0.01790943
11639,0.019505696,0.0015980229,0.017907673
11640,0.019503381,0.0015972317,0.01790615
11641,0.019501243,0.0015965,0.017904744
11642,0.01949928,0.00159605,0.01790323
11643,0.01949708,0.0015952778,0.017901802
11644,0.019494703,0.0015946387,0.017900065
11645,0.019492703,0.001594197,0.017898506
11646,0.01949041,0.0015935433,0.017896866
11647,0.019488527,0.0015931866,0.017895339
11648,0.019486094,0.0015921992,0.017893896
11649,0.019484017,0.0015916832,0.017892335
11650,0.019481957,0.0015910716,0.017890885
11651,0.01947946,0.0015902125,0.017889246
11652,0.019477202,0.0015895226,0.01788768
11653,0.019474687,0.0015885782,0.01788611
11654,0.019472439,0.001587865,0.017884575
11655,0.019470539,0.0015874546,0.017883085
11656,0.019468242,0.0015867922,0.01788145
11657,0.01946583,0.0015858853,0.017879944
11658,0.019464212,0.0015858507,0.017878361
11659,0.019461686,0.0015848677,0.017876819
11660,0.019459587,0.0015842526,0.017875334
11661,0.019457098,0.0015833512,0.017873747
11662,0.019455006,0.0015828018,0.017872205
11663,0.019452514,0.001581906,0.017870609
11664,0.019450556,0.0015814421,0.017869115
11665,0.019448314,0.0015807854,0.017867528
11666,0.019446153,0.0015801699,0.017865984
11667,0.019443948,0.0015795332,0.017864415
11668,0.019441515,0.0015786884,0.017862827
11669,0.019439109,0.0015778095,0.0178613
11670,0.019436931,0.0015771877,0.017859744
11671,0.01943466,0.001576416,0.017858244
11672,0.0194327,0.0015759754,0.017856725
11673,0.019430637,0.0015754706,0.017855167
11674,0.01942833,0.0015747894,0.01785354
11675,0.019425973,0.001574003,0.017851971
11676,0.01942388,0.0015734265,0.017850453
11677,0.019421816,0.001572875,0.01784894
11678,0.019419726,0.0015722715,0.017847454
11679,0.019417323,0.0015714345,0.017845888
11680,0.019415399,0.001571031,0.017844368
11681,0.019413494,0.0015707455,0.017842747
11682,0.019411039,0.0015698072,0.017841231
11683,0.019408759,0.0015691139,0.017839644
11684,0.019406306,0.00156817,0.017838135
11685,0.019404393,0.0015677736,0.01783662
11686,0.019402066,0.0015669818,0.017835084
11687,0.019400124,0.0015665815,0.017833542
11688,0.019397905,0.001566006,0.0178319
11689,0.019395594,0.0015652541,0.01783034
11690,0.019393262,0.0015645053,0.017828757
11691,0.019391228,0.0015639601,0.017827267
11692,0.019389343,0.0015636131,0.01782573
11693,0.019386923,0.001562728,0.017824195
11694,0.019385003,0.001562332,0.01782267
11695,0.019383026,0.0015618986,0.017821128
11696,0.01938091,0.0015613757,0.017819535
11697,0.019378237,0.0015602825,0.017817955
11698,0.019375836,0.0015594567,0.01781638
11699,0.019373722,0.0015588725,0.01781485
11700,0.019371713,0.0015583927,0.01781332
11701,0.019369494,0.0015576619,0.017811833
11702,0.019367099,0.0015567725,0.017810326
11703,0.019365428,0.0015566099,0.017808817
11704,0.019363131,0.0015558603,0.017807271
11705,0.019360937,0.0015552772,0.01780566
11706,0.01935881,0.0015547315,0.017804079
11707,0.019356398,0.0015538735,0.017802525
11708,0.019354342,0.0015533712,0.01780097
11709,0.019352224,0.0015527969,0.017799426
11710,0.019350303,0.0015524006,0.017797902
11711,0.019347934,0.0015515644,0.01779637
11712,0.019345703,0.001550854,0.01779485
11713,0.019343587,0.0015502512,0.017793335
11714,0.019341161,0.0015493993,0.017791763
11715,0.0193393,0.0015490848,0.017790215
11716,0.019337188,0.0015485213,0.017788667
11717,0.01933487,0.0015477526,0.017787118
11718,0.019332683,0.0015471062,0.017785577
11719,0.019330334,0.0015462735,0.01778406
11720,0.019328404,0.001545884,0.01778252
11721,0.019325849,0.0015448835,0.017780965
11722,0.019323703,0.0015442364,0.017779466
11723,0.019321725,0.001543854,0.017777871
11724,0.01931933,0.0015429668,0.017776363
11725,0.019317292,0.00154249,0.017774802
11726,0.019314988,0.0015416845,0.017773302
11727,0.019312818,0.0015410552,0.017771762
11728,0.019310765,0.0015405886,0.017770177
11729,0.019308472,0.0015398433,0.017768629
11730,0.019306622,0.0015395129,0.017767109
11731,0.01930421,0.0015386301,0.01776558
11732,0.019302074,0.0015380288,0.017764045
11733,0.019299874,0.0015373299,0.017762544
11734,0.0192981,0.001537115,0.017760986
11735,0.019295845,0.0015364203,0.017759426
11736,0.019293651,0.0015358722,0.017757779
11737,0.01929162,0.0015353647,0.017756255
11738,0.019289233,0.0015345183,0.017754715
11739,0.019286973,0.0015336992,0.017753275
11740,0.019284897,0.0015331476,0.01775175
11741,0.019282669,0.0015323902,0.017750278
11742,0.019280251,0.0015315252,0.017748727
11743,0.019278497,0.0015313093,0.017747188
11744,0.019276349,0.0015307773,0.017745571
11745,0.019274144,0.0015301902,0.017743953
11746,0.01927196,0.0015295281,0.017742433
11747,0.019269558,0.0015286455,0.017740913
11748,0.019267667,0.0015282613,0.017739406
11749,0.019265262,0.0015273012,0.01773796
11750,0.019263105,0.0015267284,0.017736377
11751,0.01926102,0.0015261958,0.017734824
11752,0.019258827,0.0015256352,0.017733192
11753,0.019256683,0.0015250482,0.017731635
11754,0.019254535,0.0015244698,0.017730065
11755,0.019252196,0.0015236811,0.017728515
11756,0.019249976,0.0015229675,0.017727008
11757,0.01924772,0.001522159,0.01772556
11758,0.019245507,0.0015214594,0.017724048
11759,0.019243421,0.0015208843,0.017722536
11760,0.01924156,0.0015206378,0.017720923
11761,0.019239271,0.0015198952,0.017719375
11762,0.01923737,0.0015195548,0.017717814
11763,0.01923522,0.0015189303,0.01771629
11764,0.019232878,0.001518112,0.017714767
11765,0.019230573,0.0015173003,0.017713273
11766,0.01922849,0.0015167265,0.017711764
11767,0.019226592,0.0015163246,0.017710267
11768,0.019224267,0.001515584,0.017708683
11769,0.01922182,0.001514702,0.017707119
11770,0.01921995,0.001514346,0.017705604
11771,0.019217605,0.001513518,0.017704086
11772,0.0192157,0.001513126,0.017702574
11773,0.019213248,0.0015122171,0.017701032
11774,0.019211458,0.0015119592,0.017699499
11775,0.019209277,0.0015113081,0.01769797
11776,0.019206975,0.0015106127,0.017696362
11777,0.019204969,0.0015100819,0.017694887
11778,0.019202705,0.001509406,0.0176933
11779,0.01920057,0.001508738,0.017691832
11780,0.019198304,0.0015080135,0.01769029
11781,0.01919609,0.0015072203,0.017688869
11782,0.01919394,0.0015066911,0.017687248
11783,0.019192314,0.0015064235,0.01768589
11784,0.019190023,0.001505681,0.017684342
11785,0.019188453,0.0015051144,0.017683338
11786,0.019186698,0.0015045304,0.017682167
11787,0.019185366,0.0015034779,0.017681887
11788,0.019184789,0.001503406,0.017681383
11789,0.019185292,0.0015024802,0.017682811
11790,0.019187026,0.001502601,0.017684424
11791,0.019191267,0.0015016075,0.01768966
11792,0.019198364,0.0015023707,0.017695993
11793,0.019208651,0.0015011501,0.0177075
11794,0.019219818,0.0015024287,0.01771739
11795,0.019226307,0.0015004034,0.017725904
11796,0.019221071,0.0015015459,0.017719526
11797,0.019200696,0.0014985265,0.01770217
11798,0.01917448,0.0014979177,0.017676564
11799,0.01915881,0.0014966642,0.017662145
11800,0.01915985,0.0014960843,0.017663766
11801,0.0191703,0.0014962924,0.017674007
11802,0.019177865,0.0014953881,0.017682478
11803,0.019172031,0.0014954712,0.01767656
11804,0.019157674,0.00149358,0.017664094
11805,0.019146267,0.0014931066,0.01765316
11806,0.019145196,0.0014926196,0.017652577
11807,0.019150464,0.0014916272,0.017658837
11808,0.019152928,0.0014920916,0.017660836
11809,0.01914771,0.001490681,0.01765703
11810,0.019139072,0.0014908584,0.017648214
11811,0.019132787,0.0014892961,0.01764349
11812,0.019133365,0.001488859,0.017644506
11813,0.019135725,0.0014891201,0.017646605
11814,0.01913435,0.0014877368,0.017646613
11815,0.019128727,0.0014872606,0.017641466
11816,0.01912349,0.0014865543,0.017636936
11817,0.01912061,0.001485493,0.017635116
11818,0.019120732,0.0014851543,0.017635578
11819,0.019120676,0.0014844981,0.017636178
11820,0.019117527,0.0014840356,0.01763349
11821,0.019113645,0.0014834715,0.017630173
11822,0.019110268,0.001482882,0.017627386
11823,0.019109294,0.0014827871,0.017626507
11824,0.019108104,0.001481518,0.017626585
11825,0.019106591,0.0014814832,0.017625108
11826,0.019103196,0.0014802065,0.017622989
11827,0.019100284,0.001480037,0.017620247
11828,0.01909806,0.001479406,0.017618654
11829,0.019096427,0.0014784668,0.01761796
11830,0.019095218,0.0014784157,0.017616803
11831,0.019092547,0.0014771224,0.017615424
11832,0.01909015,0.00147706,0.017613089
11833,0.01908761,0.0014763867,0.017611224
11834,0.019085595,0.0014756739,0.017609922
11835,0.019084075,0.0014753009,0.017608775
11836,0.019082248,0.0014745493,0.017607698
11837,0.019080305,0.0014744381,0.017605867
11838,0.01907751,0.0014733522,0.017604157
11839,0.019075492,0.0014729922,0.0176025
11840,0.019073643,0.0014724897,0.017601153
11841,0.019071875,0.0014719133,0.017599963
11842,0.019069739,0.001471343,0.017598396
11843,0.019068193,0.001471246,0.017596947
11844,0.01906544,0.00147024,0.0175952
11845,0.019063238,0.0014695347,0.017593704
11846,0.019061303,0.0014689203,0.017592382
11847,0.019059073,0.001468107,0.017590966
11848,0.019057695,0.0014680483,0.017589647
11849,0.01905524,0.0014672455,0.017587995
11850,0.019053163,0.0014666958,0.017586468
11851,0.019051138,0.0014662541,0.017584885
11852,0.019049127,0.0014656661,0.017583461
11853,0.019047357,0.0014652527,0.017582104
11854,0.019045126,0.0014645612,0.017580565
11855,0.01904277,0.0014636192,0.01757915
11856,0.019040808,0.0014632093,0.0175776
11857,0.019038757,0.0014625865,0.017576171
11858,0.019036716,0.001461974,0.017574742
11859,0.01903466,0.0014614202,0.01757324
11860,0.019032625,0.0014608543,0.017571772
11861,0.01903083,0.0014605889,0.01757024
11862,0.019028647,0.0014598416,0.017568804
11863,0.019026762,0.0014593853,0.017567378
11864,0.019024434,0.0014585044,0.017565928
11865,0.01902259,0.0014580875,0.017564502
11866,0.019020418,0.0014573481,0.01756307
11867,0.019018183,0.0014565438,0.017561639
11868,0.019015938,0.0014558248,0.017560113
11869,0.019014118,0.0014554943,0.017558623
11870,0.019012045,0.0014548952,0.01755715
11871,0.01900977,0.001454046,0.017555725
11872,0.019008078,0.0014537805,0.017554298
11873,0.019005826,0.0014530007,0.017552825
11874,0.019003745,0.0014523561,0.017551389
11875,0.019001992,0.0014521327,0.01754986
11876,0.018999912,0.001451557,0.017548354
11877,0.018997725,0.0014508473,0.017546877
11878,0.018995903,0.0014504499,0.017545454
11879,0.01899363,0.0014495922,0.017544037
11880,0.018991817,0.001449268,0.017542548
11881,0.018989887,0.0014487843,0.017541103
11882,0.018987682,0.0014480572,0.017539624
11883,0.018985853,0.0014477023,0.01753815
11884,0.018983787,0.0014470938,0.017536692
11885,0.018981773,0.0014465916,0.017535182
11886,0.018979669,0.0014459235,0.017533746
11887,0.018977711,0.0014454137,0.017532296
11888,0.018975811,0.0014450143,0.017530797
11889,0.01897382,0.0014445314,0.017529288
11890,0.018971521,0.0014437258,0.017527796
11891,0.018969554,0.0014431883,0.017526366
11892,0.018967591,0.0014426741,0.017524917
11893,0.018965378,0.0014419522,0.017523427
11894,0.018963506,0.0014415482,0.017521959
11895,0.0189616,0.001441095,0.017520504
11896,0.018959738,0.0014406828,0.017519055
11897,0.018957498,0.0014399018,0.017517596
11898,0.018955627,0.0014394762,0.017516151
11899,0.018953525,0.0014388023,0.017514722
11900,0.018951498,0.001438204,0.017513294
11901,0.018949317,0.0014375426,0.017511774
11902,0.018947382,0.0014370605,0.017510321
11903,0.018945185,0.0014363733,0.017508812
11904,0.018943235,0.0014358831,0.017507352
11905,0.0189408,0.0014348753,0.017505925
11906,0.01893891,0.0014344577,0.017504452
11907,0.018936817,0.0014337751,0.017503042
11908,0.01893511,0.0014334988,0.017501611
11909,0.018932834,0.0014326641,0.01750017
11910,0.01893078,0.0014320862,0.017498694
11911,0.018928736,0.0014314998,0.017497236
11912,0.018926695,0.0014309041,0.01749579
11913,0.018924573,0.0014302356,0.017494338
11914,0.018922694,0.0014298153,0.01749288
11915,0.01892082,0.0014293866,0.017491434
11916,0.018918956,0.00142896,0.017489996
11917,0.018916797,0.0014282707,0.017488526
11918,0.018914636,0.0014275623,0.017487073
11919,0.018912815,0.0014272011,0.017485613
11920,0.018911041,0.0014268984,0.017484143
11921,0.018908713,0.0014260613,0.017482651
11922,0.018906944,0.0014257928,0.01748115
11923,0.018904839,0.001425161,0.017479679
11924,0.01890272,0.001424476,0.017478244
11925,0.018900739,0.0014240083,0.01747673
11926,0.01889875,0.0014234635,0.017475286
11927,0.018896729,0.00142287,0.017473858
11928,0.018894399,0.0014220481,0.017472351
11929,0.018892549,0.00142166,0.017470889
11930,0.01889062,0.0014212143,0.017469404
11931,0.018888474,0.0014205761,0.017467897
11932,0.018886225,0.0014197879,0.017466437
11933,0.018884337,0.0014193142,0.017465023
11934,0.01888215,0.001418563,0.017463587
11935,0.01888025,0.0014180443,0.017462205
11936,0.018878525,0.0014177639,0.017460762
11937,0.018876512,0.0014172307,0.01745928
11938,0.018874764,0.001416982,0.017457783
11939,0.018872567,0.0014162753,0.017456291
11940,0.01887029,0.0014154428,0.017454848
11941,0.01886809,0.0014146665,0.017453425
11942,0.018866215,0.0014142097,0.017452005
11943,0.018864056,0.0014135069,0.017450549
11944,0.018862402,0.0014133333,0.017449068
11945,0.018860161,0.001412622,0.017447539
11946,0.018858133,0.0014120803,0.017446052
11947,0.018856004,0.0014113862,0.017444618
11948,0.01885422,0.0014110417,0.017443178
11949,0.018852264,0.0014105679,0.017441696
11950,0.018850414,0.0014101638,0.01744025
11951,0.018848388,0.0014095751,0.017438812
11952,0.018846223,0.0014088958,0.017437328
11953,0.01884378,0.00140795,0.01743583
11954,0.0188423,0.001407906,0.017434394
11955,0.018840376,0.0014074374,0.01743294
11956,0.018838463,0.0014069395,0.017431524
11957,0.01883613,0.0014060984,0.017430032
11958,0.018834012,0.001405421,0.01742859
11959,0.018832259,0.0014051418,0.017427117
11960,0.018830175,0.0014045413,0.017425634
11961,0.0188281,0.0014039503,0.01742415
11962,0.018826067,0.001403377,0.017422691
11963,0.018824229,0.0014029347,0.017421294
11964,0.018821945,0.0014020464,0.017419899
11965,0.018819915,0.0014014487,0.017418467
11966,0.01881797,0.0014009455,0.017417025
11967,0.018815875,0.0014003103,0.017415565
11968,0.018813998,0.0013999069,0.017414091
11969,0.018812032,0.0013994075,0.017412625
11970,0.018810108,0.0013989602,0.017411148
11971,0.01880813,0.0013984159,0.017409714
11972,0.018806007,0.0013977588,0.017408248
11973,0.01880406,0.0013972387,0.017406821
11974,0.01880212,0.0013967515,0.017405368
11975,0.018800229,0.0013962905,0.017403938
11976,0.018798307,0.0013958445,0.017402463
11977,0.018796338,0.0013953263,0.017401012
11978,0.018794151,0.0013946134,0.017399538
11979,0.018792404,0.0013943668,0.017398037
11980,0.018790599,0.0013940377,0.017396562
11981,0.01878836,0.0013932401,0.01739512
11982,0.018786157,0.0013924666,0.01739369
11983,0.018784132,0.0013919149,0.017392216
11984,0.018782372,0.001391611,0.017390762
11985,0.018780228,0.0013909535,0.017389273
11986,0.018778183,0.0013903129,0.017387869
11987,0.01877611,0.0013896701,0.01738644
11988,0.018774426,0.0013894121,0.017385013
11989,0.018772587,0.0013890108,0.017383575
11990,0.01877064,0.001388538,0.017382102
11991,0.018768284,0.0013876457,0.017380638
11992,0.018766575,0.0013873742,0.0173792
11993,0.01876438,0.0013866576,0.017377723
11994,0.018762272,0.001385974,0.017376298
11995,0.018760076,0.0013851878,0.017374888
11996,0.018758131,0.0013846797,0.017373452
11997,0.018755961,0.0013839746,0.017371986
11998,0.018753972,0.0013834056,0.017370567
11999,0.018752031,0.001382918,0.017369114
12000,0.018750213,0.0013824372,0.017367776
12001,0.018748116,0.0013818119,0.017366303
12002,0.01874626,0.0013811984,0.017365063
12003,0.018744396,0.0013807535,0.017363643
12004,0.018742645,0.0013801376,0.017362507
12005,0.018740922,0.0013797189,0.017361203
12006,0.018739745,0.0013792708,0.017360475
12007,0.018738337,0.0013787841,0.017359553
12008,0.018737825,0.001378158,0.017359667
12009,0.018738069,0.0013782775,0.017359791
12010,0.018738844,0.0013770085,0.017361835
12011,0.018741632,0.0013774469,0.017364185
12012,0.018745653,0.0013757643,0.017369889
12013,0.018752608,0.001376915,0.017375693
12014,0.018760143,0.0013754092,0.017384734
12015,0.018766697,0.0013769348,0.017389763
12016,0.0187665,0.0013748363,0.017391663
12017,0.018757174,0.0013757157,0.017381458
12018,0.018738838,0.0013730866,0.017365752
12019,0.018720385,0.001372482,0.017347902
12020,0.018710742,0.0013716214,0.01733912
12021,0.01871165,0.0013710839,0.017340567
12022,0.01871879,0.0013715518,0.017347239
12023,0.018723473,0.0013701174,0.017353356
12024,0.018721633,0.0013709739,0.017350659
12025,0.018711822,0.0013687621,0.01734306
12026,0.018702013,0.0013687736,0.01733324
12027,0.018697098,0.0013681651,0.017328933
12028,0.018697817,0.0013673874,0.01733043
12029,0.018700847,0.0013674333,0.017333414
12030,0.01870115,0.0013665131,0.017334636
12031,0.018696675,0.0013662359,0.01733044
12032,0.018690305,0.0013652017,0.017325103
12033,0.018685708,0.0013650059,0.017320702
12034,0.018684391,0.0013645522,0.01731984
12035,0.018684784,0.0013636156,0.017321168
12036,0.018684838,0.0013636826,0.017321156
12037,0.01868237,0.0013626377,0.017319731
12038,0.01867833,0.0013625548,0.017315775
12039,0.018674437,0.0013617384,0.017312698
12040,0.018672407,0.0013614187,0.017310988
12041,0.018671706,0.001361169,0.017310537
12042,0.018670939,0.0013603668,0.017310573
12043,0.018669095,0.001360064,0.01730903
12044,0.018665895,0.001358953,0.017306942
12045,0.018662985,0.0013587388,0.017304247
12046,0.018660491,0.0013579897,0.017302502
12047,0.018659217,0.0013576198,0.017301597
12048,0.01865812,0.0013573626,0.017300757
12049,0.018656373,0.0013564745,0.017299898
12050,0.018653931,0.0013559927,0.017297938
12051,0.018651426,0.001355318,0.017296107
12052,0.018649431,0.00135523,0.0172942
12053,0.018647712,0.0013549142,0.017292798
12054,0.018645996,0.0013541788,0.017291818
12055,0.01864448,0.0013539816,0.017290499
12056,0.018642494,0.0013532412,0.017289253
12057,0.018640269,0.0013528083,0.017287461
12058,0.018637933,0.0013520278,0.017285906
12059,0.018635942,0.0013516004,0.017284341
12060,0.018634235,0.0013512158,0.01728302
12061,0.018632598,0.0013507414,0.017281856
12062,0.018630669,0.0013502011,0.017280467
12063,0.018628445,0.0013492885,0.017279156
12064,0.018626299,0.0013487253,0.017277574
12065,0.018624209,0.0013480749,0.017276134
12066,0.018622333,0.0013476216,0.017274711
12067,0.018620407,0.0013470275,0.01727338
12068,0.01861854,0.001346467,0.017272074
12069,0.01861661,0.0013459092,0.017270701
12070,0.018614953,0.0013455806,0.017269373
12071,0.018612662,0.0013447789,0.017267883
12072,0.018610887,0.0013443726,0.017266514
12073,0.018609073,0.0013440187,0.017265053
12074,0.018607324,0.0013437136,0.01726361
12075,0.018605543,0.0013432932,0.01726225
12076,0.018603798,0.0013429713,0.017260827
12077,0.018602196,0.0013427307,0.017259466
12078,0.018599816,0.001341755,0.017258061
12079,0.018598061,0.0013413012,0.01725676
12080,0.018596083,0.0013407496,0.017255334
12081,0.01859396,0.0013400265,0.017253933
12082,0.018591894,0.001339345,0.01725255
12083,0.018590434,0.0013392714,0.017251162
12084,0.018588217,0.0013384226,0.017249795
12085,0.018586157,0.001337756,0.017248401
12086,0.018584322,0.001337322,0.017247
12087,0.018582487,0.0013369186,0.017245568
12088,0.018580345,0.0013361387,0.017244207
12089,0.018578714,0.0013359307,0.017242784
12090,0.018576762,0.0013353993,0.017241362
12091,0.018574905,0.0013349132,0.017239992
12092,0.018573178,0.0013346137,0.017238565
12093,0.018571459,0.0013342658,0.017237194
12094,0.018569445,0.0013336226,0.017235823
12095,0.018567534,0.0013331076,0.017234426
12096,0.018565455,0.0013324042,0.017233051
12097,0.018563721,0.0013320346,0.017231686
12098,0.018561492,0.0013312305,0.017230261
12099,0.018559575,0.0013307189,0.017228857
12100,0.018557731,0.0013302667,0.017227465
12101,0.018555827,0.0013297948,0.017226033
12102,0.01855385,0.0013291382,0.01722471
12103,0.018552205,0.001328895,0.01722331
12104,0.018550381,0.0013284305,0.01722195
12105,0.018548507,0.0013279432,0.017220564
12106,0.018546337,0.0013271571,0.01721918
12107,0.018544668,0.0013268479,0.01721782
12108,0.018543007,0.0013265309,0.017216476
12109,0.018541057,0.0013259128,0.017215144
12110,0.01853921,0.0013254946,0.017213715
12111,0.018537264,0.0013249605,0.017212303
12112,0.018535394,0.0013245362,0.017210858
12113,0.018533403,0.0013239161,0.017209487
12114,0.018531784,0.001323675,0.017208109
12115,0.018529372,0.001322639,0.017206734
12116,0.018527778,0.0013223959,0.017205382
12117,0.018525898,0.0013218899,0.017204009
12118,0.018523846,0.0013212751,0.017202571
12119,0.018521741,0.0013205693,0.017201172
12120,0.018520046,0.0013202599,0.017199786
12121,0.01851829,0.0013198995,0.01719839
12122,0.018516578,0.001319523,0.017197056
12123,0.018514365,0.0013187634,0.017195601
12124,0.01851229,0.0013181195,0.01719417
12125,0.01851049,0.0013177122,0.01719278
12126,0.018508945,0.0013175599,0.017191384
12127,0.018507013,0.0013169972,0.017190015
12128,0.018504784,0.0013161376,0.017188646
12129,0.018503005,0.0013156945,0.01718731
12130,0.0185008,0.0013148993,0.0171859
12131,0.018499369,0.0013148381,0.017184531
12132,0.01849754,0.0013144319,0.017183108
12133,0.01849554,0.0013138265,0.017181713
12134,0.018493466,0.0013131689,0.017180298
12135,0.018491635,0.0013127289,0.017178906
12136,0.018489653,0.0013120727,0.01717758
12137,0.018487746,0.001311533,0.017176213
12138,0.018485973,0.0013111171,0.017174855
12139,0.018484222,0.0013107682,0.017173454
12140,0.018482508,0.0013104238,0.017172085
12141,0.018480588,0.0013099256,0.017170662
12142,0.01847887,0.0013095818,0.01716929
12143,0.018477002,0.0013091206,0.017167881
12144,0.018475221,0.0013087074,0.017166514
12145,0.018473234,0.0013081017,0.017165132
12146,0.018471232,0.0013074492,0.017163783
12147,0.018469643,0.0013073004,0.017162342
12148,0.018467441,0.0013065056,0.017160935
12149,0.018465694,0.0013061544,0.01715954
12150,0.018463572,0.0013053827,0.01715819
12151,0.018461732,0.0013048905,0.017156841
12152,0.01845997,0.0013045087,0.017155461
12153,0.018457817,0.0013037545,0.017154062
12154,0.018456267,0.0013036028,0.017152665
12155,0.018454194,0.0013029607,0.017151233
12156,0.018452387,0.0013025968,0.017149791
12157,0.018450763,0.0013023216,0.01714844
12158,0.018448794,0.0013017018,0.017147092
12159,0.01844707,0.0013012949,0.017145775
12160,0.018445192,0.0013007557,0.017144436
12161,0.018443327,0.001300251,0.017143076
12162,0.018441215,0.0012995725,0.017141642
12163,0.01843919,0.0012989268,0.017140264
12164,0.018437034,0.0012981974,0.017138837
12165,0.018435178,0.0012976954,0.017137483
12166,0.01843331,0.0012972082,0.017136103
12167,0.018431213,0.0012964379,0.017134774
12168,0.018429503,0.0012961191,0.017133383
12169,0.018427873,0.001295797,0.017132076
12170,0.018425826,0.0012951584,0.017130667
12171,0.018424125,0.0012947693,0.017129356
12172,0.018422237,0.0012943399,0.017127898
12173,0.018420395,0.0012938164,0.017126579
12174,0.018418465,0.0012932776,0.017125187
12175,0.018417014,0.0012930592,0.017123954
12176,0.01841501,0.0012924807,0.01712253
12177,0.018413518,0.0012921081,0.01712141
12178,0.018411491,0.0012914899,0.017120002
12179,0.018409932,0.0012909838,0.017118948
12180,0.01840822,0.001290577,0.017117644
12181,0.018406797,0.0012899857,0.017116811
12182,0.01840538,0.0012896953,0.017115684
12183,0.018404275,0.0012889912,0.017115284
12184,0.018403322,0.0012886702,0.01711465
12185,0.018403146,0.0012880808,0.017115066
12186,0.018403092,0.0012879869,0.017115105
12187,0.018403715,0.001286875,0.017116839
12188,0.01840563,0.0012874395,0.01711819
12189,0.01840779,0.001286498,0.017121293
12190,0.018410541,0.0012868823,0.017123658
12191,0.018412424,0.0012854169,0.017127007
12192,0.018413413,0.0012866197,0.017126793
12193,0.018410254,0.001284815,0.017125439
12194,0.018403962,0.0012852944,0.017118668
12195,0.018394059,0.0012833897,0.017110668
12196,0.018384408,0.0012831277,0.01710128
12197,0.01837729,0.001282187,0.017095102
12198,0.018374138,0.0012818602,0.017092278
12199,0.018374179,0.0012814793,0.0170927
12200,0.018375926,0.0012807442,0.017095182
12201,0.018377192,0.0012808106,0.017096382
12202,0.018376553,0.0012802125,0.01709634
12203,0.018373087,0.0012799702,0.017093116
12204,0.01836838,0.001279117,0.017089263
12205,0.018362984,0.001278404,0.01708458
12206,0.018359723,0.0012780708,0.017081652
12207,0.018357718,0.0012773841,0.017080335
12208,0.01835754,0.0012773843,0.017080156
12209,0.018357325,0.0012766698,0.017080655
12210,0.018356249,0.0012764635,0.017079785
12211,0.018354358,0.0012757946,0.017078564
12212,0.018351104,0.0012752566,0.017075848
12213,0.018348139,0.0012747681,0.01707337
12214,0.018344885,0.001274,0.017070884
12215,0.01834304,0.0012736734,0.017069368
12216,0.01834178,0.0012733103,0.01706847
12217,0.01834048,0.0012728061,0.017067673
12218,0.01833879,0.0012717667,0.017067023
12219,0.018337395,0.0012717888,0.017065607
12220,0.018334927,0.0012707481,0.017064178
12221,0.018332811,0.0012706603,0.01706215
12222,0.018330513,0.0012701296,0.017060382
12223,0.018328272,0.0012695903,0.017058682
12224,0.018326519,0.0012691882,0.017057331
12225,0.018325338,0.0012690271,0.01705631
12226,0.018323757,0.0012686013,0.017055156
12227,0.018322228,0.0012681255,0.017054101
12228,0.018320087,0.0012674782,0.01705261
12229,0.018318366,0.0012670963,0.01705127
12230,0.018316042,0.0012664923,0.01704955
12231,0.018314002,0.0012658873,0.017048115
12232,0.018312264,0.0012656145,0.017046649
12233,0.018310584,0.0012652456,0.017045338
12234,0.01830897,0.001264927,0.017044043
12235,0.018307064,0.0012643171,0.017042747
12236,0.01830555,0.0012639903,0.017041558
12237,0.018303504,0.0012633337,0.01704017
12238,0.018301602,0.001262749,0.017038854
12239,0.018299764,0.0012624111,0.017037353
12240,0.018297752,0.0012617214,0.01703603
12241,0.01829567,0.0012611211,0.01703455
12242,0.018294208,0.0012610023,0.017033206
12243,0.018292252,0.0012603847,0.017031867
12244,0.018290384,0.0012598573,0.017030526
12245,0.018288657,0.001259429,0.017029228
12246,0.018286938,0.0012590911,0.017027847
12247,0.018285215,0.0012586182,0.017026598
12248,0.018283166,0.0012579641,0.017025203
12249,0.0182812,0.0012572907,0.01702391
12250,0.018279497,0.001256956,0.01702254
12251,0.018277578,0.0012563757,0.017021202
12252,0.018276185,0.001256329,0.017019857
12253,0.01827423,0.0012557058,0.017018525
12254,0.018272232,0.0012550484,0.017017184
12255,0.01827061,0.0012547543,0.017015856
12256,0.018268973,0.001254403,0.017014569
12257,0.018266886,0.0012536969,0.01701319
12258,0.018265348,0.0012534506,0.017011898
12259,0.01826368,0.0012531338,0.017010547
12260,0.018261883,0.0012526696,0.017009214
12261,0.018259931,0.0012520986,0.017007833
12262,0.018258212,0.0012517179,0.017006494
12263,0.01825619,0.0012510617,0.017005127
12264,0.018254597,0.0012508052,0.017003791
12265,0.018252552,0.0012501603,0.01700239
12266,0.018250836,0.001249759,0.017001078
12267,0.018249279,0.0012495287,0.01699975
12268,0.018247537,0.0012491173,0.01699842
12269,0.018245466,0.0012483154,0.016997151
12270,0.018243853,0.0012480558,0.016995797
12271,0.018242003,0.0012475586,0.016994445
12272,0.01824001,0.0012469207,0.01699309
12273,0.018238105,0.0012463776,0.016991727
12274,0.018236354,0.0012459558,0.016990399
12275,0.018234467,0.0012452968,0.01698917
12276,0.01823266,0.0012448048,0.016987855
12277,0.018230844,0.0012442798,0.016986564
12278,0.018229024,0.0012438778,0.016985146
12279,0.018227268,0.0012434449,0.016983824
12280,0.018225644,0.0012432159,0.016982429
12281,0.018223679,0.0012425693,0.01698111
12282,0.018221987,0.0012421812,0.016979806
12283,0.018220128,0.0012415926,0.016978536
12284,0.01821848,0.0012412232,0.016977256
12285,0.018216696,0.0012407448,0.01697595
12286,0.018214814,0.0012402149,0.0169746
12287,0.01821287,0.0012396465,0.016973224
12288,0.018211313,0.0012394697,0.016971843
12289,0.018209519,0.0012389626,0.016970556
12290,0.01820794,0.0012387262,0.016969213
12291,0.018205965,0.0012380019,0.016967963
12292,0.018204069,0.0012374762,0.016966593
12293,0.01820229,0.001237009,0.016965281
12294,0.018200655,0.0012367972,0.016963858
12295,0.01819869,0.0012361144,0.016962575
12296,0.01819695,0.0012357221,0.016961228
12297,0.018195111,0.001235143,0.016959969
12298,0.018193422,0.0012347805,0.01695864
12299,0.018191935,0.0012345554,0.01695738
12300,0.01819025,0.0012342241,0.016956026
12301,0.018188223,0.0012333997,0.016954824
12302,0.018186579,0.0012331118,0.016953466
12303,0.018184949,0.0012325844,0.016952364
12304,0.01818352,0.0012324553,0.016951066
12305,0.01818187,0.0012317523,0.016950117
12306,0.01818038,0.0012314644,0.016948916
12307,0.018178845,0.0012307108,0.016948134
12308,0.018177496,0.0012303474,0.016947148
12309,0.01817643,0.001229615,0.016946817
12310,0.01817566,0.0012294026,0.016946258
12311,0.01817553,0.0012286991,0.01694683
12312,0.018176166,0.0012288947,0.016947271
12313,0.018177057,0.0012276868,0.01694937
12314,0.01817985,0.0012284055,0.016951445
12315,0.018182492,0.0012269974,0.016955495
12316,0.018186359,0.001227716,0.016958643
12317,0.018189376,0.001226691,0.016962685
12318,0.01818997,0.001227131,0.01696284
12319,0.018186133,0.0012255786,0.016960554
12320,0.01817788,0.0012256044,0.016952276
12321,0.018167078,0.0012246285,0.01694245
12322,0.018155841,0.0012236859,0.016932156
12323,0.018148953,0.0012227306,0.016926222
12324,0.018147346,0.0012224682,0.016924877
12325,0.018149475,0.0012226171,0.016926857
12326,0.018152716,0.0012224384,0.016930277
12327,0.018153088,0.0012219634,0.016931124
12328,0.018151002,0.0012212062,0.016929796
12329,0.018145716,0.0012208953,0.01692482
12330,0.018139856,0.001220002,0.016919853
12331,0.01813538,0.001219743,0.016915636
12332,0.018133476,0.0012194716,0.016914004
12333,0.018132847,0.0012185688,0.016914278
12334,0.018133266,0.0012185174,0.016914748
12335,0.018132476,0.0012175348,0.016914941
12336,0.018130695,0.0012177272,0.016912969
12337,0.018127598,0.0012170683,0.016910529
12338,0.018124048,0.0012167462,0.0169073
12339,0.018120846,0.0012158081,0.016905038
12340,0.018118983,0.0012152772,0.016903706
12341,0.018118188,0.0012151864,0.016903002
12342,0.018117152,0.0012144088,0.016902743
12343,0.018116279,0.001214564,0.016901715
12344,0.01811418,0.0012137872,0.016900392
12345,0.018111683,0.0012133865,0.016898297
12346,0.01810908,0.0012127485,0.016896332
12347,0.018107092,0.0012125549,0.016894538
12348,0.01810519,0.0012119458,0.016893245
12349,0.018104075,0.0012117067,0.016892368
12350,0.018102791,0.0012114511,0.01689134
12351,0.018101623,0.0012111833,0.01689044
12352,0.01809931,0.0012103121,0.016888998
12353,0.018097462,0.001209851,0.01688761
12354,0.018095339,0.0012094727,0.016885865
12355,0.018093728,0.0012093423,0.016884385
12356,0.018091768,0.001208742,0.016883027
12357,0.018090155,0.0012083639,0.016881792
12358,0.018088495,0.0012077955,0.0168807
12359,0.018086813,0.001207378,0.016879436
12360,0.018085048,0.001206821,0.016878227
12361,0.018083524,0.0012067138,0.01687681
12362,0.018081604,0.0012060662,0.016875537
12363,0.018079791,0.0012056933,0.016874097
12364,0.018077988,0.0012051978,0.01687279
12365,0.018075988,0.0012045895,0.016871398
12366,0.018074166,0.001204065,0.0168701
12367,0.018072626,0.0012037184,0.016868908
12368,0.018070918,0.0012032993,0.016867619
12369,0.018069435,0.0012029753,0.01686646
12370,0.018067647,0.001202517,0.01686513
12371,0.018065829,0.0012020121,0.016863817
12372,0.0180643,0.0012018796,0.01686242
12373,0.018062374,0.0012012281,0.016861146
12374,0.018060474,0.0012006729,0.016859801
12375,0.018058913,0.0012003712,0.016858542
12376,0.018056974,0.0011997329,0.01685724
12377,0.018055422,0.0011994409,0.016855981
12378,0.018053835,0.0011990966,0.016854739
12379,0.018051995,0.0011985615,0.016853433
12380,0.018050088,0.0011978486,0.01685224
12381,0.018048584,0.0011976418,0.016850943
12382,0.018046604,0.0011969652,0.016849639
12383,0.01804511,0.0011967923,0.016848318
12384,0.018043179,0.0011962209,0.016846959
12385,0.018041484,0.0011958338,0.016845651
12386,0.018039877,0.0011955295,0.016844347
12387,0.018038232,0.0011951121,0.01684312
12388,0.018036108,0.0011942742,0.016841834
12389,0.018034853,0.001194264,0.016840588
12390,0.018033054,0.0011937883,0.016839266
12391,0.018031277,0.0011932871,0.01683799
12392,0.018029658,0.0011929839,0.016836675
12393,0.018027699,0.0011922405,0.016835459
12394,0.018026002,0.0011918038,0.016834198
12395,0.018024396,0.0011914753,0.016832922
12396,0.018022705,0.0011911087,0.016831595
12397,0.018020894,0.0011906177,0.016830277
12398,0.018019052,0.0011900672,0.016828986
12399,0.018017385,0.0011896602,0.016827725
12400,0.018015727,0.0011892386,0.016826488
12401,0.018013956,0.0011887219,0.016825235
12402,0.018012425,0.0011884664,0.016823959
12403,0.018010534,0.0011878374,0.016822698
12404,0.018008979,0.0011875608,0.016821418
12405,0.01800726,0.0011871974,0.016820062
12406,0.018005574,0.0011867849,0.01681879
12407,0.018003615,0.0011861187,0.016817495
12408,0.01800199,0.001185777,0.016816214
12409,0.018000428,0.0011854866,0.016814942
12410,0.017998869,0.0011851486,0.01681372
12411,0.01799706,0.0011846306,0.016812429
12412,0.017995423,0.0011842541,0.016811168
12413,0.017993763,0.0011839003,0.016809862
12414,0.01799207,0.0011835091,0.01680856
12415,0.01799044,0.0011831254,0.016807314
12416,0.017988628,0.0011826329,0.016805995
12417,0.01798675,0.0011820099,0.01680474
12418,0.017985268,0.0011817781,0.01680349
12419,0.017983247,0.001181016,0.01680223
12420,0.01798147,0.0011805554,0.016800914
12421,0.017979681,0.001180053,0.016799629
12422,0.017978052,0.0011797156,0.016798336
12423,0.017976338,0.0011792214,0.016797116
12424,0.017974429,0.0011786418,0.016795786
12425,0.017972942,0.0011784233,0.01679452
12426,0.017971247,0.0011780092,0.016793238
12427,0.017969666,0.0011776836,0.016791983
12428,0.01796771,0.0011770326,0.016790677
12429,0.017966084,0.0011766418,0.016789442
12430,0.017964153,0.0011759892,0.016788164
12431,0.017962614,0.001175733,0.01678688
12432,0.01796103,0.001175417,0.016785614
12433,0.017959096,0.0011747611,0.016784335
12434,0.017957127,0.0011740534,0.016783074
12435,0.017955652,0.0011739109,0.01678174
12436,0.017953753,0.0011732593,0.016780494
12437,0.017952029,0.0011728586,0.01677917
12438,0.017950425,0.0011725761,0.016777849
12439,0.017948607,0.001172047,0.01677656
12440,0.01794713,0.0011718041,0.016775325
12441,0.017945305,0.0011712589,0.016774045
12442,0.017943764,0.0011709215,0.016772842
12443,0.017942062,0.0011705336,0.016771529
12444,0.017940463,0.0011701323,0.016770331
12445,0.017938796,0.0011697513,0.016769046
12446,0.017937193,0.0011692632,0.01676793
12447,0.017935542,0.0011688211,0.016766721
12448,0.017933989,0.0011682082,0.01676578
12449,0.017932737,0.0011679921,0.016764745
12450,0.017931359,0.0011672208,0.016764138
12451,0.01793082,0.0011673955,0.016763425
12452,0.017930113,0.0011663369,0.016763777
12453,0.017930815,0.0011666109,0.016764205
12454,0.017932406,0.001166132,0.016766274
12455,0.017935645,0.0011663993,0.016769245
12456,0.017940857,0.001165629,0.016775228
12457,0.01794826,0.0011662521,0.016782008
12458,0.017957104,0.0011652772,0.016791828
12459,0.017964754,0.0011660311,0.016798723
12460,0.017966716,0.0011651082,0.016801607
12461,0.017957976,0.0011653221,0.016792653
12462,0.017939396,0.0011632899,0.016776107
12463,0.017919201,0.0011627743,0.016756427
12464,0.017907403,0.001161844,0.01674556
12465,0.017907567,0.0011614909,0.016746076
12466,0.017915068,0.0011614321,0.016753636
12467,0.017921925,0.0011608452,0.01676108
12468,0.01792119,0.0011613127,0.016759878
12469,0.017912202,0.0011598695,0.016752332
12470,0.017901057,0.0011593454,0.016741712
12471,0.017895138,0.0011587343,0.016736403
12472,0.01789625,0.0011587177,0.016737532
12473,0.017899612,0.0011584797,0.016741132
12474,0.017901015,0.0011577965,0.016743219
12475,0.017897442,0.0011577085,0.016739734
12476,0.017890867,0.0011566771,0.01673419
12477,0.01788565,0.0011562651,0.016729385
12478,0.017884102,0.0011558853,0.016728217
12479,0.01788512,0.0011554458,0.016729675
12480,0.017885843,0.0011555665,0.016730277
12481,0.017883806,0.0011547047,0.016729102
12482,0.017880196,0.0011547435,0.016725453
12483,0.01787584,0.0011536102,0.01672223
12484,0.01787395,0.0011534273,0.016720522
12485,0.017873624,0.0011533526,0.016720273
12486,0.017872922,0.0011524217,0.0167205
12487,0.017871963,0.0011526381,0.016719325
12488,0.017869141,0.0011517418,0.016717399
12489,0.017866276,0.0011514229,0.016714854
12490,0.017863968,0.0011508189,0.01671315
12491,0.01786286,0.0011505926,0.016712267
12492,0.017861787,0.001150142,0.016711645
12493,0.017860873,0.0011498865,0.016710985
12494,0.01785875,0.001149422,0.016709328
12495,0.01785634,0.0011487525,0.016707588
12496,0.017854234,0.0011483701,0.016705865
12497,0.017852522,0.0011478784,0.016704643
12498,0.01785099,0.0011471641,0.016703825
12499,0.01785009,0.0011473001,0.01670279
12500,0.01784847,0.001146718,0.01670175
12501,0.017846722,0.0011465513,0.016700171
12502,0.017844941,0.0011462531,0.016698688
12503,0.017842874,0.0011456017,0.016697273
12504,0.017841216,0.0011450745,0.016696142
12505,0.017840145,0.0011448865,0.01669526
12506,0.017838484,0.0011443911,0.016694093
12507,0.017836967,0.001143987,0.016692981
12508,0.017835012,0.0011435846,0.016691428
12509,0.017833143,0.0011430997,0.016690044
12510,0.01783163,0.0011428869,0.016688742
12511,0.017829781,0.0011422152,0.016687566
12512,0.017828206,0.0011416622,0.016686544
12513,0.017826779,0.0011413979,0.016685382
12514,0.01782501,0.0011408401,0.016684169
12515,0.017823206,0.0011404301,0.016682776
12516,0.017821632,0.0011401152,0.016681517
12517,0.01781997,0.001139706,0.016680265
12518,0.017818287,0.0011392294,0.016679058
12519,0.017816791,0.0011388512,0.01667794
12520,0.017815055,0.0011382999,0.016676756
12521,0.017813904,0.0011383308,0.016675573
12522,0.017811988,0.0011376818,0.016674306
12523,0.017810382,0.0011373422,0.01667304
12524,0.017808843,0.0011370708,0.016671773
12525,0.017807217,0.0011367056,0.016670512
12526,0.017805502,0.0011362121,0.01666929
12527,0.017803797,0.0011357182,0.01666808
12528,0.017802065,0.0011351593,0.016666906
12529,0.0178005,0.001134813,0.016665688
12530,0.01779896,0.0011344946,0.016664466
12531,0.017797573,0.0011343661,0.016663207
12532,0.017795887,0.0011339622,0.016661925
12533,0.017794082,0.0011334067,0.016660675
12534,0.017792534,0.0011330554,0.01665948
12535,0.01779112,0.0011328591,0.016658261
12536,0.017789345,0.0011322834,0.016657062
12537,0.017787747,0.0011318546,0.016655892
12538,0.017785896,0.0011312254,0.01665467
12539,0.017784504,0.0011310686,0.016653435
12540,0.017782783,0.0011305615,0.01665222
12541,0.017781036,0.0011300264,0.01665101
12542,0.017779684,0.0011298568,0.016649827
12543,0.017778125,0.0011295245,0.0166486
12544,0.01777641,0.0011289588,0.01664745
12545,0.01777462,0.0011284573,0.016646162
12546,0.017772837,0.0011278834,0.016644953
12547,0.017771386,0.0011276298,0.016643755
12548,0.017769648,0.0011270879,0.01664256
12549,0.017768018,0.0011267064,0.016641311
12550,0.01776647,0.001126387,0.016640084
12551,0.017764853,0.0011259888,0.016638864
12552,0.017763214,0.0011255859,0.016637629
12553,0.01776158,0.0011251126,0.016636468
12554,0.01775999,0.0011247243,0.016635265
12555,0.017758364,0.0011242824,0.016634082
12556,0.017756922,0.0011240334,0.016632888
12557,0.01775545,0.0011237828,0.016631668
12558,0.017753711,0.0011232671,0.016630445
12559,0.017751807,0.0011225989,0.016629208
12560,0.017750472,0.0011224763,0.016627995
12561,0.017748639,0.0011218349,0.016626803
12562,0.017747078,0.0011215061,0.016625572
12563,0.01774537,0.0011209975,0.016624372
12564,0.017743839,0.0011206472,0.016623192
12565,0.01774214,0.0011201693,0.016621972
12566,0.017740596,0.0011198465,0.01662075
12567,0.017738927,0.0011194341,0.016619492
12568,0.017737297,0.0011190833,0.016618215
12569,0.017735822,0.0011188382,0.016616983
12570,0.017734436,0.0011186339,0.016615802
12571,0.017732687,0.0011180738,0.016614614
12572,0.017731097,0.0011176649,0.016613431
12573,0.017729407,0.0011172034,0.016612204
12574,0.017727582,0.0011166036,0.016610978
12575,0.017725922,0.0011161587,0.016609764
12576,0.017724574,0.001116017,0.016608557
12577,0.017723244,0.0011158515,0.016607393
12578,0.017721515,0.0011153641,0.01660615
12579,0.017720062,0.0011151312,0.016604932
12580,0.017718393,0.0011146851,0.016603708
12581,0.01771663,0.0011141083,0.016602522
12582,0.017714877,0.0011135777,0.0166013
12583,0.017713241,0.0011131559,0.016600085
12584,0.017711585,0.0011126759,0.01659891
12585,0.01771003,0.0011123731,0.016597657
12586,0.017708436,0.0011119838,0.016596451
12587,0.017706702,0.001111442,0.01659526
12588,0.01770516,0.0011111222,0.016594037
12589,0.017703304,0.0011104725,0.016592832
12590,0.017701933,0.0011103519,0.01659158
12591,0.017700475,0.0011100827,0.016590392
12592,0.017698966,0.0011097863,0.01658918
12593,0.017697232,0.0011092525,0.01658798
12594,0.017695662,0.001108888,0.016586773
12595,0.017694086,0.0011085549,0.01658553
12596,0.017692236,0.0011079403,0.016584296
12597,0.017690744,0.0011077212,0.016583024
12598,0.017689127,0.0011073474,0.01658178
12599,0.017687393,0.0011067976,0.016580597
12600,0.0176857,0.001106273,0.016579427
12601,0.017684016,0.0011057539,0.016578263
12602,0.017682381,0.0011053144,0.016577067
12603,0.01768087,0.0011050601,0.01657581
12604,0.017679088,0.0011045344,0.016574554
12605,0.017677577,0.0011042239,0.016573353
12606,0.017676113,0.0011039544,0.016572159
12607,0.017674588,0.001103597,0.01657099
12608,0.017672943,0.0011031396,0.016569803
12609,0.017671362,0.0011027217,0.01656864
12610,0.017669594,0.0011021411,0.016567452
12611,0.017667856,0.0011016572,0.016566198
12612,0.017666338,0.0011013814,0.016564956
12613,0.017665062,0.0011013118,0.01656375
12614,0.017663326,0.0011007526,0.016562574
12615,0.017661754,0.0011004048,0.01656135
12616,0.01766023,0.0011000452,0.016560186
12617,0.017658643,0.0010996874,0.016558956
12618,0.017656893,0.0010992001,0.016557692
12619,0.017655302,0.0010988273,0.016556475
12620,0.01765381,0.0010984918,0.016555319
12621,0.017652199,0.001098064,0.016554134
12622,0.017650684,0.0010977641,0.01655292
12623,0.017649118,0.0010974292,0.016551688
12624,0.01764761,0.0010971251,0.016550483
12625,0.017645758,0.0010964824,0.016549276
12626,0.017644573,0.0010965209,0.016548052
12627,0.017642833,0.0010959136,0.01654692
12628,0.01764111,0.0010954032,0.016545707
12629,0.01763967,0.0010951126,0.016544558
12630,0.017638333,0.0010949995,0.016543334
12631,0.017636577,0.0010944207,0.016542155
12632,0.017634964,0.0010940171,0.016540946
12633,0.01763351,0.0010936501,0.01653986
12634,0.017631788,0.0010930491,0.01653874
12635,0.017630666,0.0010929452,0.01653772
12636,0.017629005,0.0010923189,0.016536687
12637,0.01762806,0.0010920316,0.016536029
12638,0.01762702,0.0010917024,0.016535318
12639,0.017626623,0.0010912925,0.01653533
12640,0.017626587,0.0010911012,0.016535487
12641,0.017627552,0.0010905645,0.016536988
12642,0.017629975,0.0010906495,0.016539326
12643,0.01763423,0.0010898315,0.016544398
12644,0.017641356,0.0010907055,0.01655065
12645,0.017650522,0.0010901613,0.01656036
12646,0.017660333,0.0010907016,0.016569631
12647,0.017667366,0.0010898552,0.01657751
12648,0.017665826,0.0010904112,0.016575415
12649,0.017651968,0.0010885884,0.01656338
12650,0.017630002,0.0010880245,0.016541976
12651,0.01761036,0.0010864806,0.016523879
12652,0.017603135,0.0010860781,0.016517056
12653,0.017607935,0.001085844,0.01652209
12654,0.01761753,0.0010854931,0.016532036
12655,0.017621808,0.0010857501,0.016536057
12656,0.01761679,0.0010852807,0.016531508
12657,0.017604586,0.001084375,0.016520211
12658,0.017595092,0.0010837355,0.016511356
12659,0.017592696,0.0010830921,0.016509604
12660,0.017596409,0.0010830791,0.016513329
12661,0.017600203,0.001082792,0.016517412
12662,0.017598422,0.0010825132,0.016515909
12663,0.017592711,0.0010821498,0.016510561
12664,0.017586146,0.0010817706,0.016504375
12665,0.017583035,0.0010811001,0.016501935
12666,0.017583774,0.0010806245,0.01650315
12667,0.017585518,0.0010808879,0.01650463
12668,0.017584331,0.0010800243,0.016504306
12669,0.017580917,0.0010800415,0.016500875
12670,0.017576406,0.0010791881,0.016497217
12671,0.017573833,0.0010788908,0.016494943
12672,0.017573167,0.001078439,0.016494729
12673,0.017573664,0.0010783117,0.016495353
12674,0.017572628,0.0010781215,0.016494507
12675,0.01757008,0.0010774358,0.016492644
12676,0.017567057,0.0010771088,0.01648995
12677,0.017564721,0.0010766292,0.016488092
12678,0.017563561,0.0010762116,0.016487349
12679,0.017562797,0.0010758599,0.016486937
12680,0.017561628,0.0010752544,0.016486373
12681,0.017560005,0.0010752409,0.016484763
12682,0.017557422,0.0010744035,0.016483018
12683,0.017555352,0.0010740986,0.016481254
12684,0.017554259,0.0010741185,0.01648014
12685,0.017552806,0.0010733493,0.016479457
12686,0.017551895,0.0010733259,0.01647857
12687,0.01755028,0.0010727622,0.016477518
12688,0.017548447,0.0010725064,0.016475942
12689,0.017546661,0.0010721597,0.016474502
12690,0.017544972,0.0010718058,0.016473167
12691,0.017543253,0.0010711771,0.016472075
12692,0.017542303,0.0010710781,0.016471224
12693,0.017540563,0.0010704537,0.01647011
12694,0.017538914,0.0010699643,0.01646895
12695,0.017537419,0.0010698598,0.016467558
12696,0.017535627,0.0010693488,0.016466279
12697,0.017534183,0.0010690505,0.016465133
12698,0.017532978,0.0010689427,0.016464036
12699,0.01753163,0.0010685828,0.016463047
12700,0.017529862,0.0010679422,0.01646192
12701,0.017528396,0.0010676715,0.016460724
12702,0.017526444,0.001066994,0.01645945
12703,0.017524887,0.0010666057,0.01645828
12704,0.017523417,0.0010663116,0.016457105
12705,0.017521864,0.0010658666,0.016455997
12706,0.017520385,0.0010654861,0.0164549
12707,0.017518891,0.0010651622,0.016453728
12708,0.017517427,0.0010647849,0.016452642
12709,0.017515903,0.0010645296,0.016451374
12710,0.017514657,0.0010644225,0.016450236
12711,0.017512947,0.0010638416,0.016449105
12712,0.0175115,0.0010635402,0.01644796
12713,0.017510181,0.001063266,0.016446915
12714,0.017508628,0.0010628906,0.016445737
12715,0.017507153,0.0010625541,0.0164446
12716,0.017505301,0.001061945,0.016443357
12717,0.017503925,0.0010617222,0.016442202
12718,0.01750229,0.0010612357,0.016441053
12719,0.017500972,0.0010610343,0.016439939
12720,0.017499536,0.0010607246,0.016438812
12721,0.017498199,0.0010605347,0.016437665
12722,0.017496657,0.0010601315,0.016436525
12723,0.017494548,0.0010592288,0.01643532
12724,0.017493054,0.0010588786,0.016434176
12725,0.017491592,0.0010585734,0.01643302
12726,0.017490024,0.0010581281,0.016431896
12727,0.017488351,0.0010575985,0.016430752
12728,0.017486898,0.0010573699,0.016429529
12729,0.017485464,0.0010570674,0.016428396
12730,0.017484063,0.0010567742,0.01642729
12731,0.017482584,0.0010564446,0.01642614
12732,0.017480904,0.001055937,0.016424967
12733,0.017479623,0.0010557947,0.016423829
12734,0.01747813,0.0010554529,0.016422678
12735,0.017476542,0.0010549932,0.016421549
12736,0.01747497,0.0010545201,0.01642045
12737,0.017473882,0.0010545569,0.016419325
12738,0.01747208,0.0010539272,0.016418153
12739,0.017470459,0.0010534506,0.016417008
12740,0.0174688,0.0010529547,0.016415846
12741,0.017467182,0.0010525085,0.016414674
12742,0.017465645,0.0010520904,0.016413555
12743,0.017464353,0.0010519354,0.016412418
12744,0.017462583,0.0010513184,0.016411265
12745,0.017461272,0.0010511712,0.016410101
12746,0.01745999,0.0010510413,0.01640895
12747,0.017458359,0.0010505518,0.016407806
12748,0.01745699,0.0010503224,0.016406666
12749,0.017455494,0.0010499405,0.016405554
12750,0.017453944,0.001049518,0.016404426
12751,0.017452652,0.0010493465,0.016403304
12752,0.017450968,0.0010488073,0.01640216
12753,0.017449245,0.0010482535,0.016400991
12754,0.017447976,0.0010481456,0.01639983
12755,0.017446244,0.0010476212,0.016398624
12756,0.01744472,0.0010472096,0.016397512
12757,0.017443173,0.0010468054,0.016396368
12758,0.017441655,0.0010463517,0.016395302
12759,0.017440423,0.0010462825,0.01639414
12760,0.017438687,0.0010457061,0.016392982
12761,0.017437208,0.001045378,0.01639183
12762,0.017435662,0.0010450307,0.016390631
12763,0.017434128,0.0010446556,0.016389472
12764,0.017432764,0.0010444195,0.016388346
12765,0.0174312,0.0010439832,0.016387217
12766,0.01742962,0.0010434954,0.016386125
12767,0.01742806,0.0010430797,0.01638498
12768,0.017426463,0.0010426876,0.016383775
12769,0.01742504,0.0010423871,0.016382653
12770,0.017423594,0.001042136,0.016381457
12771,0.017422006,0.0010416986,0.016380306
12772,0.017420657,0.0010414841,0.016379172
12773,0.017419163,0.0010411199,0.016378043
12774,0.017417546,0.0010406667,0.016376879
12775,0.017416108,0.0010403406,0.016375767
12776,0.017414914,0.0010402569,0.016374657
12777,0.01741333,0.0010398037,0.016373526
12778,0.017412025,0.0010396561,0.01637237
12779,0.017410094,0.0010388809,0.016371213
12780,0.017408824,0.0010387697,0.016370054
12781,0.017407164,0.0010382737,0.01636889
12782,0.017405713,0.0010379581,0.016367756
12783,0.017404104,0.0010374683,0.016366635
12784,0.017402586,0.0010370723,0.016365513
12785,0.017401226,0.0010368851,0.016364342
12786,0.017399779,0.0010365732,0.016363205
12787,0.017398315,0.0010362793,0.016362036
12788,0.017396862,0.0010359308,0.016360931
12789,0.017395247,0.0010354433,0.016359804
12790,0.017393587,0.0010349248,0.016358662
12791,0.017391952,0.0010344516,0.0163575
12792,0.017390542,0.0010341632,0.016356379
12793,0.017389428,0.0010341889,0.016355239
12794,0.01738787,0.0010337268,0.016354144
12795,0.017386159,0.0010331896,0.01635297
12796,0.017384663,0.0010328506,0.016351813
12797,0.017383037,0.001032389,0.016350647
12798,0.017381374,0.001031874,0.0163495
12799,0.017379912,0.0010315581,0.016348353
12800,0.01737839,0.001031138,0.016347252
12801,0.017376758,0.0010306488,0.01634611
12802,0.01737532,0.0010303417,0.01634498
12803,0.017373886,0.0010300907,0.016343795
12804,0.017372224,0.0010296074,0.016342618
12805,0.01737099,0.0010295303,0.016341459
12806,0.017369255,0.0010289615,0.016340293
12807,0.0173678,0.001028688,0.016339112
12808,0.017366342,0.0010283465,0.016337996
12809,0.017364781,0.0010278677,0.016336914
12810,0.017363371,0.0010275923,0.01633578
12811,0.0173616,0.0010268557,0.016334744
12812,0.017360391,0.001026814,0.016333576
12813,0.017358739,0.0010263113,0.016332427
12814,0.01735736,0.0010261236,0.016331237
12815,0.017355956,0.0010258023,0.016330155
12816,0.017354395,0.0010253168,0.016329078
12817,0.017352926,0.0010248472,0.016328078
12818,0.017351598,0.0010246474,0.01632695
12819,0.017350104,0.0010241232,0.01632598
12820,0.01734909,0.0010241709,0.016324919
12821,0.017347755,0.0010236626,0.016324092
12822,0.017346641,0.0010234651,0.016323175
12823,0.017345404,0.0010228152,0.016322589
12824,0.017344812,0.0010228493,0.016321963
12825,0.017344546,0.0010224835,0.016322061
12826,0.017344492,0.0010223112,0.01632218
12827,0.017345773,0.0010222575,0.016323516
12828,0.01734732,0.0010218848,0.016325437
12829,0.017350666,0.0010216129,0.016329054
12830,0.017355,0.0010216846,0.016333316
12831,0.017360779,0.0010208047,0.016339974
12832,0.017367437,0.0010216823,0.016345754
12833,0.01737165,0.0010206819,0.01635097
12834,0.017371126,0.0010210571,0.016350068
12835,0.017362984,0.0010197363,0.016343247
12836,0.01734897,0.0010195925,0.016329376
12837,0.01733351,0.0010182224,0.016315287
12838,0.01732303,0.0010175293,0.0163055
12839,0.01732089,0.0010172471,0.016303644
12840,0.017324928,0.0010169258,0.016308002
12841,0.01733066,0.0010174857,0.016313173
12842,0.01733244,0.0010166379,0.016315803
12843,0.01732922,0.0010167698,0.01631245
12844,0.017321654,0.0010155569,0.016306097
12845,0.017314728,0.0010157574,0.01629897
12846,0.017310334,0.0010149252,0.016295409
12847,0.017310392,0.0010147194,0.016295673
12848,0.01731252,0.0010148647,0.016297655
12849,0.017313544,0.0010143905,0.016299153
12850,0.01731208,0.0010144091,0.01629767
12851,0.017307797,0.0010134544,0.016294343
12852,0.017303262,0.001013067,0.016290195
12853,0.017300196,0.0010125341,0.016287662
12854,0.017299406,0.0010123558,0.016287051
12855,0.0172997,0.0010123035,0.016287398
12856,0.017299522,0.001011732,0.016287789
12857,0.017298227,0.0010116561,0.01628657
12858,0.017295578,0.0010110295,0.01628455
12859,0.017292948,0.0010110105,0.016281938
12860,0.017290369,0.0010103218,0.016280048
12861,0.017288936,0.0010098752,0.01627906
12862,0.017288297,0.0010097366,0.016278561
12863,0.01728755,0.0010092973,0.016278254
12864,0.017286345,0.001009174,0.016277172
12865,0.017284382,0.0010085749,0.016275806
12866,0.017282035,0.0010080653,0.01627397
12867,0.017280232,0.0010077638,0.016272468
12868,0.017278744,0.0010074961,0.016271248
12869,0.01727764,0.0010072766,0.016270364
12870,0.017276652,0.0010069835,0.016269669
12871,0.017275041,0.0010063649,0.016268676
12872,0.017273808,0.0010061868,0.016267622
12873,0.017271932,0.0010057411,0.016266191
12874,0.017270682,0.0010058944,0.016264789
12875,0.017268833,0.0010052718,0.016263561
12876,0.017267518,0.0010050269,0.01626249
12877,0.017266283,0.0010046836,0.0162616
12878,0.017265089,0.0010045042,0.016260585
12879,0.017263502,0.001003929,0.016259573
12880,0.017262256,0.0010039207,0.016258335
12881,0.01726043,0.0010032819,0.016257148
12882,0.017259032,0.0010031463,0.016255885
12883,0.017257484,0.0010027107,0.016254773
12884,0.017255917,0.0010022186,0.016253699
12885,0.017254772,0.0010020925,0.01625268
12886,0.017253317,0.0010015863,0.01625173
12887,0.017251896,0.0010012334,0.016250663
12888,0.017250333,0.0010007338,0.016249599
12889,0.017248867,0.0010004609,0.016248407
12890,0.017247302,0.0010000342,0.016247269
12891,0.017245956,0.0009998466,0.016246108
12892,0.017244514,0.0009995609,0.016244953
12893,0.017242905,0.0009990071,0.016243897
12894,0.017241769,0.0009989509,0.016242817
12895,0.017240034,0.0009982387,0.016241796
12896,0.017238595,0.0009979389,0.016240656
12897,0.017237334,0.0009977357,0.016239598
12898,0.017235827,0.0009973531,0.016238473
12899,0.017234294,0.000996884,0.01623741
12900,0.01723267,0.0009963705,0.0162363
12901,0.017231096,0.0009958253,0.01623527
12902,0.0172299,0.0009957716,0.016234128
12903,0.01722858,0.0009956044,0.016232975
12904,0.017227072,0.0009951363,0.016231935
12905,0.017225698,0.0009948357,0.016230863
12906,0.017224258,0.0009944433,0.016229814
12907,0.017222982,0.0009942764,0.016228706
12908,0.017221326,0.0009937036,0.016227622
12909,0.017219864,0.0009934049,0.01622646
12910,0.017218538,0.0009931712,0.016225366
12911,0.01721674,0.0009924251,0.016224315
12912,0.017215412,0.0009921917,0.01622322
12913,0.017214235,0.0009920966,0.016222138
12914,0.017212741,0.0009916874,0.016221054
12915,0.017211473,0.0009914915,0.016219981
12916,0.017209986,0.0009911333,0.016218852
12917,0.017208531,0.0009907415,0.01621779
12918,0.017207317,0.0009906451,0.016216671
12919,0.017205562,0.0009900535,0.016215509
12920,0.017204229,0.0009898507,0.016214378
12921,0.01720255,0.0009892256,0.016213326
12922,0.017201122,0.0009888487,0.016212273
12923,0.01719991,0.0009886528,0.016211256
12924,0.01719835,0.000988212,0.016210139
12925,0.017196916,0.0009879458,0.01620897
12926,0.017195359,0.0009875201,0.016207838
12927,0.017194116,0.0009873728,0.016206743
12928,0.017192516,0.0009868292,0.016205687
12929,0.01719128,0.0009866585,0.016204622
12930,0.017189581,0.0009860228,0.016203558
12931,0.01718829,0.0009858189,0.016202472
12932,0.017187027,0.0009856443,0.016201383
12933,0.017185459,0.0009852066,0.016200252
12934,0.017184211,0.0009850545,0.016199157
12935,0.017182605,0.00098456,0.016198045
12936,0.01718132,0.0009843527,0.016196968
12937,0.017179986,0.0009841009,0.016195886
12938,0.017178865,0.0009840403,0.016194824
12939,0.017177,0.0009832882,0.016193712
12940,0.017175699,0.000983127,0.016192572
12941,0.017174011,0.0009825549,0.016191456
12942,0.017172819,0.0009824774,0.01619034
12943,0.017171355,0.000982076,0.016189279
12944,0.017169846,0.0009816473,0.016188199
12945,0.017168343,0.0009811921,0.01618715
12946,0.017167008,0.0009809551,0.016186053
12947,0.017165571,0.0009805876,0.016184984
12948,0.017163917,0.0009800805,0.016183836
12949,0.017162457,0.0009797014,0.016182756
12950,0.017161362,0.0009797123,0.01618165
12951,0.017159987,0.0009794328,0.016180554
12952,0.017158633,0.0009791252,0.016179508
12953,0.017157242,0.0009788142,0.016178427
12954,0.017155707,0.0009783362,0.016177371
12955,0.017154401,0.0009781119,0.016176289
12956,0.01715291,0.0009777058,0.016175203
12957,0.01715144,0.0009773258,0.016174113
12958,0.01714995,0.0009769214,0.016173027
12959,0.017148694,0.000976788,0.016171906
12960,0.017147312,0.0009764244,0.016170887
12961,0.017145928,0.0009761198,0.016169809
12962,0.017144555,0.00097587024,0.016168686
12963,0.017143385,0.0009757962,0.016167589
12964,0.01714174,0.00097525277,0.016166488
12965,0.017140262,0.0009748746,0.016165387
12966,0.01713878,0.00097444485,0.016164334
12967,0.017137442,0.0009742438,0.016163198
12968,0.017135944,0.0009738252,0.01616212
12969,0.017134387,0.00097335206,0.016161036
12970,0.017132962,0.00097298814,0.016159974
12971,0.017131759,0.0009728127,0.016158946
12972,0.017130274,0.0009723765,0.016157897
12973,0.017129088,0.0009722715,0.016156817
12974,0.017127879,0.0009721469,0.016155733
12975,0.01712634,0.00097165967,0.01615468
12976,0.017124884,0.0009711676,0.016153716
12977,0.0171236,0.00097095786,0.016152643
12978,0.017122205,0.0009704622,0.016151743
12979,0.017121255,0.0009704316,0.016150825
12980,0.017119942,0.00096983224,0.01615011
12981,0.017118908,0.0009695223,0.016149387
12982,0.017118432,0.0009692825,0.016149148
12983,0.017118288,0.0009693651,0.016148923
12984,0.01711835,0.00096870406,0.016149646
12985,0.017119775,0.00096896046,0.016150814
12986,0.017121851,0.000968156,0.016153695
12987,0.017125957,0.0009683467,0.01615761
12988,0.017132087,0.0009679516,0.016164135
12989,0.017140046,0.0009684611,0.016171584
12990,0.017148376,0.000967595,0.01618078
12991,0.01715452,0.00096817483,0.016186345
12992,0.017153516,0.00096714497,0.016186371
12993,0.017142775,0.00096712343,0.016175652
12994,0.017124083,0.0009655774,0.016158506
12995,0.017105881,0.0009650603,0.01614082
12996,0.017096361,0.0009641771,0.016132183
12997,0.017098159,0.0009642245,0.016133934
12998,0.01710548,0.0009640751,0.016141405
12999,0.017111784,0.0009638013,0.016147982
13000,0.017110564,0.00096366316,0.0161469
13001,0.017102655,0.0009627757,0.01613988
13002,0.01709249,0.0009622687,0.016130222
13003,0.017086873,0.0009621231,0.01612475
13004,0.01708702,0.00096188486,0.016125135
13005,0.017090226,0.00096170953,0.016128516
13006,0.017092371,0.0009613112,0.01613106
13007,0.017090464,0.0009612789,0.016129185
13008,0.017085113,0.0009606201,0.016124493
13009,0.017079832,0.0009604029,0.01611943
13010,0.017077303,0.00096008973,0.016117213
13011,0.017077364,0.0009595243,0.01611784
13012,0.01707833,0.00095930306,0.016119028
13013,0.01707812,0.00095898,0.016119141
13014,0.017075457,0.00095872895,0.016116727
13015,0.017071774,0.0009580877,0.016113687
13016,0.017068842,0.00095771265,0.01611113
13017,0.017067738,0.00095756777,0.01611017
13018,0.017067477,0.00095715106,0.016110325
13019,0.017067226,0.00095705275,0.016110172
13020,0.017065829,0.00095652544,0.016109303
13021,0.017063601,0.00095634547,0.016107256
13022,0.01706103,0.000955814,0.016105216
13023,0.01705944,0.0009557492,0.01610369
13024,0.017058378,0.00095552526,0.016102852
13025,0.017057706,0.0009552498,0.016102456
13026,0.01705697,0.00095527875,0.016101692
13027,0.017055286,0.0009546594,0.016100626
13028,0.017053237,0.0009541991,0.016099038
13029,0.017051732,0.00095409213,0.01609764
13030,0.017050352,0.00095389,0.016096462
13031,0.017048871,0.0009532987,0.016095573
13032,0.017047914,0.0009530454,0.016094869
13033,0.01704686,0.00095294166,0.016093917
13034,0.017045511,0.0009526338,0.016092878
13035,0.017043864,0.00095235056,0.016091514
13036,0.017042225,0.0009519272,0.016090298
13037,0.017040463,0.00095125684,0.016089207
13038,0.017039297,0.00095104834,0.01608825
13039,0.01703809,0.00095074216,0.016087348
13040,0.017036827,0.00095046294,0.016086364
13041,0.01703534,0.0009499995,0.016085342
13042,0.017033692,0.00094956555,0.016084127
13043,0.017032143,0.00094912236,0.01608302
13044,0.017030774,0.00094881246,0.01608196
13045,0.017029556,0.0009486109,0.016080944
13046,0.017028453,0.0009484422,0.01608001
13047,0.017026937,0.0009479626,0.016078973
13048,0.017025564,0.0009476089,0.016077954
13049,0.017024148,0.0009473051,0.016076842
13050,0.017022753,0.0009469883,0.016075766
13051,0.017021729,0.0009470725,0.016074656
13052,0.017020164,0.00094656134,0.016073603
13053,0.017018816,0.0009462417,0.016072573
13054,0.017017325,0.0009457759,0.016071549
13055,0.017016092,0.00094556203,0.01607053
13056,0.01701474,0.0009452486,0.016069492
13057,0.017013399,0.0009448994,0.0160685
13058,0.0170122,0.0009447593,0.01606744
13059,0.017010821,0.0009444121,0.01606641
13060,0.017009236,0.00094387046,0.016065365
13061,0.017008297,0.0009439865,0.01606431
13062,0.017006775,0.00094353483,0.016063241
13063,0.017005464,0.00094326475,0.0160622
13064,0.017004259,0.0009430796,0.01606118
13065,0.017002609,0.00094247214,0.016060136
13066,0.017001268,0.0009421449,0.016059123
13067,0.01699995,0.00094189943,0.016058052
13068,0.016998699,0.0009416851,0.016057014
13069,0.01699751,0.0009415145,0.016055996
13070,0.016996054,0.00094107905,0.016054975
13071,0.01699472,0.0009407604,0.01605396
13072,0.01699346,0.00094056176,0.016052898
13073,0.01699188,0.0009400036,0.016051875
13074,0.01699027,0.0009394501,0.016050821
13075,0.016989147,0.00093931943,0.016049828
13076,0.016987748,0.000939,0.016048748
13077,0.016986284,0.00093859126,0.016047694
13078,0.016984796,0.0009381679,0.016046628
13079,0.016983576,0.0009379783,0.016045598
13080,0.01698235,0.0009378045,0.016044546
13081,0.016980944,0.00093742256,0.016043521
13082,0.016979631,0.00093710236,0.016042529
13083,0.016978176,0.00093668164,0.016041495
13084,0.016976913,0.0009364281,0.016040485
13085,0.016975569,0.0009361912,0.016039377
13086,0.016974192,0.0009358336,0.016038358
13087,0.016972752,0.0009354533,0.016037298
13088,0.016971478,0.00093519525,0.016036283
13089,0.016969943,0.0009347058,0.016035238
13090,0.016968545,0.000934344,0.0160342
13091,0.016967151,0.00093400973,0.016033141
13092,0.01696568,0.0009335754,0.016032105
13093,0.016964635,0.0009335716,0.016031064
13094,0.016963428,0.0009333781,0.016030049
13095,0.01696192,0.0009328949,0.016029024
13096,0.016960666,0.00093272305,0.016027942
13097,0.016959429,0.00093248894,0.01602694
13098,0.016958127,0.0009322573,0.01602587
13099,0.016956657,0.00093181094,0.016024847
13100,0.016955117,0.0009313631,0.016023753
13101,0.016953975,0.00093126553,0.01602271
13102,0.016952708,0.000931002,0.016021706
13103,0.01695111,0.00093042664,0.016020684
13104,0.016949898,0.0009302114,0.016019687
13105,0.016948275,0.00092965766,0.016018618
13106,0.016947031,0.00092943787,0.016017593
13107,0.016945893,0.0009293407,0.016016552
13108,0.016944777,0.00092928915,0.016015489
13109,0.016943052,0.00092862983,0.016014423
13110,0.016941773,0.0009283672,0.016013406
13111,0.016940668,0.0009283222,0.016012346
13112,0.016939292,0.0009279603,0.016011331
13113,0.016937818,0.0009275153,0.016010303
13114,0.01693662,0.0009273469,0.016009273
13115,0.01693524,0.00092702324,0.016008217
13116,0.016933937,0.00092673075,0.016007205
13117,0.016932564,0.0009264136,0.016006151
13118,0.016931098,0.0009259808,0.016005117
13119,0.016930055,0.0009259469,0.016004108
13120,0.016928552,0.0009254383,0.016003113
13121,0.016927216,0.00092519715,0.01600202
13122,0.016925951,0.00092497724,0.016000975
13123,0.01692443,0.0009244771,0.015999952
13124,0.01692293,0.00092401134,0.015998919
13125,0.016921446,0.0009235511,0.015997894
13126,0.0169204,0.000923509,0.015996892
13127,0.016919084,0.0009232717,0.015995812
13128,0.016917624,0.0009229073,0.015994716
13129,0.016916336,0.0009226848,0.015993651
13130,0.01691522,0.0009225672,0.015992653
13131,0.016913822,0.000922183,0.01599164
13132,0.016912669,0.0009220652,0.015990604
13133,0.016911356,0.0009217824,0.015989574
13134,0.01690989,0.00092131365,0.015988577
13135,0.01690849,0.0009209822,0.015987506
13136,0.016907332,0.00092084473,0.015986487
13137,0.01690589,0.00092040916,0.015985481
13138,0.01690436,0.0009199382,0.015984422
13139,0.016903065,0.0009196997,0.015983365
13140,0.016901832,0.0009194451,0.015982388
13141,0.016900523,0.000919211,0.015981311
13142,0.016899081,0.00091878406,0.015980298
13143,0.016897758,0.00091848604,0.015979273
13144,0.01689658,0.0009183377,0.015978241
13145,0.01689509,0.0009178664,0.015977222
13146,0.016893702,0.0009174076,0.015976295
13147,0.016892424,0.000917162,0.015975261
13148,0.016891,0.0009166993,0.015974302
13149,0.016889585,0.00091631734,0.015973268
13150,0.016888333,0.00091592147,0.015972411
13151,0.016887207,0.0009156469,0.01597156
13152,0.016886346,0.0009154367,0.01597091
13153,0.016885405,0.0009152132,0.015970193
13154,0.016884845,0.00091496686,0.015969878
13155,0.016884381,0.0009147142,0.015969668
13156,0.01688451,0.00091434654,0.015970163
13157,0.016885357,0.0009143211,0.015971037
13158,0.016887495,0.0009141235,0.015973372
13159,0.016890757,0.00091423426,0.015976522
13160,0.016895656,0.000913805,0.015981851
13161,0.016902186,0.0009140207,0.015988166
13162,0.016909873,0.00091357634,0.015996296
13163,0.016916329,0.0009141449,0.016002184
13164,0.016918091,0.00091337593,0.016004715
13165,0.016911836,0.00091311726,0.01599872
13166,0.016897505,0.0009118556,0.01598565
13167,0.016880248,0.0009116505,0.015968597
13168,0.016867299,0.0009108556,0.015956443
13169,0.016863436,0.00091067597,0.01595276
13170,0.016867366,0.00091045944,0.015956907
13171,0.016874136,0.0009102241,0.015963912
13172,0.016877953,0.0009107545,0.015967198
13173,0.0168745,0.0009092941,0.015965205
13174,0.016866509,0.0009090879,0.01595742
13175,0.016858267,0.00090851606,0.01594975
13176,0.01685396,0.0009084083,0.015945552
13177,0.016854256,0.0009082118,0.015946046
13178,0.016856767,0.0009076362,0.015949132
13179,0.016858596,0.00090786844,0.015950728
13180,0.01685662,0.0009070584,0.015949562
13181,0.016852269,0.0009069534,0.015945315
13182,0.01684765,0.0009065409,0.01594111
13183,0.016844807,0.0009062383,0.015938569
13184,0.016844226,0.0009058002,0.015938425
13185,0.016845128,0.00090560876,0.015939519
13186,0.016844671,0.00090497796,0.015939694
13187,0.016843496,0.00090496906,0.015938526
13188,0.016840415,0.0009046024,0.015935812
13189,0.01683753,0.0009042069,0.015933324
13190,0.016835783,0.00090415135,0.01593163
13191,0.016834922,0.00090381736,0.015931105
13192,0.016834619,0.0009034648,0.015931154
13193,0.016833888,0.000903233,0.015930654
13194,0.016832547,0.0009029579,0.015929589
13195,0.016830472,0.0009027545,0.015927717
13196,0.016828604,0.00090253714,0.015926067
13197,0.016826889,0.00090214674,0.015924742
13198,0.016825795,0.0009018593,0.015923936
13199,0.016825147,0.0009017122,0.015923435
13200,0.016824102,0.00090141373,0.015922688
13201,0.016822666,0.00090096716,0.015921699
13202,0.01682104,0.0009007461,0.015920294
13203,0.016819328,0.0009003858,0.015918942
13204,0.016817775,0.00090005365,0.01591772
13205,0.016816353,0.00089961855,0.015916735
13206,0.01681546,0.0008994648,0.015915995
13207,0.01681415,0.00089901575,0.015915135
13208,0.016812878,0.0008986856,0.015914192
13209,0.016811641,0.00089857355,0.015913067
13210,0.01681028,0.00089837983,0.0159119
13211,0.016809065,0.0008983428,0.015910722
13212,0.016807696,0.0008979925,0.015909703
13213,0.016806407,0.0008976189,0.015908789
13214,0.016805097,0.00089720637,0.015907891
13215,0.01680394,0.0008969496,0.015906991
13216,0.016802788,0.00089681766,0.01590597
13217,0.0168014,0.00089644355,0.015904957
13218,0.016800042,0.0008961655,0.015903877
13219,0.01679861,0.00089572254,0.015902888
13220,0.01679711,0.0008952582,0.015901852
13221,0.016796006,0.00089512323,0.015900882
13222,0.016794685,0.00089479866,0.015899887
13223,0.016793301,0.0008943907,0.015898911
13224,0.016792146,0.0008942129,0.015897933
13225,0.016790748,0.00089384447,0.015896903
13226,0.0167896,0.0008936955,0.015895905
13227,0.01678823,0.00089335063,0.015894879
13228,0.016786989,0.0008930755,0.015893914
13229,0.016785666,0.00089272484,0.015892942
13230,0.016784403,0.00089245144,0.015891952
13231,0.01678321,0.0008921963,0.015891014
13232,0.01678211,0.000892108,0.015890002
13233,0.016780796,0.0008918135,0.015888982
13234,0.016779544,0.0008915837,0.01588796
13235,0.016778287,0.0008913548,0.015886933
13236,0.016776824,0.0008908667,0.015885958
13237,0.01677558,0.00089059945,0.01588498
13238,0.016774224,0.00089027314,0.01588395
13239,0.016772991,0.0008900704,0.01588292
13240,0.016771788,0.00088984036,0.015881948
13241,0.01677059,0.0008896332,0.015880957
13242,0.016769148,0.00088917173,0.015879977
13243,0.016767817,0.00088884874,0.015878968
13244,0.016766457,0.0008884962,0.01587796
13245,0.01676528,0.0008883273,0.015876953
13246,0.016763993,0.0008880404,0.015875952
13247,0.01676268,0.0008876813,0.015874999
13248,0.016761307,0.00088729017,0.015874017
13249,0.01676002,0.0008869741,0.015873045
13250,0.016758788,0.0008867504,0.015872039
13251,0.016757805,0.0008867939,0.01587101
13252,0.016756495,0.000886497,0.01587
13253,0.016755227,0.0008861947,0.015869033
13254,0.016753938,0.00088593055,0.015868008
13255,0.016752563,0.00088553963,0.015867025
13256,0.016751288,0.0008852024,0.015866086
13257,0.016750041,0.0008849358,0.015865106
13258,0.016748788,0.0008846608,0.015864126
13259,0.016747234,0.0008841552,0.01586308
13260,0.016746152,0.0008840724,0.01586208
13261,0.016744899,0.0008838217,0.015861077
13262,0.01674368,0.0008835888,0.015860092
13263,0.016742248,0.00088312855,0.01585912
13264,0.016740836,0.00088267634,0.01585816
13265,0.016739402,0.000882263,0.01585714
13266,0.016738286,0.0008820993,0.015856188
13267,0.016737083,0.0008818914,0.015855191
13268,0.016735697,0.00088147516,0.015854223
13269,0.01673449,0.0008812905,0.0158532
13270,0.016733367,0.00088116276,0.015852204
13271,0.016731896,0.0008806948,0.015851201
13272,0.016730744,0.0008805032,0.01585024
13273,0.016729543,0.000880315,0.015849227
13274,0.016728163,0.0008799356,0.015848227
13275,0.016726792,0.00087956846,0.015847223
13276,0.016725795,0.0008796014,0.015846195
13277,0.016724605,0.0008793895,0.015845215
13278,0.016723081,0.00087886007,0.015844222
13279,0.016721886,0.00087864004,0.015843246
13280,0.016720599,0.00087834767,0.015842251
13281,0.016719343,0.0008780812,0.015841262
13282,0.016718127,0.00087782426,0.015840303
13283,0.016716756,0.00087744935,0.015839307
13284,0.016715437,0.00087716145,0.015838277
13285,0.016714202,0.0008768915,0.01583731
13286,0.016712816,0.0008764813,0.015836336
13287,0.016711436,0.0008761201,0.015835317
13288,0.016710334,0.0008759904,0.015834343
13289,0.016709069,0.00087572855,0.01583334
13290,0.016707897,0.00087551697,0.01583238
13291,0.01670653,0.00087511534,0.015831415
13292,0.016705351,0.00087488757,0.015830463
13293,0.016704354,0.0008748456,0.01582951
13294,0.016702961,0.0008744919,0.01582847
13295,0.016701583,0.00087408925,0.015827494
13296,0.016700368,0.000873881,0.015826488
13297,0.016698772,0.0008733036,0.015825469
13298,0.016697703,0.0008732397,0.015824463
13299,0.016696393,0.00087293354,0.01582346
13300,0.016694885,0.0008724199,0.015822465
13301,0.016693618,0.00087212294,0.015821496
13302,0.016692342,0.0008718247,0.015820518
13303,0.01669106,0.0008715393,0.015819522
13304,0.016689906,0.0008713974,0.015818508
13305,0.016688704,0.0008711704,0.015817534
13306,0.016687497,0.0008709686,0.015816528
13307,0.01668622,0.0008706936,0.015815526
13308,0.016684806,0.00087029435,0.015814511
13309,0.016683472,0.0008699791,0.015813494
13310,0.01668234,0.00086978683,0.015812553
13311,0.016681034,0.0008694606,0.015811574
13312,0.01667965,0.00086912594,0.015810525
13313,0.016678108,0.00086856453,0.015809543
13314,0.016676962,0.0008683747,0.015808588
13315,0.016675686,0.0008680478,0.015807638
13316,0.016674615,0.00086794037,0.015806675
13317,0.016673047,0.0008673194,0.015805727
13318,0.016671829,0.0008670836,0.015804745
13319,0.016670667,0.00086685026,0.015803816
13320,0.016669568,0.00086662604,0.015802942
13321,0.016668564,0.00086643675,0.015802126
13322,0.016667524,0.0008662244,0.0158013
13323,0.016666563,0.00086580525,0.015800757
13324,0.016665809,0.00086556375,0.015800245
13325,0.016665755,0.0008653896,0.015800364
13326,0.016666118,0.00086536724,0.01580075
13327,0.016667243,0.0008649959,0.015802247
13328,0.016669912,0.00086524594,0.015804667
13329,0.016674805,0.0008648228,0.015809983
13330,0.016682556,0.0008650729,0.015817484
13331,0.016693959,0.0008651084,0.01582885
13332,0.016707383,0.0008656793,0.015841704
13333,0.016719352,0.00086499954,0.015854353
13334,0.016723096,0.00086591166,0.015857184
13335,0.01671082,0.00086445874,0.01584636
13336,0.016685152,0.0008637224,0.01582143
13337,0.016658962,0.0008622955,0.015796667
13338,0.016646769,0.00086174766,0.015785022
13339,0.016651968,0.0008616179,0.015790349
13340,0.016665582,0.0008619475,0.015803633
13341,0.016672667,0.0008619654,0.015810702
13342,0.016667085,0.0008612865,0.015805798
13343,0.016652286,0.0008608533,0.015791433
13344,0.016640663,0.0008600381,0.015780626
13345,0.016639743,0.00086004037,0.015779702
13346,0.016645584,0.0008596651,0.01578592
13347,0.016650759,0.0008597111,0.015791047
13348,0.016647756,0.00085939316,0.015788363
13349,0.016639678,0.0008588535,0.015780825
13350,0.016633023,0.0008587837,0.015774239
13351,0.016632004,0.00085849134,0.015773512
13352,0.016635021,0.00085823145,0.015776789
13353,0.016636927,0.0008582184,0.01577871
13354,0.016634252,0.00085759175,0.01577666
13355,0.016629245,0.0008576311,0.015771614
13356,0.016625332,0.00085720554,0.015768126
13357,0.016624399,0.00085663743,0.01576776
13358,0.016625699,0.00085658283,0.015769117
13359,0.016625732,0.0008561563,0.015769577
13360,0.016623748,0.00085623754,0.015767511
13361,0.016620174,0.00085560785,0.015764566
13362,0.016617617,0.00085526856,0.015762348
13363,0.016617,0.0008550768,0.015761923
13364,0.016617067,0.00085468905,0.015762378
13365,0.0166164,0.0008545042,0.015761897
13366,0.016614271,0.0008539277,0.015760344
13367,0.01661215,0.0008539312,0.015758218
13368,0.016610462,0.0008537208,0.015756741
13369,0.016609771,0.0008535887,0.015756182
13370,0.016609274,0.0008533747,0.0157559
13371,0.016608171,0.0008528385,0.015755333
13372,0.01660668,0.00085273106,0.015753949
13373,0.016604712,0.00085231,0.015752403
13374,0.016603347,0.0008522469,0.0157511
13375,0.01660222,0.0008519007,0.015750319
13376,0.016601523,0.00085168023,0.015749844
13377,0.016600346,0.00085130415,0.015749043
13378,0.016598715,0.0008507176,0.015747996
13379,0.016597442,0.00085084164,0.0157466
13380,0.016595768,0.00085027533,0.015745493
13381,0.01659477,0.00085016945,0.0157446
13382,0.016593922,0.00085009367,0.015743827
13383,0.01659294,0.0008498286,0.015743112
13384,0.016591577,0.0008495647,0.015742011
13385,0.01659024,0.0008493138,0.015740925
13386,0.016588755,0.0008489141,0.015739841
13387,0.016587518,0.0008486098,0.015738908
13388,0.01658646,0.0008483759,0.015738085
13389,0.016585391,0.0008481491,0.015737241
13390,0.016584132,0.00084782374,0.015736308
13391,0.01658293,0.0008477068,0.015735224
13392,0.016581604,0.0008473752,0.01573423
13393,0.016580455,0.0008471815,0.015733274
13394,0.016579363,0.00084701227,0.015732352
13395,0.016577963,0.00084646046,0.015731502
13396,0.016576892,0.0008463664,0.015730524
13397,0.016575838,0.0008462588,0.015729578
13398,0.016574332,0.00084577856,0.015728554
13399,0.016573034,0.00084538787,0.015727647
13400,0.016572112,0.00084538583,0.015726727
13401,0.016570803,0.00084505323,0.01572575
13402,0.016569428,0.0008445695,0.015724858
13403,0.016568363,0.00084443245,0.01572393
13404,0.016567022,0.00084401283,0.015723009
13405,0.01656593,0.0008438817,0.015722048
13406,0.016564539,0.00084344886,0.01572109
13407,0.016563375,0.00084322423,0.01572015
13408,0.016562186,0.0008429455,0.01571924
13409,0.016561244,0.0008429004,0.015718343
13410,0.016559845,0.00084246567,0.01571738
13411,0.016558725,0.00084230886,0.015716417
13412,0.016557517,0.00084209495,0.015715422
13413,0.016556133,0.0008416771,0.015714455
13414,0.0165551,0.0008415737,0.015713528
13415,0.016554011,0.00084141333,0.015712598
13416,0.016552698,0.0008410045,0.015711693
13417,0.016551577,0.00084083393,0.015710743
13418,0.016550388,0.0008405729,0.015709816
13419,0.016549269,0.0008404332,0.015708836
13420,0.016548129,0.0008402438,0.015707886
13421,0.016546952,0.00083999056,0.015706962
13422,0.016545733,0.0008397036,0.01570603
13423,0.016544316,0.00083926046,0.015705055
13424,0.016543107,0.00083897356,0.015704133
13425,0.016541976,0.0008387728,0.015703203
13426,0.01654075,0.0008384968,0.015702253
13427,0.01653937,0.000838091,0.015701279
13428,0.016538247,0.0008379488,0.0157003
13429,0.016536988,0.0008376031,0.015699385
13430,0.016535733,0.00083724177,0.01569849
13431,0.016534792,0.0008372086,0.015697584
13432,0.016533587,0.00083697995,0.015696608
13433,0.0165324,0.00083678385,0.015695617
13434,0.01653119,0.0008365119,0.015694678
13435,0.01652969,0.0008359814,0.01569371
13436,0.016528461,0.00083565444,0.015692806
13437,0.016527576,0.00083567644,0.0156919
13438,0.016526304,0.00083532254,0.015690982
13439,0.016524965,0.0008349306,0.015690034
13440,0.016523907,0.0008348341,0.015689073
13441,0.016522786,0.0008346736,0.015688112
13442,0.016521296,0.00083413924,0.015687156
13443,0.016520407,0.0008341806,0.015686227
13444,0.016519038,0.0008337372,0.015685301
13445,0.016517682,0.00083332864,0.015684353
13446,0.016516363,0.0008329569,0.015683407
13447,0.016515262,0.0008328137,0.01568245
13448,0.016514234,0.00083266577,0.015681569
13449,0.016513176,0.0008325606,0.015680615
13450,0.01651162,0.0008319063,0.015679713
13451,0.016510518,0.00083173165,0.015678786
13452,0.016509145,0.0008313376,0.015677808
13453,0.016508242,0.0008313416,0.0156769
13454,0.016507179,0.0008312218,0.015675956
13455,0.016505932,0.0008309351,0.015674997
13456,0.01650465,0.0008305641,0.015674084
13457,0.016503721,0.0008306125,0.015673108
13458,0.016502382,0.0008302149,0.015672168
13459,0.016500937,0.000829714,0.015671223
13460,0.01649974,0.0008294132,0.015670326
13461,0.016498242,0.00082885154,0.01566939
13462,0.016497156,0.0008286934,0.015668463
13463,0.016495982,0.00082848914,0.015667493
13464,0.016494984,0.0008284473,0.015666537
13465,0.016493877,0.00082825904,0.015665619
13466,0.016492616,0.0008279379,0.015664678
13467,0.01649129,0.00082753995,0.01566375
13468,0.01649014,0.0008273569,0.015662784
13469,0.016489105,0.0008272362,0.01566187
13470,0.016487757,0.0008268361,0.015660921
13471,0.016486492,0.0008265366,0.015659956
13472,0.016485667,0.0008265793,0.015659088
13473,0.016484363,0.00082626415,0.0156581
13474,0.016483169,0.00082603004,0.015657138
13475,0.016482024,0.00082581746,0.015656207
13476,0.01648077,0.00082551385,0.015655257
13477,0.016479213,0.00082487625,0.015654337
13478,0.016477987,0.0008246376,0.01565335
13479,0.016477123,0.00082472694,0.015652396
13480,0.016475987,0.00082450564,0.015651481
13481,0.016474944,0.0008243747,0.015650569
13482,0.016473655,0.0008240612,0.015649593
13483,0.016472476,0.00082379754,0.015648678
13484,0.016471008,0.00082326756,0.015647741
13485,0.01646974,0.0008229573,0.015646782
13486,0.016468529,0.00082268845,0.01564584
13487,0.016467385,0.00082251604,0.015644869
13488,0.016466163,0.00082225347,0.01564391
13489,0.016464973,0.00082194794,0.015643025
13490,0.016463956,0.00082186266,0.015642093
13491,0.016462855,0.00082166464,0.01564119
13492,0.016461538,0.0008213245,0.015640214
13493,0.016460394,0.000821168,0.015639227
13494,0.016459033,0.0008207855,0.015638247
13495,0.016457649,0.000820325,0.015637323
13496,0.016456593,0.0008202082,0.015636384
13497,0.01645531,0.0008198983,0.01563541
13498,0.016454065,0.0008195922,0.015634473
13499,0.016452854,0.00081931415,0.01563354
13500,0.016451549,0.0008189466,0.015632601
13501,0.016450291,0.00081859727,0.015631694
13502,0.016449273,0.0008185092,0.015630763
13503,0.016448127,0.00081828394,0.015629843
13504,0.016446736,0.0008178024,0.015628934
13505,0.016445432,0.00081745523,0.015627977
13506,0.016444372,0.00081735686,0.015627015
13507,0.01644337,0.0008173212,0.015626049
13508,0.01644218,0.00081710506,0.015625075
13509,0.016440941,0.00081678986,0.015624152
13510,0.016439661,0.00081645837,0.015623203
13511,0.0164385,0.00081620197,0.015622296
13512,0.016437216,0.00081587594,0.015621339
13513,0.016435856,0.0008154363,0.01562042
13514,0.016434638,0.00081518956,0.015619448
13515,0.01643356,0.000815043,0.015618516
13516,0.01643246,0.0008149426,0.015617519
13517,0.016431125,0.0008145214,0.015616604
13518,0.01642976,0.00081412354,0.0156156365
13519,0.016428463,0.0008137125,0.015614751
13520,0.01642737,0.00081356947,0.0156138
13521,0.01642644,0.0008135858,0.015612854
13522,0.016425198,0.00081333885,0.01561186
13523,0.016424017,0.0008130867,0.0156109305
13524,0.016423,0.00081301684,0.015609983
13525,0.01642173,0.0008126137,0.015609116
13526,0.016420618,0.0008124176,0.0156082
13527,0.016419606,0.0008122795,0.015607326
13528,0.016418524,0.00081213587,0.0156063875
13529,0.016417263,0.0008116697,0.015605593
13530,0.016416129,0.0008113741,0.015604755
13531,0.016415343,0.0008112248,0.015604118
13532,0.016414482,0.00081101904,0.015603462
13533,0.016414069,0.0008109154,0.015603154
13534,0.016413514,0.0008104864,0.015603026
13535,0.01641386,0.0008101718,0.015603689
13536,0.016415033,0.00081022125,0.015604813
13537,0.016417678,0.0008099516,0.015607728
13538,0.01642229,0.0008102626,0.015612028
13539,0.016429223,0.00080983393,0.015619389
13540,0.01643967,0.0008106228,0.015629048
13541,0.016452527,0.00081035285,0.015642174
13542,0.016464824,0.0008109847,0.01565384
13543,0.01647008,0.0008104607,0.01565962
13544,0.016461704,0.0008106317,0.015651071
13545,0.01643927,0.0008092188,0.015630051
13546,0.016412199,0.00080796174,0.015604237
13547,0.016397014,0.00080748694,0.015589527
13548,0.016398186,0.00080714753,0.015591038
13549,0.016410146,0.0008076414,0.015602505
13550,0.016419804,0.0008072247,0.01561258
13551,0.016418245,0.00080750854,0.015610736
13552,0.016406085,0.000806653,0.015599432
13553,0.016392747,0.00080597517,0.015586772
13554,0.016387982,0.00080566516,0.0155823175
13555,0.016392209,0.0008055533,0.015586656
13556,0.016398229,0.0008055989,0.015592629
13557,0.016398773,0.0008051942,0.015593579
13558,0.01639256,0.0008050691,0.015587492
13559,0.016384874,0.00080458215,0.015580291
13560,0.016380785,0.0008039502,0.015576835
13561,0.016382385,0.0008040208,0.015578364
13562,0.016385058,0.0008036189,0.015581438
13563,0.016385045,0.0008037221,0.015581323
13564,0.016381115,0.00080298504,0.01557813
13565,0.016376756,0.00080308,0.015573676
13566,0.01637413,0.0008026283,0.015571501
13567,0.016374333,0.0008022757,0.015572057
13568,0.01637551,0.0008024725,0.015573038
13569,0.016374603,0.0008017875,0.015572815
13570,0.016372252,0.00080187677,0.015570375
13571,0.01636887,0.00080112414,0.015567745
13572,0.016367363,0.000801188,0.015566175
13573,0.016366852,0.00080086244,0.0155659905
13574,0.01636703,0.0008007484,0.015566281
13575,0.016366113,0.0008005247,0.015565588
13576,0.016364515,0.00080045755,0.015564058
13577,0.016362539,0.00080042967,0.015562109
13578,0.016360752,0.0007999208,0.015560831
13579,0.016359901,0.00079960545,0.015560296
13580,0.016359707,0.0007997805,0.015559928
13581,0.016358677,0.0007993348,0.015559343
13582,0.01635719,0.00079913886,0.015558052
13583,0.016355542,0.0007988826,0.01555666
13584,0.016353857,0.00079840154,0.015555454
13585,0.01635307,0.0007984014,0.015554669
13586,0.016352076,0.0007979415,0.015554134
13587,0.016351217,0.00079782424,0.0155533925
13588,0.01634987,0.0007974508,0.015552419
13589,0.01634864,0.0007974424,0.015551196
13590,0.016347202,0.00079707336,0.015550129
13591,0.016345892,0.0007966646,0.015549227
13592,0.01634486,0.0007963682,0.015548493
13593,0.016343767,0.0007959608,0.015547806
13594,0.016342869,0.00079599704,0.015546871
13595,0.01634151,0.0007956759,0.015545833
13596,0.016340414,0.0007957024,0.015544713
13597,0.016339246,0.0007954958,0.01554375
13598,0.016337924,0.00079501374,0.01554291
13599,0.016336989,0.0007948486,0.01554214
13600,0.0163357,0.0007943897,0.01554131
13601,0.016334308,0.0007939633,0.015540346
13602,0.016333474,0.0007940791,0.015539395
13603,0.016331928,0.0007934948,0.015538433
13604,0.016330907,0.000793372,0.015537536
13605,0.016329857,0.0007932036,0.015536653
13606,0.016328637,0.0007928457,0.0155357905
13607,0.016327588,0.0007926448,0.015534943
13608,0.016326454,0.0007924362,0.015534017
13609,0.016325148,0.0007920099,0.015533137
13610,0.016323963,0.0007917374,0.015532226
13611,0.016322847,0.0007915072,0.01553134
13612,0.016321866,0.0007914551,0.015530411
13613,0.016320888,0.0007913772,0.015529511
13614,0.016319739,0.0007911202,0.015528619
13615,0.016318334,0.00079064834,0.015527686
13616,0.01631723,0.0007904621,0.015526767
13617,0.016316047,0.0007901866,0.01552586
13618,0.016314913,0.0007899583,0.015524954
13619,0.016313933,0.000789869,0.015524063
13620,0.01631287,0.0007896785,0.015523192
13621,0.016311767,0.0007894171,0.01552235
13622,0.01631066,0.0007891981,0.015521461
13623,0.016309336,0.0007887623,0.015520573
13624,0.016308252,0.0007885913,0.015519661
13625,0.016307158,0.00078840455,0.015518754
13626,0.01630605,0.00078821334,0.015517836
13627,0.016304957,0.0007880442,0.015516913
13628,0.016303921,0.00078787765,0.015516043
13629,0.016302893,0.00078771426,0.015515178
13630,0.016301794,0.0007875012,0.015514292
13631,0.01630059,0.00078720885,0.015513382
13632,0.016299559,0.0007871008,0.015512457
13633,0.016298406,0.0007868859,0.01551152
13634,0.016297007,0.0007863632,0.015510643
13635,0.016296111,0.00078636926,0.015509741
13636,0.016294705,0.0007858501,0.015508855
13637,0.016293423,0.0007854388,0.015507984
13638,0.016292537,0.00078546954,0.015507067
13639,0.016291238,0.0007850646,0.015506174
13640,0.016290002,0.00078475155,0.015505251
13641,0.016288923,0.0007845931,0.015504329
13642,0.016287956,0.0007845149,0.015503441
13643,0.016286777,0.0007842353,0.015502541
13644,0.016285568,0.00078388856,0.015501681
13645,0.016284628,0.00078385486,0.015500773
13646,0.016283143,0.00078324665,0.015499897
13647,0.016282223,0.0007832108,0.015499012
13648,0.016280986,0.0007828726,0.015498114
13649,0.016279837,0.00078265404,0.015497183
13650,0.01627882,0.00078252674,0.015496293
13651,0.016277695,0.00078230235,0.015495393
13652,0.0162764,0.00078189693,0.015494503
13653,0.016275523,0.00078186486,0.015493658
13654,0.016274123,0.0007813646,0.015492758
13655,0.016273132,0.00078130915,0.015491823
13656,0.016271856,0.0007809658,0.01549089
13657,0.016271042,0.00078105315,0.015489988
13658,0.01626974,0.0007806217,0.015489117
13659,0.01626871,0.0007804462,0.015488264
13660,0.01626737,0.0007800095,0.015487361
13661,0.016266309,0.0007798633,0.015486445
13662,0.016265392,0.0007798834,0.015485508
13663,0.016264187,0.00077956694,0.01548462
13664,0.016263023,0.0007792872,0.015483736
13665,0.016261775,0.0007789649,0.01548281
13666,0.016260443,0.0007784846,0.015481958
13667,0.01625953,0.00077847525,0.015481055
13668,0.016258344,0.00077823066,0.015480114
13669,0.016256982,0.0007777672,0.015479215
13670,0.016256165,0.0007778183,0.0154783465
13671,0.016254753,0.00077729556,0.015477457
13672,0.016253842,0.0007772748,0.015476568
13673,0.016252702,0.00077709433,0.015475608
13674,0.016251512,0.0007768075,0.015474704
13675,0.016250372,0.000776543,0.01547383
13676,0.01624934,0.00077643746,0.015472903
13677,0.016248208,0.0007761947,0.015472013
13678,0.016246993,0.0007758963,0.015471096
13679,0.01624595,0.00077573047,0.01547022
13680,0.016244859,0.00077552773,0.01546933
13681,0.016243711,0.00077526475,0.015468446
13682,0.016242642,0.0007750933,0.015467549
13683,0.01624151,0.0007749402,0.01546657
13684,0.01624027,0.000774618,0.015465653
13685,0.01623907,0.0007742992,0.015464771
13686,0.016238004,0.00077413325,0.01546387
13687,0.01623686,0.00077387533,0.015462985
13688,0.01623584,0.0007737466,0.015462092
13689,0.016234707,0.0007735093,0.015461198
13690,0.016233532,0.0007732559,0.015460275
13691,0.0162326,0.000773226,0.0154593745
13692,0.016231615,0.00077310455,0.01545851
13693,0.016230252,0.0007726852,0.015457566
13694,0.016229128,0.00077249465,0.015456635
13695,0.016227907,0.0007722182,0.015455688
13696,0.016227016,0.0007721814,0.015454834
13697,0.016225882,0.0007719507,0.015453931
13698,0.016224805,0.0007717144,0.015453091
13699,0.016223632,0.00077145523,0.015452177
13700,0.01622256,0.0007712373,0.015451324
13701,0.016221277,0.0007708459,0.015450432
13702,0.016220404,0.0007708591,0.015449544
13703,0.016219042,0.0007704078,0.0154486345
13704,0.016217882,0.00077016413,0.015447717
13705,0.016216813,0.0007700123,0.015446801
13706,0.016215546,0.00076960615,0.015445939
13707,0.016214535,0.0007694523,0.015445082
13708,0.016213441,0.0007692397,0.015444202
13709,0.016212335,0.0007690774,0.015443258
13710,0.016211238,0.0007688967,0.015442341
13711,0.016210003,0.00076854776,0.015441456
13712,0.016208928,0.0007683821,0.015440546
13713,0.016207771,0.0007681137,0.015439658
13714,0.01620689,0.000768096,0.015438794
13715,0.016205678,0.00076778344,0.015437894
13716,0.016204497,0.00076743786,0.015437058
13717,0.016203418,0.0007672506,0.015436167
13718,0.016202046,0.00076667685,0.015435368
13719,0.016201101,0.00076658785,0.015434513
13720,0.016199993,0.0007663109,0.015433681
13721,0.016198885,0.0007660511,0.015432834
13722,0.016197873,0.0007656935,0.015432179
13723,0.016197082,0.00076565833,0.015431423
13724,0.016196247,0.00076534005,0.015430907
13725,0.016195312,0.00076495117,0.01543036
13726,0.016195133,0.0007649482,0.015430186
13727,0.016195023,0.0007649143,0.01543011
13728,0.016195474,0.00076473877,0.015430735
13729,0.016196262,0.0007646315,0.015431631
13730,0.016197955,0.00076440827,0.015433547
13731,0.016200565,0.0007645075,0.015436058
13732,0.016204132,0.0007638769,0.0154402545
13733,0.016208995,0.0007641088,0.015444887
13734,0.016214833,0.0007639946,0.015450838
13735,0.016219603,0.00076414907,0.015455455
13736,0.016221602,0.0007636606,0.015457941
13737,0.016218603,0.0007639865,0.015454616
13738,0.016209694,0.00076304225,0.015446652
13739,0.016196951,0.0007628648,0.015434087
13740,0.016184501,0.00076188036,0.015422621
13741,0.016176831,0.00076151715,0.015415315
13742,0.016175596,0.0007614336,0.015414163
13743,0.016178621,0.00076096907,0.015417651
13744,0.016183672,0.0007615904,0.015422082
13745,0.016185751,0.00076098216,0.015424769
13746,0.01618412,0.0007610624,0.015423057
13747,0.01617895,0.0007603489,0.015418601
13748,0.016172718,0.0007602201,0.015412498
13749,0.016167939,0.00075968594,0.015408253
13750,0.016166307,0.0007594849,0.015406823
13751,0.016166907,0.0007592165,0.01540769
13752,0.01616854,0.0007590563,0.015409484
13753,0.016168954,0.0007589786,0.015409975
13754,0.0161675,0.0007585976,0.015408901
13755,0.01616468,0.0007587353,0.015405945
13756,0.016161278,0.0007582722,0.015403005
13757,0.016158717,0.0007580073,0.015400709
13758,0.016157368,0.00075758254,0.015399785
13759,0.016157506,0.0007576246,0.015399882
13760,0.016157568,0.0007575628,0.0154000055
13761,0.016157212,0.0007573945,0.015399816
13762,0.016155573,0.00075693376,0.015398638
13763,0.016153725,0.0007567374,0.015396987
13764,0.01615155,0.00075645815,0.015395092
13765,0.016149793,0.000756159,0.015393633
13766,0.01614877,0.00075602526,0.015392746
13767,0.016148003,0.000755775,0.015392228
13768,0.016147183,0.00075530354,0.015391879
13769,0.016146498,0.0007553001,0.015391197
13770,0.016145293,0.0007550075,0.015390284
13771,0.016143827,0.0007548259,0.015389001
13772,0.016142549,0.0007547453,0.015387804
13773,0.016140921,0.0007542698,0.01538665
13774,0.01613992,0.0007542152,0.015385705
13775,0.016139194,0.0007542085,0.015384986
13776,0.016138116,0.0007538692,0.0153842475
13777,0.016136974,0.0007533738,0.015383601
13778,0.016136268,0.0007535573,0.015382711
13779,0.016134666,0.0007528373,0.015381829
13780,0.016133603,0.000752855,0.015380748
13781,0.016132463,0.0007527412,0.015379721
13782,0.016131235,0.0007524899,0.015378746
13783,0.016129991,0.0007521255,0.015377865
13784,0.016128805,0.0007517414,0.015377063
13785,0.01612806,0.00075183203,0.015376228
13786,0.016126957,0.00075149373,0.015375462
13787,0.016125912,0.00075140473,0.015374507
13788,0.016124913,0.00075125165,0.015373661
13789,0.01612376,0.0007510367,0.015372723
13790,0.016122578,0.00075076544,0.015371812
13791,0.01612145,0.000750562,0.01537089
13792,0.016120289,0.00075029786,0.015369991
13793,0.016119111,0.0007500086,0.015369103
13794,0.016118066,0.00074979814,0.015368269
13795,0.01611708,0.000749678,0.015367401
13796,0.016116122,0.0007496095,0.015366511
13797,0.016114995,0.00074936444,0.01536563
13798,0.01611398,0.0007492468,0.015364733
13799,0.016112704,0.00074882735,0.015363876
13800,0.016111959,0.0007489593,0.015363
13801,0.016110705,0.0007485827,0.015362123
13802,0.016109738,0.00074849516,0.015361244
13803,0.016108429,0.0007480751,0.015360354
13804,0.016107202,0.0007477429,0.0153594585
13805,0.01610597,0.0007473853,0.015358585
13806,0.016105061,0.0007473058,0.015357755
13807,0.016104037,0.00074716087,0.015356877
13808,0.016103,0.0007469615,0.015356038
13809,0.016101828,0.0007466887,0.01535514
13810,0.016100653,0.00074634515,0.015354308
13811,0.016099554,0.0007461302,0.015353424
13812,0.016098484,0.00074588245,0.015352601
13813,0.016097395,0.0007457328,0.015351662
13814,0.016096383,0.000745585,0.015350798
13815,0.01609524,0.0007453502,0.01534989
13816,0.016094238,0.0007451945,0.0153490435
13817,0.016093045,0.00074488815,0.015348158
13818,0.016091868,0.0007445669,0.015347302
13819,0.01609072,0.00074432464,0.015346397
13820,0.016089628,0.00074408954,0.015345538
13821,0.016088702,0.0007440455,0.015344657
13822,0.016087484,0.00074367074,0.015343812
13823,0.01608642,0.00074347603,0.015342943
13824,0.016085297,0.0007432218,0.015342075
13825,0.01608423,0.00074305787,0.015341171
13826,0.01608302,0.0007427402,0.015340281
13827,0.016081989,0.0007426049,0.015339384
13828,0.01608093,0.00074238615,0.015338544
13829,0.016079808,0.0007421109,0.015337696
13830,0.01607872,0.00074189674,0.015336824
13831,0.016077567,0.0007416881,0.015335878
13832,0.016076446,0.0007414571,0.015334988
13833,0.016075363,0.00074122194,0.0153341405
13834,0.016074194,0.0007409216,0.0153332725
13835,0.0160734,0.0007410071,0.015332392
13836,0.016072553,0.0007410251,0.015331527
13837,0.016071172,0.00074055267,0.01533062
13838,0.016070073,0.00074033026,0.015329744
13839,0.016068999,0.0007401191,0.01532888
13840,0.016067808,0.0007398276,0.015327981
13841,0.016066723,0.0007396526,0.015327071
13842,0.016065516,0.0007392946,0.015326221
13843,0.016064402,0.00073905045,0.015325352
13844,0.016063362,0.0007388752,0.015324486
13845,0.016062375,0.00073875283,0.015323623
13846,0.016061146,0.00073844154,0.015322704
13847,0.01606001,0.00073816424,0.015321845
13848,0.016058803,0.00073784956,0.015320954
13849,0.016057895,0.0007378412,0.015320055
13850,0.016056785,0.00073761353,0.015319171
13851,0.016055707,0.0007374314,0.015318275
13852,0.016054641,0.0007372188,0.015317422
13853,0.016053533,0.00073700614,0.015316527
13854,0.016052492,0.00073686877,0.015315623
13855,0.016051292,0.0007365234,0.01531477
13856,0.016050372,0.00073646416,0.0153139075
13857,0.01604938,0.00073633157,0.015313048
13858,0.016048385,0.0007362245,0.015312159
13859,0.0160472,0.0007358704,0.015311331
13860,0.01604611,0.0007356494,0.015310461
13861,0.016044945,0.0007353498,0.015309595
13862,0.016043967,0.0007351932,0.015308773
13863,0.016043013,0.0007350802,0.015307933
13864,0.01604201,0.00073490944,0.015307102
13865,0.016041048,0.00073467137,0.015306376
13866,0.016040135,0.0007344817,0.015305654
13867,0.016039224,0.0007341402,0.015305084
13868,0.016038226,0.0007338292,0.015304396
13869,0.016037818,0.0007337196,0.015304098
13870,0.016037462,0.0007336385,0.015303823
13871,0.016037911,0.0007337172,0.015304195
13872,0.016038476,0.0007334912,0.015304984
13873,0.016040007,0.000733118,0.015306889
13874,0.01604293,0.0007332571,0.015309673
13875,0.016047794,0.00073294615,0.015314848
13876,0.0160548,0.0007332075,0.015321592
13877,0.016064316,0.00073319924,0.0153311165
13878,0.016074419,0.0007335268,0.015340892
13879,0.016082324,0.00073326426,0.01534906
13880,0.0160829,0.00073360954,0.01534929
13881,0.01607233,0.00073255494,0.015339774
13882,0.016052242,0.00073210895,0.015320133
13883,0.016031865,0.0007309318,0.015300932
13884,0.016020816,0.000730764,0.015290053
13885,0.016022,0.0007307517,0.015291249
13886,0.01603057,0.0007306035,0.0152999675
13887,0.016038256,0.0007308811,0.015307374
13888,0.016038794,0.00073067285,0.01530812
13889,0.01603061,0.00073023624,0.015300373
13890,0.016020007,0.00072958757,0.0152904205
13891,0.016013121,0.00072918716,0.015283935
13892,0.016013108,0.00072896184,0.015284147
13893,0.016017368,0.0007288989,0.015288469
13894,0.016020203,0.00072886434,0.015291339
13895,0.01601876,0.0007283716,0.015290388
13896,0.01601372,0.0007284,0.015285319
13897,0.016007978,0.0007278224,0.015280156
13898,0.016005442,0.0007277087,0.015277732
13899,0.016006116,0.0007276792,0.015278437
13900,0.016008034,0.0007276058,0.015280429
13901,0.016008003,0.00072735414,0.015280648
13902,0.016005954,0.00072720234,0.015278751
13903,0.016002329,0.00072691886,0.015275409
13904,0.01599958,0.0007266341,0.015272946
13905,0.015998203,0.0007261583,0.0152720455
13906,0.015998272,0.0007259095,0.015272362
13907,0.015998617,0.00072585535,0.015272761
13908,0.015997883,0.00072595204,0.015271931
13909,0.015995799,0.00072548306,0.015270315
13910,0.015993461,0.0007252288,0.015268232
13911,0.015992051,0.0007251973,0.015266853
13912,0.015991008,0.0007247371,0.01526627
13913,0.015990758,0.0007248023,0.015265956
13914,0.015990067,0.00072441157,0.015265657
13915,0.015989047,0.00072440057,0.015264646
13916,0.01598735,0.0007240134,0.015263337
13917,0.015985876,0.0007239758,0.0152619
13918,0.015984427,0.0007235204,0.015260906
13919,0.015983615,0.00072331884,0.015260297
13920,0.015982749,0.0007230525,0.015259697
13921,0.015982058,0.000722941,0.015259116
13922,0.015980974,0.0007228614,0.015258113
13923,0.015979836,0.0007227465,0.015257089
13924,0.015978226,0.00072228577,0.01525594
13925,0.015977284,0.00072227046,0.0152550135
13926,0.015976258,0.0007220637,0.015254195
13927,0.015975352,0.0007218759,0.015253476
13928,0.015974483,0.0007217165,0.015252765
13929,0.015973354,0.0007214577,0.015251895
13930,0.015972257,0.00072129606,0.01525096
13931,0.015970966,0.00072100566,0.01524996
13932,0.015969684,0.0007206054,0.015249079
13933,0.01596867,0.0007203823,0.0152482875
13934,0.015967933,0.000720428,0.015247505
13935,0.015967099,0.0007203172,0.015246782
13936,0.015966306,0.00072037976,0.015245926
13937,0.015964959,0.00071989343,0.015245066
13938,0.015963694,0.0007195959,0.015244097
13939,0.01596264,0.0007194265,0.015243214
13940,0.015961694,0.0007193387,0.015242355
13941,0.015960699,0.0007191607,0.015241539
13942,0.015959717,0.00071901036,0.0152407065
13943,0.015958665,0.0007187706,0.015239894
13944,0.015957639,0.0007185603,0.015239079
13945,0.015956376,0.00071814796,0.015238228
13946,0.0159554,0.0007180237,0.015237375
13947,0.015954265,0.0007177724,0.015236493
13948,0.01595328,0.0007176231,0.015235658
13949,0.015952203,0.00071739097,0.015234812
13950,0.015951144,0.0007171458,0.015233998
13951,0.015949989,0.0007167886,0.015233201
13952,0.015948866,0.0007165256,0.01523234
13953,0.015947867,0.000716354,0.0152315125
13954,0.015946792,0.00071617274,0.01523062
13955,0.015945837,0.0007160586,0.015229777
13956,0.01594487,0.00071594224,0.015228928
13957,0.015943786,0.0007157273,0.015228059
13958,0.015942955,0.00071571453,0.015227241
13959,0.015941905,0.0007155032,0.015226402
13960,0.015940798,0.000715197,0.015225601
13961,0.015939834,0.00071508205,0.015224751
13962,0.015938714,0.0007148798,0.015223834
13963,0.015937667,0.0007146931,0.015222975
13964,0.015936585,0.00071444135,0.015222143
13965,0.01593569,0.00071433355,0.015221356
13966,0.015934467,0.0007140221,0.015220446
13967,0.015933383,0.0007137966,0.015219586
13968,0.015932266,0.0007135253,0.01521874
13969,0.015931204,0.0007132815,0.015217923
13970,0.015930425,0.0007132757,0.01521715
13971,0.015929304,0.00071301335,0.01521629
13972,0.015928274,0.00071289146,0.015215383
13973,0.01592716,0.000712586,0.0152145745
13974,0.015925908,0.0007121962,0.015213712
13975,0.015924852,0.00071197096,0.015212881
13976,0.015924025,0.00071199413,0.015212032
13977,0.015923018,0.0007118602,0.0152111575
13978,0.015922053,0.0007117527,0.0152103
13979,0.015921012,0.0007115405,0.015209471
13980,0.01592013,0.00071154285,0.015208588
13981,0.015919168,0.00071141473,0.0152077535
13982,0.01591782,0.00071092043,0.0152068995
13983,0.015916629,0.0007106123,0.015206017
13984,0.015915627,0.00071044953,0.0152051775
13985,0.015914619,0.00071027526,0.015204343
13986,0.015913578,0.0007100413,0.015203536
13987,0.015912462,0.0007098188,0.015202642
13988,0.015911367,0.0007095916,0.015201774
13989,0.015910188,0.0007092463,0.015200942
13990,0.015909323,0.00070922065,0.015200104
13991,0.015908485,0.00070922665,0.015199258
13992,0.015907343,0.00070894684,0.0151983965
13993,0.01590627,0.0007086706,0.015197599
13994,0.0159053,0.00070857676,0.015196724
13995,0.015904283,0.0007084171,0.015195865
13996,0.015903253,0.00070819963,0.015195053
13997,0.01590219,0.0007080264,0.015194164
13998,0.015900973,0.00070763624,0.015193338
13999,0.015899992,0.000707472,0.01519252
14000,0.01589895,0.0007073033,0.015191647
14001,0.015897883,0.00070705125,0.015190832
14002,0.015896771,0.0007067795,0.015189991
14003,0.015895965,0.0007068163,0.0151891485
14004,0.015894908,0.0007066393,0.015188269
14005,0.015893856,0.0007064436,0.015187412
14006,0.01589286,0.000706298,0.015186562
14007,0.0158916,0.00070596277,0.015185637
14008,0.015890423,0.00070566736,0.015184756
14009,0.015889598,0.0007056687,0.015183928
14010,0.015888307,0.0007052038,0.015183104
14011,0.015887175,0.0007049712,0.015182203
14012,0.015886262,0.0007048862,0.015181376
14013,0.015885405,0.00070488075,0.015180525
14014,0.01588451,0.0007048549,0.015179655
14015,0.015883187,0.0007043909,0.015178796
14016,0.015882185,0.00070421863,0.015177966
14017,0.015880866,0.000703754,0.015177112
14018,0.015879966,0.0007036788,0.015176287
14019,0.015878873,0.0007034744,0.015175399
14020,0.015878016,0.0007034509,0.015174565
14021,0.015876904,0.00070319726,0.015173707
14022,0.015876021,0.00070316356,0.015172857
14023,0.015875021,0.0007030108,0.015172009
14024,0.015873836,0.0007026532,0.015171182
14025,0.015872769,0.0007024483,0.01517032
14026,0.015871607,0.00070213986,0.015169468
14027,0.015870495,0.0007018986,0.015168596
14028,0.015869578,0.0007018071,0.015167772
14029,0.015868455,0.00070156297,0.015166892
14030,0.015867537,0.0007014517,0.015166086
14031,0.01586644,0.00070120924,0.015165231
14032,0.015865516,0.0007010761,0.0151644405
14033,0.015864607,0.00070103427,0.015163573
14034,0.015863575,0.0007008125,0.015162763
14035,0.015862282,0.00070038135,0.015161901
14036,0.01586135,0.00070026057,0.015161089
14037,0.01586028,0.00070003635,0.015160244
14038,0.015859079,0.0006995838,0.015159495
14039,0.01585841,0.00069973315,0.0151586775
14040,0.015857426,0.0006994209,0.015158005
14041,0.015856497,0.0006991688,0.015157329
14042,0.015855853,0.0006989798,0.015156873
14043,0.015855279,0.0006988818,0.015156398
14044,0.015854819,0.0006984852,0.015156334
14045,0.015854958,0.0006985533,0.015156405
14046,0.015855372,0.00069813663,0.015157236
14047,0.015857017,0.0006985656,0.01515845
14048,0.01585936,0.00069825724,0.015161103
14049,0.015863083,0.00069821527,0.015164869
14050,0.015869286,0.00069841807,0.015170868
14051,0.015876666,0.0006985927,0.015178073
14052,0.015885249,0.00069811987,0.015187128
14053,0.015893046,0.00069868617,0.015194359
14054,0.015896032,0.0006983155,0.015197716
14055,0.01589019,0.0006984829,0.015191708
14056,0.015875643,0.00069744076,0.015178203
14057,0.015856931,0.0006969359,0.015159995
14058,0.01584223,0.0006959429,0.015146285
14059,0.01583738,0.0006956626,0.015141717
14060,0.015841555,0.0006957004,0.015145854
14061,0.015849505,0.00069567724,0.015153828
14062,0.015854154,0.0006958185,0.015158335
14063,0.015851948,0.0006951984,0.015156751
14064,0.015844196,0.000695347,0.015148849
14065,0.015835311,0.00069467654,0.015140635
14066,0.015830286,0.0006943498,0.015135936
14067,0.015830873,0.0006943744,0.015136499
14068,0.015834106,0.0006940727,0.015140034
14069,0.015836518,0.00069432415,0.015142195
14070,0.015835475,0.00069405854,0.015141416
14071,0.015830943,0.0006937195,0.015137224
14072,0.015826168,0.00069340196,0.015132766
14073,0.015823219,0.0006931045,0.015130114
14074,0.015823042,0.0006929268,0.015130115
14075,0.015824534,0.00069299736,0.015131536
14076,0.015824636,0.00069256,0.015132077
14077,0.015823752,0.00069258956,0.0151311625
14078,0.015820952,0.0006924644,0.015128488
14079,0.015817946,0.0006919721,0.015125974
14080,0.01581609,0.00069174264,0.015124348
14081,0.0158157,0.00069173984,0.015123961
14082,0.015815757,0.0006914599,0.015124297
14083,0.015815753,0.0006916741,0.015124079
14084,0.015814442,0.00069120235,0.01512324
14085,0.015812445,0.000691002,0.015121443
14086,0.015810607,0.0006907866,0.015119821
14087,0.015809117,0.0006905723,0.015118544
14088,0.015808376,0.00069038494,0.01511799
14089,0.015807975,0.00069023867,0.015117736
14090,0.015807265,0.00069005915,0.015117207
14091,0.01580647,0.00068999233,0.015116477
14092,0.015805006,0.00068981637,0.01511519
14093,0.015803479,0.0006894977,0.0151139805
14094,0.01580221,0.00068932574,0.015112885
14095,0.015801301,0.0006892441,0.015112056
14096,0.015800491,0.0006890144,0.015111477
14097,0.015799666,0.00068880635,0.015110859
14098,0.015798733,0.00068853976,0.015110194
14099,0.015797537,0.0006883253,0.015109211
14100,0.01579657,0.0006883773,0.015108192
14101,0.015795093,0.00068795175,0.015107141
14102,0.015794251,0.00068796374,0.015106287
14103,0.01579341,0.000687818,0.015105591
14104,0.015792495,0.00068761304,0.0151048815
14105,0.01579126,0.0006871189,0.01510414
14106,0.015790397,0.00068712933,0.0151032675
14107,0.015789123,0.00068673154,0.015102392
14108,0.015788283,0.0006868429,0.01510144
14109,0.015787156,0.0006865684,0.015100587
14110,0.01578628,0.00068651245,0.015099768
14111,0.015785404,0.00068647345,0.01509893
14112,0.015784381,0.00068618945,0.015098192
14113,0.01578344,0.0006860621,0.015097379
14114,0.015782276,0.00068568526,0.015096592
14115,0.015781084,0.00068536086,0.015095723
14116,0.015779987,0.00068511034,0.015094876
14117,0.015779069,0.0006850894,0.0150939785
14118,0.015778199,0.0006850317,0.015093166
14119,0.015777078,0.0006847027,0.015092376
14120,0.015775874,0.00068431033,0.015091564
14121,0.015775029,0.0006842481,0.015090781
14122,0.015773766,0.0006838062,0.01508996
14123,0.015772808,0.0006837006,0.015089108
14124,0.01577188,0.0006836172,0.015088263
14125,0.015770875,0.0006834546,0.015087421
14126,0.015769672,0.0006830784,0.015086594
14127,0.015768945,0.00068316323,0.015085783
14128,0.015767947,0.00068293524,0.015085011
14129,0.015766868,0.0006827376,0.015084131
14130,0.015765863,0.00068252825,0.0150833335
14131,0.015764799,0.0006823256,0.015082474
14132,0.015763884,0.00068223255,0.015081652
14133,0.015762832,0.00068198494,0.015080847
14134,0.015761789,0.00068178383,0.015080006
14135,0.015760701,0.0006815361,0.015079165
14136,0.01575983,0.0006814611,0.015078369
14137,0.015758988,0.00068147376,0.015077514
14138,0.015757883,0.00068118365,0.0150767
14139,0.015756633,0.0006807735,0.01507586
14140,0.01575598,0.00068092596,0.015075054
14141,0.01575492,0.00068066677,0.015074252
14142,0.015753746,0.00068030454,0.015073441
14143,0.015753007,0.00068037893,0.015072627
14144,0.015751783,0.00068001525,0.015071768
14145,0.01575099,0.00068005756,0.015070932
14146,0.015750146,0.0006800319,0.015070113
14147,0.015749129,0.0006797998,0.015069328
14148,0.015747884,0.0006794072,0.015068477
14149,0.01574677,0.0006791298,0.01506764
14150,0.015745798,0.0006790096,0.0150667885
14151,0.01574497,0.00067898695,0.015065982
14152,0.015743684,0.00067855965,0.015065125
14153,0.015742673,0.00067839475,0.015064278
14154,0.015741738,0.000678263,0.015063474
14155,0.015740732,0.00067807466,0.015062657
14156,0.015739601,0.0006777583,0.015061842
14157,0.015738567,0.00067753013,0.015061038
14158,0.015737569,0.0006774063,0.015060162
14159,0.015736708,0.0006773451,0.015059363
14160,0.015735745,0.00067721907,0.015058526
14161,0.015734758,0.0006770585,0.0150577
14162,0.015733736,0.0006768792,0.015056856
14163,0.015732873,0.0006768255,0.015056048
14164,0.015731879,0.0006766559,0.015055223
14165,0.015730824,0.0006764151,0.015054408
14166,0.015729742,0.0006761839,0.015053558
14167,0.015728706,0.000675976,0.01505273
14168,0.015727662,0.00067578664,0.015051874
14169,0.015726715,0.0006757011,0.015051015
14170,0.015725767,0.0006755916,0.015050176
14171,0.015725004,0.0006756372,0.015049367
14172,0.015724013,0.0006754824,0.015048531
14173,0.01572312,0.00067541766,0.015047703
14174,0.015721953,0.00067509495,0.015046857
14175,0.015720762,0.0006747456,0.015046016
14176,0.015719712,0.0006745204,0.015045191
14177,0.015718695,0.0006743446,0.01504435
14178,0.015717644,0.0006740964,0.015043548
14179,0.0157167,0.0006739782,0.015042721
14180,0.015715677,0.0006737554,0.015041921
14181,0.01571445,0.0006733538,0.015041095
14182,0.015713442,0.0006731919,0.01504025
14183,0.015712565,0.0006731097,0.015039455
14184,0.015711617,0.0006730136,0.015038604
14185,0.015710676,0.0006729291,0.015037746
14186,0.015709635,0.0006727293,0.015036906
14187,0.015708882,0.00067278935,0.015036092
14188,0.015707836,0.0006725399,0.015035296
14189,0.01570654,0.00067209365,0.015034445
14190,0.015705511,0.0006718914,0.0150336195
14191,0.015704509,0.0006717056,0.015032804
14192,0.015703388,0.00067139935,0.015031989
14193,0.015702384,0.00067121716,0.015031167
14194,0.015701482,0.00067111594,0.015030366
14195,0.015700605,0.00067108055,0.015029524
14196,0.015699618,0.00067090034,0.015028718
14197,0.015698612,0.000670731,0.015027881
14198,0.015697714,0.00067054643,0.015027168
14199,0.015696589,0.0006701934,0.015026396
14200,0.015695827,0.0006700991,0.015025727
14201,0.015695328,0.0006703382,0.01502499
14202,0.015694343,0.0006699239,0.015024418
14203,0.015693633,0.0006697453,0.015023887
14204,0.015693149,0.0006695859,0.015023562
14205,0.015692657,0.0006693903,0.015023266
14206,0.015692536,0.0006690627,0.015023474
14207,0.015692873,0.0006690612,0.015023812
14208,0.01569379,0.0006686916,0.015025098
14209,0.015695758,0.00066902995,0.015026728
14210,0.015698664,0.00066883623,0.015029827
14211,0.015703024,0.00066915003,0.015033875
14212,0.01570832,0.0006686457,0.015039675
14213,0.015714696,0.0006692012,0.015045494
14214,0.015720647,0.0006684857,0.01505216
14215,0.015724175,0.0006690339,0.015055141
14216,0.01572197,0.00066832104,0.015053648
14217,0.015713492,0.0006685536,0.01504494
14218,0.015699595,0.0006673587,0.015032236
14219,0.01568568,0.00066701695,0.015018662
14220,0.015676627,0.00066647347,0.015010154
14221,0.01567473,0.00066627056,0.015008461
14222,0.015678462,0.00066628703,0.015012175
14223,0.015684027,0.0006661102,0.015017917
14224,0.015687304,0.0006665752,0.015020729
14225,0.015685668,0.0006660994,0.015019569
14226,0.015679713,0.0006658427,0.015013871
14227,0.015672838,0.00066530966,0.015007529
14228,0.015668016,0.00066519534,0.01500282
14229,0.015666926,0.00066507247,0.015001854
14230,0.015668303,0.0006648188,0.015003484
14231,0.015670326,0.00066495116,0.015005375
14232,0.015670616,0.0006645042,0.015006113
14233,0.015668835,0.0006646383,0.015004197
14234,0.015665356,0.0006642048,0.015001152
14235,0.015661994,0.00066417427,0.014997819
14236,0.015659712,0.0006638267,0.014995886
14237,0.01565908,0.0006635535,0.014995527
14238,0.01565969,0.0006637619,0.014995928
14239,0.015659755,0.0006633677,0.014996387
14240,0.015659114,0.00066338404,0.01499573
14241,0.015657233,0.0006629353,0.014994298
14242,0.015655197,0.00066303404,0.0149921635
14243,0.015653133,0.00066265743,0.014990475
14244,0.01565207,0.0006626849,0.014989384
14245,0.015651353,0.0006624544,0.014988899
14246,0.015650924,0.00066215254,0.014988772
14247,0.01565066,0.00066230044,0.01498836
14248,0.01564934,0.00066165655,0.014987683
14249,0.015648205,0.00066180486,0.0149864005
14250,0.015646612,0.00066153,0.014985082
14251,0.015645133,0.00066130474,0.014983828
14252,0.01564408,0.00066112116,0.014982957
14253,0.015643153,0.0006608655,0.014982288
14254,0.015642583,0.00066083245,0.014981751
14255,0.015641673,0.0006604583,0.014981214
14256,0.015640907,0.0006605119,0.014980394
14257,0.015639823,0.0006602897,0.014979533
14258,0.01563854,0.00066010794,0.014978431
14259,0.015637212,0.00065981236,0.014977398
14260,0.015636139,0.00065962964,0.014976509
14261,0.01563504,0.0006592755,0.014975765
14262,0.015634257,0.00065913354,0.014975123
14263,0.015633676,0.0006592855,0.014974391
14264,0.015632741,0.00065908773,0.014973653
14265,0.01563165,0.00065892393,0.014972725
14266,0.015630573,0.00065868726,0.014971886
14267,0.015629511,0.00065857853,0.014970932
14268,0.015628455,0.0006583974,0.014970059
14269,0.015627567,0.00065835804,0.014969209
14270,0.015626546,0.0006581552,0.014968391
14271,0.015625611,0.0006579388,0.0149676725
14272,0.015624637,0.0006577017,0.014966935
14273,0.015623792,0.0006576604,0.014966131
14274,0.015622844,0.00065757765,0.014965266
14275,0.015621596,0.00065708626,0.01496451
14276,0.015620524,0.0006568792,0.014963645
14277,0.015619543,0.0006567439,0.0149628
14278,0.015618526,0.0006565844,0.014961942
14279,0.015617385,0.00065627496,0.0149611095
14280,0.015616733,0.00065636385,0.014960369
14281,0.015615667,0.000656096,0.014959571
14282,0.015614779,0.0006560051,0.014958774
14283,0.015613854,0.00065594434,0.0149579095
14284,0.015612627,0.00065549737,0.01495713
14285,0.015612052,0.00065573986,0.014956312
14286,0.015610794,0.00065527554,0.014955518
14287,0.015609941,0.0006552742,0.014954668
14288,0.015608933,0.000655078,0.0149538545
14289,0.0156080285,0.0006550446,0.014952984
14290,0.015606935,0.0006547565,0.014952179
14291,0.015606029,0.00065465906,0.01495137
14292,0.015604907,0.00065435906,0.014950547
14293,0.015603946,0.00065417995,0.014949766
14294,0.015602918,0.0006539897,0.014948929
14295,0.01560218,0.00065405807,0.014948121
14296,0.015601202,0.0006538928,0.014947309
14297,0.015600178,0.00065364456,0.014946534
14298,0.015599018,0.00065329863,0.014945719
14299,0.015598049,0.00065312465,0.014944925
14300,0.015597212,0.00065314,0.014944072
14301,0.015596252,0.0006529857,0.014943266
14302,0.015595195,0.0006527607,0.014942435
14303,0.015594221,0.0006525831,0.014941637
14304,0.01559326,0.0006524318,0.014940828
14305,0.01559214,0.00065211114,0.014940029
14306,0.0155914305,0.0006522202,0.01493921
14307,0.015590428,0.00065199827,0.01493843
14308,0.015589329,0.0006517312,0.014937598
14309,0.015588462,0.0006516946,0.0149367675
14310,0.015587433,0.00065147213,0.014935961
14311,0.015586427,0.000651263,0.014935165
14312,0.015585584,0.00065123435,0.014934349
14313,0.015584481,0.00065094186,0.01493354
14314,0.015583432,0.000650743,0.014932689
14315,0.015582567,0.00065071305,0.014931854
14316,0.015581696,0.00065065664,0.01493104
14317,0.015580782,0.0006505276,0.014930254
14318,0.015579712,0.00065025943,0.014929452
14319,0.015578729,0.00065011124,0.0149286175
14320,0.015577831,0.00065006217,0.014927769
14321,0.015576701,0.0006497529,0.014926948
14322,0.015575673,0.0006494832,0.0149261905
14323,0.015574674,0.0006493133,0.014925361
14324,0.015573783,0.00064925186,0.014924531
14325,0.0155727295,0.00064899446,0.0149237355
14326,0.0155718755,0.000648947,0.014922928
14327,0.0155710075,0.00064885285,0.014922155
14328,0.0155698415,0.0006485683,0.014921273
14329,0.015569031,0.0006485418,0.01492049
14330,0.0155681,0.0006484641,0.014919636
14331,0.015567136,0.00064826716,0.014918868
14332,0.015566122,0.0006481003,0.014918022
14333,0.015565135,0.0006479319,0.014917202
14334,0.015564026,0.0006476309,0.014916396
14335,0.015563098,0.000647499,0.014915599
14336,0.015561957,0.00064720504,0.014914752
14337,0.015561065,0.0006470767,0.014913988
14338,0.015560119,0.00064698653,0.014913132
14339,0.0155591285,0.0006467949,0.014912333
14340,0.015558263,0.00064668944,0.014911574
14341,0.015557065,0.0006462567,0.014910808
14342,0.015556074,0.00064605364,0.01491002
14343,0.015555058,0.0006457733,0.014909284
14344,0.015554042,0.0006455266,0.014908515
14345,0.015553526,0.0006456247,0.014907901
14346,0.015552467,0.0006452559,0.014907211
14347,0.015552253,0.0006455168,0.014906737
14348,0.015551479,0.00064518023,0.014906298
14349,0.015551345,0.0006450427,0.014906303
14350,0.015551236,0.000644927,0.01490631
14351,0.015551691,0.0006447505,0.01490694
14352,0.015552681,0.0006446594,0.014908021
14353,0.015554806,0.0006443966,0.014910409
14354,0.015558212,0.00064471003,0.014913502
14355,0.015563081,0.00064457185,0.014918509
14356,0.015569151,0.00064485904,0.014924292
14357,0.015576759,0.0006446704,0.014932089
14358,0.015583672,0.00064544886,0.014938223
14359,0.015587054,0.0006448217,0.0149422325
14360,0.01558458,0.00064504024,0.014939539
14361,0.015573934,0.00064377557,0.014930158
14362,0.015558788,0.0006442423,0.014914545
14363,0.01554362,0.0006430043,0.014900615
14364,0.015535257,0.00064277113,0.014892486
14365,0.01553508,0.00064260466,0.014892475
14366,0.015540369,0.00064234796,0.014898021
14367,0.015546656,0.0006430255,0.014903631
14368,0.015548414,0.0006424056,0.014906008
14369,0.015545098,0.00064264954,0.014902448
14370,0.015537549,0.0006417688,0.01489578
14371,0.015530621,0.00064180605,0.014888815
14372,0.015527205,0.0006416216,0.014885583
14373,0.015527789,0.0006415277,0.014886261
14374,0.015530237,0.0006414904,0.014888747
14375,0.015531946,0.0006411309,0.014890815
14376,0.015531,0.0006411243,0.014889875
14377,0.015527868,0.00064091786,0.01488695
14378,0.015523433,0.0006404338,0.014882999
14379,0.01552048,0.00064014195,0.014880339
14380,0.015519673,0.000640097,0.014879576
14381,0.01552022,0.0006400362,0.014880183
14382,0.015521191,0.00064019515,0.014880996
14383,0.015520458,0.0006399167,0.014880542
14384,0.015518859,0.0006396613,0.014879198
14385,0.015516433,0.00063963333,0.0148768
14386,0.015514003,0.00063910853,0.014874894
14387,0.0155131165,0.0006393315,0.014873785
14388,0.015512331,0.0006389347,0.014873397
14389,0.01551248,0.00063903193,0.014873449
14390,0.015512132,0.0006390669,0.014873065
14391,0.015511216,0.00063889555,0.01487232
14392,0.015509491,0.0006385487,0.014870943
14393,0.015508022,0.0006384922,0.01486953
14394,0.015506438,0.0006381838,0.014868254
14395,0.015505514,0.0006380772,0.014867437
14396,0.015504732,0.0006377377,0.014866994
14397,0.015504288,0.0006378066,0.014866481
14398,0.015503537,0.00063756644,0.01486597
14399,0.015502353,0.0006373202,0.014865033
14400,0.015501232,0.00063726923,0.014863962
14401,0.015499995,0.0006371572,0.014862838
14402,0.015499059,0.0006371294,0.01486193
14403,0.0154982,0.0006370165,0.014861184
14404,0.015497239,0.0006367208,0.014860518
14405,0.01549636,0.0006364717,0.014859889
14406,0.015495336,0.0006362826,0.014859053
14407,0.015494393,0.0006360846,0.014858308
14408,0.015493391,0.00063601264,0.014857379
14409,0.0154923,0.00063580374,0.014856496
14410,0.015491309,0.00063575007,0.014855559
14411,0.0154904295,0.000635719,0.014854711
14412,0.01548939,0.0006354204,0.01485397
14413,0.015488471,0.00063521526,0.014853256
14414,0.015487589,0.00063504005,0.014852549
14415,0.015486668,0.00063495385,0.014851714
14416,0.015485512,0.00063461025,0.014850901
14417,0.015484663,0.0006346382,0.014850024
14418,0.015483689,0.000634473,0.014849216
14419,0.015482685,0.00063430035,0.014848384
14420,0.015481679,0.0006341395,0.014847539
14421,0.015480516,0.00063373457,0.014846781
14422,0.01547966,0.00063366344,0.014845996
14423,0.015478732,0.00063349865,0.014845233
14424,0.015477867,0.0006334099,0.014844457
14425,0.015476845,0.0006332074,0.014843638
14426,0.015476045,0.00063321576,0.01484283
14427,0.015475118,0.00063308066,0.014842037
14428,0.015474073,0.00063285814,0.014841215
14429,0.015472984,0.0006325859,0.014840398
14430,0.015472099,0.00063248107,0.0148396185
14431,0.015471246,0.0006324363,0.01483881
14432,0.015470155,0.00063209626,0.0148380585
14433,0.015469278,0.0006320052,0.014837273
14434,0.015468248,0.00063174183,0.014836506
14435,0.015467295,0.0006315944,0.014835701
14436,0.015466221,0.00063138263,0.014834838
14437,0.015465234,0.0006312054,0.014834029
14438,0.015464423,0.000631187,0.014833236
14439,0.015463263,0.0006308471,0.014832416
14440,0.01546234,0.0006306895,0.01483165
14441,0.01546142,0.00063058775,0.014830832
14442,0.01546065,0.00063063996,0.01483001
14443,0.015459631,0.00063037896,0.014829252
14444,0.015458738,0.00063029776,0.014828441
14445,0.015457858,0.00063022756,0.0148276305
14446,0.015456953,0.0006301153,0.014826838
14447,0.015456082,0.0006300499,0.014826032
14448,0.015454895,0.00062968803,0.014825207
14449,0.015453862,0.0006294538,0.014824408
14450,0.015452974,0.00062938494,0.014823589
14451,0.01545222,0.0006294097,0.01482281
14452,0.015451117,0.0006291003,0.014822017
14453,0.015450078,0.0006288356,0.014821243
14454,0.01544905,0.0006286453,0.014820404
14455,0.01544817,0.0006285547,0.014819615
14456,0.015447224,0.0006284064,0.014818817
14457,0.015446117,0.00062804745,0.0148180695
14458,0.015445113,0.0006278326,0.014817281
14459,0.015444217,0.0006277661,0.014816451
14460,0.015443437,0.0006277952,0.014815642
14461,0.015442552,0.0006277275,0.014814825
14462,0.01544168,0.0006276219,0.014814058
14463,0.015440684,0.0006274767,0.014813207
14464,0.015439812,0.0006274067,0.014812405
14465,0.015438604,0.00062697695,0.014811628
14466,0.015437828,0.00062697276,0.0148108555
14467,0.01543685,0.0006268562,0.014809993
14468,0.015435861,0.0006266407,0.014809221
14469,0.015434786,0.0006263818,0.014808404
14470,0.015433719,0.0006261366,0.014807583
14471,0.015432936,0.0006261619,0.014806774
14472,0.015431909,0.00062597584,0.014805933
14473,0.015431031,0.00062588707,0.014805144
14474,0.01543015,0.0006257512,0.014804399
14475,0.015429129,0.0006255436,0.014803586
14476,0.015428269,0.00062546483,0.014802804
14477,0.015427274,0.0006253005,0.0148019735
14478,0.015426366,0.0006251686,0.014801197
14479,0.015425418,0.0006250352,0.014800383
14480,0.01542439,0.00062476593,0.014799625
14481,0.015423571,0.0006247433,0.0147988275
14482,0.015422555,0.0006244998,0.0147980545
14483,0.01542161,0.00062439387,0.014797216
14484,0.015420741,0.00062425906,0.014796482
14485,0.015419812,0.0006241225,0.01479569
14486,0.015418927,0.00062397413,0.014794953
14487,0.015418,0.00062385545,0.014794144
14488,0.015417099,0.0006236191,0.01479348
14489,0.015416103,0.00062342023,0.0147926835
14490,0.015415366,0.0006232949,0.014792071
14491,0.015414473,0.00062316423,0.014791309
14492,0.015413882,0.0006231135,0.014790769
14493,0.0154131185,0.0006229357,0.014790183
14494,0.015412883,0.0006229877,0.014789895
14495,0.015412359,0.0006227482,0.01478961
14496,0.015412154,0.0006224453,0.014789708
14497,0.015412315,0.00062256405,0.014789751
14498,0.015413059,0.00062235765,0.014790702
14499,0.015414127,0.00062227715,0.01479185
14500,0.0154160075,0.00062201056,0.014793997
14501,0.015418963,0.0006225,0.014796463
14502,0.015422759,0.0006220257,0.014800733
14503,0.015427277,0.0006222727,0.014805005
14504,0.015432051,0.0006220543,0.014809997
14505,0.015435561,0.00062251213,0.014813049
14506,0.015436417,0.00062192447,0.014814493
14507,0.015432693,0.0006221309,0.014810562
14508,0.015424465,0.00062158285,0.0148028815
14509,0.015413054,0.00062122825,0.014791826
14510,0.015402488,0.0006203622,0.014782126
14511,0.01539595,0.0006203498,0.0147756
14512,0.01539437,0.00062011485,0.014774255
14513,0.015396938,0.00062014913,0.014776789
14514,0.015400552,0.00062019716,0.014780355
14515,0.015403297,0.000619992,0.014783305
14516,0.01540301,0.00062024576,0.014782764
14517,0.015399321,0.0006194642,0.014779856
14518,0.015394248,0.00061943766,0.0147748105
14519,0.015389492,0.0006190563,0.014770435
14520,0.01538676,0.0006190397,0.01476772
14521,0.015386083,0.0006188201,0.014767263
14522,0.015387137,0.00061874196,0.014768396
14523,0.015388243,0.0006188835,0.0147693595
14524,0.015388438,0.00061870884,0.014769728
14525,0.015387052,0.00061873347,0.014768318
14526,0.015384723,0.00061845355,0.01476627
14527,0.015381949,0.0006182912,0.014763658
14528,0.015379807,0.0006180555,0.0147617515
14529,0.0153783215,0.00061768945,0.014760632
14530,0.015378025,0.0006178004,0.014760225
14531,0.015377816,0.0006174574,0.014760358
14532,0.015377719,0.00061756535,0.014760153
14533,0.01537698,0.00061729347,0.014759687
14534,0.015375608,0.00061715883,0.014758449
14535,0.0153740505,0.00061695854,0.014757092
14536,0.015372443,0.0006169296,0.0147555135
14537,0.015370943,0.00061656354,0.014754379
14538,0.015370072,0.00061650784,0.014753564
14539,0.015369452,0.00061646174,0.01475299
14540,0.015368794,0.0006162011,0.014752593
14541,0.015368173,0.0006161943,0.014751978
14542,0.015367286,0.00061597105,0.014751315
14543,0.015366167,0.0006158865,0.01475028
14544,0.015365174,0.00061586,0.014749314
14545,0.015363895,0.0006157256,0.01474817
14546,0.01536269,0.0006154705,0.01474722
14547,0.015361815,0.0006154198,0.014746395
14548,0.015360917,0.00061526085,0.014745656
14549,0.015360165,0.00061509974,0.014745066
14550,0.015359041,0.0006146794,0.014744362
14551,0.015358339,0.000614678,0.0147436615
14552,0.015357318,0.0006145323,0.014742786
14553,0.015356327,0.0006143146,0.014742013
14554,0.015355204,0.0006141758,0.014741029
14555,0.015354247,0.00061405567,0.014740191
14556,0.015353099,0.000613757,0.014739342
14557,0.015352279,0.00061377784,0.014738501
14558,0.015351296,0.00061353995,0.014737756
14559,0.015350372,0.00061336457,0.014737007
14560,0.015349561,0.00061328843,0.014736273
14561,0.015348678,0.00061325723,0.014735421
14562,0.0153476335,0.0006129123,0.014734721
14563,0.015346846,0.0006129183,0.014733927
14564,0.015345834,0.0006127725,0.014733062
14565,0.015344921,0.0006126737,0.014732247
14566,0.015343855,0.0006124048,0.01473145
14567,0.015342976,0.0006123281,0.014730648
14568,0.015341903,0.00061203144,0.014729871
14569,0.015340856,0.00061175664,0.014729099
14570,0.015339934,0.0006116898,0.014728244
14571,0.015338973,0.00061147945,0.014727494
14572,0.01533808,0.0006113626,0.014726717
14573,0.015337249,0.0006112524,0.014725997
14574,0.015336487,0.0006113627,0.014725124
14575,0.015335484,0.00061117555,0.014724309
14576,0.015334627,0.0006111076,0.014723519
14577,0.01533373,0.00061096647,0.014722764
14578,0.015332611,0.0006106674,0.014721944
14579,0.015331671,0.0006105615,0.0147211095
14580,0.01533071,0.0006103952,0.014720315
14581,0.0153298015,0.00061028084,0.014719521
14582,0.015328836,0.00061013206,0.014718704
14583,0.015327717,0.000609803,0.014717914
14584,0.015326736,0.00060962955,0.014717106
14585,0.015325971,0.0006096387,0.014716332
14586,0.015324983,0.00060941227,0.014715571
14587,0.015324202,0.0006094071,0.014714795
14588,0.015323326,0.0006093191,0.014714007
14589,0.015322388,0.00060920365,0.014713185
14590,0.01532152,0.0006091299,0.0147123905
14591,0.015320625,0.00060902355,0.014711602
14592,0.015319573,0.0006087767,0.014710796
14593,0.015318698,0.0006086963,0.014710002
14594,0.015317832,0.00060860737,0.014709225
14595,0.015316903,0.0006084723,0.0147084305
14596,0.015315783,0.00060815935,0.014707624
14597,0.0153147355,0.0006079208,0.014706815
14598,0.0153139075,0.0006079205,0.014705987
14599,0.015312882,0.0006077126,0.01470517
14600,0.015312088,0.00060766406,0.014704424
14601,0.015311126,0.00060753163,0.014703594
14602,0.015310175,0.000607319,0.014702856
14603,0.015309419,0.00060739164,0.014702027
14604,0.015308386,0.00060716295,0.014701223
14605,0.0153075475,0.0006070872,0.01470046
14606,0.015306578,0.00060692884,0.014699649
14607,0.015305642,0.0006068,0.014698842
14608,0.0153049035,0.0006068565,0.014698047
14609,0.015303971,0.00060673634,0.014697235
14610,0.015303,0.000606512,0.014696488
14611,0.015301964,0.00060629327,0.014695671
14612,0.015300943,0.00060603087,0.014694911
14613,0.015299984,0.000605881,0.014694103
14614,0.015299128,0.0006057885,0.01469334
14615,0.015298168,0.00060562324,0.014692545
14616,0.015297441,0.0006056446,0.014691796
14617,0.015296333,0.00060533016,0.014691003
14618,0.01529546,0.00060518715,0.0146902725
14619,0.015294623,0.00060516875,0.014689454
14620,0.015293823,0.00060496986,0.014688853
14621,0.015293085,0.0006049168,0.014688169
14622,0.015292182,0.00060456747,0.0146876145
14623,0.015291596,0.00060460495,0.0146869905
14624,0.015290937,0.00060421304,0.014686724
14625,0.015290934,0.00060437067,0.014686563
14626,0.015290918,0.0006040761,0.0146868415
14627,0.015291634,0.0006043319,0.0146873025
14628,0.015292843,0.0006040684,0.014688774
14629,0.015294846,0.00060403225,0.014690814
14630,0.015298703,0.00060408114,0.014694622
14631,0.015303521,0.0006041741,0.014699347
14632,0.015310544,0.00060404657,0.014706497
14633,0.01531843,0.0006044945,0.014713936
14634,0.015325997,0.0006041112,0.014721886
14635,0.015329886,0.0006048153,0.014725071
14636,0.015327137,0.00060401973,0.014723117
14637,0.015315647,0.00060386094,0.014711786
14638,0.015298917,0.0006030249,0.014695892
14639,0.015283166,0.0006025896,0.0146805765
14640,0.015275139,0.00060221145,0.014672928
14641,0.015275921,0.0006020046,0.014673916
14642,0.015282348,0.0006023966,0.014679952
14643,0.015288571,0.00060215796,0.014686413
14644,0.015289967,0.000602366,0.014687601
14645,0.015285463,0.0006018711,0.014683592
14646,0.015277309,0.0006017044,0.014675605
14647,0.015270381,0.00060126063,0.01466912
14648,0.015267499,0.00060103624,0.014666462
14649,0.015268886,0.0006010929,0.014667793
14650,0.015271816,0.0006008838,0.014670933
14651,0.0152733885,0.0006011523,0.0146722365
14652,0.015271821,0.00060080586,0.014671016
14653,0.015267862,0.0006007085,0.014667153
14654,0.015263486,0.00060011237,0.014663373
14655,0.015261046,0.0006000585,0.014660987
14656,0.015261037,0.00060018577,0.014660851
14657,0.015261865,0.0005999569,0.014661908
14658,0.015262433,0.0006000345,0.014662399
14659,0.015261602,0.0005997736,0.014661828
14660,0.015259333,0.00059965113,0.014659682
14661,0.015256857,0.0005994153,0.0146574415
14662,0.015254739,0.0005990931,0.014655646
14663,0.015254059,0.00059910887,0.01465495
14664,0.015254189,0.0005992031,0.014654987
14665,0.015253855,0.00059900247,0.014654852
14666,0.015253239,0.00059886614,0.014654373
14667,0.015251921,0.0005988124,0.014653108
14668,0.015250299,0.0005985414,0.014651758
14669,0.0152487755,0.0005983801,0.014650395
14670,0.015247719,0.00059827394,0.014649445
14671,0.015247094,0.0005982064,0.014648888
14672,0.0152465915,0.0005982025,0.014648389
14673,0.015245904,0.0005979701,0.014647935
14674,0.015244831,0.0005977263,0.014647105
14675,0.015243716,0.0005975753,0.01464614
14676,0.01524227,0.0005972731,0.014644997
14677,0.015241232,0.0005971837,0.014644048
14678,0.0152402,0.0005969739,0.014643226
14679,0.015239487,0.0005969579,0.014642529
14680,0.015238705,0.00059676066,0.014641944
14681,0.015237822,0.00059661723,0.014641205
14682,0.015237028,0.0005965441,0.014640484
14683,0.015236124,0.0005965765,0.014639548
14684,0.015235032,0.0005963766,0.014638655
14685,0.0152340615,0.0005962903,0.014637771
14686,0.015233385,0.00059643335,0.014636952
14687,0.015232283,0.0005960266,0.014636256
14688,0.0152315395,0.00059604587,0.014635494
14689,0.015230705,0.0005959281,0.014634777
14690,0.015229621,0.00059567275,0.014633948
14691,0.015228844,0.0005956172,0.014633227
14692,0.01522804,0.00059564336,0.014632396
14693,0.015227052,0.0005954456,0.014631607
14694,0.0152262105,0.0005953935,0.014630817
14695,0.015225083,0.00059505866,0.014630024
14696,0.015224217,0.0005949652,0.014629252
14697,0.015223421,0.0005949392,0.014628482
14698,0.015222534,0.00059478305,0.014627751
14699,0.0152215,0.0005945381,0.014626962
14700,0.015220666,0.0005945081,0.014626158
14701,0.015219688,0.00059433054,0.014625357
14702,0.015218865,0.00059427833,0.014624586
14703,0.015217957,0.00059419265,0.014623764
14704,0.015216826,0.00059382425,0.014623002
14705,0.015215958,0.0005937426,0.014622215
14706,0.015215133,0.0005936978,0.014621436
14707,0.01521404,0.00059339486,0.014620645
14708,0.015213062,0.00059320946,0.014619852
14709,0.015212064,0.0005929994,0.0146190645
14710,0.01521141,0.0005931248,0.014618285
14711,0.015210509,0.0005929933,0.014617516
14712,0.015209361,0.0005926951,0.014616665
14713,0.015208541,0.00059259415,0.014615947
14714,0.015207735,0.0005926294,0.014615105
14715,0.015206756,0.00059243385,0.014614322
14716,0.015205819,0.00059227645,0.014613543
14717,0.0152051,0.0005923275,0.0146127725
14718,0.015204193,0.000592169,0.014612024
14719,0.015203298,0.0005920836,0.014611214
14720,0.015202341,0.00059187977,0.014610461
14721,0.015201479,0.00059178914,0.01460969
14722,0.01520044,0.0005915362,0.014608904
14723,0.0151996175,0.0005914983,0.01460812
14724,0.015198681,0.0005913675,0.014607313
14725,0.015197715,0.00059116987,0.014606545
14726,0.015196809,0.0005910691,0.014605739
14727,0.01519577,0.0005908301,0.01460494
14728,0.015194906,0.0005907118,0.014604194
14729,0.0151940165,0.00059062376,0.014603393
14730,0.015193214,0.0005906071,0.014602606
14731,0.015192318,0.0005904958,0.014601822
14732,0.015191433,0.0005903931,0.01460104
14733,0.015190574,0.0005903199,0.014600255
14734,0.015189521,0.0005900493,0.014599471
14735,0.015188732,0.0005900439,0.014598688
14736,0.015187725,0.0005898565,0.014597869
14737,0.015186862,0.00058975554,0.014597107
14738,0.015185911,0.000589579,0.014596332
14739,0.015185005,0.0005894334,0.014595572
14740,0.015184043,0.00058928004,0.014594763
14741,0.015183294,0.0005893147,0.014593979
14742,0.01518222,0.0005890366,0.014593184
14743,0.015181413,0.000588987,0.014592426
14744,0.0151805645,0.00058893365,0.014591631
14745,0.015179509,0.00058867363,0.014590835
14746,0.015178666,0.00058864144,0.014590025
14747,0.01517779,0.00058858306,0.014589207
14748,0.01517694,0.00058848946,0.01458845
14749,0.015176094,0.00058841193,0.014587682
14750,0.015175086,0.0005881962,0.01458689
14751,0.015174035,0.0005879434,0.014586092
14752,0.015173054,0.00058772665,0.014585327
14753,0.015172259,0.00058768893,0.01458457
14754,0.015171318,0.00058752927,0.014583789
14755,0.015170433,0.0005874322,0.014583
14756,0.015169439,0.0005872771,0.014582162
14757,0.015168601,0.0005872326,0.014581368
14758,0.015167408,0.0005868711,0.014580537
14759,0.015166403,0.0005866384,0.014579765
14760,0.015165549,0.0005865722,0.014578977
14761,0.015164608,0.00058640126,0.014578206
14762,0.015163605,0.0005862132,0.014577392
14763,0.015162755,0.00058612326,0.014576632
14764,0.015161696,0.00058587885,0.014575817
14765,0.01516103,0.0005860002,0.01457503
14766,0.015160108,0.0005858738,0.014574234
14767,0.015159355,0.00058590225,0.014573452
14768,0.015158402,0.0005857704,0.014572632
14769,0.015157505,0.00058561645,0.014571888
14770,0.015156532,0.00058544433,0.014571087
14771,0.015155698,0.0005853504,0.014570348
14772,0.015154776,0.0005852478,0.014569528
14773,0.0151539305,0.0005851337,0.014568796
14774,0.0151529685,0.00058494654,0.0145680215
14775,0.015152275,0.00058494025,0.014567334
14776,0.015151518,0.0005849093,0.014566609
14777,0.0151508255,0.0005847502,0.014566075
14778,0.015150124,0.00058470666,0.014565418
14779,0.015149546,0.00058453786,0.014565008
14780,0.015149068,0.00058446685,0.014564601
14781,0.015149,0.00058429455,0.014564706
14782,0.015149187,0.0005842771,0.01456491
14783,0.015150033,0.0005841102,0.014565922
14784,0.015151852,0.0005844095,0.014567442
14785,0.0151544325,0.00058367656,0.014570756
14786,0.01515943,0.0005844631,0.014574967
14787,0.015166004,0.00058412337,0.0145818805
14788,0.015174664,0.0005846629,0.014590001
14789,0.01518447,0.000584454,0.014600016
14790,0.0151924705,0.00058524834,0.014607222
14791,0.015194661,0.00058451813,0.014610142
14792,0.015187177,0.00058472087,0.014602456
14793,0.01517053,0.0005836345,0.014586896
14794,0.015150437,0.00058313773,0.0145673
14795,0.015136661,0.00058263156,0.014554029
14796,0.015133402,0.0005822999,0.014551102
14797,0.015139612,0.0005827563,0.014556856
14798,0.015148029,0.00058250147,0.014565527
14799,0.015152052,0.0005827835,0.014569269
14800,0.015148715,0.00058231613,0.014566399
14801,0.015139518,0.0005821262,0.014557392
14802,0.0151306605,0.0005816894,0.014548971
14803,0.015126597,0.00058144506,0.014545152
14804,0.015128411,0.0005815817,0.014546829
14805,0.015132511,0.0005815063,0.014551004
14806,0.015134549,0.000581781,0.014552767
14807,0.0151326135,0.00058147515,0.0145511385
14808,0.015127594,0.000581405,0.0145461885
14809,0.015122756,0.00058085733,0.014541899
14810,0.015120675,0.0005807732,0.014539902
14811,0.01512112,0.00058063737,0.014540482
14812,0.015122643,0.00058047095,0.014542172
14813,0.015122674,0.0005803802,0.014542294
14814,0.015121017,0.00058016286,0.014540854
14815,0.015118175,0.00058015547,0.01453802
14816,0.015115561,0.00057989475,0.014535666
14817,0.015114258,0.000579677,0.014534581
14818,0.015114419,0.0005798223,0.014534597
14819,0.015114581,0.0005795494,0.014535032
14820,0.015114181,0.0005795672,0.014534613
14821,0.015112902,0.0005793099,0.014533592
14822,0.015110948,0.00057919585,0.014531752
14823,0.015109244,0.00057903805,0.014530206
14824,0.015107984,0.0005788161,0.014529168
14825,0.015107574,0.0005788728,0.014528701
14826,0.015107096,0.0005785205,0.014528575
14827,0.015106701,0.00057871256,0.014527989
14828,0.015105567,0.00057838287,0.014527184
14829,0.015104347,0.00057844416,0.014525902
14830,0.015103,0.0005782603,0.01452474
14831,0.015102099,0.00057828875,0.01452381
14832,0.015101295,0.00057815743,0.014523137
14833,0.015100663,0.00057799445,0.014522668
14834,0.015100051,0.00057801616,0.014522035
14835,0.015099058,0.00057770876,0.014521349
14836,0.015098162,0.00057780533,0.014520356
14837,0.015096896,0.0005774857,0.01451941
14838,0.015096039,0.00057754817,0.01451849
14839,0.015095018,0.0005773365,0.014517682
14840,0.01509436,0.00057731394,0.0145170465
14841,0.015093546,0.00057718053,0.014516366
14842,0.015092694,0.00057700375,0.0145156905
14843,0.015091702,0.00057688984,0.014514812
14844,0.015090616,0.00057661603,0.014514
14845,0.015089751,0.0005766425,0.014513109
14846,0.01508894,0.0005766141,0.014512326
14847,0.0150880795,0.00057650707,0.014511572
14848,0.015087117,0.00057631487,0.014510803
14849,0.015086243,0.0005761481,0.014510095
14850,0.015085578,0.0005762399,0.014509338
14851,0.015084583,0.0005759993,0.014508584
14852,0.015083498,0.00057577033,0.014507728
14853,0.015082748,0.00057577895,0.014506969
14854,0.0150816245,0.00057546736,0.0145061575
14855,0.01508076,0.0005754071,0.014505353
14856,0.015079812,0.0005752247,0.014504587
14857,0.01507906,0.000575214,0.014503846
14858,0.015078121,0.00057501957,0.014503101
14859,0.015077232,0.0005749164,0.014502316
14860,0.0150762815,0.00057472754,0.014501554
14861,0.015075363,0.0005746714,0.014500692
14862,0.015074498,0.00057456875,0.014499929
14863,0.015073547,0.0005743979,0.014499149
14864,0.015072787,0.0005744004,0.0144983865
14865,0.015071795,0.00057418394,0.014497612
14866,0.015070983,0.0005741614,0.014496822
14867,0.015070146,0.0005740753,0.01449607
14868,0.015069277,0.000573976,0.014495301
14869,0.015068414,0.0005738878,0.014494526
14870,0.015067626,0.0005738836,0.014493742
14871,0.015066675,0.0005736775,0.014492997
14872,0.015065616,0.0005733868,0.01449223
14873,0.01506458,0.00057311234,0.014491468
14874,0.015063643,0.00057297957,0.014490664
14875,0.015063088,0.0005731898,0.014489898
14876,0.015062019,0.00057289994,0.014489119
14877,0.015061124,0.0005728006,0.014488324
14878,0.015060382,0.0005728388,0.014487543
14879,0.015059368,0.00057264953,0.014486718
14880,0.015058413,0.00057248195,0.014485931
14881,0.0150575405,0.00057236984,0.014485171
14882,0.015056615,0.0005722163,0.014484398
14883,0.015055858,0.00057222246,0.014483635
14884,0.015054846,0.0005719974,0.014482848
14885,0.015054059,0.0005719736,0.014482086
14886,0.015053286,0.00057199923,0.014481287
14887,0.015052409,0.0005718937,0.014480515
14888,0.015051631,0.0005718844,0.014479747
14889,0.015050672,0.0005717175,0.0144789545
14890,0.015049718,0.0005715526,0.014478166
14891,0.015048846,0.0005714592,0.014477386
14892,0.015047956,0.0005713176,0.014476638
14893,0.01504705,0.00057117885,0.014475871
14894,0.015046193,0.00057105714,0.014475136
14895,0.015045246,0.0005709184,0.014474328
14896,0.015044352,0.0005708198,0.014473532
14897,0.015043474,0.0005707382,0.014472735
14898,0.015042716,0.000570717,0.014471998
14899,0.015041753,0.0005705401,0.014471212
14900,0.015040654,0.00057026086,0.014470393
14901,0.015039807,0.0005701886,0.014469619
14902,0.0150389215,0.0005700908,0.014468831
14903,0.01503803,0.00056997844,0.0144680515
14904,0.015037247,0.0005699445,0.014467303
14905,0.0150361955,0.0005697255,0.01446647
14906,0.015035346,0.0005696527,0.014465693
14907,0.015034421,0.0005695119,0.014464909
14908,0.015033564,0.0005694287,0.014464135
14909,0.015032439,0.00056908437,0.014463354
14910,0.015031601,0.0005690349,0.014462566
14911,0.015030646,0.00056886,0.014461786
14912,0.015029859,0.00056889874,0.01446096
14913,0.015028979,0.0005688135,0.014460165
14914,0.015028139,0.00056875014,0.014459388
14915,0.015027235,0.00056860433,0.014458631
14916,0.015026123,0.0005682339,0.014457889
14917,0.015025036,0.0005679488,0.014457088
14918,0.015024247,0.0005679373,0.014456309
14919,0.015023638,0.0005680832,0.014455554
14920,0.015022748,0.0005680033,0.014454745
14921,0.015021878,0.0005679446,0.014453934
14922,0.0150211835,0.00056806515,0.014453119
14923,0.015020244,0.0005679,0.014452344
14924,0.015019369,0.00056780595,0.014451563
14925,0.015018063,0.0005672923,0.014450771
14926,0.015017262,0.0005673119,0.014449949
14927,0.015016338,0.00056714093,0.014449197
14928,0.0150155835,0.00056720537,0.014448378
14929,0.015014704,0.0005670627,0.014447642
14930,0.015013821,0.00056699524,0.014446826
14931,0.015012915,0.00056687376,0.014446042
14932,0.01501206,0.0005668009,0.014445259
14933,0.015011112,0.0005666307,0.014444482
14934,0.015010151,0.0005664802,0.014443671
14935,0.015009154,0.0005662248,0.014442929
14936,0.015008265,0.000566176,0.014442089
14937,0.015007548,0.00056617724,0.014441371
14938,0.015006643,0.0005660806,0.014440563
14939,0.015005587,0.00056577637,0.01443981
14940,0.015004866,0.0005658306,0.014439035
14941,0.015003757,0.0005654292,0.014438327
14942,0.01500304,0.00056547346,0.014437567
14943,0.015002126,0.0005651866,0.01443694
14944,0.015001389,0.0005651645,0.0144362245
14945,0.015000898,0.00056511373,0.014435785
14946,0.015000512,0.00056522805,0.014435284
14947,0.015000094,0.0005649596,0.014435134
14948,0.015000045,0.0005650013,0.014435044
14949,0.015000517,0.0005649004,0.014435616
14950,0.015001533,0.0005650329,0.0144365
14951,0.015003482,0.0005646768,0.014438805
14952,0.015006935,0.00056513114,0.014441804
14953,0.015011911,0.0005647506,0.014447161
14954,0.015019213,0.000565498,0.014453715
14955,0.015028401,0.00056500593,0.014463395
14956,0.015038543,0.0005659753,0.014472568
14957,0.015046046,0.0005655925,0.014480454
14958,0.015046916,0.000566203,0.014480713
14959,0.015037526,0.00056510186,0.014472425
14960,0.0150190545,0.0005648756,0.0144541785
14961,0.014999188,0.00056392583,0.0144352615
14962,0.014986521,0.00056357036,0.01442295
14963,0.014985694,0.0005635928,0.014422101
14964,0.014992923,0.0005634819,0.014429441
14965,0.015001232,0.0005638259,0.014437406
14966,0.015003937,0.00056333706,0.0144406
14967,0.014998932,0.0005636923,0.01443524
14968,0.014989107,0.00056287576,0.014426231
14969,0.0149808545,0.00056279596,0.014418058
14970,0.014978206,0.00056251674,0.014415689
14971,0.014980822,0.0005622759,0.014418546
14972,0.014985177,0.00056292646,0.01442225
14973,0.014986172,0.00056244363,0.014423729
14974,0.01498314,0.00056258746,0.014420552
14975,0.0149779515,0.0005622696,0.014415682
14976,0.014973634,0.00056211336,0.01441152
14977,0.01497225,0.00056187087,0.014410379
14978,0.014973407,0.00056165416,0.014411752
14979,0.014974755,0.0005616834,0.014413072
14980,0.014974874,0.0005617376,0.014413137
14981,0.014972338,0.0005615195,0.014410819
14982,0.014969477,0.00056145457,0.014408023
14983,0.014967029,0.000561273,0.014405756
14984,0.014966063,0.0005609964,0.014405067
14985,0.014966572,0.0005611119,0.01440546
14986,0.014966672,0.00056108064,0.014405591
14987,0.014966015,0.00056074775,0.014405267
14988,0.014964255,0.00056066335,0.014403591
14989,0.014962457,0.0005605858,0.014401872
14990,0.014960722,0.0005603668,0.0144003555
14991,0.014960024,0.0005603765,0.014399647
14992,0.01495965,0.0005601431,0.014399507
14993,0.014959538,0.00056036795,0.01439917
14994,0.01495885,0.0005602316,0.014398619
14995,0.014957474,0.00056007976,0.014397394
14996,0.014956189,0.00055999,0.014396199
14997,0.014954788,0.00055974745,0.01439504
14998,0.014953928,0.0005597258,0.014394202
14999,0.014953332,0.00055963575,0.014393697
15000,0.01495259,0.0005594172,0.014393172
15001,0.014951838,0.00055929984,0.014392538
15002,0.014950897,0.00055930053,0.014391596
15003,0.014949769,0.00055910257,0.014390666
15004,0.014948829,0.0005591359,0.014389693
15005,0.0149478,0.0005589025,0.014388897
15006,0.014946975,0.0005587527,0.014388222
15007,0.014946234,0.0005586991,0.014387535
15008,0.014945632,0.0005587262,0.014386905
15009,0.014944645,0.0005585439,0.014386101
15010,0.014943594,0.0005583277,0.014385266
15011,0.014942485,0.00055812666,0.014384358
15012,0.014941741,0.0005581944,0.014383546
15013,0.014940723,0.0005579764,0.014382746
15014,0.01494022,0.0005581644,0.014382056
15015,0.01493942,0.00055804686,0.014381373
15016,0.014938429,0.0005578174,0.0143806115
15017,0.014937494,0.0005576405,0.014379853
15018,0.01493677,0.0005577388,0.014379032
15019,0.014935933,0.0005577171,0.014378216
15020,0.014934907,0.0005575474,0.014377359
15021,0.014933887,0.0005573034,0.0143765835
15022,0.014932967,0.000557102,0.0143758645
15023,0.014932006,0.0005569143,0.0143750915
15024,0.014931284,0.000556893,0.014374391
15025,0.014930427,0.0005568146,0.014373613
15026,0.014929376,0.00055649935,0.014372876
15027,0.014928528,0.0005564856,0.014372042
15028,0.01492751,0.00055625295,0.014371257
15029,0.014926665,0.0005562068,0.014370458
15030,0.014925965,0.00055630703,0.014369658
15031,0.0149251325,0.0005562204,0.014368912
15032,0.014924346,0.00055617664,0.014368169
15033,0.014923568,0.0005561836,0.014367384
15034,0.0149226645,0.00055603794,0.014366627
15035,0.014921884,0.0005560242,0.01436586
15036,0.014920922,0.0005558785,0.0143650435
15037,0.014920015,0.0005557203,0.014364295
15038,0.0149190035,0.0005554793,0.0143635245
15039,0.014918135,0.0005553557,0.0143627785
15040,0.014917233,0.00055524596,0.014361987
15041,0.014916504,0.000555289,0.014361215
15042,0.014915675,0.0005552467,0.014360428
15043,0.014914669,0.00055506994,0.014359599
15044,0.014913884,0.00055504835,0.014358835
15045,0.014912848,0.000554784,0.014358064
15046,0.014912111,0.0005547688,0.014357342
15047,0.014911142,0.000554581,0.014356561
15048,0.014910376,0.000554585,0.014355791
15049,0.014909341,0.00055435585,0.014354985
15050,0.014908405,0.0005542352,0.01435417
15051,0.0149078015,0.0005543851,0.014353417
15052,0.014906768,0.0005541256,0.014352642
15053,0.014905853,0.0005539514,0.014351902
15054,0.014904921,0.0005538334,0.014351088
15055,0.014904312,0.00055399927,0.014350313
15056,0.014903327,0.00055382884,0.014349499
15057,0.014902475,0.00055371557,0.014348759
15058,0.0149014685,0.0005534708,0.0143479975
15059,0.014900754,0.0005535097,0.014347244
15060,0.014899801,0.000553358,0.014346443
15061,0.0148989605,0.0005532885,0.014345672
15062,0.014897941,0.00055300497,0.014344935
15063,0.01489707,0.00055291934,0.01434415
15064,0.014896198,0.000552852,0.0143433465
15065,0.014895486,0.0005529661,0.014342519
15066,0.014894451,0.00055269385,0.014341758
15067,0.014893711,0.0005527026,0.014341008
15068,0.014892749,0.00055252673,0.014340222
15069,0.014891836,0.0005523913,0.014339444
15070,0.014890815,0.0005521651,0.01433865
15071,0.014889969,0.00055208034,0.014337888
15072,0.014889079,0.00055199245,0.014337087
15073,0.014888384,0.00055209105,0.014336294
15074,0.014887409,0.000551908,0.014335501
15075,0.014886552,0.0005518015,0.01433475
15076,0.01488558,0.0005516222,0.014333958
15077,0.014884755,0.00055158907,0.014333166
15078,0.014883805,0.00055141316,0.014332392
15079,0.014882876,0.0005513239,0.014331552
15080,0.014881981,0.0005512175,0.014330763
15081,0.014881236,0.00055120565,0.0143300295
15082,0.014880292,0.00055105943,0.014329232
15083,0.014879354,0.0005508784,0.014328476
15084,0.014878677,0.0005510352,0.014327642
15085,0.014877917,0.00055099867,0.014326919
15086,0.014876967,0.0005508808,0.014326086
15087,0.014876155,0.0005508333,0.014325322
15088,0.014875016,0.00055053004,0.014324486
15089,0.014874188,0.00055044756,0.01432374
15090,0.014873299,0.00055038766,0.014322911
15091,0.014872287,0.00055012957,0.014322158
15092,0.0148715535,0.0005502006,0.014321353
15093,0.014870457,0.0005498297,0.014320628
15094,0.014869643,0.000549785,0.0143198585
15095,0.014868705,0.00054963137,0.014319073
15096,0.014867813,0.0005495477,0.014318266
15097,0.014866926,0.00054945087,0.014317475
15098,0.014866049,0.00054936844,0.014316681
15099,0.014865299,0.00054938695,0.014315912
15100,0.014864429,0.000549313,0.014315116
15101,0.014863428,0.0005490672,0.014314361
15102,0.014862557,0.0005489833,0.014313574
15103,0.014861738,0.000548899,0.014312839
15104,0.01486098,0.0005489225,0.014312058
15105,0.01486022,0.0005488634,0.0143113565
15106,0.014859308,0.00054877484,0.014310533
15107,0.014858634,0.0005487384,0.014309896
15108,0.014857739,0.00054852146,0.014309218
15109,0.01485729,0.00054850744,0.014308783
15110,0.014856536,0.0005484143,0.014308122
15111,0.014856174,0.0005482902,0.014307884
15112,0.01485593,0.0005483652,0.014307564
15113,0.014856063,0.0005482619,0.014307801
15114,0.0148564875,0.00054836815,0.014308119
15115,0.014857292,0.0005480375,0.0143092545
15116,0.0148591455,0.00054840365,0.014310742
15117,0.014862214,0.0005481588,0.014314055
15118,0.014866285,0.00054838037,0.014317905
15119,0.01487215,0.0005483267,0.014323823
15120,0.014879247,0.00054898835,0.014330259
15121,0.014886368,0.00054825796,0.014338111
15122,0.0148918545,0.00054921134,0.014342643
15123,0.014892107,0.0005486314,0.014343476
15124,0.014884995,0.0005487191,0.014336276
15125,0.014871364,0.0005474869,0.014323877
15126,0.014855441,0.00054718734,0.014308253
15127,0.0148438765,0.0005467798,0.014297097
15128,0.014839757,0.00054657663,0.014293181
15129,0.014842712,0.0005465713,0.014296141
15130,0.014849044,0.00054659124,0.014302453
15131,0.014853435,0.0005468845,0.01430655
15132,0.014852956,0.00054646184,0.014306494
15133,0.014847888,0.00054675055,0.014301137
15134,0.014840567,0.0005460529,0.0142945135
15135,0.014834784,0.0005458606,0.014288924
15136,0.014832882,0.00054577587,0.014287107
15137,0.01483424,0.0005456813,0.014288559
15138,0.014836672,0.0005458434,0.014290828
15139,0.014837924,0.00054576254,0.014292162
15140,0.014836358,0.0005456948,0.014290663
15141,0.014833062,0.0005453635,0.014287698
15142,0.014829328,0.0005453327,0.014283996
15143,0.014826924,0.00054511975,0.014281804
15144,0.014826232,0.0005449658,0.014281265
15145,0.014826765,0.0005450403,0.014281725
15146,0.014827478,0.0005450312,0.014282446
15147,0.014827047,0.00054509565,0.014281951
15148,0.014825432,0.0005447141,0.014280718
15149,0.014823219,0.0005447094,0.01427851
15150,0.014821131,0.0005443959,0.014276735
15151,0.014819947,0.0005444332,0.014275514
15152,0.014819387,0.00054433534,0.014275052
15153,0.0148193445,0.00054430537,0.01427504
15154,0.014819053,0.00054432714,0.014274726
15155,0.014818231,0.000544177,0.014274053
15156,0.0148170935,0.0005443766,0.014272717
15157,0.014815604,0.0005441093,0.014271495
15158,0.014814224,0.0005439577,0.0142702665
15159,0.014813259,0.00054391054,0.014269348
15160,0.014812469,0.0005437046,0.014268764
15161,0.0148118455,0.00054364325,0.014268202
15162,0.01481116,0.00054342946,0.0142677305
15163,0.014810525,0.0005435528,0.014266972
15164,0.014809599,0.00054345716,0.014266142
15165,0.014808378,0.00054334424,0.014265034
15166,0.014807437,0.0005433181,0.014264119
15167,0.014806433,0.0005431897,0.0142632425
15168,0.014805408,0.0005429581,0.01426245
15169,0.014804544,0.00054269296,0.014261851
15170,0.014803934,0.00054274517,0.014261189
15171,0.01480324,0.0005427106,0.01426053
15172,0.014802427,0.0005427401,0.014259687
15173,0.014801355,0.0005424716,0.014258884
15174,0.014800532,0.00054258446,0.014257947
15175,0.014799452,0.0005423632,0.014257089
15176,0.014798717,0.0005424168,0.0142562995
15177,0.014797662,0.000542126,0.014255537
15178,0.014797029,0.00054216647,0.014254862
15179,0.014796255,0.00054213795,0.014254117
15180,0.014795221,0.0005418297,0.014253392
15181,0.014794415,0.00054181635,0.014252598
15182,0.01479337,0.0005415278,0.014251842
15183,0.014792419,0.0005414387,0.014250981
15184,0.014791445,0.00054128916,0.014250156
15185,0.014790603,0.00054124376,0.014249359
15186,0.014789658,0.0005410623,0.014248596
15187,0.014788901,0.00054107193,0.014247829
15188,0.014788065,0.00054097944,0.014247086
15189,0.014787225,0.0005408858,0.014246339
15190,0.014786356,0.0005408121,0.014245544
15191,0.014785568,0.0005407729,0.014244796
15192,0.014784591,0.00054059754,0.014243994
15193,0.01478371,0.0005405025,0.014243208
15194,0.014782794,0.0005403787,0.014242415
15195,0.014781909,0.0005403084,0.0142416
15196,0.0147809535,0.0005401058,0.014240848
15197,0.014780165,0.0005400569,0.0142401075
15198,0.01477953,0.0005402068,0.014239323
15199,0.01477856,0.0005399975,0.014238562
15200,0.014777614,0.0005398614,0.014237752
15201,0.014776733,0.0005397676,0.014236965
15202,0.014775843,0.0005396273,0.014236216
15203,0.014774947,0.0005395371,0.01423541
15204,0.014774156,0.0005394854,0.01423467
15205,0.014773314,0.00053945987,0.014233854
15206,0.014772524,0.00053942355,0.0142331
15207,0.014771899,0.0005395972,0.014232302
15208,0.014770887,0.0005394148,0.014231472
15209,0.014769854,0.00053916126,0.014230693
15210,0.014768902,0.0005389821,0.01422992
15211,0.0147680985,0.00053894095,0.014229158
15212,0.014767184,0.00053883693,0.014228347
15213,0.014766444,0.0005389174,0.014227527
15214,0.014765578,0.00053881307,0.014226765
15215,0.014764772,0.00053877657,0.014225995
15216,0.014763815,0.0005386082,0.014225207
15217,0.014762967,0.00053853117,0.014224436
15218,0.014762023,0.0005384406,0.014223583
15219,0.014761266,0.0005384269,0.01422284
15220,0.014760304,0.00053825235,0.014222052
15221,0.014759481,0.0005382085,0.014221272
15222,0.014758638,0.0005381592,0.014220479
15223,0.014757851,0.0005381271,0.014219724
15224,0.014756831,0.0005379212,0.01421891
15225,0.014755964,0.00053780904,0.014218155
15226,0.014755132,0.0005377789,0.0142173525
15227,0.014754283,0.0005377136,0.014216569
15228,0.014753317,0.0005374906,0.014215827
15229,0.014752548,0.00053750904,0.014215039
15230,0.014751585,0.0005373648,0.01421422
15231,0.01475076,0.0005373168,0.014213443
15232,0.014749977,0.00053733616,0.014212641
15233,0.014748918,0.0005370674,0.01421185
15234,0.014747994,0.0005369358,0.014211059
15235,0.01474723,0.00053697155,0.014210259
15236,0.014746374,0.0005368872,0.0142094875
15237,0.014745338,0.0005366689,0.014208669
15238,0.014744553,0.0005366626,0.01420789
15239,0.014743548,0.00053643505,0.014207113
15240,0.014742781,0.00053647,0.014206312
15241,0.014742066,0.0005365424,0.014205524
15242,0.0147411255,0.0005363706,0.0142047545
15243,0.01474034,0.0005363497,0.014203991
15244,0.014739388,0.0005361852,0.014203203
15245,0.014738323,0.00053594867,0.014202375
15246,0.014737673,0.0005360624,0.01420161
15247,0.014736776,0.0005359434,0.014200833
15248,0.014735932,0.0005358973,0.0142000355
15249,0.0147351315,0.00053586724,0.014199264
15250,0.014734323,0.0005358469,0.014198476
15251,0.014733319,0.0005356572,0.014197662
15252,0.014732385,0.00053548656,0.014196899
15253,0.014731388,0.0005353081,0.014196079
15254,0.014730605,0.0005353348,0.014195271
15255,0.014729814,0.000535316,0.014194498
15256,0.014728849,0.000535119,0.0141937295
15257,0.014728057,0.0005351254,0.014192931
15258,0.01472719,0.00053495035,0.014192239
15259,0.0147264395,0.00053496676,0.014191473
15260,0.014725565,0.00053472794,0.014190837
15261,0.014724853,0.00053466734,0.014190186
15262,0.014724204,0.000534446,0.014189758
15263,0.014723761,0.0005345187,0.014189242
15264,0.014723535,0.0005343469,0.014189187
15265,0.014723843,0.00053460815,0.014189235
15266,0.014724299,0.0005342,0.014190099
15267,0.014725884,0.0005346436,0.014191241
15268,0.014728327,0.0005342387,0.014194089
15269,0.014732661,0.00053448154,0.014198179
15270,0.014739511,0.00053434016,0.014205171
15271,0.014749072,0.00053525495,0.014213816
15272,0.0147612,0.00053493906,0.0142262615
15273,0.014773782,0.0005357199,0.014238062
15274,0.014781963,0.000535402,0.014246562
15275,0.01477917,0.000536322,0.014242848
15276,0.014762433,0.00053473626,0.014227697
15277,0.014737154,0.0005343077,0.014202847
15278,0.0147159975,0.0005333596,0.014182638
15279,0.014708631,0.00053289026,0.01417574
15280,0.014715666,0.00053340016,0.014182266
15281,0.014727567,0.00053339015,0.014194177
15282,0.014733965,0.00053399516,0.014199969
15283,0.014729441,0.00053326675,0.014196174
15284,0.014716956,0.00053311157,0.014183844
15285,0.014706256,0.00053272303,0.014173533
15286,0.014703298,0.0005327111,0.014170587
15287,0.014707549,0.00053279253,0.014174756
15288,0.014712998,0.00053238624,0.014180612
15289,0.014713937,0.0005327995,0.014181138
15290,0.01470889,0.0005322944,0.014176595
15291,0.014701955,0.00053235237,0.014169603
15292,0.014697858,0.0005320656,0.014165793
15293,0.014698336,0.0005318472,0.014166488
15294,0.014701134,0.0005320258,0.014169108
15295,0.014702332,0.0005318288,0.014170503
15296,0.014700336,0.0005320454,0.014168291
15297,0.014696385,0.00053166586,0.014164719
15298,0.014693109,0.0005315949,0.014161514
15299,0.01469224,0.000531523,0.014160718
15300,0.014692961,0.00053120276,0.014161758
15301,0.014693836,0.0005315245,0.014162311
15302,0.0146927675,0.0005310448,0.014161723
15303,0.014690439,0.0005310692,0.01415937
15304,0.014688192,0.00053098175,0.0141572105
15305,0.014686798,0.0005309043,0.014155894
15306,0.014686785,0.00053111295,0.014155672
15307,0.01468684,0.0005309056,0.014155934
15308,0.014686303,0.0005309194,0.014155384
15309,0.014684827,0.0005305177,0.014154309
15310,0.014683278,0.00053069525,0.014152583
15311,0.014681919,0.0005305783,0.01415134
15312,0.014681134,0.00053050776,0.014150627
15313,0.014680879,0.0005305905,0.014150289
15314,0.014680327,0.00053037086,0.014149956
15315,0.014679257,0.0005301302,0.014149127
15316,0.014678254,0.00053016155,0.014148092
15317,0.014677093,0.00053019007,0.0141469035
15318,0.014675906,0.0005299392,0.014145967
15319,0.014675076,0.0005297836,0.014145292
15320,0.014674573,0.000529875,0.014144698
15321,0.01467381,0.0005296157,0.014144195
15322,0.014672922,0.0005295706,0.014143351
15323,0.014671979,0.00052951416,0.014142465
15324,0.014670735,0.0005293085,0.014141426
15325,0.014669877,0.0005292523,0.014140625
15326,0.014669094,0.00052913436,0.01413996
15327,0.014668451,0.00052915345,0.014139297
15328,0.01466778,0.00052912283,0.014138658
15329,0.014666922,0.0005291235,0.014137799
15330,0.014665978,0.0005289924,0.014136986
15331,0.014664912,0.0005288279,0.014136083
15332,0.014663924,0.000528642,0.0141352825
15333,0.014663113,0.0005285429,0.01413457
15334,0.014662443,0.0005286375,0.014133805
15335,0.014661458,0.0005283236,0.014133135
15336,0.014660751,0.00052840955,0.014132342
15337,0.014659771,0.0005282815,0.014131489
15338,0.014658933,0.0005282377,0.014130695
15339,0.014657925,0.000528037,0.014129888
15340,0.014657292,0.00052814704,0.014129144
15341,0.014656427,0.00052804756,0.0141283795
15342,0.014655531,0.0005278559,0.014127675
15343,0.0146549,0.0005280192,0.014126881
15344,0.014653998,0.0005278668,0.014126131
15345,0.014653054,0.00052772503,0.014125329
15346,0.014652261,0.00052773114,0.014124529
15347,0.014651299,0.0005275507,0.014123749
15348,0.014650582,0.0005276106,0.014122971
15349,0.0146497525,0.0005275144,0.014122238
15350,0.014648935,0.0005274758,0.014121459
15351,0.014648177,0.0005274835,0.014120693
15352,0.01464713,0.0005272212,0.014119909
15353,0.014646222,0.0005271159,0.014119106
15354,0.014645475,0.00052712706,0.014118348
15355,0.014644669,0.000527084,0.0141175855
15356,0.014643811,0.00052697555,0.014116835
15357,0.0146429865,0.00052690686,0.01411608
15358,0.014642149,0.0005268534,0.014115296
15359,0.01464113,0.0005266104,0.01411452
15360,0.014640278,0.00052652997,0.014113748
15361,0.01463939,0.00052640797,0.014112982
15362,0.014638506,0.0005263407,0.014112165
15363,0.014637517,0.00052610604,0.014111411
15364,0.014636799,0.00052620046,0.014110599
15365,0.014635958,0.0005261209,0.014109837
15366,0.014635183,0.0005261461,0.014109037
15367,0.014634263,0.00052599213,0.01410827
15368,0.01463351,0.00052601506,0.014107496
15369,0.014632427,0.0005256989,0.014106728
15370,0.014631672,0.00052573316,0.014105938
15371,0.014630785,0.00052561937,0.014105166
15372,0.014629845,0.00052548316,0.014104362
15373,0.014629306,0.0005256814,0.014103625
15374,0.01462837,0.0005255428,0.014102828
15375,0.014627442,0.0005254012,0.014102041
15376,0.014626541,0.0005252708,0.014101271
15377,0.0146254925,0.00052499207,0.0141005
15378,0.014624723,0.0005250012,0.014099722
15379,0.014623864,0.0005248838,0.0140989795
15380,0.014623057,0.0005248921,0.014098165
15381,0.014622365,0.00052495656,0.014097408
15382,0.014621544,0.0005249132,0.014096631
15383,0.014620693,0.00052482396,0.01409587
15384,0.014619606,0.0005245435,0.014095062
15385,0.01461884,0.0005245592,0.014094281
15386,0.014618,0.00052447605,0.014093524
15387,0.014617201,0.00052447815,0.014092723
15388,0.0146163795,0.0005244288,0.014091951
15389,0.014615489,0.00052435626,0.014091133
15390,0.014614722,0.00052436005,0.014090362
15391,0.014613867,0.00052428717,0.01408958
15392,0.014612964,0.0005241512,0.014088813
15393,0.014612043,0.000524014,0.014088029
15394,0.014611309,0.0005240799,0.01408723
15395,0.01461057,0.00052409846,0.014086472
15396,0.014609742,0.0005240369,0.014085705
15397,0.014608754,0.0005238426,0.014084911
15398,0.014607809,0.0005236981,0.01408411
15399,0.0146069,0.00052356435,0.014083335
15400,0.014606074,0.000523505,0.01408257
15401,0.014605148,0.00052337244,0.014081775
15402,0.014604264,0.0005232703,0.014080994
15403,0.014603436,0.0005232446,0.014080191
15404,0.014602612,0.00052320154,0.014079411
15405,0.014601885,0.00052325096,0.014078635
15406,0.014600883,0.0005230653,0.014077818
15407,0.014599991,0.000522945,0.014077046
15408,0.014599021,0.0005228287,0.014076192
15409,0.014598366,0.0005229154,0.014075451
15410,0.014597389,0.0005227651,0.014074624
15411,0.014596355,0.00052249833,0.014073857
15412,0.014595575,0.00052249595,0.0140730785
15413,0.014594824,0.0005225343,0.01407229
15414,0.014593835,0.00052234513,0.01407149
15415,0.014593015,0.00052230473,0.014070711
15416,0.014592044,0.00052218064,0.014069864
15417,0.014591165,0.0005220762,0.014069089
15418,0.014590312,0.0005220367,0.014068275
15419,0.014589273,0.00052178215,0.0140674915
15420,0.014588413,0.0005217219,0.014066691
15421,0.014587589,0.000521638,0.01406595
15422,0.014586754,0.00052163773,0.014065117
15423,0.014585959,0.00052160816,0.014064351
15424,0.014585054,0.00052151957,0.014063534
15425,0.014584181,0.00052142434,0.014062757
15426,0.014583231,0.00052127393,0.014061957
15427,0.014582298,0.00052116235,0.014061135
15428,0.014581394,0.0005210492,0.0140603455
15429,0.014580753,0.000521189,0.014059564
15430,0.014579867,0.0005211029,0.014058764
15431,0.014579104,0.0005211215,0.014057983
15432,0.014578254,0.0005210574,0.014057197
15433,0.014577608,0.0005211444,0.014056463
15434,0.014576641,0.00052099593,0.014055645
15435,0.014575792,0.0005208589,0.014054933
15436,0.014574913,0.00052083115,0.014054082
15437,0.0145740835,0.0005207293,0.014053354
15438,0.014573377,0.0005208491,0.014052528
15439,0.014572428,0.0005206296,0.014051798
15440,0.014571622,0.00052060524,0.014051016
15441,0.01457061,0.0005202225,0.014050387
15442,0.014569935,0.0005203046,0.014049631
15443,0.014569422,0.0005203221,0.0140491
15444,0.01456866,0.00052018306,0.014048478
15445,0.014568259,0.0005200219,0.014048237
15446,0.014567988,0.00052008004,0.014047908
15447,0.014568109,0.0005199335,0.014048176
15448,0.01456849,0.00051998725,0.014048503
15449,0.014569798,0.00051985437,0.014049944
15450,0.014571399,0.00051977223,0.014051627
15451,0.014574684,0.00051967613,0.014055008
15452,0.014579311,0.00052024674,0.014059064
15453,0.014585538,0.0005198839,0.014065654
15454,0.014593147,0.00052072416,0.014072423
15455,0.014600933,0.00052020856,0.014080724
15456,0.014606615,0.0005210366,0.014085578
15457,0.014606783,0.0005202336,0.014086549
15458,0.014599266,0.00052087446,0.014078392
15459,0.014584424,0.0005197547,0.01406467
15460,0.014567824,0.0005196139,0.01404821
15461,0.014555758,0.00051880954,0.014036948
15462,0.014552384,0.00051877776,0.014033606
15463,0.014556407,0.0005189261,0.014037481
15464,0.014563211,0.0005187426,0.014044468
15465,0.014567903,0.00051937567,0.014048528
15466,0.01456681,0.00051881204,0.014047998
15467,0.014560555,0.0005189169,0.014041638
15468,0.01455273,0.0005184887,0.014034241
15469,0.014547009,0.0005183661,0.014028643
15470,0.014545741,0.000518261,0.014027479
15471,0.014548201,0.0005183895,0.014029812
15472,0.01455071,0.00051837857,0.014032331
15473,0.014551845,0.0005185109,0.014033334
15474,0.014549378,0.00051840616,0.0140309725
15475,0.014545421,0.0005180826,0.0140273385
15476,0.014541486,0.0005179314,0.0140235545
15477,0.01453954,0.00051773316,0.014021806
15478,0.014539522,0.0005176308,0.014021891
15479,0.014540377,0.0005177025,0.014022674
15480,0.014540549,0.00051730056,0.014023249
15481,0.01453984,0.0005175881,0.014022252
15482,0.01453766,0.0005172778,0.014020382
15483,0.014535437,0.00051737006,0.014018067
15484,0.014533695,0.0005171855,0.014016509
15485,0.014532829,0.0005170684,0.01401576
15486,0.014532902,0.0005172634,0.014015639
15487,0.014532507,0.0005168638,0.014015644
15488,0.014532024,0.00051700004,0.014015024
15489,0.014530764,0.00051665213,0.014014112
15490,0.014529418,0.0005168562,0.014012562
15491,0.014527866,0.0005165695,0.014011296
15492,0.014526811,0.0005165729,0.014010238
15493,0.014526301,0.00051673,0.014009571
15494,0.014525628,0.00051644916,0.014009179
15495,0.01452513,0.00051654933,0.014008581
15496,0.01452425,0.00051627663,0.0140079735
15497,0.014523447,0.0005165209,0.014006926
15498,0.014522058,0.00051610824,0.01400595
15499,0.014521156,0.0005162459,0.01400491
15500,0.014520246,0.0005162031,0.014004042
15501,0.014519409,0.00051607523,0.014003334
15502,0.0145187015,0.00051610125,0.0140026
15503,0.014518056,0.0005160235,0.014002033
15504,0.014517235,0.00051601755,0.014001217
15505,0.014516121,0.0005156847,0.014000436
15506,0.014515177,0.00051564374,0.013999534
15507,0.014514247,0.0005155474,0.013998699
15508,0.01451347,0.00051564,0.01399783
15509,0.014512557,0.0005154941,0.013997062
15510,0.014511701,0.00051540666,0.013996294
15511,0.014511006,0.00051541504,0.013995591
15512,0.0145101715,0.0005153254,0.0139948465
15513,0.014509193,0.0005151251,0.013994068
15514,0.014508385,0.0005150916,0.013993294
15515,0.014507459,0.0005150412,0.013992418
15516,0.014506624,0.0005149944,0.01399163
15517,0.014505583,0.0005148067,0.013990777
15518,0.014504724,0.0005147309,0.013989993
15519,0.014503929,0.00051472837,0.013989201
15520,0.014503145,0.00051469175,0.013988453
15521,0.014502352,0.00051461364,0.013987739
15522,0.014501442,0.00051449804,0.013986944
15523,0.014500509,0.000514344,0.013986165
15524,0.014499572,0.00051421754,0.013985354
15525,0.0144988205,0.0005142222,0.013984598
15526,0.014497889,0.00051410863,0.0139837805
15527,0.014496998,0.0005140588,0.0139829395
15528,0.014496186,0.0005140393,0.013982146
15529,0.014495595,0.0005142224,0.013981373
15530,0.014494526,0.000513872,0.013980654
15531,0.014493713,0.0005138667,0.013979847
15532,0.014493011,0.0005139584,0.013979052
15533,0.014492214,0.0005140041,0.013978209
15534,0.014491274,0.0005138266,0.0139774475
15535,0.014490369,0.00051371957,0.013976649
15536,0.014489409,0.00051356386,0.013975845
15537,0.014488488,0.0005134075,0.013975081
15538,0.014487563,0.0005133187,0.013974244
15539,0.014486725,0.00051325944,0.013973466
15540,0.014485863,0.00051322434,0.013972639
15541,0.014485304,0.00051340443,0.0139719
15542,0.014484319,0.000513182,0.013971137
15543,0.014483553,0.0005132547,0.013970299
15544,0.014482728,0.0005132221,0.013969506
15545,0.014481791,0.0005130901,0.0139687015
15546,0.014480916,0.00051300286,0.013967913
15547,0.014479962,0.0005128015,0.013967161
15548,0.014479201,0.0005128555,0.013966346
15549,0.014478314,0.0005127496,0.013965564
15550,0.014477544,0.00051277236,0.013964772
15551,0.014476648,0.000512651,0.013963996
15552,0.014475901,0.0005126514,0.0139632495
15553,0.014474985,0.00051260233,0.013962382
15554,0.014474157,0.00051256944,0.013961588
15555,0.014473279,0.00051251636,0.013960763
15556,0.014472263,0.00051223516,0.013960028
15557,0.014471402,0.0005121651,0.013959237
15558,0.014470538,0.0005121193,0.013958419
15559,0.0144697195,0.00051209575,0.013957623
15560,0.014468902,0.0005120641,0.013956837
15561,0.014468225,0.0005121755,0.013956049
15562,0.014467253,0.00051200634,0.013955247
15563,0.014466306,0.00051188964,0.013954417
15564,0.014465448,0.00051183667,0.013953612
15565,0.014464702,0.0005118801,0.013952822
15566,0.014463603,0.00051158055,0.013952022
15567,0.014462966,0.0005117394,0.013951226
15568,0.014461952,0.000511524,0.013950428
15569,0.014461274,0.00051165867,0.013949616
15570,0.014460418,0.000511588,0.013948831
15571,0.014459511,0.00051148393,0.013948027
15572,0.014458647,0.00051140715,0.01394724
15573,0.014457871,0.0005114067,0.013946464
15574,0.014457041,0.0005113984,0.013945643
15575,0.0144562675,0.0005114337,0.013944834
15576,0.014455329,0.0005112777,0.013944051
15577,0.0144544365,0.00051117805,0.013943259
15578,0.014453478,0.0005110029,0.013942475
15579,0.014452536,0.0005108807,0.013941655
15580,0.014451688,0.0005108267,0.013940861
15581,0.014450843,0.00051077426,0.013940069
15582,0.014449692,0.00051041273,0.01393928
15583,0.01444901,0.00051053986,0.01393847
15584,0.014448023,0.00051032985,0.013937694
15585,0.014447184,0.0005103231,0.013936861
15586,0.0144462325,0.0005101035,0.013936129
15587,0.014445477,0.0005101455,0.013935331
15588,0.014444702,0.0005100858,0.013934617
15589,0.014443916,0.0005100947,0.013933822
15590,0.014443211,0.00051004987,0.013933161
15591,0.014442234,0.0005098403,0.013932394
15592,0.014441619,0.00050985,0.013931769
15593,0.014441057,0.00050994806,0.013931109
15594,0.014440414,0.00050967274,0.013930741
15595,0.01443997,0.00050967373,0.0139302965
15596,0.014439869,0.00050965947,0.013930209
15597,0.014439979,0.0005098036,0.013930175
15598,0.014440713,0.00050979765,0.013930916
15599,0.014441684,0.0005096916,0.013931992
15600,0.014443845,0.00050952635,0.013934318
15601,0.014447,0.00050993945,0.013937061
15602,0.014451933,0.0005096874,0.013942245
15603,0.0144585045,0.00051042635,0.013948078
15604,0.014466165,0.0005099075,0.013956257
15605,0.014473969,0.0005108493,0.01396312
15606,0.014479083,0.0005102496,0.013968834
15607,0.014478787,0.00051113556,0.013967651
15608,0.014469993,0.00050973275,0.013960261
15609,0.014454706,0.0005099091,0.013944796
15610,0.014438161,0.00050907163,0.0139290895
15611,0.014426938,0.00050892646,0.013918011
15612,0.01442421,0.00050858746,0.013915623
15613,0.014428757,0.0005084803,0.013920276
15614,0.014435695,0.00050899247,0.013926702
15615,0.014440021,0.0005089093,0.013931111
15616,0.014438321,0.00050910865,0.0139292125
15617,0.014431755,0.00050849316,0.013923262
15618,0.014423781,0.00050851627,0.013915265
15619,0.014418631,0.0005082717,0.013910359
15620,0.014417933,0.00050829106,0.013909643
15621,0.014420438,0.0005085309,0.013911907
15622,0.0144229885,0.0005081825,0.013914806
15623,0.014423473,0.0005084691,0.013915003
15624,0.014420893,0.0005080011,0.013912892
15625,0.014416788,0.0005081627,0.013908625
15626,0.014413109,0.0005077719,0.013905337
15627,0.0144113805,0.0005077659,0.013903615
15628,0.014411522,0.00050780777,0.013903715
15629,0.014412283,0.0005074903,0.013904792
15630,0.014412817,0.0005078575,0.013904959
15631,0.0144115,0.00050724257,0.013904257
15632,0.014409492,0.0005074644,0.013902027
15633,0.014407147,0.0005071887,0.013899958
15634,0.0144054,0.00050719606,0.013898203
15635,0.014404671,0.00050716876,0.013897503
15636,0.014404733,0.00050724164,0.013897491
15637,0.0144044785,0.00050718634,0.013897292
15638,0.014404029,0.00050710415,0.013896924
15639,0.014402898,0.0005072418,0.013895656
15640,0.014401326,0.00050694996,0.013894376
15641,0.014399884,0.0005069598,0.013892924
15642,0.0143986195,0.0005067277,0.013891892
15643,0.014397947,0.0005066933,0.013891254
15644,0.014397356,0.00050659524,0.01389076
15645,0.014396872,0.0005065342,0.013890338
15646,0.014396014,0.00050647673,0.013889537
15647,0.014395095,0.000506397,0.013888698
15648,0.014393839,0.00050630176,0.013887538
15649,0.014392692,0.0005061744,0.013886517
15650,0.014391921,0.00050631614,0.013885605
15651,0.014391195,0.0005063004,0.013884895
15652,0.014390391,0.00050607417,0.013884317
15653,0.014389793,0.0005062056,0.013883588
15654,0.014388966,0.0005060353,0.013882931
15655,0.014387949,0.00050596317,0.013881986
15656,0.014387066,0.00050590944,0.013881156
15657,0.014386068,0.00050586124,0.013880207
15658,0.014385174,0.0005057941,0.01387938
15659,0.014384263,0.00050566625,0.013878597
15660,0.014383446,0.00050559663,0.01387785
15661,0.014382705,0.0005055822,0.013877123
15662,0.014381966,0.0005056258,0.013876339
15663,0.014380952,0.00050537416,0.0138755785
15664,0.014380003,0.0005053102,0.013874693
15665,0.014378954,0.0005050897,0.013873864
15666,0.0143781435,0.0005051284,0.013873015
15667,0.014377365,0.0005051175,0.013872247
15668,0.014376369,0.0005049504,0.013871419
15669,0.0143757155,0.0005050425,0.013870673
15670,0.014374844,0.0005049118,0.013869932
15671,0.014374046,0.00050492794,0.013869118
15672,0.014373204,0.00050483464,0.013868369
15673,0.01437248,0.0005049173,0.013867563
15674,0.014371607,0.0005048259,0.013866781
15675,0.014370642,0.0005046946,0.013865947
15676,0.014369779,0.0005046158,0.013865164
15677,0.014368919,0.00050460885,0.0138643095
15678,0.0143681085,0.0005045656,0.013863543
15679,0.0143671045,0.00050435675,0.013862748
15680,0.01436633,0.0005043508,0.013861978
15681,0.014365463,0.00050429866,0.0138611635
15682,0.014364658,0.00050425803,0.0138604
15683,0.014363676,0.00050408725,0.013859589
15684,0.0143628735,0.0005041116,0.013858762
15685,0.014362099,0.0005041168,0.013857982
15686,0.014361299,0.0005041269,0.013857172
15687,0.014360412,0.0005040165,0.013856395
15688,0.014359681,0.00050407095,0.01385561
15689,0.014358744,0.00050390523,0.013854839
15690,0.014357912,0.0005038546,0.0138540575
15691,0.014357049,0.00050378736,0.013853261
15692,0.014356039,0.0005035962,0.013852444
15693,0.014355177,0.00050350855,0.013851669
15694,0.014354191,0.0005033369,0.013850854
15695,0.014353463,0.00050342624,0.013850037
15696,0.014352657,0.00050342415,0.013849232
15697,0.014352025,0.00050359336,0.013848432
15698,0.014350935,0.0005033059,0.013847629
15699,0.014350145,0.00050333526,0.01384681
15700,0.014349231,0.0005032458,0.013845985
15701,0.01434857,0.0005033562,0.013845214
15702,0.014347598,0.0005031788,0.013844419
15703,0.01434682,0.00050319143,0.013843629
15704,0.014345909,0.00050306175,0.013842847
15705,0.014344988,0.0005029544,0.013842034
15706,0.014344361,0.0005031477,0.013841213
15707,0.014343471,0.00050303456,0.013840437
15708,0.014342455,0.00050282304,0.013839632
15709,0.014341496,0.0005026593,0.013838837
15710,0.014340656,0.00050259556,0.01383806
15711,0.014339818,0.0005025659,0.013837252
15712,0.014339039,0.0005026011,0.013836438
15713,0.014338192,0.0005025622,0.013835629
15714,0.014337185,0.00050239154,0.013834793
15715,0.014336432,0.00050240883,0.013834024
15716,0.014335511,0.00050231215,0.013833199
15717,0.014334607,0.00050220697,0.0138324
15718,0.014333903,0.0005023385,0.013831564
15719,0.01433293,0.00050218566,0.013830744
15720,0.01433202,0.0005020572,0.013829962
15721,0.014331066,0.00050194486,0.013829121
15722,0.014330191,0.00050188624,0.013828305
15723,0.0143294465,0.0005019213,0.013827525
15724,0.014328469,0.00050171046,0.013826759
15725,0.014327649,0.00050171366,0.013825935
15726,0.014326766,0.00050164794,0.013825119
15727,0.014326002,0.0005017149,0.013824288
15728,0.014325104,0.0005016484,0.013823455
15729,0.014324236,0.00050155836,0.013822678
15730,0.014323374,0.0005014982,0.013821876
15731,0.014322671,0.0005015892,0.013821082
15732,0.0143217,0.0005014601,0.013820239
15733,0.014320775,0.00050130056,0.013819475
15734,0.014320004,0.000501379,0.013818624
15735,0.014318989,0.00050116394,0.013817824
15736,0.014318116,0.0005010768,0.013817039
15737,0.014317318,0.0005010809,0.013816237
15738,0.014316543,0.000501131,0.013815412
15739,0.014315637,0.00050098303,0.013814654
15740,0.0143147465,0.00050094776,0.013813798
15741,0.014313736,0.0005006735,0.013813063
15742,0.014312918,0.0005006279,0.0138122905
15743,0.014312244,0.0005006511,0.013811593
15744,0.014311568,0.0005007132,0.013810854
15745,0.0143108815,0.0005005505,0.013810331
15746,0.014310206,0.0005005677,0.013809638
15747,0.014309863,0.0005005526,0.01380931
15748,0.014309683,0.00050075416,0.013808928
15749,0.014309584,0.0005003964,0.013809187
15750,0.014310292,0.0005006972,0.013809594
15751,0.014311458,0.000500461,0.013810997
15752,0.014313809,0.0005009551,0.013812854
15753,0.014317317,0.0005004917,0.013816825
15754,0.014322757,0.00050108175,0.013821675
15755,0.014330262,0.0005007641,0.013829499
15756,0.01433984,0.00050183,0.01383801
15757,0.0143494485,0.0005012581,0.01384819
15758,0.014356646,0.00050210994,0.013854536
15759,0.014356487,0.00050106394,0.013855424
15760,0.014346568,0.0005019544,0.013844614
15761,0.014327828,0.0005004929,0.013827335
15762,0.014308228,0.0005004758,0.013807752
15763,0.014296226,0.00049976876,0.013796457
15764,0.014295322,0.00049947447,0.013795847
15765,0.01430312,0.0005002242,0.013802895
15766,0.01431112,0.0004998141,0.013811306
15767,0.014313816,0.00050037605,0.01381344
15768,0.014308909,0.0004997535,0.013809156
15769,0.0142993685,0.0004998767,0.013799491
15770,0.014290997,0.0004993176,0.013791679
15771,0.014288392,0.0004994285,0.013788964
15772,0.014290625,0.00049938087,0.0137912445
15773,0.014294545,0.00049928285,0.013795262
15774,0.014296105,0.0004996674,0.0137964375
15775,0.014293495,0.00049905636,0.013794438
15776,0.01428859,0.00049928686,0.013789304
15777,0.014284076,0.0004988985,0.013785178
15778,0.014282156,0.0004987365,0.0137834195
15779,0.014283098,0.00049897993,0.013784118
15780,0.014284481,0.0004987555,0.013785725
15781,0.014284619,0.0004988447,0.013785775
15782,0.014282952,0.00049847906,0.013784473
15783,0.014280238,0.0004986987,0.013781539
15784,0.01427769,0.00049851445,0.0137791755
15785,0.014276451,0.0004985488,0.013777902
15786,0.014276232,0.00049844774,0.013777784
15787,0.014276709,0.000498452,0.013778257
15788,0.014276454,0.00049860554,0.013777848
15789,0.014275168,0.0004983008,0.013776868
15790,0.014273419,0.0004984399,0.013774979
15791,0.014271524,0.00049803115,0.013773493
15792,0.014270607,0.00049819966,0.013772408
15793,0.014269929,0.0004980464,0.013771883
15794,0.014269785,0.0004980341,0.013771751
15795,0.014269283,0.00049813103,0.013771152
15796,0.014268205,0.000497743,0.013770461
15797,0.014267177,0.00049803033,0.013769147
15798,0.014265692,0.00049775443,0.013767937
15799,0.014264505,0.00049763295,0.013766873
15800,0.014264039,0.0004978915,0.013766147
15801,0.014263405,0.0004977665,0.013765639
15802,0.014262796,0.0004977972,0.013764999
15803,0.014261964,0.0004976,0.013764364
15804,0.0142610315,0.00049769203,0.013763339
15805,0.0142598655,0.0004974639,0.013762401
15806,0.014258963,0.0004975579,0.013761405
15807,0.014257973,0.0004974269,0.013760546
15808,0.01425713,0.0004972904,0.01375984
15809,0.014256375,0.0004972412,0.013759133
15810,0.014255547,0.00049706403,0.013758483
15811,0.014254819,0.0004971753,0.013757643
15812,0.014253956,0.000497159,0.013756798
15813,0.01425298,0.0004971134,0.013755867
15814,0.014251988,0.0004969758,0.013755012
15815,0.014251151,0.0004969283,0.013754223
15816,0.014250308,0.00049684686,0.013753462
15817,0.014249662,0.0004969329,0.013752729
15818,0.014248768,0.0004968482,0.013751919
15819,0.0142479865,0.00049683754,0.013751149
15820,0.014247002,0.00049668417,0.0137503175
15821,0.01424607,0.00049652887,0.013749541
15822,0.014245031,0.00049637194,0.01374866
15823,0.014244221,0.00049635087,0.01374787
15824,0.014243403,0.00049635454,0.013747049
15825,0.014242655,0.00049635937,0.013746295
15826,0.014241798,0.00049629365,0.013745504
15827,0.014240939,0.00049622846,0.013744711
15828,0.014240001,0.0004960834,0.013743918
15829,0.014239039,0.0004959867,0.013743052
15830,0.0142381815,0.00049589935,0.013742282
15831,0.014237638,0.00049617933,0.013741458
15832,0.014236702,0.0004960471,0.013740655
15833,0.014235829,0.0004959694,0.01373986
15834,0.014234924,0.00049582316,0.013739101
15835,0.014234004,0.00049570843,0.013738295
15836,0.0142331645,0.0004956374,0.013737527
15837,0.014232168,0.000495457,0.013736711
15838,0.014231533,0.0004955989,0.013735934
15839,0.014230753,0.0004956519,0.013735102
15840,0.014229854,0.0004955638,0.013734289
15841,0.01422904,0.000495547,0.013733492
15842,0.014228208,0.0004955327,0.013732675
15843,0.01422739,0.0004955024,0.013731888
15844,0.014226365,0.00049530604,0.013731059
15845,0.014225494,0.0004952352,0.013730259
15846,0.014224509,0.00049501413,0.013729495
15847,0.014223817,0.00049515493,0.013728661
15848,0.01422304,0.00049515103,0.013727889
15849,0.014222243,0.00049517804,0.013727065
15850,0.0142212445,0.00049498753,0.013726257
15851,0.014220656,0.000495192,0.013725464
15852,0.014219927,0.000495279,0.013724647
15853,0.014218916,0.0004950826,0.0137238335
15854,0.01421822,0.0004951737,0.013723046
15855,0.014217284,0.0004950558,0.013722228
15856,0.014216262,0.0004948726,0.01372139
15857,0.014215231,0.0004945913,0.01372064
15858,0.014214281,0.00049449754,0.013719783
15859,0.014213508,0.00049454486,0.013718963
15860,0.014212612,0.0004944595,0.013718152
15861,0.014211735,0.0004943815,0.013717353
15862,0.014210932,0.0004943877,0.013716544
15863,0.014210266,0.0004945227,0.013715743
15864,0.014209286,0.0004943517,0.013714935
15865,0.014208517,0.0004944329,0.013714084
15866,0.01420773,0.00049442996,0.0137133
15867,0.014206875,0.0004943928,0.0137124825
15868,0.014205898,0.0004942347,0.013711664
15869,0.014205065,0.00049423904,0.013710826
15870,0.014204277,0.00049423415,0.013710042
15871,0.014203335,0.0004941173,0.013709218
15872,0.014202555,0.0004941588,0.013708396
15873,0.014201612,0.0004940504,0.013707561
15874,0.01420075,0.00049399515,0.013706755
15875,0.014199856,0.0004939546,0.013705901
15876,0.014199057,0.0004939303,0.013705126
15877,0.01419807,0.00049376534,0.0137043055
15878,0.014197441,0.0004939331,0.013703507
15879,0.014196621,0.000493872,0.013702749
15880,0.014195716,0.00049378467,0.013701932
15881,0.014194793,0.0004937066,0.013701087
15882,0.014193818,0.00049355207,0.013700265
15883,0.0141929975,0.00049352105,0.013699477
15884,0.014192114,0.00049350696,0.013698607
15885,0.014191163,0.00049334613,0.013697817
15886,0.014190212,0.0004931966,0.013697015
15887,0.014189386,0.0004931631,0.013696223
15888,0.0141886175,0.00049322785,0.01369539
15889,0.014187739,0.00049318117,0.013694558
15890,0.014187012,0.0004932546,0.013693757
15891,0.014186059,0.00049311883,0.013692941
15892,0.014185174,0.00049306673,0.013692108
15893,0.014184316,0.0004930131,0.013691302
15894,0.01418366,0.0004931531,0.013690507
15895,0.0141825825,0.00049288163,0.0136897005
15896,0.014181757,0.0004928842,0.0136888735
15897,0.014180848,0.00049280724,0.013688041
15898,0.01418011,0.0004929255,0.013687184
15899,0.014178995,0.00049257086,0.013686424
15900,0.014178205,0.0004925872,0.013685618
15901,0.014177416,0.00049253996,0.013684876
15902,0.0141766835,0.0004926504,0.013684033
15903,0.014175823,0.00049247826,0.013683345
15904,0.0141752465,0.0004927179,0.013682528
15905,0.0141744,0.0004924759,0.013681924
15906,0.014173801,0.0004925598,0.013681241
15907,0.014173283,0.0004924456,0.013680838
15908,0.014172806,0.0004925398,0.013680266
15909,0.014172407,0.0004922686,0.013680139
15910,0.01417236,0.00049238506,0.013679976
15911,0.014172704,0.00049210055,0.013680603
15912,0.014173495,0.000492215,0.0136812795
15913,0.01417546,0.00049216644,0.013683293
15914,0.014178302,0.00049231877,0.013685984
15915,0.014182882,0.00049215596,0.013690727
15916,0.014188968,0.00049317325,0.013695794
15917,0.014196143,0.0004925988,0.013703544
15918,0.014204315,0.0004935342,0.013710781
15919,0.014210436,0.00049284863,0.013717587
15920,0.014211954,0.00049382605,0.013718127
15921,0.014206058,0.00049301377,0.013713044
15922,0.014192584,0.00049295154,0.013699632
15923,0.014175337,0.00049156713,0.01368377
15924,0.014162177,0.00049198465,0.013670193
15925,0.014156638,0.00049147935,0.013665158
15926,0.0141591765,0.00049159775,0.013667579
15927,0.014165633,0.0004918374,0.013673796
15928,0.014171026,0.00049147353,0.013679552
15929,0.014171601,0.0004921637,0.013679437
15930,0.01416664,0.0004916435,0.013674997
15931,0.014158809,0.00049160817,0.013667201
15932,0.014152311,0.00049116433,0.013661146
15933,0.014149934,0.00049119093,0.013658743
15934,0.014151425,0.00049127603,0.013660149
15935,0.01415412,0.00049107487,0.013663045
15936,0.014155559,0.00049145136,0.013664108
15937,0.014154083,0.00049090246,0.01366318
15938,0.014150555,0.00049119483,0.013659361
15939,0.014146539,0.0004908605,0.013655679
15940,0.01414386,0.0004906623,0.013653197
15941,0.01414343,0.000490719,0.013652711
15942,0.014144125,0.00049053534,0.01365359
15943,0.014144908,0.0004908475,0.013654061
15944,0.014144337,0.00049051375,0.013653823
15945,0.014142681,0.000490735,0.013651946
15946,0.014140509,0.0004906073,0.013649901
15947,0.0141384,0.00049051945,0.01364788
15948,0.014137222,0.00049046945,0.013646753
15949,0.014136797,0.00049037894,0.013646418
15950,0.014136655,0.0004904274,0.013646228
15951,0.014136304,0.0004902393,0.013646065
15952,0.014135498,0.0004903802,0.013645117
15953,0.014134044,0.0004900861,0.013643958
15954,0.014132466,0.0004900544,0.013642412
15955,0.014131183,0.00048992696,0.013641256
15956,0.014130249,0.0004899017,0.013640347
15957,0.014129777,0.00049003505,0.0136397425
15958,0.014129199,0.0004898737,0.013639325
15959,0.014128723,0.0004900869,0.013638636
15960,0.014127567,0.00048962526,0.013637942
15961,0.01412661,0.0004897357,0.013636874
15962,0.01412548,0.00048959855,0.013635882
15963,0.014124546,0.00048971246,0.0136348335
15964,0.014123445,0.00048950047,0.013633945
15965,0.014122817,0.0004895879,0.013633229
15966,0.014122222,0.0004897022,0.013632519
15967,0.014121527,0.00048959954,0.013631928
15968,0.0141206635,0.0004895736,0.01363109
15969,0.014119797,0.00048952404,0.013630274
15970,0.014118723,0.0004894347,0.0136292875
15971,0.014117844,0.00048943545,0.013628409
15972,0.014116764,0.0004892303,0.013627534
15973,0.014116087,0.000489381,0.013626706
15974,0.014115175,0.0004892584,0.013625917
15975,0.014114207,0.0004890274,0.013625179
15976,0.014113553,0.0004890891,0.013624464
15977,0.014112769,0.0004891653,0.013623604
15978,0.014111919,0.0004891227,0.013622796
15979,0.014111175,0.00048925774,0.013621918
15980,0.014110241,0.0004891546,0.013621086
15981,0.014109393,0.0004891778,0.013620215
15982,0.014108408,0.00048899703,0.013619411
15983,0.0141074145,0.0004887936,0.013618621
15984,0.014106498,0.0004886736,0.013617825
15985,0.014105781,0.00048873294,0.013617048
15986,0.014104852,0.0004886192,0.013616233
15987,0.014104075,0.0004886625,0.013615413
15988,0.014103085,0.0004884982,0.013614587
15989,0.014102155,0.00048838777,0.013613768
15990,0.014101293,0.00048835616,0.013612937
15991,0.014100445,0.00048830843,0.013612137
15992,0.014099748,0.0004884342,0.013611314
15993,0.014098785,0.0004882856,0.013610499
15994,0.014097905,0.000488218,0.013609687
15995,0.01409719,0.0004882709,0.013608919
15996,0.014096358,0.00048830203,0.013608056
15997,0.014095444,0.0004882096,0.013607235
15998,0.014094704,0.0004882457,0.013606458
15999,0.014093755,0.00048817878,0.013605576
16000,0.014092929,0.0004881438,0.013604785
16001,0.0140920235,0.00048810136,0.013603922
16002,0.01409117,0.00048804365,0.013603127
16003,0.014090229,0.00048793774,0.013602291
16004,0.0140895005,0.00048801803,0.013601483
16005,0.014088647,0.00048798227,0.013600665
16006,0.014087799,0.0004879592,0.01359984
16007,0.014086822,0.00048777094,0.013599051
16008,0.01408609,0.00048785988,0.01359823
16009,0.014085074,0.0004876661,0.013597407
16010,0.0140842805,0.00048769146,0.013596589
16011,0.014083587,0.00048782158,0.013595765
16012,0.014082519,0.00048760587,0.013594913
16013,0.0140818,0.00048770156,0.013594098
16014,0.014080939,0.0004876616,0.013593277
16015,0.014080005,0.0004875538,0.013592451
16016,0.014079174,0.0004875443,0.013591629
16017,0.014078358,0.00048755622,0.0135908015
16018,0.014077437,0.00048740068,0.013590037
16019,0.014076595,0.00048741364,0.013589182
16020,0.014075745,0.00048737103,0.013588374
16021,0.014074812,0.0004872864,0.013587525
16022,0.014074094,0.00048735272,0.013586741
16023,0.014073079,0.00048719338,0.013585886
16024,0.01407223,0.00048718043,0.01358505
16025,0.014071374,0.00048714477,0.013584229
16026,0.014070608,0.00048720432,0.013583403
16027,0.014069625,0.00048704277,0.013582583
16028,0.014068645,0.00048689393,0.013581752
16029,0.014067806,0.00048687874,0.013580928
16030,0.0140669085,0.00048681567,0.013580093
16031,0.0140661355,0.00048687292,0.013579262
16032,0.014065209,0.00048671605,0.013578493
16033,0.014064297,0.00048662396,0.013577674
16034,0.014063518,0.00048667061,0.013576847
16035,0.014062719,0.00048671273,0.0135760065
16036,0.0140619,0.00048669876,0.013575201
16037,0.014061072,0.0004867147,0.013574357
16038,0.014060237,0.00048668912,0.013573549
16039,0.014059245,0.0004865531,0.013572692
16040,0.0140583245,0.00048640123,0.013571924
16041,0.014057551,0.0004864427,0.013571108
16042,0.014056598,0.00048624046,0.013570357
16043,0.01405573,0.000486237,0.013569493
16044,0.014055097,0.00048627018,0.013568826
16045,0.014054385,0.00048638068,0.013568005
16046,0.014053481,0.00048611875,0.013567362
16047,0.014052753,0.000486126,0.013566627
16048,0.014052193,0.00048611313,0.01356608
16049,0.014051405,0.0004860124,0.013565392
16050,0.014051152,0.00048616045,0.013564992
16051,0.014050742,0.000486138,0.013564603
16052,0.014050652,0.0004860244,0.013564628
16053,0.014050842,0.0004861757,0.013564667
16054,0.014051506,0.0004861162,0.01356539
16055,0.014052435,0.00048628668,0.0135661485
16056,0.014054296,0.00048615842,0.013568137
16057,0.014056714,0.0004864004,0.013570314
16058,0.014060356,0.00048632195,0.013574034
16059,0.014064676,0.0004867757,0.013577901
16060,0.014069431,0.0004862274,0.013583204
16061,0.014073992,0.0004871426,0.01358685
16062,0.014076375,0.00048645967,0.013589916
16063,0.014075111,0.0004870819,0.013588029
16064,0.014069597,0.0004864905,0.013583107
16065,0.014059786,0.00048663514,0.013573151
16066,0.014048344,0.00048560105,0.013562744
16067,0.014039123,0.00048572858,0.013553395
16068,0.014034229,0.00048532596,0.013548903
16069,0.014034033,0.00048516048,0.013548872
16070,0.01403737,0.000485627,0.013551743
16071,0.01404102,0.00048542232,0.0135555975
16072,0.014043048,0.00048586982,0.013557178
16073,0.014041767,0.00048524587,0.013556521
16074,0.01403827,0.0004856345,0.013552636
16075,0.014033196,0.00048502936,0.0135481665
16076,0.014028678,0.0004850119,0.013543665
16077,0.014026322,0.00048498024,0.013541342
16078,0.014025945,0.00048484645,0.013541099
16079,0.014026989,0.0004850727,0.013541916
16080,0.0140280295,0.000484922,0.013543108
16081,0.014028059,0.00048504947,0.01354301
16082,0.014026747,0.0004846541,0.013542093
16083,0.014024617,0.00048502928,0.013539588
16084,0.014021842,0.00048456277,0.013537279
16085,0.014019896,0.00048475753,0.013535139
16086,0.01401868,0.00048467435,0.013534006
16087,0.014018201,0.0004844949,0.013533707
16088,0.014018044,0.0004844991,0.013533545
16089,0.0140179265,0.00048437735,0.013533549
16090,0.014017162,0.0004843923,0.01353277
16091,0.014016157,0.00048422572,0.013531932
16092,0.014014579,0.0004842029,0.013530376
16093,0.014013211,0.00048423788,0.013528974
16094,0.01401174,0.00048413375,0.013527606
16095,0.014010638,0.0004839646,0.013526673
16096,0.014010026,0.00048404688,0.01352598
16097,0.01400954,0.00048417583,0.013525364
16098,0.01400904,0.00048414522,0.013524895
16099,0.014008433,0.00048432848,0.013524104
16100,0.014007512,0.00048416384,0.013523348
16101,0.014006571,0.00048422386,0.013522347
16102,0.014005303,0.00048393122,0.013521372
16103,0.014004326,0.00048405182,0.013520274
16104,0.014003207,0.00048386044,0.013519347
16105,0.01400222,0.0004837882,0.013518431
16106,0.014001393,0.00048373558,0.013517657
16107,0.014000756,0.00048376,0.013516996
16108,0.013999936,0.000483684,0.013516252
16109,0.013999169,0.00048366687,0.013515502
16110,0.013998351,0.000483696,0.013514655
16111,0.013997661,0.00048383884,0.013513822
16112,0.013996715,0.0004838353,0.01351288
16113,0.01399572,0.00048369728,0.013512023
16114,0.013994673,0.00048356908,0.0135111045
16115,0.013993755,0.0004834951,0.01351026
16116,0.013993063,0.00048361768,0.013509445
16117,0.013992117,0.00048350447,0.013508612
16118,0.013991162,0.0004833674,0.013507795
16119,0.013990263,0.00048325208,0.013507011
16120,0.013989513,0.00048329582,0.013506217
16121,0.01398866,0.00048329055,0.013505369
16122,0.013987934,0.00048336657,0.013504568
16123,0.013987089,0.00048339594,0.013503693
16124,0.013986027,0.0004831652,0.013502861
16125,0.013985265,0.00048325825,0.013502006
16126,0.013984292,0.0004831433,0.013501149
16127,0.013983404,0.00048304175,0.013500363
16128,0.013982636,0.00048313726,0.013499498
16129,0.013981722,0.00048303133,0.013498691
16130,0.013980899,0.00048304547,0.013497854
16131,0.013980008,0.0004829658,0.013497042
16132,0.013979236,0.00048301078,0.013496225
16133,0.013978234,0.0004828264,0.013495407
16134,0.0139774205,0.00048284917,0.013494572
16135,0.01397648,0.0004827518,0.013493728
16136,0.013975601,0.00048273255,0.013492868
16137,0.013974783,0.00048271957,0.013492064
16138,0.013974004,0.00048277,0.013491235
16139,0.013973157,0.00048275382,0.013490403
16140,0.013972276,0.00048273866,0.013489537
16141,0.013971293,0.00048257544,0.013488718
16142,0.013970501,0.00048257128,0.0134879295
16143,0.013969555,0.00048246997,0.013487085
16144,0.013968675,0.0004824271,0.013486248
16145,0.013967763,0.00048237716,0.013485385
16146,0.013966856,0.00048229969,0.013484556
16147,0.013966149,0.00048238362,0.013483766
16148,0.013965122,0.0004822249,0.013482898
16149,0.013964134,0.00048203737,0.013482097
16150,0.013963347,0.0004821213,0.013481226
16151,0.0139625035,0.00048208405,0.013480419
16152,0.013961616,0.0004820298,0.013479586
16153,0.013960665,0.0004819209,0.013478744
16154,0.013960005,0.0004821047,0.0134779
16155,0.013959092,0.000482035,0.013477057
16156,0.01395808,0.00048188915,0.01347619
16157,0.013957408,0.0004820283,0.01347538
16158,0.013956609,0.00048210128,0.013474508
16159,0.0139557,0.00048201365,0.013473687
16160,0.01395472,0.0004819165,0.013472804
16161,0.013953991,0.00048198176,0.013472009
16162,0.0139531735,0.00048202096,0.013471153
16163,0.0139522925,0.00048195204,0.0134703405
16164,0.013951396,0.00048194078,0.013469455
16165,0.0139507335,0.00048207075,0.013468662
16166,0.013949749,0.00048191653,0.0134678325
16167,0.013948852,0.00048182672,0.013467026
16168,0.013948015,0.00048185143,0.013466164
16169,0.013947139,0.00048173324,0.013465405
16170,0.013946191,0.00048165658,0.013464535
16171,0.013945389,0.00048160995,0.013463778
16172,0.01394457,0.0004816333,0.0134629365
16173,0.013943748,0.00048152078,0.013462227
16174,0.013943291,0.00048182026,0.013461471
16175,0.013942273,0.00048136574,0.013460907
16176,0.0139418645,0.00048159808,0.013460266
16177,0.013941242,0.0004811556,0.013460087
16178,0.013941315,0.00048144665,0.013459869
16179,0.013941476,0.0004812026,0.013460274
16180,0.013942433,0.00048157413,0.013460859
16181,0.013944108,0.0004812829,0.013462825
16182,0.013946919,0.00048168778,0.013465231
16183,0.013951125,0.00048135995,0.013469765
16184,0.013957158,0.00048198987,0.013475168
16185,0.013965243,0.00048168795,0.013483554
16186,0.013974444,0.00048250312,0.013491941
16187,0.013982927,0.00048214864,0.013500779
16188,0.01398703,0.00048321605,0.013503814
16189,0.013982735,0.0004822387,0.013500496
16190,0.013969335,0.00048242847,0.013486906
16191,0.013950621,0.00048143676,0.013469184
16192,0.013934084,0.000481337,0.013452747
16193,0.013926203,0.00048075517,0.013445448
16194,0.013928269,0.00048070273,0.013447566
16195,0.01393613,0.0004813517,0.013454779
16196,0.013942667,0.00048101778,0.013461649
16197,0.013943372,0.0004815261,0.013461846
16198,0.013937485,0.0004810808,0.013456404
16199,0.013928305,0.0004809045,0.013447401
16200,0.0139216,0.00048050185,0.013441098
16201,0.0139195025,0.00048039109,0.013439111
16202,0.013921765,0.0004805026,0.013441262
16203,0.013925063,0.0004803599,0.013444703
16204,0.013926126,0.0004807116,0.013445415
16205,0.013924012,0.0004805156,0.013443496
16206,0.01391934,0.00048049085,0.01343885
16207,0.013915203,0.00048010328,0.013435099
16208,0.013913195,0.0004800888,0.013433106
16209,0.01391343,0.00048000042,0.013433429
16210,0.01391479,0.00048012537,0.013434664
16211,0.013915156,0.00048035415,0.013434802
16212,0.013913806,0.00047989702,0.013433909
16213,0.013911667,0.00048034315,0.013431324
16214,0.013909111,0.00048006175,0.013429049
16215,0.013907299,0.00047995654,0.013427343
16216,0.013906779,0.000479972,0.013426807
16217,0.013906799,0.00047987385,0.013426925
16218,0.013906628,0.00047997516,0.013426653
16219,0.013906073,0.0004798966,0.013426176
16220,0.013904698,0.00048003715,0.013424661
16221,0.013902941,0.000479741,0.0134232
16222,0.013901585,0.0004799256,0.013421659
16223,0.0139005445,0.00047980086,0.013420744
16224,0.013899941,0.00047962007,0.013420321
16225,0.013899663,0.00047984338,0.01341982
16226,0.013899227,0.0004798202,0.0134194065
16227,0.01389801,0.00047972024,0.01341829
16228,0.013896903,0.00047964492,0.013417258
16229,0.013895848,0.000479885,0.013415962
16230,0.013894585,0.00047957877,0.013415006
16231,0.013893915,0.00047964085,0.013414275
16232,0.013893219,0.00047964996,0.013413569
16233,0.013892589,0.00047956427,0.013413025
16234,0.013891826,0.0004796316,0.013412194
16235,0.013890905,0.00047958255,0.013411323
16236,0.013889724,0.00047944693,0.013410278
16237,0.013888889,0.00047953366,0.013409356
16238,0.013887761,0.00047929338,0.013408468
16239,0.013887027,0.00047940828,0.013407619
16240,0.01388629,0.00047935772,0.013406932
16241,0.0138854245,0.00047927178,0.013406153
16242,0.013884607,0.00047917277,0.013405434
16243,0.01388379,0.00047923607,0.013404554
16244,0.01388297,0.00047928898,0.013403681
16245,0.013881918,0.0004791721,0.013402746
16246,0.0138811115,0.0004792064,0.013401905
16247,0.013880128,0.00047908453,0.013401044
16248,0.013879315,0.00047907533,0.01340024
16249,0.013878422,0.00047897006,0.013399452
16250,0.013877699,0.0004790047,0.013398695
16251,0.01387678,0.00047890013,0.01339788
16252,0.013876049,0.00047900848,0.013397041
16253,0.01387519,0.00047895295,0.013396237
16254,0.013874243,0.00047892763,0.013395315
16255,0.013873441,0.00047896022,0.013394481
16256,0.013872418,0.00047877294,0.013393644
16257,0.013871568,0.00047874422,0.013392824
16258,0.013870716,0.0004786853,0.013392031
16259,0.013869874,0.00047868476,0.013391189
16260,0.013868954,0.00047856654,0.013390387
16261,0.013868117,0.00047856875,0.013389548
16262,0.013867365,0.00047862084,0.013388745
16263,0.013866514,0.0004786606,0.013387853
16264,0.01386553,0.00047849357,0.013387036
16265,0.013864603,0.00047839957,0.013386203
16266,0.013863719,0.00047828993,0.013385429
16267,0.013862815,0.00047821357,0.013384601
16268,0.013861892,0.00047812692,0.013383765
16269,0.01386113,0.00047824028,0.013382889
16270,0.0138602825,0.00047820207,0.01338208
16271,0.013859428,0.00047814244,0.013381286
16272,0.013858431,0.0004780235,0.013380407
16273,0.013857642,0.00047804753,0.013379594
16274,0.013856855,0.0004781204,0.013378735
16275,0.013856041,0.00047809925,0.013377942
16276,0.013855103,0.0004780622,0.013377042
16277,0.01385438,0.0004782092,0.013376171
16278,0.013853198,0.00047784,0.013375358
16279,0.013852482,0.0004779485,0.0133745335
16280,0.013851651,0.00047795143,0.0133737
16281,0.013850824,0.0004779744,0.01337285
16282,0.013849852,0.00047782643,0.013372025
16283,0.0138491765,0.00047794008,0.013371237
16284,0.013848266,0.00047790885,0.0133703565
16285,0.0138474805,0.00047793466,0.013369546
16286,0.013846599,0.00047789392,0.013368704
16287,0.013845794,0.0004778986,0.013367895
16288,0.013844711,0.0004776417,0.013367069
16289,0.013843916,0.0004777324,0.013366184
16290,0.013843122,0.00047779264,0.013365329
16291,0.013842335,0.00047781548,0.01336452
16292,0.013841411,0.00047772191,0.013363689
16293,0.013840411,0.00047754496,0.013362866
16294,0.013839579,0.0004775976,0.013361981
16295,0.013838752,0.00047758425,0.013361168
16296,0.013837877,0.00047755215,0.013360324
16297,0.013837027,0.00047755428,0.013359473
16298,0.013836078,0.0004774332,0.013358645
16299,0.013835223,0.0004774515,0.013357772
16300,0.013834266,0.00047736234,0.013356904
16301,0.013833405,0.00047738638,0.013356019
16302,0.013832608,0.0004773615,0.013355247
16303,0.013831796,0.0004774144,0.013354382
16304,0.0138309235,0.000477406,0.013353517
16305,0.013830094,0.00047737302,0.013352721
16306,0.013829106,0.00047726004,0.0133518465
16307,0.013828191,0.00047715553,0.013351035
16308,0.013827396,0.00047721874,0.013350177
16309,0.013826528,0.00047720296,0.013349324
16310,0.013825635,0.00047717008,0.013348466
16311,0.013824561,0.0004769137,0.013347647
16312,0.013823809,0.0004770038,0.013346805
16313,0.013823131,0.00047717936,0.013345952
16314,0.013821912,0.00047680648,0.013345106
16315,0.013821444,0.00047717657,0.013344267
16316,0.013820355,0.00047695584,0.013343399
16317,0.013819447,0.00047685872,0.013342588
16318,0.013818603,0.00047690346,0.0133417
16319,0.013817714,0.00047687936,0.0133408345
16320,0.013816866,0.00047685564,0.01334001
16321,0.0138159,0.00047669606,0.013339205
16322,0.013815085,0.00047675395,0.013338331
16323,0.013814321,0.00047687528,0.013337445
16324,0.013813289,0.00047667098,0.0133366175
16325,0.013812512,0.00047673,0.013335782
16326,0.0138115445,0.0004766501,0.013334895
16327,0.013810843,0.0004767664,0.013334077
16328,0.013809965,0.000476758,0.013333207
16329,0.013809068,0.00047667403,0.013332394
16330,0.013808167,0.00047664,0.013331527
16331,0.013807406,0.00047667423,0.013330732
16332,0.013806329,0.00047646894,0.01332986
16333,0.013805484,0.0004764892,0.013328996
16334,0.013804657,0.0004764603,0.013328197
16335,0.013803887,0.00047646379,0.0133274235
16336,0.01380295,0.00047636125,0.013326589
16337,0.013802233,0.00047629618,0.013325937
16338,0.013801515,0.00047632097,0.013325194
16339,0.013800957,0.00047626492,0.013324692
16340,0.013800721,0.0004764895,0.013324231
16341,0.013800554,0.0004763074,0.013324247
16342,0.013800962,0.00047657374,0.013324388
16343,0.013801883,0.0004762222,0.0133256605
16344,0.013803848,0.00047657642,0.013327272
16345,0.013807626,0.00047646754,0.013331159
16346,0.013813371,0.0004769543,0.013336416
16347,0.013822016,0.00047658497,0.013345432
16348,0.013834163,0.00047781706,0.013356346
16349,0.013848269,0.00047734947,0.01337092
16350,0.013861277,0.00047869375,0.013382583
16351,0.0138661,0.00047795058,0.013388149
16352,0.013856614,0.00047859267,0.013378021
16353,0.013832701,0.00047711504,0.013355587
16354,0.013804672,0.0004764187,0.013328253
16355,0.013787557,0.00047571244,0.013311845
16356,0.013787887,0.00047574472,0.013312142
16357,0.013800138,0.00047667825,0.01332346
16358,0.013811603,0.00047653518,0.013335068
16359,0.0138127,0.0004771311,0.013335569
16360,0.013801924,0.00047601174,0.013325912
16361,0.013787986,0.00047599946,0.013311986
16362,0.013780323,0.0004756218,0.013304701
16363,0.013782302,0.0004755174,0.013306784
16364,0.013789077,0.00047606314,0.013313014
16365,0.013792606,0.00047574096,0.013316865
16366,0.0137895215,0.00047617083,0.01331335
16367,0.0137817925,0.00047541416,0.013306378
16368,0.013776071,0.00047571698,0.013300355
16369,0.013774951,0.0004755493,0.013299402
16370,0.013777512,0.00047528045,0.013302231
16371,0.013780093,0.00047578668,0.013304306
16372,0.013778926,0.0004753365,0.013303589
16373,0.013775094,0.0004756594,0.013299435
16374,0.013771102,0.00047544343,0.013295659
16375,0.013769473,0.0004754245,0.013294049
16376,0.01377011,0.00047544396,0.013294666
16377,0.013771149,0.00047530612,0.013295843
16378,0.013770634,0.00047543633,0.013295198
16379,0.013768502,0.00047516133,0.01329334
16380,0.013765701,0.00047504882,0.013290652
16381,0.013764146,0.00047497154,0.013289174
16382,0.013763715,0.00047488566,0.013288829
16383,0.013763954,0.00047504655,0.013288908
16384,0.013763543,0.0004748662,0.013288677
16385,0.013762345,0.0004750684,0.013287276
16386,0.013760674,0.0004749148,0.013285759
16387,0.013759258,0.00047501823,0.01328424
16388,0.013758478,0.00047502245,0.013283456
16389,0.013758029,0.00047488828,0.013283141
16390,0.013757788,0.000475207,0.01328258
16391,0.013756807,0.00047494413,0.013281863
16392,0.013755644,0.00047502923,0.013280614
16393,0.013754072,0.00047462268,0.013279449
16394,0.013753038,0.0004746303,0.013278408
16395,0.0137524735,0.00047477265,0.013277701
16396,0.013752046,0.00047484596,0.0132772
16397,0.013751149,0.00047472873,0.0132764205
16398,0.013750495,0.00047490143,0.0132755935
16399,0.013749421,0.00047492058,0.0132745
16400,0.013748207,0.00047467108,0.013273536
16401,0.0137474425,0.00047478854,0.013272654
16402,0.013746727,0.0004748107,0.013271917
16403,0.013746014,0.0004748176,0.013271196
16404,0.013745058,0.00047467757,0.013270381
16405,0.013744314,0.00047472375,0.01326959
16406,0.013743357,0.00047476226,0.013268595
16407,0.013742316,0.00047461537,0.013267701
16408,0.013741462,0.00047461307,0.013266848
16409,0.013740673,0.00047462338,0.013266049
16410,0.013739792,0.000474467,0.013265325
16411,0.013739071,0.00047455146,0.013264519
16412,0.013738179,0.000474433,0.013263745
16413,0.0137371505,0.00047435585,0.013262794
16414,0.013736393,0.00047445178,0.013261941
16415,0.013735463,0.0004743704,0.013261093
16416,0.0137345735,0.0004742849,0.013260288
16417,0.013733825,0.00047432515,0.013259499
16418,0.013732948,0.0004742782,0.01325867
16419,0.013732005,0.00047414048,0.013257865
16420,0.013731172,0.0004741965,0.013256975
16421,0.013730325,0.00047418702,0.013256138
16422,0.013729519,0.00047422238,0.013255297
16423,0.013728736,0.00047429843,0.013254438
16424,0.013727842,0.00047421243,0.013253629
16425,0.013726852,0.00047405696,0.013252795
16426,0.013726291,0.00047432166,0.01325197
16427,0.013724985,0.00047386333,0.013251121
16428,0.013724309,0.0004739937,0.013250316
16429,0.013723409,0.00047397582,0.013249433
16430,0.013722631,0.00047406912,0.013248562
16431,0.013721727,0.0004739805,0.013247746
16432,0.013720808,0.00047387657,0.013246931
16433,0.013720007,0.00047390786,0.0132460985
16434,0.013719209,0.00047396607,0.013245243
16435,0.01371847,0.00047403746,0.013244432
16436,0.013717711,0.0004741067,0.013243604
16437,0.013716646,0.00047387584,0.01324277
16438,0.013715884,0.00047395032,0.013241934
16439,0.0137148695,0.00047377072,0.013241099
16440,0.013714252,0.00047400137,0.013240251
16441,0.013713215,0.0004738225,0.013239392
16442,0.013712418,0.00047383137,0.0132385865
16443,0.013711423,0.00047371743,0.013237705
16444,0.01371059,0.0004736987,0.0132368915
16445,0.01370978,0.00047375885,0.013236021
16446,0.013708955,0.00047373553,0.013235219
16447,0.013707817,0.0004734913,0.013234326
16448,0.013707021,0.00047347395,0.013233547
16449,0.013706106,0.00047342377,0.013232682
16450,0.013705212,0.00047339444,0.013231818
16451,0.013704373,0.0004733924,0.01323098
16452,0.01370346,0.00047334342,0.013230116
16453,0.013702714,0.00047344287,0.013229271
16454,0.013701869,0.00047343518,0.013228434
16455,0.013701079,0.00047345096,0.013227629
16456,0.013700191,0.00047346423,0.013226727
16457,0.013699241,0.00047336213,0.013225879
16458,0.013698426,0.00047336603,0.01322506
16459,0.013697636,0.00047340983,0.013224226
16460,0.013696611,0.0004732175,0.013223394
16461,0.01369564,0.00047311856,0.013222521
16462,0.013694826,0.00047310573,0.01322172
16463,0.013694036,0.00047319217,0.013220844
16464,0.013693079,0.00047305916,0.013220021
16465,0.013692228,0.0004730685,0.01321916
16466,0.0136914225,0.00047312255,0.0132183
16467,0.013690595,0.00047317095,0.013217424
16468,0.01368964,0.00047304647,0.013216593
16469,0.013688795,0.00047303957,0.013215756
16470,0.013688112,0.0004732088,0.013214903
16471,0.013687193,0.00047315497,0.013214039
16472,0.013686369,0.0004731708,0.013213199
16473,0.01368543,0.00047309304,0.013212337
16474,0.013684556,0.00047306775,0.013211488
16475,0.013683592,0.0004729795,0.013210612
16476,0.013682546,0.0004727751,0.013209771
16477,0.0136818485,0.00047290622,0.0132089425
16478,0.013680881,0.00047278823,0.013208092
16479,0.013680192,0.00047294886,0.013207243
16480,0.013679366,0.0004729815,0.013206384
16481,0.013678367,0.0004728654,0.013205502
16482,0.01367756,0.00047284982,0.01320471
16483,0.013676628,0.00047280587,0.013203822
16484,0.01367581,0.0004728137,0.013202996
16485,0.013674859,0.00047275,0.013202109
16486,0.013674037,0.00047277438,0.013201262
16487,0.013673168,0.00047276015,0.013200408
16488,0.013672134,0.0004725953,0.013199539
16489,0.013671313,0.0004725842,0.01319873
16490,0.013670274,0.00047244283,0.013197831
16491,0.013669508,0.00047252706,0.013196981
16492,0.013668576,0.00047245392,0.013196122
16493,0.013667781,0.0004725039,0.013195277
16494,0.013666826,0.00047245374,0.013194373
16495,0.01366594,0.00047241835,0.013193522
16496,0.013665116,0.0004724337,0.0131926825
16497,0.013664257,0.00047242828,0.0131918285
16498,0.013663429,0.00047247653,0.013190952
16499,0.013662347,0.00047226992,0.013190077
16500,0.013661522,0.00047227164,0.013189251
16501,0.013660647,0.00047226273,0.0131883845
16502,0.013659814,0.0004723247,0.0131874895
16503,0.0136589445,0.0004723192,0.013186625
16504,0.013658236,0.00047243776,0.013185798
16505,0.013657315,0.00047239763,0.013184917
16506,0.013656371,0.00047233936,0.0131840315
16507,0.0136555405,0.00047235462,0.013183186
16508,0.0136545645,0.00047220226,0.013182363
16509,0.013653754,0.00047228218,0.013181472
16510,0.013652945,0.00047235403,0.013180591
16511,0.013651912,0.00047219862,0.013179714
16512,0.013651109,0.00047224632,0.013178863
16513,0.013650133,0.00047211343,0.01317802
16514,0.01364938,0.00047223264,0.013177147
16515,0.013648286,0.00047201823,0.013176268
16516,0.013647481,0.00047208337,0.013175397
16517,0.0136465235,0.00047197365,0.01317455
16518,0.01364561,0.00047193153,0.013173678
16519,0.013644584,0.00047175487,0.0131728295
16520,0.013643848,0.00047189745,0.01317195
16521,0.013642889,0.00047178418,0.013171106
16522,0.01364206,0.0004718393,0.01317022
16523,0.013641016,0.00047167225,0.013169344
16524,0.013640255,0.00047179995,0.013168455
16525,0.01363938,0.00047177865,0.013167602
16526,0.013638489,0.00047176337,0.013166726
16527,0.01363751,0.0004716417,0.013165869
16528,0.013636762,0.00047180208,0.01316496
16529,0.013636043,0.00047192298,0.013164121
16530,0.013635046,0.00047182053,0.013163226
16531,0.013634239,0.00047184623,0.013162393
16532,0.013633194,0.00047170502,0.01316149
16533,0.013632284,0.00047161072,0.013160673
16534,0.0136316735,0.00047181183,0.013159862
16535,0.013630718,0.00047164582,0.013159072
16536,0.013629689,0.00047146887,0.01315822
16537,0.013629171,0.0004716413,0.01315753
16538,0.013628269,0.00047145595,0.013156813
16539,0.013627805,0.0004714557,0.013156349
16540,0.013627567,0.00047162295,0.013155945
16541,0.013627444,0.00047135417,0.01315609
16542,0.013628141,0.00047161384,0.013156528
16543,0.013629838,0.00047149934,0.013158338
16544,0.01363337,0.00047198794,0.013161383
16545,0.013639213,0.0004717379,0.013167474
16546,0.01364937,0.00047297913,0.013176391
16547,0.013664086,0.0004723768,0.013191709
16548,0.013684451,0.00047362153,0.013210829
16549,0.0137063395,0.00047356612,0.013232773
16550,0.01372034,0.00047569914,0.013244641
16551,0.013712207,0.0004738177,0.013238389
16552,0.013679897,0.0004736934,0.013206204
16553,0.0136381155,0.00047164483,0.01316647
16554,0.0136149665,0.00047160513,0.013143362
16555,0.013620577,0.00047180062,0.013148776
16556,0.013641939,0.0004720101,0.013169928
16557,0.013655708,0.00047322598,0.013182482
16558,0.01364737,0.00047211847,0.013175252
16559,0.013625134,0.0004718223,0.013153312
16560,0.013609728,0.0004711774,0.01313855
16561,0.013612039,0.00047100612,0.013141033
16562,0.0136243645,0.00047240255,0.013151962
16563,0.013629488,0.00047161826,0.01315787
16564,0.013622044,0.00047180953,0.013150234
16565,0.013609193,0.00047095548,0.013138237
16566,0.013603929,0.00047085146,0.013133078
16567,0.013607849,0.000471087,0.013136762
16568,0.013613542,0.0004711758,0.013142366
16569,0.013612497,0.00047132382,0.013141173
16570,0.013605842,0.00047082079,0.013135022
16571,0.013600076,0.00047076162,0.013129314
16572,0.013599706,0.00047076153,0.013128945
16573,0.013602894,0.00047088548,0.013132009
16574,0.013603674,0.00047101354,0.013132661
16575,0.0136012025,0.00047093458,0.013130268
16576,0.013596891,0.00047083516,0.013126057
16577,0.013594553,0.00047060574,0.013123947
16578,0.013595325,0.0004707474,0.013124578
16579,0.013595944,0.00047070792,0.013125236
16580,0.013595559,0.0004709651,0.0131245935
16581,0.013592908,0.00047071307,0.013122195
16582,0.013590723,0.0004707832,0.01311994
16583,0.013589627,0.0004704694,0.013119157
16584,0.01358978,0.000470657,0.013119123
16585,0.013589687,0.0004705641,0.013119123
16586,0.013588458,0.00047059523,0.013117863
16587,0.013586754,0.00047064197,0.013116112
16588,0.013585303,0.0004705616,0.013114741
16589,0.013584757,0.00047064896,0.013114109
16590,0.0135844415,0.0004704628,0.013113978
16591,0.01358383,0.00047054395,0.013113285
16592,0.0135824345,0.00047035285,0.013112081
16593,0.013581113,0.00047042762,0.013110685
16594,0.013580128,0.000470504,0.013109623
16595,0.013579784,0.0004706014,0.013109183
16596,0.013579192,0.00047057148,0.01310862
16597,0.013578212,0.0004703874,0.013107824
16598,0.0135773225,0.00047064573,0.013106677
16599,0.01357601,0.00047047163,0.013105539
16600,0.013575134,0.00047035128,0.013104782
16601,0.013574433,0.00047030515,0.013104128
16602,0.013573673,0.00047022273,0.01310345
16603,0.01357271,0.00047021228,0.013102497
16604,0.013571855,0.0004703126,0.013101542
16605,0.01357093,0.0004703511,0.013100578
16606,0.013570128,0.00047029782,0.013099831
16607,0.013569371,0.00047024255,0.013099128
16608,0.013568468,0.00047014843,0.01309832
16609,0.01356763,0.00047013472,0.013097496
16610,0.013566823,0.00047024823,0.013096575
16611,0.013565825,0.0004701227,0.013095703
16612,0.01356506,0.00047019095,0.0130948685
16613,0.013564189,0.00047008324,0.013094106
16614,0.013563512,0.00047022733,0.013093284
16615,0.013562539,0.0004701232,0.013092415
16616,0.013561596,0.00047005064,0.013091546
16617,0.0135607775,0.0004701124,0.013090665
16618,0.013559827,0.00046995585,0.013089871
16619,0.013559038,0.00046998204,0.013089056
16620,0.013558397,0.00047017957,0.013088218
16621,0.013557451,0.0004700118,0.013087439
16622,0.013556677,0.00047008658,0.01308659
16623,0.013555704,0.000469912,0.013085792
16624,0.013554811,0.00046992267,0.0130848875
16625,0.013553827,0.00046976857,0.013084059
16626,0.013553032,0.00046976804,0.013083263
16627,0.013552163,0.00046974042,0.013082422
16628,0.013551485,0.00046986388,0.013081621
16629,0.013550491,0.00046973402,0.013080757
16630,0.013549431,0.00046956373,0.013079868
16631,0.0135487495,0.00046968117,0.013079069
16632,0.013547987,0.00046974482,0.013078242
16633,0.013547115,0.0004696934,0.013077422
16634,0.01354642,0.00046985384,0.013076566
16635,0.013545445,0.00046969057,0.013075755
16636,0.013544829,0.00046992535,0.013074904
16637,0.013543606,0.0004695711,0.013074035
16638,0.013542878,0.0004696427,0.013073236
16639,0.01354203,0.00046971047,0.013072319
16640,0.013541286,0.00046974546,0.013071541
16641,0.013540454,0.00046977427,0.01307068
16642,0.013539633,0.00046979048,0.013069842
16643,0.013538707,0.00046973614,0.013068971
16644,0.013537895,0.00046978833,0.013068107
16645,0.013537104,0.00046980428,0.0130673
16646,0.013536337,0.0004698625,0.013066474
16647,0.013535526,0.0004698751,0.01306565
16648,0.013534535,0.0004697142,0.01306482
16649,0.013533666,0.00046966007,0.013064005
16650,0.013532751,0.00046959388,0.013063157
16651,0.013531785,0.00046945285,0.013062333
16652,0.01353113,0.00046962794,0.013061502
16653,0.0135302255,0.0004695779,0.013060648
16654,0.013529624,0.0004698152,0.013059809
16655,0.013528691,0.00046970966,0.013058981
16656,0.013527781,0.00046966592,0.013058115
16657,0.013526832,0.00046960026,0.013057232
16658,0.0135259805,0.00046956196,0.013056419
16659,0.013525024,0.00046944004,0.013055584
16660,0.013524152,0.00046943358,0.013054719
16661,0.013523254,0.00046937235,0.013053881
16662,0.0135223,0.0004692711,0.013053029
16663,0.013521492,0.00046927022,0.013052221
16664,0.013520622,0.0004692273,0.013051394
16665,0.013519774,0.0004692514,0.013050523
16666,0.013518854,0.00046918727,0.013049667
16667,0.01351807,0.0004692377,0.013048832
16668,0.013517275,0.00046927662,0.013047999
16669,0.013516294,0.0004691725,0.013047121
16670,0.013515433,0.00046916903,0.013046265
16671,0.013514512,0.00046908646,0.0130454255
16672,0.013513686,0.0004690932,0.013044593
16673,0.013512721,0.00046900348,0.0130437175
16674,0.013511866,0.00046899886,0.013042867
16675,0.013511023,0.00046897333,0.0130420495
16676,0.013510246,0.00046903398,0.013041212
16677,0.013509477,0.00046915622,0.01304032
16678,0.013508605,0.00046911946,0.013039486
16679,0.013507772,0.00046914915,0.013038623
16680,0.013506851,0.00046906687,0.013037784
16681,0.013505988,0.00046904545,0.013036942
16682,0.013505188,0.00046909318,0.013036095
16683,0.013504212,0.00046898506,0.013035227
16684,0.013503511,0.0004691862,0.013034325
16685,0.013502542,0.00046909152,0.013033451
16686,0.013501644,0.0004690259,0.013032618
16687,0.013500746,0.000468968,0.013031778
16688,0.013500008,0.00046904729,0.01303096
16689,0.013498883,0.00046880945,0.013030074
16690,0.013498225,0.0004689978,0.013029227
16691,0.013497287,0.00046891358,0.013028374
16692,0.013496257,0.0004687548,0.013027502
16693,0.013495513,0.00046885092,0.013026662
16694,0.013494529,0.0004687409,0.013025788
16695,0.013493647,0.00046866617,0.013024981
16696,0.013492915,0.00046877965,0.0130241355
16697,0.013491977,0.0004687276,0.01302325
16698,0.013491062,0.00046872353,0.013022339
16699,0.013490316,0.00046882097,0.013021495
16700,0.013489486,0.00046881803,0.013020667
16701,0.013488689,0.00046894047,0.013019749
16702,0.013487662,0.00046877158,0.01301889
16703,0.013486717,0.00046865697,0.01301806
16704,0.013485848,0.0004686581,0.01301719
16705,0.013484959,0.00046866774,0.013016291
16706,0.013484053,0.00046858657,0.013015467
16707,0.013483207,0.00046860898,0.013014598
16708,0.0134822205,0.00046844388,0.013013776
16709,0.013481449,0.00046855008,0.013012899
16710,0.013480541,0.0004684846,0.013012056
16711,0.013479724,0.00046855773,0.013011166
16712,0.013479044,0.00046874987,0.013010294
16713,0.013478032,0.00046858782,0.013009445
16714,0.013477166,0.00046859545,0.01300857
16715,0.013476158,0.00046846783,0.013007689
16716,0.013475336,0.0004685008,0.013006835
16717,0.013474375,0.0004683903,0.013005985
16718,0.013473424,0.0004682991,0.013005125
16719,0.01347244,0.0004682009,0.013004239
16720,0.013471704,0.00046830034,0.013003403
16721,0.013470891,0.0004683599,0.013002531
16722,0.0134700015,0.00046832394,0.013001678
16723,0.013469207,0.00046839015,0.013000817
16724,0.013468342,0.00046841087,0.012999931
16725,0.01346745,0.00046840467,0.012999045
16726,0.013466434,0.00046826171,0.012998172
16727,0.013465711,0.00046839874,0.0129973125
16728,0.013464731,0.00046830514,0.012996426
16729,0.013463944,0.0004683395,0.012995604
16730,0.013462945,0.00046827958,0.012994666
16731,0.01346199,0.0004682003,0.01299379
16732,0.0134613225,0.00046840523,0.012992918
16733,0.013460279,0.0004681941,0.012992085
16734,0.013459531,0.00046833217,0.012991198
16735,0.013458537,0.00046819967,0.012990337
16736,0.013457528,0.0004680931,0.012989435
16737,0.013456675,0.00046806954,0.012988606
16738,0.013456002,0.000468287,0.012987715
16739,0.013455177,0.0004683736,0.012986803
16740,0.013454267,0.00046831084,0.012985956
16741,0.013453219,0.0004681265,0.012985093
16742,0.013452421,0.00046813404,0.012984287
16743,0.013451455,0.00046806503,0.01298339
16744,0.013450597,0.00046811273,0.012982485
16745,0.013449784,0.00046814472,0.012981639
16746,0.013448869,0.00046810458,0.012980765
16747,0.01344804,0.00046810624,0.012979934
16748,0.013447092,0.00046805045,0.012979042
16749,0.013446212,0.00046797722,0.012978234
16750,0.013445562,0.00046819766,0.0129773645
16751,0.013444532,0.00046791462,0.012976617
16752,0.013443715,0.00046797944,0.012975736
16753,0.013443055,0.00046799556,0.012975059
16754,0.013442387,0.00046816628,0.01297422
16755,0.013441567,0.00046798095,0.012973586
16756,0.0134411035,0.00046820685,0.012972897
16757,0.013440531,0.0004680312,0.012972499
16758,0.013440172,0.00046815595,0.012972016
16759,0.013440182,0.00046814774,0.0129720345
16760,0.013440499,0.00046844973,0.012972049
16761,0.013440858,0.0004680466,0.012972811
16762,0.013442058,0.000468284,0.012973774
16763,0.013444121,0.0004680795,0.012976041
16764,0.013446848,0.0004683051,0.012978543
16765,0.013450815,0.00046817886,0.012982637
16766,0.013455616,0.00046876655,0.01298685
16767,0.013461257,0.0004686596,0.012992598
16768,0.0134657,0.00046888978,0.01299681
16769,0.013468373,0.00046866416,0.012999709
16770,0.013466654,0.00046919024,0.012997464
16771,0.013459806,0.00046842798,0.012991378
16772,0.0134491725,0.00046892356,0.012980249
16773,0.013436964,0.0004679593,0.012969005
16774,0.013427604,0.00046801206,0.012959592
16775,0.013423195,0.00046773022,0.012955464
16776,0.01342376,0.0004676231,0.012956138
16777,0.013427654,0.00046810327,0.012959551
16778,0.013431444,0.00046796433,0.012963479
16779,0.013433064,0.0004683278,0.012964737
16780,0.013431441,0.00046794894,0.012963492
16781,0.013426989,0.0004682271,0.012958762
16782,0.013421348,0.00046767152,0.012953677
16783,0.0134171685,0.00046779058,0.012949378
16784,0.01341513,0.0004675782,0.012947552
16785,0.013415405,0.0004675269,0.012947878
16786,0.013416859,0.0004678266,0.012949033
16787,0.0134176025,0.00046750548,0.012950097
16788,0.013417476,0.00046804626,0.012949429
16789,0.013415695,0.00046764468,0.01294805
16790,0.013412969,0.00046767516,0.012945294
16791,0.013410316,0.00046752117,0.012942795
16792,0.013408647,0.00046780688,0.01294084
16793,0.0134073645,0.00046745705,0.012939908
16794,0.013407215,0.00046743746,0.012939777
16795,0.013407353,0.00046770857,0.012939645
16796,0.013406832,0.00046726063,0.012939571
16797,0.013406188,0.00046761258,0.012938576
16798,0.013404933,0.00046754323,0.012937389
16799,0.013403383,0.00046764806,0.012935735
16800,0.013401721,0.00046745792,0.012934263
16801,0.013400513,0.00046753843,0.012932974
16802,0.013399646,0.00046754003,0.012932106
16803,0.013398846,0.0004673417,0.012931504
16804,0.013398459,0.00046757073,0.012930889
16805,0.013397737,0.0004673714,0.012930366
16806,0.01339704,0.0004675027,0.012929537
16807,0.013395916,0.00046733225,0.012928584
16808,0.013394904,0.00046753674,0.012927367
16809,0.013393804,0.0004675033,0.012926301
16810,0.0133926915,0.00046744136,0.01292525
16811,0.013391703,0.00046737544,0.0129243275
16812,0.013390783,0.0004672921,0.012923491
16813,0.013390076,0.0004673856,0.012922691
16814,0.013389221,0.00046724654,0.012921975
16815,0.01338847,0.000467323,0.012921147
16816,0.013387606,0.00046728936,0.012920316
16817,0.013386768,0.0004673859,0.012919382
16818,0.013386013,0.00046753217,0.012918481
16819,0.013384705,0.00046722134,0.012917484
16820,0.013383861,0.00046731686,0.0129165435
16821,0.013383004,0.00046737195,0.012915632
16822,0.013382103,0.0004673678,0.012914736
16823,0.013381226,0.00046730184,0.012913924
16824,0.013380451,0.00046735417,0.012913097
16825,0.013379596,0.00046731497,0.012912281
16826,0.013378753,0.0004673537,0.0129114
16827,0.0133777,0.0004671632,0.0129105365
16828,0.013376973,0.00046733886,0.012909634
16829,0.0133759575,0.0004671959,0.012908761
16830,0.01337509,0.0004672394,0.0129078515
16831,0.013374075,0.00046711904,0.0129069565
16832,0.013373307,0.00046725498,0.012906052
16833,0.013372454,0.0004672621,0.012905192
16834,0.013371543,0.00046722242,0.012904321
16835,0.013370714,0.00046727425,0.01290344
16836,0.013369903,0.000467345,0.012902558
16837,0.013368995,0.00046731916,0.012901676
16838,0.0133679835,0.00046713682,0.012900847
16839,0.01336719,0.00046723732,0.012899953
16840,0.013366367,0.00046724497,0.012899122
16841,0.013365558,0.00046734407,0.012898214
16842,0.013364395,0.00046708004,0.012897315
16843,0.013363646,0.00046718496,0.012896461
16844,0.013362659,0.00046705897,0.0128956
16845,0.01336183,0.0004671066,0.012894724
16846,0.013360822,0.00046701386,0.012893808
16847,0.013360101,0.00046720725,0.0128928935
16848,0.013359099,0.00046706604,0.012892033
16849,0.013358125,0.00046696022,0.012891165
16850,0.0133571625,0.00046689052,0.012890272
16851,0.01335614,0.00046673606,0.012889404
16852,0.013355337,0.00046681115,0.012888526
16853,0.013354591,0.00046691854,0.0128876725
16854,0.013353581,0.00046681068,0.01288677
16855,0.013352654,0.0004667784,0.012885876
16856,0.013351833,0.0004668674,0.012884966
16857,0.013350977,0.00046684203,0.012884134
16858,0.01335008,0.00046681784,0.012883262
16859,0.013349205,0.0004668364,0.012882369
16860,0.013348246,0.0004667938,0.012881452
16861,0.013347496,0.00046693636,0.01288056
16862,0.013346666,0.00046698435,0.012879681
16863,0.0133458255,0.0004669871,0.012878838
16864,0.013344949,0.00046699966,0.0128779495
16865,0.013343951,0.0004668864,0.012877065
16866,0.013343087,0.00046690326,0.012876184
16867,0.013342057,0.0004667249,0.0128753325
16868,0.013341126,0.00046671816,0.012874408
16869,0.013340297,0.00046679084,0.012873506
16870,0.013339241,0.0004666022,0.012872639
16871,0.013338397,0.000466571,0.012871826
16872,0.013337574,0.00046662003,0.012870954
16873,0.013336738,0.00046668015,0.0128700575
16874,0.013335775,0.00046660774,0.012869167
16875,0.013334885,0.00046656243,0.012868322
16876,0.013334124,0.00046670288,0.012867422
16877,0.01333318,0.00046656493,0.012866615
16878,0.01333229,0.0004665333,0.012865757
16879,0.013331663,0.00046655769,0.012865105
16880,0.013330741,0.00046649532,0.012864245
16881,0.01333022,0.0004665623,0.012863658
16882,0.01332966,0.00046674843,0.012862911
16883,0.013329076,0.00046653024,0.012862545
16884,0.013328845,0.00046674878,0.012862096
16885,0.01332887,0.00046675676,0.012862113
16886,0.013328929,0.0004667228,0.012862206
16887,0.01332968,0.00046645777,0.0128632225
16888,0.013331339,0.00046696878,0.01286437
16889,0.013333585,0.00046648062,0.012867104
16890,0.01333758,0.00046722608,0.012870354
16891,0.013342443,0.00046680073,0.012875643
16892,0.013348713,0.00046722457,0.012881488
16893,0.013355919,0.00046729555,0.012888623
16894,0.013361794,0.00046802472,0.012893769
16895,0.013364571,0.00046752987,0.012897042
16896,0.013361492,0.00046792085,0.0128935715
16897,0.013351823,0.0004673761,0.012884447
16898,0.013337183,0.0004674962,0.012869687
16899,0.013323014,0.0004665842,0.012856429
16900,0.013313623,0.00046630925,0.012847314
16901,0.0133119235,0.00046632532,0.012845598
16902,0.013316089,0.0004665575,0.012849532
16903,0.013321701,0.00046688927,0.012854812
16904,0.013325322,0.0004668945,0.012858428
16905,0.0133242225,0.00046722672,0.012856996
16906,0.013319072,0.00046661537,0.012852457
16907,0.013311858,0.0004664355,0.012845423
16908,0.01330631,0.0004660363,0.012840274
16909,0.013304334,0.00046613076,0.012838203
16910,0.013305323,0.00046623952,0.012839084
16911,0.013307611,0.00046623405,0.012841377
16912,0.013309013,0.00046674517,0.012842268
16913,0.0133082345,0.00046655326,0.012841681
16914,0.013305035,0.0004664069,0.012838628
16915,0.013301787,0.00046631653,0.01283547
16916,0.013298699,0.0004661126,0.012832586
16917,0.013297501,0.00046622966,0.012831272
16918,0.013297581,0.00046617756,0.012831404
16919,0.013297866,0.00046619473,0.012831671
16920,0.013297946,0.00046617407,0.012831772
16921,0.013297082,0.00046640474,0.012830677
16922,0.0132953245,0.0004661341,0.01282919
16923,0.013293374,0.00046628475,0.01282709
16924,0.013291474,0.00046601627,0.012825458
16925,0.013290434,0.000466043,0.012824391
16926,0.013290019,0.0004662471,0.012823772
16927,0.013289501,0.00046597602,0.012823525
16928,0.01328924,0.00046623065,0.01282301
16929,0.013288457,0.0004661814,0.012822276
16930,0.013287261,0.00046629328,0.0128209675
16931,0.013285816,0.0004660533,0.012819762
16932,0.013284446,0.00046596117,0.012818485
16933,0.013283592,0.00046615044,0.0128174415
16934,0.013282677,0.00046602587,0.012816652
16935,0.013282044,0.00046607733,0.012815966
16936,0.013281558,0.0004661543,0.012815404
16937,0.013280713,0.00046614558,0.012814567
16938,0.01328004,0.00046630192,0.012813738
16939,0.0132788485,0.00046617497,0.012812673
16940,0.013277743,0.00046614622,0.0128115965
16941,0.013276688,0.00046614555,0.012810542
16942,0.01327564,0.00046608184,0.012809558
16943,0.0132750375,0.0004663006,0.012808737
16944,0.013274124,0.0004662018,0.012807922
16945,0.013273263,0.0004660947,0.012807169
16946,0.0132726,0.00046628798,0.012806312
16947,0.013271597,0.00046610093,0.012805496
16948,0.013270653,0.00046609758,0.012804556
16949,0.013269567,0.00046594022,0.012803626
16950,0.013268623,0.00046597957,0.012802643
16951,0.01326758,0.00046586813,0.012801712
16952,0.013266829,0.0004659829,0.012800846
16953,0.013266045,0.00046606731,0.012799977
16954,0.013265228,0.00046608437,0.012799144
16955,0.013264222,0.0004659242,0.012798298
16956,0.013263454,0.00046597375,0.0127974795
16957,0.013262562,0.00046602119,0.012796542
16958,0.013261785,0.00046616484,0.01279562
16959,0.01326082,0.0004660619,0.012794758
16960,0.013259867,0.0004660043,0.012793863
16961,0.013258808,0.00046588504,0.0127929235
16962,0.01325788,0.00046581717,0.012792063
16963,0.013256868,0.0004656772,0.012791191
16964,0.013256145,0.0004658527,0.012790292
16965,0.013255254,0.00046581234,0.012789442
16966,0.01325431,0.0004657871,0.012788523
16967,0.013253591,0.00046589618,0.012787695
16968,0.01325273,0.0004659121,0.012786818
16969,0.013252045,0.00046609546,0.01278595
16970,0.01325103,0.00046604144,0.012784989
16971,0.013250126,0.00046599694,0.012784129
16972,0.01324921,0.0004659966,0.0127832135
16973,0.013248362,0.00046602555,0.012782336
16974,0.013247399,0.00046594805,0.0127814505
16975,0.01324657,0.00046598396,0.012780586
16976,0.013245649,0.00046594095,0.012779708
16977,0.013244764,0.00046593815,0.012778826
16978,0.0132437,0.00046574016,0.01277796
16979,0.0132428,0.00046575046,0.012777049
16980,0.013242016,0.00046582267,0.012776193
16981,0.013241167,0.00046586877,0.012775298
16982,0.013240197,0.0004657856,0.012774412
16983,0.013239247,0.00046571274,0.012773534
16984,0.013238461,0.00046582005,0.012772641
16985,0.013237628,0.00046588885,0.01277174
16986,0.01323681,0.00046597762,0.0127708325
16987,0.013235803,0.00046584787,0.012769955
16988,0.013235007,0.000465929,0.012769079
16989,0.01323391,0.00046573393,0.012768176
16990,0.01323293,0.0004656629,0.0127672665
16991,0.013232084,0.00046569324,0.012766391
16992,0.013231222,0.00046574706,0.012765475
16993,0.013230327,0.0004657346,0.012764592
16994,0.013229367,0.00046566775,0.0127636995
16995,0.0132284975,0.00046565838,0.012762839
16996,0.013227672,0.00046576955,0.012761903
16997,0.013226764,0.00046573483,0.012761029
16998,0.0132257175,0.00046560718,0.01276011
16999,0.013225034,0.00046580742,0.012759226
17000,0.013224286,0.00046597942,0.012758306
17001,0.013223271,0.00046586304,0.0127574075
17002,0.013222227,0.00046568766,0.0127565395
17003,0.013221424,0.00046573643,0.012755687
17004,0.013220502,0.00046576696,0.012754736
17005,0.013219671,0.00046588172,0.012753789
17006,0.013218725,0.00046580756,0.012752918
17007,0.013217879,0.00046584586,0.012752034
17008,0.013216965,0.00046584665,0.012751118
17009,0.013216087,0.00046584397,0.012750243
17010,0.013214992,0.00046565424,0.0127493385
17011,0.013214172,0.00046571068,0.012748461
17012,0.013213075,0.00046552392,0.012747551
17013,0.013212276,0.0004656053,0.01274667
17014,0.0132113965,0.00046562628,0.012745771
17015,0.013210636,0.00046573588,0.0127449
17016,0.013209568,0.0004655777,0.012743991
17017,0.013208767,0.0004656424,0.012743125
17018,0.013207827,0.00046562703,0.0127422
17019,0.013206663,0.00046536772,0.012741295
17020,0.013206136,0.00046576705,0.012740369
17021,0.013205261,0.00046576053,0.0127395
17022,0.013204266,0.00046563687,0.012738629
17023,0.01320331,0.00046552636,0.012737784
17024,0.013202543,0.00046564895,0.012736894
17025,0.013201566,0.0004654756,0.01273609
17026,0.013200807,0.00046554793,0.01273526
17027,0.013200132,0.0004655592,0.012734573
17028,0.013199382,0.00046550875,0.012733874
17029,0.013198873,0.0004654229,0.01273345
17030,0.013198703,0.00046559208,0.01273311
17031,0.013198866,0.00046548722,0.012733378
17032,0.013199601,0.00046566263,0.012733939
17033,0.013201136,0.00046539496,0.012735741
17034,0.013204284,0.0004659992,0.012738285
17035,0.0132091055,0.0004656805,0.012743425
17036,0.01321711,0.00046652785,0.012750583
17037,0.013227899,0.00046607485,0.012761824
17038,0.013241975,0.00046751226,0.012774463
17039,0.013255784,0.0004671783,0.012788606
17040,0.013264516,0.00046822,0.012796297
17041,0.013260415,0.00046713653,0.012793278
17042,0.013241285,0.0004675278,0.012773758
17043,0.013212862,0.00046590553,0.012746957
17044,0.013190271,0.0004658293,0.012724442
17045,0.013183895,0.00046557558,0.012718319
17046,0.013192386,0.00046559997,0.012726787
17047,0.013205592,0.0004662689,0.012739323
17048,0.013211492,0.00046589616,0.0127455965
17049,0.013205676,0.00046661703,0.0127390595
17050,0.013191689,0.00046564752,0.0127260415
17051,0.013180059,0.00046537546,0.012714684
17052,0.013177974,0.00046536358,0.012712611
17053,0.013183372,0.00046533585,0.012718036
17054,0.013189329,0.00046603222,0.012723297
17055,0.013189394,0.0004657338,0.01272366
17056,0.013183114,0.00046570168,0.012717413
17057,0.013175689,0.0004652437,0.012710445
17058,0.013172042,0.00046531225,0.01270673
17059,0.013173328,0.00046543768,0.01270789
17060,0.013176338,0.00046542194,0.012710916
17061,0.013177311,0.00046584068,0.01271147
17062,0.0131747015,0.00046552272,0.012709179
17063,0.013170322,0.00046553873,0.012704784
17064,0.0131670395,0.00046521766,0.0127018215
17065,0.013166449,0.0004652469,0.012701202
17066,0.01316745,0.00046532057,0.01270213
17067,0.013167882,0.00046507732,0.012702805
17068,0.013167063,0.00046559935,0.012701464
17069,0.013164378,0.00046519688,0.012699181
17070,0.013162169,0.00046544996,0.012696719
17071,0.01316093,0.00046537325,0.0126955565
17072,0.01316095,0.00046539493,0.012695555
17073,0.013160959,0.0004654121,0.012695547
17074,0.013160338,0.0004653709,0.012694967
17075,0.013158613,0.00046523873,0.012693374
17076,0.013157089,0.00046540395,0.012691685
17077,0.013155631,0.00046534135,0.01269029
17078,0.013154877,0.00046525477,0.012689623
17079,0.013154537,0.000465184,0.012689353
17080,0.013154321,0.00046554365,0.012688777
17081,0.0131532205,0.0004653192,0.012687901
17082,0.013151983,0.0004654826,0.0126865
17083,0.013150902,0.00046566798,0.012685235
17084,0.013149747,0.00046547354,0.0126842735
17085,0.0131490715,0.00046549202,0.01268358
17086,0.013148197,0.00046518102,0.012683016
17087,0.0131474165,0.00046517316,0.012682243
17088,0.013146313,0.0004650017,0.012681311
17089,0.013145346,0.00046520878,0.0126801375
17090,0.0131441755,0.00046506184,0.012679114
17091,0.0131433355,0.00046512997,0.012678206
17092,0.013142541,0.00046508032,0.012677461
17093,0.01314165,0.00046487522,0.0126767745
17094,0.013140998,0.00046510866,0.012675889
17095,0.013139933,0.0004649116,0.012675022
17096,0.013138968,0.00046498806,0.01267398
17097,0.013138144,0.00046511416,0.01267303
17098,0.013137128,0.00046505703,0.012672071
17099,0.013136278,0.00046501204,0.012671266
17100,0.013135584,0.00046509726,0.012670487
17101,0.0131348055,0.00046519193,0.012669614
17102,0.013133812,0.00046507703,0.012668734
17103,0.013132935,0.00046516865,0.012667767
17104,0.013131983,0.00046510287,0.01266688
17105,0.013130999,0.00046502185,0.012665978
17106,0.013130232,0.0004651297,0.012665102
17107,0.013129358,0.00046511053,0.012664247
17108,0.013128447,0.00046506457,0.012663383
17109,0.013127824,0.000465273,0.012662551
17110,0.013126865,0.00046522132,0.012661643
17111,0.013125871,0.00046510028,0.012660771
17112,0.013125026,0.0004651745,0.012659851
17113,0.01312406,0.00046505837,0.012659001
17114,0.013123218,0.00046510756,0.012658111
17115,0.013122327,0.00046511754,0.012657209
17116,0.013121468,0.00046508008,0.012656388
17117,0.013120659,0.00046515046,0.012655509
17118,0.013119817,0.00046521734,0.0126546
17119,0.013118813,0.00046512284,0.01265369
17120,0.013118084,0.00046524013,0.012652843
17121,0.013117168,0.00046518404,0.012651984
17122,0.013116269,0.00046518288,0.012651087
17123,0.013115356,0.0004652263,0.012650129
17124,0.013114332,0.0004650674,0.012649265
17125,0.01311345,0.00046506352,0.012648387
17126,0.01311255,0.00046500788,0.012647542
17127,0.013111691,0.0004650574,0.012646633
17128,0.013110868,0.00046514662,0.012645721
17129,0.013109963,0.00046508783,0.012644876
17130,0.013109153,0.0004651829,0.012643971
17131,0.013108198,0.0004650804,0.012643117
17132,0.013107181,0.00046500895,0.012642171
17133,0.013106373,0.00046504595,0.012641327
17134,0.0131052565,0.00046486425,0.012640392
17135,0.01310456,0.00046503174,0.012639528
17136,0.013103661,0.00046498637,0.012638675
17137,0.013102707,0.00046495526,0.012637752
17138,0.013101859,0.00046494603,0.012636913
17139,0.013100806,0.0004648549,0.012635951
17140,0.013100027,0.00046490773,0.012635119
17141,0.013098972,0.00046476195,0.01263421
17142,0.013098222,0.00046488945,0.012633333
17143,0.013097309,0.00046487368,0.012632435
17144,0.013096404,0.0004648663,0.012631538
17145,0.0130955735,0.00046490703,0.012630667
17146,0.013094498,0.00046475048,0.012629747
17147,0.01309378,0.0004648713,0.012628908
17148,0.013092808,0.00046483232,0.012627976
17149,0.013091919,0.00046482147,0.012627098
17150,0.013091022,0.00046480822,0.012626214
17151,0.01309037,0.00046505238,0.012625318
17152,0.01308956,0.00046512077,0.012624439
17153,0.013088576,0.00046505293,0.012623522
17154,0.013087601,0.0004649456,0.012622655
17155,0.013086662,0.00046492167,0.01262174
17156,0.01308573,0.00046490153,0.012620829
17157,0.013085081,0.00046515782,0.012619924
17158,0.013083916,0.00046486437,0.012619052
17159,0.01308318,0.00046506544,0.012618115
17160,0.013082179,0.00046492388,0.012617256
17161,0.013081378,0.00046500468,0.012616374
17162,0.01308048,0.0004650386,0.012615441
17163,0.0130794775,0.00046492656,0.012614551
17164,0.013078794,0.0004650983,0.012613695
17165,0.013077896,0.0004651388,0.012612757
17166,0.013077092,0.00046524324,0.012611849
17167,0.013076091,0.00046510057,0.012610991
17168,0.013075325,0.0004651814,0.012610143
17169,0.013074423,0.00046522354,0.0126092
17170,0.013073382,0.00046506524,0.012608317
17171,0.013072445,0.00046503206,0.012607413
17172,0.013071668,0.0004651198,0.012606548
17173,0.013070827,0.0004652175,0.01260561
17174,0.013069858,0.0004651199,0.012604738
17175,0.013068761,0.00046499335,0.012603767
17176,0.013067991,0.00046505174,0.012602939
17177,0.013067056,0.00046506844,0.012601988
17178,0.013066188,0.0004651111,0.012601078
17179,0.013065297,0.00046513023,0.012600167
17180,0.013064243,0.00046491864,0.012599324
17181,0.013063333,0.00046494164,0.012598392
17182,0.013062402,0.00046492546,0.012597476
17183,0.013061576,0.000465021,0.012596555
17184,0.013060702,0.00046503555,0.012595667
17185,0.013059758,0.0004649898,0.012594768
17186,0.013058885,0.00046504434,0.01259384
17187,0.013057857,0.00046492077,0.012592936
17188,0.013056969,0.00046492062,0.012592048
17189,0.013056057,0.000464899,0.012591158
17190,0.013055045,0.00046479952,0.012590245
17191,0.013054394,0.0004650491,0.012589345
17192,0.013053349,0.00046491882,0.01258843
17193,0.01305222,0.00046468712,0.012587533
17194,0.013051497,0.00046488098,0.012586616
17195,0.013050504,0.00046483678,0.012585667
17196,0.01304965,0.00046487784,0.012584772
17197,0.013048953,0.00046506667,0.012583886
17198,0.013047925,0.0004649385,0.012582987
17199,0.0130470125,0.00046496527,0.012582047
17200,0.01304603,0.00046486795,0.012581162
17201,0.0130451005,0.00046483433,0.012580266
17202,0.013044248,0.00046490532,0.012579343
17203,0.013043136,0.000464731,0.012578405
17204,0.013042406,0.00046488582,0.012577521
17205,0.013041433,0.0004648196,0.012576614
17206,0.01304062,0.0004649017,0.012575719
17207,0.013039656,0.0004648817,0.012574774
17208,0.013038712,0.00046478,0.012573931
17209,0.013037878,0.00046483683,0.012573041
17210,0.013037129,0.00046495112,0.012572179
17211,0.013036243,0.00046494082,0.012571302
17212,0.013035471,0.00046491507,0.012570555
17213,0.013034696,0.0004649375,0.012569758
17214,0.0130339395,0.000464824,0.0125691155
17215,0.01303329,0.0004648632,0.012568427
17216,0.013033163,0.00046499228,0.01256817
17217,0.013032934,0.00046494772,0.012567986
17218,0.0130333295,0.00046494123,0.012568388
17219,0.013034104,0.0004651525,0.012568952
17220,0.013035844,0.00046502013,0.012570824
17221,0.013038639,0.0004652692,0.01257337
17222,0.013043593,0.00046545372,0.012578139
17223,0.013050196,0.0004658544,0.012584342
17224,0.013059592,0.00046578885,0.012593803
17225,0.013070215,0.0004665022,0.012603712
17226,0.013079947,0.00046620026,0.012613746
17227,0.013084903,0.00046746875,0.012617434
17228,0.013079784,0.0004664789,0.012613305
17229,0.013064078,0.00046647564,0.012597603
17230,0.013042252,0.00046537106,0.012576881
17231,0.013024041,0.00046496262,0.012559079
17232,0.013017117,0.0004648383,0.012552279
17233,0.0130213965,0.0004649785,0.012556418
17234,0.013030682,0.0004656262,0.012565056
17235,0.013037404,0.00046535977,0.0125720445
17236,0.013036416,0.0004657827,0.012570634
17237,0.013028388,0.00046530273,0.012563085
17238,0.013017828,0.00046503096,0.012552797
17239,0.013011499,0.0004648826,0.012546617
17240,0.013011364,0.00046485223,0.012546512
17241,0.013015143,0.00046514304,0.012549999
17242,0.013018771,0.0004651383,0.012553633
17243,0.013018316,0.00046539877,0.012552917
17244,0.013014068,0.0004650878,0.01254898
17245,0.013008591,0.00046503576,0.012543555
17246,0.013005084,0.00046490534,0.012540179
17247,0.013004646,0.00046479935,0.012539847
17248,0.013006157,0.0004650203,0.012541137
17249,0.013007216,0.00046484492,0.012542372
17250,0.013006225,0.00046501617,0.012541209
17251,0.013003843,0.0004650166,0.012538826
17252,0.013000731,0.00046483253,0.012535899
17253,0.012998673,0.0004647318,0.012533941
17254,0.012998289,0.00046482572,0.012533464
17255,0.012998384,0.00046495677,0.012533427
17256,0.012998424,0.0004649296,0.012533494
17257,0.012997237,0.00046482962,0.012532407
17258,0.012995689,0.00046480866,0.01253088
17259,0.012994035,0.000464905,0.01252913
17260,0.012992646,0.00046490904,0.012527737
17261,0.012991852,0.00046486405,0.012526988
17262,0.012991213,0.00046482732,0.0125263855
17263,0.012990701,0.00046479717,0.012525904
17264,0.012990018,0.00046499644,0.012525022
17265,0.012989074,0.0004650662,0.012524008
17266,0.012987674,0.00046489603,0.0125227785
17267,0.0129864905,0.00046495948,0.012521531
17268,0.012985703,0.00046509487,0.012520608
17269,0.012984801,0.0004650023,0.012519799
17270,0.012984088,0.00046498212,0.012519105
17271,0.01298349,0.00046514947,0.012518341
17272,0.012982515,0.00046504845,0.012517466
17273,0.012981467,0.0004650163,0.012516451
17274,0.012980258,0.00046493745,0.01251532
17275,0.01297928,0.00046496541,0.012514315
17276,0.012978309,0.0004648717,0.012513437
17277,0.01297735,0.0004646963,0.012512653
17278,0.012976677,0.00046483192,0.012511846
17279,0.012975841,0.0004648583,0.012510982
17280,0.012974859,0.00046478893,0.012510071
17281,0.012974027,0.00046492802,0.012509098
17282,0.0129729025,0.0004647822,0.01250812
17283,0.012972041,0.00046479047,0.0125072505
17284,0.012971212,0.00046482592,0.012506386
17285,0.01297048,0.0004648728,0.012505608
17286,0.012969527,0.00046484952,0.012504678
17287,0.01296861,0.00046478203,0.012503828
17288,0.012967676,0.00046475083,0.0125029255
17289,0.012966902,0.00046484618,0.012502056
17290,0.012966106,0.00046498442,0.0125011215
17291,0.012965056,0.0004648516,0.012500204
17292,0.012964156,0.00046482915,0.012499328
17293,0.012963235,0.0004647744,0.012498461
17294,0.012962356,0.0004648149,0.0124975415
17295,0.012961486,0.00046485028,0.012496636
17296,0.012960585,0.00046481064,0.012495774
17297,0.012959691,0.0004647865,0.012494904
17298,0.012958776,0.00046477452,0.012494002
17299,0.012957862,0.00046475817,0.012493104
17300,0.012957027,0.00046484283,0.0124921845
17301,0.012956189,0.0004648575,0.012491331
17302,0.012955292,0.00046488168,0.01249041
17303,0.012954288,0.0004647617,0.0124895265
17304,0.012953565,0.00046490473,0.01248866
17305,0.012952771,0.00046499612,0.012487775
17306,0.0129519235,0.00046503104,0.012486893
17307,0.012950884,0.0004649325,0.012485952
17308,0.01295002,0.0004649293,0.012485091
17309,0.012949187,0.00046501675,0.0124841705
17310,0.012948322,0.00046504196,0.01248328
17311,0.012947352,0.00046496288,0.012482389
17312,0.012946597,0.00046507054,0.0124815265
17313,0.012945579,0.00046490753,0.0124806715
17314,0.012944699,0.00046495907,0.01247974
17315,0.012943709,0.00046488596,0.012478824
17316,0.0129429875,0.00046503986,0.012477947
17317,0.012942095,0.0004650635,0.012477032
17318,0.01294129,0.00046521382,0.012476075
17319,0.012940363,0.00046514475,0.012475219
17320,0.012939391,0.00046507485,0.012474316
17321,0.012938638,0.00046515852,0.01247348
17322,0.012937635,0.00046506952,0.012472565
17323,0.012936679,0.00046504007,0.012471639
17324,0.012935867,0.0004650839,0.012470783
17325,0.0129347835,0.00046487708,0.012469906
17326,0.012933964,0.00046500037,0.012468964
17327,0.01293301,0.00046495645,0.012468054
17328,0.012932006,0.00046483395,0.012467172
17329,0.012931223,0.000464957,0.012466266
17330,0.012930213,0.00046488072,0.012465332
17331,0.012929465,0.00046499597,0.012464468
17332,0.012928634,0.00046508815,0.012463545
17333,0.012927665,0.00046500604,0.01246266
17334,0.012926749,0.00046497828,0.01246177
17335,0.012925917,0.00046505439,0.012460863
17336,0.012924926,0.00046493043,0.012459996
17337,0.01292406,0.00046497022,0.01245909
17338,0.012923212,0.0004649769,0.012458235
17339,0.012922296,0.00046503093,0.0124572655
17340,0.01292138,0.00046504356,0.012456336
17341,0.012920482,0.00046501332,0.012455469
17342,0.012919682,0.00046509202,0.01245459
17343,0.012918743,0.000465021,0.012453723
17344,0.012917944,0.00046514967,0.012452794
17345,0.012916962,0.00046511405,0.012451848
17346,0.012915855,0.00046491934,0.012450936
17347,0.012914994,0.00046495473,0.012450039
17348,0.0129141295,0.00046501923,0.01244911
17349,0.012913227,0.00046499236,0.0124482345
17350,0.012912297,0.00046499862,0.0124472985
17351,0.0129115125,0.0004651036,0.012446409
17352,0.0129104545,0.0004649592,0.012445495
17353,0.012909688,0.00046511614,0.012444572
17354,0.012908781,0.00046512653,0.012443654
17355,0.012907758,0.00046501675,0.012442742
17356,0.012906903,0.00046501902,0.012441885
17357,0.012905956,0.00046496958,0.012440987
17358,0.012905203,0.00046513104,0.012440071
17359,0.012904153,0.0004650141,0.012439139
17360,0.012903137,0.00046491678,0.01243822
17361,0.012902296,0.00046496504,0.0124373315
17362,0.01290146,0.00046502295,0.0124364365
17363,0.012900582,0.00046505508,0.012435527
17364,0.012899588,0.00046501227,0.012434576
17365,0.012898669,0.00046497196,0.012433697
17366,0.012897743,0.00046497525,0.012432768
17367,0.0128969,0.00046506478,0.012431835
17368,0.012896174,0.00046520066,0.012430973
17369,0.01289506,0.0004650088,0.012430051
17370,0.012894283,0.0004651659,0.012429117
17371,0.0128934365,0.0004652173,0.012428219
17372,0.012892432,0.00046511908,0.012427312
17373,0.012891589,0.00046513634,0.012426453
17374,0.0128906425,0.00046506184,0.012425581
17375,0.012889915,0.00046519976,0.012424716
17376,0.012889026,0.00046508995,0.012423935
17377,0.01288825,0.00046511402,0.012423136
17378,0.012887453,0.00046502927,0.012422424
17379,0.01288674,0.00046502694,0.012421713
17380,0.012886302,0.00046508605,0.012421216
17381,0.012885739,0.00046500904,0.01242073
17382,0.012885676,0.00046492816,0.012420747
17383,0.012886138,0.00046525663,0.012420881
17384,0.012886904,0.00046506056,0.012421844
17385,0.012888719,0.00046539083,0.012423328
17386,0.012891566,0.00046527543,0.012426291
17387,0.012896208,0.00046578265,0.012430426
17388,0.012902669,0.0004655684,0.0124371005
17389,0.012911423,0.000466279,0.012445144
17390,0.012921404,0.0004662923,0.012455111
17391,0.012930895,0.000467338,0.0124635575
17392,0.012935268,0.0004666357,0.012468632
17393,0.012931178,0.00046724835,0.01246393
17394,0.012916336,0.0004661219,0.012450214
17395,0.012895572,0.00046591784,0.012429655
17396,0.012877886,0.00046519493,0.0124126915
17397,0.012869749,0.0004650335,0.012404716
17398,0.012872482,0.00046508678,0.012407395
17399,0.012881296,0.0004653612,0.012415934
17400,0.012888543,0.0004659793,0.012422564
17401,0.01288903,0.000465653,0.0124233775
17402,0.0128824115,0.00046600084,0.01241641
17403,0.012872447,0.00046533527,0.012407112
17404,0.012864771,0.00046517982,0.0123995915
17405,0.0128631815,0.00046517595,0.012398005
17406,0.012866084,0.0004651623,0.012400922
17407,0.012869954,0.0004656342,0.01240432
17408,0.012870935,0.00046546722,0.012405467
17409,0.012867985,0.00046568332,0.012402302
17410,0.012862633,0.00046519775,0.0123974355
17411,0.012858275,0.00046529924,0.012392976
17412,0.01285645,0.000464947,0.012391503
17413,0.012857605,0.00046518882,0.012392416
17414,0.012859083,0.00046548957,0.012393593
17415,0.012859368,0.00046544705,0.012393921
17416,0.012857332,0.00046548786,0.012391844
17417,0.0128543265,0.00046519985,0.012389126
17418,0.0128516555,0.00046514618,0.012386509
17419,0.012850543,0.000465324,0.012385218
17420,0.012850209,0.0004651206,0.012385089
17421,0.012850592,0.00046532037,0.0123852715
17422,0.012850286,0.00046519953,0.012385087
17423,0.012849216,0.00046552462,0.012383692
17424,0.012847231,0.00046516527,0.012382066
17425,0.012845579,0.00046530724,0.012380271
17426,0.012844371,0.0004653375,0.0123790335
17427,0.012843855,0.0004654081,0.012378447
17428,0.012843439,0.00046538896,0.01237805
17429,0.012843075,0.00046544778,0.012377627
17430,0.012842162,0.00046553818,0.012376623
17431,0.012840826,0.00046535087,0.012375475
17432,0.0128395185,0.00046543288,0.012374085
17433,0.012838078,0.000465172,0.012372905
17434,0.012837342,0.0004653455,0.012371996
17435,0.012836728,0.00046547444,0.012371254
17436,0.012835993,0.0004653212,0.012370672
17437,0.012835312,0.00046545718,0.012369854
17438,0.012834307,0.00046533017,0.012368977
17439,0.012833294,0.000465441,0.012367854
17440,0.012832245,0.0004654467,0.012366798
17441,0.012831038,0.0004652509,0.012365787
17442,0.012830127,0.000465233,0.012364894
17443,0.0128293615,0.00046523695,0.012364125
17444,0.012828566,0.00046527182,0.012363294
17445,0.01282765,0.00046509842,0.012362551
17446,0.012826874,0.00046529245,0.012361581
17447,0.012825787,0.00046511265,0.012360674
17448,0.012824798,0.00046515424,0.012359643
17449,0.012823923,0.00046521556,0.012358707
17450,0.012822882,0.00046510797,0.012357774
17451,0.012822133,0.0004652312,0.012356902
17452,0.012821332,0.0004652205,0.012356111
17453,0.012820405,0.00046523198,0.012355173
17454,0.012819668,0.0004653563,0.0123543115
17455,0.012818624,0.00046523951,0.012353385
17456,0.012817663,0.00046517263,0.012352491
17457,0.012816737,0.00046518692,0.01235155
17458,0.012816047,0.00046538294,0.0123506645
17459,0.0128152855,0.00046549315,0.012349793
17460,0.01281426,0.00046537007,0.01234889
17461,0.012813213,0.0004652139,0.012347999
17462,0.012812353,0.00046525383,0.012347099
17463,0.012811542,0.000465307,0.012346234
17464,0.012810509,0.00046519993,0.012345308
17465,0.012809757,0.00046533812,0.012344419
17466,0.012808933,0.00046539813,0.012343535
17467,0.012807957,0.00046531938,0.012342637
17468,0.012807096,0.00046538707,0.012341709
17469,0.012806112,0.0004653163,0.012340795
17470,0.012805338,0.000465429,0.012339909
17471,0.012804311,0.00046530174,0.012339009
17472,0.012803533,0.00046541705,0.012338116
17473,0.012802593,0.00046539283,0.0123372
17474,0.01280168,0.0004653954,0.012336285
17475,0.012800867,0.00046545846,0.0123354085
17476,0.012799772,0.0004652677,0.012334505
17477,0.012798934,0.00046532648,0.012333607
17478,0.012798088,0.00046537918,0.012332709
17479,0.012797124,0.00046529586,0.012331828
17480,0.012796117,0.0004652248,0.0123308925
17481,0.012795267,0.00046525715,0.01233001
17482,0.01279431,0.00046525412,0.012329056
17483,0.012793553,0.0004654017,0.012328152
17484,0.012792717,0.00046542115,0.012327296
17485,0.012791866,0.00046548134,0.012326385
17486,0.01279093,0.0004654443,0.012325486
17487,0.012789971,0.00046540445,0.012324567
17488,0.012789135,0.0004654564,0.0123236785
17489,0.012788256,0.0004654724,0.0123227835
17490,0.012787291,0.00046541935,0.012321872
17491,0.012786114,0.00046512295,0.012320991
17492,0.012785435,0.00046531303,0.012320122
17493,0.012784518,0.00046531545,0.012319203
17494,0.012783571,0.00046529374,0.012318278
17495,0.01278267,0.00046531102,0.0123173585
17496,0.012781951,0.00046547808,0.012316473
17497,0.012781156,0.0004656071,0.012315549
17498,0.012780145,0.00046544577,0.012314699
17499,0.012779481,0.0004656805,0.0123138
17500,0.012778433,0.0004655728,0.01231286
17501,0.012777675,0.0004657024,0.012311973
17502,0.012776607,0.0004655345,0.012311072
17503,0.012775761,0.00046564464,0.012310117
17504,0.012774807,0.000465578,0.012309229
17505,0.012773856,0.00046554388,0.012308312
17506,0.012773045,0.00046562785,0.012307418
17507,0.012772074,0.00046555823,0.012306516
17508,0.012771097,0.00046551475,0.012305582
17509,0.012770203,0.00046550485,0.012304698
17510,0.012769165,0.00046539254,0.012303773
17511,0.01276848,0.00046558064,0.0123029
17512,0.012767426,0.00046546172,0.012301964
17513,0.012766399,0.00046536422,0.012301035
17514,0.012765606,0.00046546914,0.0123001365
17515,0.012764782,0.0004655606,0.012299221
17516,0.01276366,0.00046534563,0.012298315
17517,0.012762902,0.0004655076,0.012297395
17518,0.012762014,0.00046553984,0.012296474
17519,0.012760971,0.00046541882,0.012295552
17520,0.012759934,0.00046527252,0.012294661
17521,0.012759166,0.0004654448,0.012293721
17522,0.012758293,0.00046548218,0.012292811
17523,0.012757567,0.0004656698,0.012291897
17524,0.01275657,0.00046557438,0.012290996
17525,0.012755783,0.00046567273,0.012290111
17526,0.012754693,0.00046555238,0.01228914
17527,0.012753833,0.0004655598,0.012288273
17528,0.012752865,0.00046553052,0.012287335
17529,0.0127520645,0.00046562613,0.012286439
17530,0.012751189,0.00046571693,0.012285472
17531,0.012750333,0.00046579092,0.012284542
17532,0.0127492715,0.00046566434,0.012283607
17533,0.012748372,0.00046562694,0.012282745
17534,0.012747307,0.00046552086,0.012281787
17535,0.012746561,0.00046565928,0.012280902
17536,0.012745638,0.0004656471,0.012279991
17537,0.012744817,0.00046569,0.012279127
17538,0.01274399,0.0004658349,0.012278155
17539,0.012743093,0.0004657853,0.012277308
17540,0.012742108,0.00046571073,0.012276397
17541,0.012741438,0.00046588347,0.012275554
17542,0.01274024,0.00046566917,0.012274572
17543,0.012739427,0.00046562002,0.012273807
17544,0.012738621,0.00046559848,0.012273022
17545,0.012737959,0.00046561778,0.012272341
17546,0.012737402,0.00046575587,0.0122716455
17547,0.012736835,0.00046556775,0.012271266
17548,0.012736642,0.0004656377,0.012271004
17549,0.012736835,0.000465534,0.012271301
17550,0.012737791,0.0004659987,0.012271793
17551,0.012739404,0.00046580672,0.0122735975
17552,0.012742623,0.00046618792,0.012276435
17553,0.012747595,0.00046610666,0.012281489
17554,0.012755347,0.000466959,0.012288389
17555,0.012765851,0.00046664668,0.012299204
17556,0.012779237,0.0004676315,0.012311605
17557,0.012792378,0.00046744972,0.012324928
17558,0.012800652,0.00046874527,0.012331907
17559,0.012796788,0.00046798753,0.0123288
17560,0.012778808,0.00046798086,0.012310827
17561,0.012751614,0.0004663688,0.012285245
17562,0.012728903,0.00046608495,0.012262818
17563,0.0127213225,0.00046585978,0.012255463
17564,0.012728438,0.00046600323,0.012262435
17565,0.0127409035,0.00046658108,0.012274322
17566,0.012747915,0.00046651872,0.012281396
17567,0.012743476,0.00046674203,0.012276734
17568,0.012730972,0.00046631007,0.0122646615
17569,0.0127188265,0.00046592142,0.012252905
17570,0.012714977,0.00046573294,0.012249244
17571,0.012719328,0.00046601592,0.012253311
17572,0.012725169,0.00046623443,0.012258935
17573,0.012727213,0.000466555,0.012260658
17574,0.012722247,0.00046648577,0.012255762
17575,0.012714754,0.00046591242,0.012248841
17576,0.012709673,0.00046562954,0.012244043
17577,0.012709698,0.00046572767,0.01224397
17578,0.012712719,0.00046594045,0.012246778
17579,0.012714516,0.0004663119,0.012248204
17580,0.012712903,0.00046601446,0.012246889
17581,0.012708838,0.0004660155,0.012242823
17582,0.012705066,0.00046583088,0.012239235
17583,0.012703507,0.00046571688,0.01223779
17584,0.012704325,0.00046605512,0.01223827
17585,0.012705049,0.00046588786,0.012239161
17586,0.012704533,0.0004660136,0.012238519
17587,0.012702369,0.00046570515,0.012236664
17588,0.012700122,0.00046598216,0.012234139
17589,0.012698325,0.00046589703,0.012232428
17590,0.012697689,0.00046582677,0.012231862
17591,0.01269778,0.00046599575,0.012231784
17592,0.012697601,0.0004659358,0.012231665
17593,0.012696517,0.00046606938,0.0122304475
17594,0.012694946,0.000466093,0.012228852
17595,0.012693451,0.00046619447,0.012227256
17596,0.012692337,0.00046612593,0.012226211
17597,0.012691718,0.00046606394,0.012225654
17598,0.012691287,0.0004661485,0.012225139
17599,0.012690563,0.00046603044,0.012224533
17600,0.012689465,0.00046605326,0.012223411
17601,0.012688452,0.0004662804,0.012222172
17602,0.012686973,0.0004659788,0.012220995
17603,0.012686058,0.00046600736,0.01222005
17604,0.012685216,0.000465847,0.012219369
17605,0.012684601,0.00046599796,0.012218603
17606,0.0126837855,0.00046592831,0.012217857
17607,0.012682936,0.0004661137,0.012216822
17608,0.012681919,0.00046613696,0.012215782
17609,0.012680821,0.0004660438,0.012214777
17610,0.012679744,0.00046587412,0.012213869
17611,0.012679,0.00046592357,0.012213076
17612,0.012678272,0.00046604947,0.012212222
17613,0.01267739,0.00046598568,0.012211405
17614,0.012676379,0.00046591597,0.012210463
17615,0.012675402,0.0004658828,0.012209519
17616,0.012674523,0.00046598027,0.012208542
17617,0.012673753,0.00046611653,0.012207637
17618,0.01267281,0.00046601277,0.0122067975
17619,0.012671741,0.00046582086,0.01220592
17620,0.012671084,0.0004660242,0.01220506
17621,0.012670027,0.00046585719,0.01220417
17622,0.01266924,0.00046594808,0.012203292
17623,0.012668145,0.00046579647,0.012202349
17624,0.012667307,0.00046590748,0.0122014
17625,0.012666449,0.00046593227,0.012200517
17626,0.012665624,0.00046599764,0.012199626
17627,0.012664654,0.00046590902,0.012198745
17628,0.012663774,0.00046590538,0.012197869
17629,0.012663007,0.000466014,0.0121969925
17630,0.012662162,0.00046612212,0.01219604
17631,0.012661412,0.00046621694,0.012195195
17632,0.012660381,0.00046610044,0.0121942805
17633,0.012659597,0.00046621478,0.012193383
17634,0.012658692,0.00046620288,0.012192489
17635,0.012657705,0.0004661114,0.012191594
17636,0.012656871,0.00046615483,0.012190716
17637,0.012655992,0.00046616828,0.012189824
17638,0.01265495,0.00046606397,0.012188886
17639,0.012654228,0.00046620754,0.01218802
17640,0.012653298,0.00046618018,0.012187118
17641,0.012652614,0.00046639028,0.012186224
17642,0.012651633,0.00046633685,0.012185296
17643,0.0126508875,0.00046647558,0.012184412
17644,0.0126498565,0.00046631278,0.012183543
17645,0.012648965,0.00046631202,0.012182653
17646,0.012648165,0.00046642192,0.012181743
17647,0.012647192,0.00046635277,0.01218084
17648,0.012646186,0.00046622028,0.012179966
17649,0.012645446,0.00046638976,0.012179056
17650,0.012644475,0.00046632276,0.012178153
17651,0.012643566,0.00046632314,0.012177243
17652,0.012642642,0.00046631816,0.012176324
17653,0.0126416385,0.00046618067,0.012175458
17654,0.01264057,0.00046603946,0.012174531
17655,0.012639754,0.00046613597,0.012173618
17656,0.012638827,0.00046610643,0.01217272
17657,0.01263794,0.00046608734,0.012171853
17658,0.012636924,0.0004659923,0.012170932
17659,0.012636219,0.00046619933,0.01217002
17660,0.012635305,0.00046620797,0.012169097
17661,0.012634294,0.00046610794,0.012168186
17662,0.012633443,0.00046608606,0.012167357
17663,0.012632465,0.00046604674,0.012166418
17664,0.012631695,0.0004661858,0.012165509
17665,0.012630944,0.00046633996,0.012164604
17666,0.012630064,0.00046635148,0.012163713
17667,0.012629186,0.00046637253,0.012162813
17668,0.012628131,0.00046625058,0.01216188
17669,0.012627351,0.00046632285,0.012161029
17670,0.012626412,0.00046633853,0.012160074
17671,0.012625553,0.0004663593,0.012159193
17672,0.012624602,0.00046636,0.012158242
17673,0.012623728,0.00046644296,0.012157286
17674,0.012622923,0.00046652323,0.0121564
17675,0.012622217,0.00046670283,0.012155514
17676,0.012621395,0.00046675763,0.012154638
17677,0.012620471,0.0004667402,0.012153732
17678,0.012619537,0.00046669896,0.0121528385
17679,0.012618515,0.00046665728,0.012151858
17680,0.012617669,0.00046670408,0.012150965
17681,0.012616794,0.0004667445,0.012150049
17682,0.012615798,0.00046661685,0.012149181
17683,0.012614958,0.00046667253,0.012148285
17684,0.012614117,0.00046672943,0.0121473875
17685,0.012613125,0.00046667925,0.012146446
17686,0.012612188,0.0004666684,0.01214552
17687,0.012611208,0.00046657416,0.012144634
17688,0.012610294,0.00046660146,0.012143692
17689,0.012609306,0.00046648903,0.012142817
17690,0.012608562,0.00046666028,0.012141901
17691,0.012607618,0.00046658478,0.012141033
17692,0.0126068955,0.0004667651,0.012140131
17693,0.012605685,0.00046653382,0.012139151
17694,0.012604936,0.00046669182,0.012138244
17695,0.012603887,0.00046654325,0.012137344
17696,0.012603025,0.00046660076,0.012136424
17697,0.012602318,0.0004668089,0.012135509
17698,0.012601347,0.00046676173,0.012134585
17699,0.01260041,0.00046677282,0.0121336365
17700,0.012599486,0.00046674794,0.012132738
17701,0.0125986375,0.00046680952,0.012131828
17702,0.012597769,0.0004668769,0.012130892
17703,0.01259681,0.00046681886,0.012129991
17704,0.01259594,0.0004668691,0.012129071
17705,0.012594864,0.0004667185,0.012128145
17706,0.012594042,0.00046680396,0.012127238
17707,0.012593048,0.00046672145,0.012126327
17708,0.012592104,0.00046671956,0.012125385
17709,0.012591326,0.00046681316,0.012124512
17710,0.012590437,0.0004668512,0.012123586
17711,0.012589372,0.0004666808,0.012122691
17712,0.01258857,0.0004668385,0.012121731
17713,0.012587584,0.0004667449,0.012120838
17714,0.0125867175,0.0004667844,0.012119933
17715,0.012585862,0.00046683688,0.012119025
17716,0.012584877,0.00046682442,0.012118053
17717,0.012583949,0.0004667467,0.012117202
17718,0.0125831505,0.00046683723,0.012116313
17719,0.012582358,0.00046697282,0.012115385
17720,0.012581277,0.0004668044,0.012114473
17721,0.012580455,0.00046685824,0.012113597
17722,0.012579685,0.00046694351,0.012112741
17723,0.012578708,0.00046682742,0.012111881
17724,0.012577964,0.0004669,0.012111064
17725,0.012577112,0.00046680766,0.012110304
17726,0.012576441,0.00046683487,0.0121096065
17727,0.012575706,0.00046672433,0.012108982
17728,0.012575439,0.00046695018,0.012108489
17729,0.012574811,0.00046650093,0.012108309
17730,0.0125753395,0.00046701267,0.012108327
17731,0.01257555,0.00046670344,0.012108847
17732,0.0125771025,0.00046711156,0.012109991
17733,0.012578965,0.00046681173,0.012112154
17734,0.012582937,0.00046746412,0.012115473
17735,0.012588144,0.00046746177,0.012120683
17736,0.012595325,0.00046815528,0.012127169
17737,0.012604134,0.00046783683,0.012136297
17738,0.012613402,0.00046870045,0.012144702
17739,0.012620543,0.00046885342,0.012151689
17740,0.012621309,0.0004690123,0.0121522965
17741,0.012613251,0.00046855415,0.012144697
17742,0.012596096,0.00046854778,0.012127548
17743,0.012576892,0.0004677259,0.012109166
17744,0.012562885,0.00046747777,0.012095408
17745,0.012559014,0.00046714785,0.012091867
17746,0.012564307,0.00046742466,0.012096883
17747,0.0125725055,0.00046772297,0.012104782
17748,0.012577634,0.00046778144,0.012109853
17749,0.012575885,0.00046821908,0.012107667
17750,0.012568187,0.0004676156,0.012100572
17751,0.012558907,0.00046759535,0.012091312
17752,0.012553094,0.00046735082,0.012085743
17753,0.012552599,0.00046716645,0.012085433
17754,0.0125559345,0.0004676324,0.0120883025
17755,0.012558751,0.0004673534,0.012091397
17756,0.012558919,0.00046766488,0.012091255
17757,0.012555431,0.00046715196,0.012088278
17758,0.012550729,0.00046736663,0.012083363
17759,0.012547069,0.00046727675,0.012079792
17760,0.012545858,0.00046718906,0.012078669
17761,0.012546529,0.0004673452,0.012079184
17762,0.012547873,0.00046754212,0.01208033
17763,0.012547516,0.00046739922,0.012080117
17764,0.012545906,0.000467343,0.012078563
17765,0.012543288,0.0004673216,0.012075966
17766,0.012541134,0.0004675267,0.012073607
17767,0.012539566,0.00046733159,0.012072234
17768,0.012539348,0.00046760458,0.012071743
17769,0.012539179,0.00046728732,0.012071892
17770,0.012538895,0.00046735757,0.012071538
17771,0.012538162,0.00046747073,0.012070691
17772,0.012536358,0.00046724407,0.0120691145
17773,0.0125347655,0.00046737597,0.01206739
17774,0.012533457,0.000467446,0.012066011
17775,0.012532585,0.00046749716,0.012065088
17776,0.012532247,0.00046763555,0.012064612
17777,0.012531499,0.0004674459,0.012064054
17778,0.012530957,0.0004675846,0.012063373
17779,0.012529867,0.00046751837,0.012062348
17780,0.012528582,0.00046748054,0.012061101
17781,0.012527324,0.0004674746,0.01205985
17782,0.012526229,0.00046742658,0.012058803
17783,0.012525516,0.00046748848,0.012058027
17784,0.01252468,0.00046733895,0.012057342
17785,0.0125241,0.0004674864,0.012056613
17786,0.012523283,0.00046753997,0.0120557435
17787,0.012522068,0.00046725094,0.012054817
17788,0.012521167,0.0004674597,0.012053708
17789,0.012520123,0.0004673828,0.012052741
17790,0.012519123,0.00046738886,0.012051734
17791,0.012518303,0.00046740085,0.012050902
17792,0.012517519,0.00046749882,0.0120500205
17793,0.012516731,0.00046757067,0.012049161
17794,0.012516051,0.000467682,0.012048368
17795,0.012515097,0.00046766674,0.0120474305
17796,0.012514198,0.00046767344,0.012046524
17797,0.012513258,0.00046766922,0.012045588
17798,0.012512219,0.00046756328,0.012044656
17799,0.012511417,0.00046770263,0.0120437145
17800,0.012510487,0.0004676631,0.012042824
17801,0.012509657,0.0004676627,0.012041994
17802,0.012508758,0.00046761255,0.012041146
17803,0.012507962,0.0004676857,0.012040276
17804,0.012507072,0.0004677165,0.012039355
17805,0.012506197,0.0004677077,0.01203849
17806,0.012505222,0.00046769308,0.012037529
17807,0.012504322,0.00046767885,0.012036644
17808,0.012503283,0.00046754125,0.0120357415
17809,0.012502347,0.00046751063,0.012034836
17810,0.012501559,0.00046758595,0.012033973
17811,0.0125007415,0.00046769317,0.012033048
17812,0.012499844,0.00046769137,0.012032152
17813,0.0124990055,0.0004677731,0.012031232
17814,0.012498059,0.00046767862,0.012030381
17815,0.012497145,0.00046769276,0.012029452
17816,0.01249618,0.00046763744,0.012028542
17817,0.012495249,0.00046760924,0.012027639
17818,0.0124943815,0.00046765944,0.012026723
17819,0.012493515,0.00046769658,0.012025819
17820,0.01249251,0.00046760327,0.012024906
17821,0.012491766,0.0004677457,0.012024021
17822,0.0124909,0.00046776756,0.012023132
17823,0.012490151,0.00046789105,0.012022261
17824,0.012489244,0.00046790208,0.012021342
17825,0.012488128,0.00046772807,0.0120204
17826,0.012487165,0.00046761578,0.012019549
17827,0.012486201,0.00046757062,0.01201863
17828,0.012485424,0.00046768785,0.012017736
17829,0.012484464,0.0004676238,0.01201684
17830,0.012483715,0.00046773412,0.012015981
17831,0.012482987,0.0004679199,0.012015067
17832,0.012481934,0.00046778627,0.012014148
17833,0.012481063,0.00046786942,0.012013193
17834,0.01248017,0.00046788304,0.012012286
17835,0.012479232,0.00046782402,0.012011408
17836,0.012478382,0.00046783738,0.012010545
17837,0.012477499,0.0004679036,0.0120095955
17838,0.012476478,0.00046775673,0.012008721
17839,0.01247562,0.0004677934,0.012007827
17840,0.012474779,0.0004678704,0.012006909
17841,0.012473704,0.00046773575,0.012005969
17842,0.01247286,0.00046774716,0.012005112
17843,0.012472165,0.00046796846,0.012004197
17844,0.012471188,0.00046786945,0.012003318
17845,0.012470323,0.00046793566,0.012002387
17846,0.012469364,0.00046787402,0.01200149
17847,0.012468603,0.00046801235,0.0120005915
17848,0.012467774,0.0004680855,0.011999688
17849,0.0124668395,0.00046807196,0.011998768
17850,0.012465979,0.00046808276,0.011997896
17851,0.012465067,0.00046809865,0.011996969
17852,0.012464263,0.00046817737,0.011996085
17853,0.01246318,0.00046801945,0.011995161
17854,0.012462364,0.0004681204,0.011994244
17855,0.012461397,0.00046806165,0.011993336
17856,0.01246057,0.00046811608,0.011992454
17857,0.012459613,0.0004680654,0.011991548
17858,0.012458842,0.00046823223,0.01199061
17859,0.012457872,0.00046817117,0.011989701
17860,0.012456996,0.00046820397,0.011988793
17861,0.012456015,0.00046815033,0.011987864
17862,0.012455088,0.0004680906,0.011986998
17863,0.012454212,0.00046817365,0.011986038
17864,0.012453471,0.0004682945,0.011985177
17865,0.012452473,0.0004682131,0.01198426
17866,0.012451598,0.00046819303,0.011983406
17867,0.012450711,0.000468201,0.01198251
17868,0.012449682,0.00046807242,0.011981609
17869,0.012448906,0.0004682199,0.011980686
17870,0.012448064,0.00046820776,0.0119798565
17871,0.012447196,0.00046825947,0.011978936
17872,0.012446313,0.0004682795,0.011978034
17873,0.01244531,0.00046815997,0.01197715
17874,0.012444505,0.0004682483,0.011976256
17875,0.01244353,0.0004681602,0.01197537
17876,0.012442968,0.0004683758,0.011974592
17877,0.01244199,0.0004682479,0.011973742
17878,0.012441323,0.000468296,0.011973027
17879,0.0124404505,0.00046815636,0.011972294
17880,0.012440182,0.0004684994,0.011971683
17881,0.01243957,0.0004684435,0.011971127
17882,0.012439228,0.00046833584,0.011970892
17883,0.012439022,0.00046834451,0.011970677
17884,0.012439688,0.0004686349,0.011971053
17885,0.012440353,0.00046858433,0.011971768
17886,0.0124419145,0.000468499,0.0119734155
17887,0.012444466,0.00046889728,0.011975569
17888,0.012448143,0.00046889973,0.011979244
17889,0.012453028,0.00046915698,0.011983871
17890,0.012459389,0.00046917057,0.011990218
17891,0.0124662705,0.00046979863,0.011996472
17892,0.012472035,0.00046958143,0.012002454
17893,0.012474628,0.00047009555,0.012004533
17894,0.012471532,0.00046972765,0.012001805
17895,0.012461781,0.00046964595,0.011992135
17896,0.012447846,0.00046921085,0.011978636
17897,0.012433567,0.00046885523,0.011964712
17898,0.012424536,0.0004685736,0.0119559625
17899,0.012422073,0.00046840674,0.011953666
17900,0.012425434,0.00046864507,0.011956789
17901,0.012431179,0.0004689105,0.0119622685
17902,0.012434673,0.00046889528,0.011965778
17903,0.0124345515,0.00046876245,0.011965789
17904,0.012429927,0.00046874696,0.01196118
17905,0.012423625,0.00046859495,0.01195503
17906,0.012417835,0.00046864612,0.011949189
17907,0.012414868,0.00046857444,0.0119462935
17908,0.012414999,0.00046861995,0.011946379
17909,0.012416721,0.00046867612,0.011948045
17910,0.012418148,0.00046851393,0.011949634
17911,0.012418143,0.00046891146,0.011949232
17912,0.01241599,0.00046857237,0.011947418
17913,0.012412706,0.0004686602,0.011944046
17914,0.012409436,0.0004683872,0.011941048
17915,0.012407717,0.00046860994,0.011939107
17916,0.012407167,0.00046859245,0.011938575
17917,0.012407519,0.00046865767,0.011938862
17918,0.012407531,0.00046853677,0.011938994
17919,0.012407277,0.00046865692,0.011938619
17920,0.012405755,0.0004685866,0.011937168
17921,0.01240398,0.00046853782,0.011935442
17922,0.012402183,0.0004686721,0.011933511
17923,0.012400719,0.00046861984,0.011932099
17924,0.012399899,0.0004686505,0.011931248
17925,0.0123994155,0.00046869493,0.011930721
17926,0.012399106,0.00046866183,0.011930444
17927,0.012398472,0.00046866995,0.011929802
17928,0.012397687,0.0004687887,0.011928898
17929,0.0123963645,0.00046876483,0.0119276
17930,0.012395028,0.000468709,0.011926319
17931,0.012393708,0.00046863253,0.011925076
17932,0.012392661,0.0004686154,0.011924045
17933,0.012391897,0.00046871617,0.011923181
17934,0.012391329,0.00046884545,0.011922483
17935,0.012390596,0.0004688021,0.011921794
17936,0.012389919,0.00046896914,0.011920949
17937,0.0123889465,0.0004688741,0.011920072
17938,0.0123879565,0.00046890957,0.011919047
17939,0.012386772,0.0004687593,0.011918013
17940,0.012385767,0.00046881475,0.011916952
17941,0.012384761,0.00046874027,0.011916021
17942,0.012383917,0.00046873212,0.0119151855
17943,0.0123831,0.0004687595,0.01191434
17944,0.012382249,0.00046866966,0.01191358
17945,0.012381447,0.000468772,0.011912675
17946,0.012380678,0.0004688952,0.011911783
17947,0.012379602,0.00046874976,0.011910852
17948,0.0123786945,0.00046879795,0.0119098965
17949,0.012377701,0.00046880057,0.0119089
17950,0.01237682,0.00046886198,0.0119079575
17951,0.012375904,0.0004688519,0.011907052
17952,0.012375091,0.0004689365,0.011906154
17953,0.0123743415,0.00046902933,0.011905313
17954,0.012373376,0.0004689233,0.011904452
17955,0.012372622,0.00046898818,0.011903634
17956,0.012371694,0.0004690206,0.011902673
17957,0.012370853,0.00046906472,0.011901788
17958,0.012369899,0.0004690659,0.011900833
17959,0.012369168,0.00046924478,0.011899923
17960,0.01236804,0.00046907068,0.011898969
17961,0.012367248,0.00046914307,0.011898104
17962,0.0123661915,0.00046898503,0.011897206
17963,0.012365328,0.000469062,0.011896266
17964,0.01236439,0.00046899696,0.011895393
17965,0.012363728,0.0004691902,0.011894538
17966,0.01236281,0.0004691804,0.011893629
17967,0.012361945,0.00046920995,0.011892735
17968,0.012361151,0.00046932264,0.011891829
17969,0.0123602925,0.00046934868,0.011890944
17970,0.012359453,0.00046940867,0.011890044
17971,0.012358527,0.00046943035,0.011889096
17972,0.012357715,0.00046950852,0.011888206
17973,0.012356655,0.00046933905,0.011887316
17974,0.012355723,0.00046932723,0.011886396
17975,0.012354785,0.0004692857,0.011885499
17976,0.012353918,0.0004693391,0.0118845785
17977,0.012352938,0.0004692479,0.01188369
17978,0.012352077,0.0004692691,0.011882808
17979,0.012351163,0.00046926955,0.0118818935
17980,0.012350367,0.0004693656,0.011881002
17981,0.012349432,0.00046934455,0.011880088
17982,0.012348613,0.00046941524,0.011879197
17983,0.012347883,0.00046957546,0.011878307
17984,0.012346745,0.00046935774,0.011877387
17985,0.012345798,0.000469321,0.011876477
17986,0.012344933,0.00046940654,0.011875527
17987,0.012343922,0.00046928003,0.011874641
17988,0.012343088,0.00046937898,0.011873709
17989,0.012342243,0.00046940643,0.011872837
17990,0.012341408,0.00046952444,0.011871884
17991,0.012340582,0.00046955442,0.011871028
17992,0.012339496,0.00046938082,0.011870115
17993,0.012338491,0.00046930733,0.011869184
17994,0.012337736,0.00046948096,0.011868255
17995,0.012336775,0.00046942706,0.011867348
17996,0.012335847,0.00046939135,0.011866456
17997,0.012334951,0.00046942878,0.011865523
17998,0.012334114,0.00046949796,0.011864616
17999,0.0123331975,0.00046947756,0.01186372
18000,0.0123323295,0.000469503,0.0118628265
18001,0.012331447,0.00046953044,0.011861917
18002,0.012330453,0.00046945608,0.0118609965
18003,0.012329657,0.0004695602,0.011860097
18004,0.012328804,0.0004696139,0.01185919
18005,0.012328059,0.00046981778,0.011858242
18006,0.012327013,0.0004696592,0.011857353
18007,0.012326046,0.0004696227,0.011856423
18008,0.012325232,0.00046971202,0.01185552
18009,0.012324282,0.00046973868,0.011854543
18010,0.0123234885,0.00046985742,0.011853631
18011,0.012322402,0.00046965262,0.011852749
18012,0.012321466,0.0004695759,0.01185189
18013,0.012320569,0.0004696358,0.011850933
18014,0.012319633,0.00046963635,0.011849997
18015,0.012318818,0.0004697197,0.011849098
18016,0.012317897,0.00046973565,0.011848161
18017,0.012317092,0.0004697847,0.011847308
18018,0.012316134,0.0004697893,0.011846345
18019,0.0123152,0.00046973984,0.01184546
18020,0.012314217,0.00046973448,0.011844482
18021,0.012313225,0.00046963667,0.011843588
18022,0.012312293,0.00046959805,0.011842695
18023,0.01231138,0.00046961405,0.011841767
18024,0.012310507,0.0004696618,0.0118408445
18025,0.012309748,0.00046979712,0.01183995
18026,0.012308864,0.00046978056,0.011839083
18027,0.012307972,0.00046979458,0.011838177
18028,0.012307096,0.00046984333,0.011837253
18029,0.012306212,0.00046981,0.011836402
18030,0.012305408,0.0004697424,0.011835665
18031,0.012304613,0.00046974377,0.011834869
18032,0.0123040695,0.000469836,0.011834233
18033,0.012303477,0.00046979514,0.011833682
18034,0.012303581,0.0004700675,0.011833514
18035,0.012303435,0.00046981577,0.011833619
18036,0.01230454,0.00046996181,0.011834578
18037,0.012306575,0.00047008283,0.0118364915
18038,0.01231082,0.00047011563,0.011840704
18039,0.012317973,0.00047074803,0.011847225
18040,0.012329156,0.00047068993,0.011858466
18041,0.0123460675,0.00047149687,0.0118745705
18042,0.012367589,0.00047185743,0.011895732
18043,0.012389469,0.0004730356,0.011916433
18044,0.012400115,0.00047310762,0.011927008
18045,0.012386899,0.0004731944,0.011913705
18046,0.012349663,0.0004714449,0.0118782185
18047,0.012308738,0.00047086546,0.011837873
18048,0.012289199,0.0004698964,0.011819303
18049,0.012298471,0.0004701222,0.011828349
18050,0.012320787,0.00047118383,0.011849603
18051,0.0123324515,0.000471323,0.011861129
18052,0.012322317,0.00047161637,0.011850701
18053,0.0122993365,0.00047032294,0.011829014
18054,0.012284677,0.0004701461,0.01181453
18055,0.012287839,0.000470241,0.011817599
18056,0.012300137,0.0004704974,0.01182964
18057,0.012305331,0.00047087664,0.011834455
18058,0.012297649,0.00047067902,0.01182697
18059,0.01228471,0.00047029214,0.011814418
18060,0.012279024,0.00047006362,0.011808961
18061,0.012282918,0.00047012416,0.011812794
18062,0.012288734,0.00047027762,0.011818456
18063,0.012288485,0.00047024502,0.011818239
18064,0.012281928,0.00047047503,0.011811453
18065,0.012275433,0.00047001388,0.011805419
18066,0.012274629,0.00047023233,0.011804397
18067,0.012277782,0.000470405,0.0118073765
18068,0.012279197,0.0004701301,0.011809067
18069,0.012276849,0.00047050396,0.011806345
18070,0.0122721605,0.00047019531,0.011801966
18071,0.012269588,0.00047020087,0.011799388
18072,0.012270316,0.00047037925,0.011799936
18073,0.01227126,0.0004701406,0.011801119
18074,0.012270661,0.0004702386,0.011800422
18075,0.012268105,0.000470134,0.01179797
18076,0.012265453,0.00047009767,0.011795355
18077,0.012264459,0.00047005274,0.011794407
18078,0.012264738,0.00047010527,0.011794632
18079,0.012264782,0.00047027078,0.011794511
18080,0.012263703,0.00047030344,0.0117934
18081,0.01226161,0.0004702532,0.011791356
18082,0.01226029,0.0004703431,0.011789947
18083,0.012259707,0.00047041214,0.011789295
18084,0.012259274,0.00047023172,0.0117890425
18085,0.012258742,0.00047029674,0.0117884455
18086,0.012257424,0.00047032797,0.011787096
18087,0.012256238,0.00047045122,0.011785787
18088,0.012255143,0.00047042867,0.011784715
18089,0.012254501,0.00047043798,0.011784063
18090,0.0122538945,0.00047042963,0.011783465
18091,0.0122529995,0.00047037465,0.011782625
18092,0.012252046,0.00047043484,0.011781611
18093,0.012250955,0.00047053475,0.01178042
18094,0.012249956,0.0004704647,0.011779491
18095,0.012249174,0.00047045175,0.011778722
18096,0.012248551,0.00047047378,0.011778077
18097,0.012247765,0.000470504,0.011777261
18098,0.012246725,0.0004705234,0.011776201
18099,0.012245616,0.00047033947,0.011775277
18100,0.012244702,0.0004703455,0.0117743565
18101,0.01224397,0.00047048627,0.011773484
18102,0.012243183,0.00047046115,0.011772722
18103,0.012242377,0.0004705328,0.011771844
18104,0.012241345,0.00047031464,0.011771031
18105,0.0122403875,0.00047037803,0.011770009
18106,0.012239545,0.00047043196,0.011769113
18107,0.012238698,0.0004704305,0.0117682675
18108,0.012237921,0.0004704753,0.011767446
18109,0.012237116,0.00047045172,0.011766664
18110,0.012236293,0.000470606,0.011765688
18111,0.012235369,0.00047052038,0.011764849
18112,0.012234534,0.0004706124,0.011763922
18113,0.012233656,0.00047058568,0.01176307
18114,0.012232833,0.0004706104,0.011762222
18115,0.012232018,0.0004706364,0.011761381
18116,0.01223113,0.0004705986,0.011760532
18117,0.012230357,0.000470727,0.01175963
18118,0.012229382,0.00047061912,0.011758763
18119,0.012228549,0.00047064378,0.011757906
18120,0.01222779,0.00047077544,0.011757015
18121,0.012226846,0.0004707322,0.011756114
18122,0.012225891,0.00047063435,0.011755257
18123,0.012225152,0.00047073397,0.011754418
18124,0.01222429,0.00047072125,0.011753568
18125,0.012223446,0.00047077294,0.0117526725
18126,0.0122225685,0.00047079747,0.011751771
18127,0.012221603,0.00047068662,0.011750916
18128,0.01222078,0.00047069718,0.011750083
18129,0.012219961,0.00047075687,0.011749204
18130,0.012219166,0.0004708445,0.011748322
18131,0.012218253,0.00047081738,0.011747436
18132,0.012217377,0.00047081208,0.011746565
18133,0.01221662,0.00047092157,0.011745699
18134,0.012215634,0.00047082303,0.011744811
18135,0.012214764,0.00047080655,0.011743957
18136,0.0122138485,0.00047079066,0.0117430575
18137,0.012213097,0.00047088024,0.011742217
18138,0.012212243,0.00047090877,0.011741335
18139,0.012211359,0.00047093994,0.011740419
18140,0.0122103,0.00047077294,0.011739527
18141,0.012209536,0.00047084028,0.011738695
18142,0.012208634,0.0004708135,0.011737821
18143,0.012207859,0.00047090527,0.011736954
18144,0.012207075,0.00047098135,0.011736094
18145,0.012206263,0.00047107897,0.011735184
18146,0.012205377,0.00047106738,0.01173431
18147,0.012204604,0.00047116223,0.011733442
18148,0.01220371,0.00047113554,0.011732575
18149,0.012202821,0.00047113773,0.011731683
18150,0.012201864,0.00047103837,0.0117308255
18151,0.012200945,0.00047099506,0.01172995
18152,0.012200239,0.0004711774,0.011729062
18153,0.012199346,0.00047115964,0.011728186
18154,0.012198413,0.0004711005,0.011727313
18155,0.012197602,0.0004711911,0.01172641
18156,0.012196706,0.00047115196,0.011725553
18157,0.012195785,0.00047114294,0.011724642
18158,0.012194973,0.00047114544,0.011723828
18159,0.01219412,0.00047124975,0.01172287
18160,0.012193196,0.00047117536,0.011722021
18161,0.012192488,0.00047133956,0.011721148
18162,0.012191415,0.00047115015,0.011720264
18163,0.012190617,0.00047122777,0.011719389
18164,0.012189713,0.0004712064,0.011718507
18165,0.012188786,0.00047118968,0.011717596
18166,0.0121879345,0.00047120772,0.011716727
18167,0.0121871,0.00047128432,0.011715815
18168,0.012186411,0.00047146206,0.011714948
18169,0.012185575,0.0004715496,0.011714025
18170,0.012184759,0.00047155205,0.011713207
18171,0.012183808,0.00047149925,0.011712309
18172,0.012182787,0.00047137734,0.011711409
18173,0.012181986,0.00047144375,0.011710542
18174,0.012181133,0.0004715053,0.011709628
18175,0.0121802455,0.0004714839,0.011708762
18176,0.012179239,0.00047133424,0.011707905
18177,0.012178338,0.0004713782,0.011706959
18178,0.012177436,0.00047135112,0.011706085
18179,0.012176566,0.00047136727,0.011705198
18180,0.012175787,0.00047147812,0.011704309
18181,0.012174975,0.00047150612,0.011703469
18182,0.012174131,0.0004715813,0.01170255
18183,0.012173392,0.0004716947,0.0117016975
18184,0.012172425,0.00047159183,0.011700833
18185,0.012171577,0.00047162393,0.011699953
18186,0.012170515,0.00047148447,0.01169903
18187,0.012169698,0.00047154742,0.011698151
18188,0.012168659,0.00047137085,0.011697288
18189,0.012167908,0.00047146855,0.011696439
18190,0.012167093,0.00047159198,0.011695501
18191,0.012166244,0.0004716346,0.011694609
18192,0.012165212,0.00047149285,0.011693719
18193,0.012164282,0.00047137734,0.011692904
18194,0.01216325,0.00047134218,0.011691907
18195,0.012162496,0.0004714513,0.011691045
18196,0.012161521,0.00047135653,0.011690165
18197,0.012160695,0.0004713897,0.011689305
18198,0.012159698,0.0004712941,0.011688404
18199,0.012158805,0.00047134713,0.011687458
18200,0.012157941,0.00047135656,0.011686585
18201,0.012157057,0.00047131727,0.01168574
18202,0.012156136,0.0004713002,0.011684836
18203,0.012155471,0.00047152664,0.011683945
18204,0.012154471,0.00047140298,0.011683068
18205,0.01215364,0.00047148866,0.011682152
18206,0.012152549,0.00047129433,0.011681255
18207,0.012151862,0.0004715243,0.011680338
18208,0.012150806,0.00047132422,0.011679482
18209,0.012150159,0.00047155385,0.011678605
18210,0.012149154,0.00047148927,0.011677665
18211,0.012148324,0.00047154492,0.011676779
18212,0.012147483,0.00047158444,0.011675899
18213,0.012146588,0.00047160365,0.011674984
18214,0.012145828,0.00047175097,0.011674077
18215,0.012144819,0.0004716373,0.011673181
18216,0.012144005,0.00047169198,0.011672313
18217,0.012143056,0.00047169032,0.011671365
18218,0.012142528,0.00047206198,0.011670466
18219,0.012141427,0.00047187737,0.01166955
18220,0.012140399,0.00047173558,0.0116686635
18221,0.01213955,0.00047177356,0.011667777
18222,0.012138563,0.0004716466,0.011666916
18223,0.012137728,0.00047172254,0.0116660055
18224,0.012136875,0.00047173788,0.011665137
18225,0.012136025,0.00047178895,0.011664236
18226,0.012134928,0.0004716413,0.011663287
18227,0.012134392,0.0004719729,0.011662419
18228,0.012133504,0.00047197076,0.011661533
18229,0.012132646,0.0004719648,0.011660681
18230,0.012131711,0.00047192123,0.011659789
18231,0.012130769,0.00047193543,0.011658833
18232,0.012129781,0.0004718369,0.011657944
18233,0.012128915,0.00047188264,0.011657032
18234,0.012128027,0.0004718451,0.011656182
18235,0.012127143,0.00047193424,0.011655209
18236,0.012126364,0.0004720241,0.01165434
18237,0.012125515,0.00047206497,0.01165345
18238,0.012124536,0.00047199006,0.011652546
18239,0.012123709,0.0004720845,0.011651624
18240,0.012122884,0.0004721431,0.011650741
18241,0.012122101,0.0004722379,0.011649863
18242,0.012121237,0.00047226716,0.01164897
18243,0.012120176,0.00047212624,0.01164805
18244,0.012119301,0.0004721169,0.011647183
18245,0.012118238,0.00047202417,0.011646214
18246,0.012117378,0.00047204382,0.011645335
18247,0.012116565,0.00047211547,0.01164445
18248,0.0121157905,0.00047213637,0.011643654
18249,0.0121149095,0.0004721384,0.011642771
18250,0.012114018,0.00047209975,0.011641919
18251,0.012113272,0.00047223314,0.0116410395
18252,0.012112326,0.00047206573,0.01164026
18253,0.0121118,0.00047224638,0.011639553
18254,0.012111008,0.00047202472,0.011638983
18255,0.0121104615,0.00047215522,0.011638306
18256,0.012110148,0.0004721774,0.01163797
18257,0.012109943,0.000472246,0.011637697
18258,0.012110041,0.0004721269,0.011637915
18259,0.012110608,0.00047224376,0.011638364
18260,0.012112171,0.0004724245,0.011639747
18261,0.012114458,0.00047266693,0.011641791
18262,0.01211825,0.00047258896,0.011645661
18263,0.012123229,0.00047278553,0.011650443
18264,0.012130572,0.00047314988,0.011657422
18265,0.0121389935,0.00047369083,0.011665302
18266,0.012147621,0.00047374092,0.011673881
18267,0.012152946,0.00047418187,0.011678764
18268,0.012152063,0.0004735963,0.011678467
18269,0.012143154,0.00047398248,0.011669171
18270,0.012126949,0.00047288396,0.011654065
18271,0.012109712,0.00047248878,0.011637223
18272,0.012097807,0.00047248678,0.01162532
18273,0.012094362,0.0004722108,0.011622151
18274,0.012098227,0.00047251105,0.0116257155
18275,0.012105176,0.00047260502,0.011632571
18276,0.0121097015,0.00047274656,0.011636955
18277,0.012108986,0.00047271608,0.01163627
18278,0.012103192,0.00047272054,0.011630471
18279,0.012095222,0.00047260546,0.011622617
18280,0.012089209,0.00047262182,0.011616587
18281,0.012086945,0.00047250345,0.011614441
18282,0.012088738,0.00047245284,0.011616286
18283,0.01209183,0.0004727436,0.011619086
18284,0.012093142,0.00047279825,0.011620344
18285,0.01209161,0.00047288788,0.011618721
18286,0.0120873405,0.0004725241,0.011614816
18287,0.012083301,0.00047266643,0.011610635
18288,0.012080792,0.00047263977,0.011608153
18289,0.01208037,0.00047260008,0.011607771
18290,0.012081345,0.00047267726,0.011608668
18291,0.012081704,0.00047252022,0.011609184
18292,0.012081332,0.00047266186,0.0116086695
18293,0.012079287,0.00047247205,0.011606815
18294,0.012077005,0.0004726419,0.011604363
18295,0.01207495,0.00047244685,0.011602503
18296,0.012073929,0.00047265997,0.011601269
18297,0.012073322,0.00047251632,0.011600805
18298,0.012073136,0.00047243614,0.0116007
18299,0.0120729655,0.00047259446,0.011600371
18300,0.012071952,0.00047240846,0.0115995435
18301,0.012070723,0.00047263078,0.0115980925
18302,0.012069163,0.00047247217,0.011596691
18303,0.012067774,0.00047249618,0.011595278
18304,0.012066778,0.00047251186,0.011594266
18305,0.012066153,0.00047252234,0.011593631
18306,0.012065685,0.0004726462,0.011593039
18307,0.012065227,0.00047277147,0.011592456
18308,0.01206421,0.00047267243,0.011591538
18309,0.012063105,0.00047256175,0.011590543
18310,0.012062114,0.00047284213,0.011589272
18311,0.012060864,0.00047263692,0.011588227
18312,0.01205994,0.00047262752,0.011587312
18313,0.012059191,0.000472733,0.011586458
18314,0.012058539,0.00047276774,0.011585772
18315,0.01205784,0.00047284004,0.011585
18316,0.012056991,0.00047279082,0.011584201
18317,0.0120561095,0.00047285252,0.011583257
18318,0.0120551735,0.00047289088,0.011582282
18319,0.012054213,0.0004729004,0.011581313
18320,0.012053189,0.00047280808,0.011580381
18321,0.012052234,0.0004727829,0.011579451
18322,0.012051561,0.00047296044,0.011578601
18323,0.012050664,0.0004728756,0.011577789
18324,0.012049896,0.0004728745,0.011577021
18325,0.0120489625,0.00047283206,0.01157613
18326,0.012048079,0.00047289932,0.011575179
18327,0.012047099,0.00047278387,0.011574315
18328,0.012046162,0.0004727444,0.011573418
18329,0.01204524,0.00047273244,0.011572507
18330,0.012044444,0.00047284795,0.011571595
18331,0.012043606,0.00047283754,0.011570768
18332,0.012042795,0.00047291166,0.011569884
18333,0.012041908,0.00047288433,0.011569023
18334,0.012041097,0.00047293724,0.01156816
18335,0.012040325,0.00047300025,0.011567325
18336,0.0120395,0.0004730057,0.011566495
18337,0.012038647,0.00047306507,0.011565582
18338,0.012037567,0.00047283844,0.011564729
18339,0.012036818,0.00047297517,0.011563843
18340,0.012035847,0.00047292432,0.011562922
18341,0.012035041,0.000473012,0.011562029
18342,0.012034049,0.0004729157,0.011561134
18343,0.012033292,0.0004729618,0.01156033
18344,0.012032463,0.00047304464,0.011559418
18345,0.012031591,0.00047304403,0.011558547
18346,0.012030595,0.00047292697,0.011557668
18347,0.012029766,0.0004729451,0.011556821
18348,0.012028911,0.00047297997,0.0115559315
18349,0.012028035,0.0004730328,0.011555002
18350,0.012027206,0.00047305037,0.0115541555
18351,0.012026455,0.00047320058,0.011553255
18352,0.012025603,0.00047323154,0.011552372
18353,0.012024673,0.0004731783,0.011551495
18354,0.012023863,0.00047323428,0.0115506295
18355,0.012023076,0.00047330078,0.0115497755
18356,0.012022212,0.00047334505,0.011548867
18357,0.012021241,0.0004732656,0.011547975
18358,0.012020413,0.0004733032,0.01154711
18359,0.012019516,0.00047327526,0.011546241
18360,0.012018594,0.00047323984,0.0115453545
18361,0.012017605,0.00047315078,0.011544454
18362,0.012016877,0.0004732875,0.011543589
18363,0.012015946,0.00047325465,0.011542692
18364,0.0120152235,0.00047339086,0.011541832
18365,0.01201428,0.0004733342,0.011540946
18366,0.012013383,0.00047329062,0.0115400925
18367,0.012012488,0.0004732644,0.011539224
18368,0.012011586,0.00047324155,0.011538344
18369,0.012010771,0.00047331743,0.011537453
18370,0.012009936,0.00047339202,0.011536544
18371,0.012009044,0.00047336967,0.011535674
18372,0.012008298,0.00047352197,0.011534777
18373,0.012007295,0.0004733703,0.011533924
18374,0.012006411,0.0004733766,0.011533035
18375,0.0120054735,0.00047334985,0.011532123
18376,0.012004704,0.0004734132,0.011531291
18377,0.012003874,0.00047346798,0.011530407
18378,0.0120028,0.00047331586,0.011529484
18379,0.012002139,0.00047353344,0.011528606
18380,0.012001174,0.00047345393,0.01152772
18381,0.012000395,0.0004735081,0.011526887
18382,0.011999459,0.00047352043,0.011525938
18383,0.011998656,0.00047360422,0.011525052
18384,0.011997683,0.0004734986,0.011524185
18385,0.011996971,0.00047366114,0.01152331
18386,0.011996035,0.00047362255,0.011522413
18387,0.011995203,0.00047366385,0.011521539
18388,0.011994308,0.0004736227,0.011520685
18389,0.011993609,0.00047378754,0.011519822
18390,0.011992689,0.0004738093,0.01151888
18391,0.011991747,0.00047372395,0.011518023
18392,0.011990836,0.0004736908,0.011517145
18393,0.011990004,0.00047371222,0.011516292
18394,0.011989013,0.00047363885,0.011515374
18395,0.011988036,0.00047353137,0.011514505
18396,0.011987225,0.00047357546,0.0115136495
18397,0.01198641,0.00047357674,0.011512834
18398,0.011985468,0.0004735455,0.011511922
18399,0.0119848205,0.0004737251,0.011511096
18400,0.011983755,0.0004735016,0.011510254
18401,0.0119831,0.0004735807,0.01150952
18402,0.011982376,0.00047360038,0.011508775
18403,0.01198178,0.00047368938,0.01150809
18404,0.011981252,0.00047383065,0.011507421
18405,0.011980646,0.0004736638,0.011506982
18406,0.011980423,0.0004737348,0.011506688
18407,0.011980516,0.00047377055,0.011506746
18408,0.0119808875,0.0004738222,0.011507065
18409,0.011982038,0.0004739393,0.011508099
18410,0.011983729,0.00047399048,0.011509739
18411,0.011986659,0.00047385998,0.011512799
18412,0.011991213,0.00047445117,0.011516762
18413,0.011997402,0.00047447532,0.011522926
18414,0.012005548,0.00047517446,0.011530373
18415,0.012014006,0.000475067,0.01153894
18416,0.012021809,0.0004756154,0.011546194
18417,0.012024973,0.00047507504,0.0115498975
18418,0.012020618,0.0004755985,0.011545019
18419,0.012007533,0.00047496648,0.0115325665
18420,0.011989474,0.00047469581,0.011514778
18421,0.011973321,0.00047415454,0.0114991665
18422,0.01196492,0.00047390725,0.011491013
18423,0.011965808,0.0004740068,0.011491802
18424,0.011972671,0.00047421205,0.01149846
18425,0.01197953,0.00047453342,0.011504997
18426,0.011981826,0.00047439555,0.011507431
18427,0.011977503,0.00047430996,0.0115031935
18428,0.011969378,0.00047424418,0.011495134
18429,0.011961416,0.0004739836,0.011487433
18430,0.01195754,0.00047381627,0.011483724
18431,0.011958416,0.00047391708,0.011484498
18432,0.0119614145,0.00047397875,0.011487436
18433,0.011963919,0.00047416435,0.011489755
18434,0.011963184,0.0004742002,0.011488983
18435,0.011959746,0.00047411217,0.011485633
18436,0.011955302,0.00047396356,0.011481339
18437,0.011952091,0.00047393862,0.011478152
18438,0.011950968,0.00047392418,0.011477044
18439,0.011951573,0.00047388262,0.01147769
18440,0.011952549,0.00047386036,0.011478689
18441,0.011952662,0.00047412148,0.0114785405
18442,0.011951512,0.00047436552,0.011477146
18443,0.011948931,0.00047409197,0.011474839
18444,0.011946528,0.00047404182,0.011472486
18445,0.011945083,0.00047418044,0.011470903
18446,0.011944125,0.00047382485,0.0114703
18447,0.011944287,0.0004740748,0.011470213
18448,0.01194394,0.00047392602,0.011470014
18449,0.011943547,0.00047411627,0.011469431
18450,0.011942224,0.00047413737,0.011468086
18451,0.011940608,0.00047410588,0.011466502
18452,0.011939147,0.000474138,0.011465008
18453,0.0119381845,0.00047422582,0.011463959
18454,0.011937416,0.00047412908,0.011463287
18455,0.011936946,0.000474152,0.011462794
18456,0.011936366,0.0004741615,0.011462204
18457,0.011935567,0.00047420754,0.011461359
18458,0.011934466,0.00047409255,0.011460373
18459,0.011933427,0.0004742348,0.011459192
18460,0.011932383,0.00047427014,0.011458113
18461,0.0119315805,0.00047447285,0.011457108
18462,0.0119307535,0.00047445542,0.011456298
18463,0.01192984,0.000474203,0.0114556365
18464,0.011929372,0.0004744808,0.011454891
18465,0.011928365,0.0004742857,0.011454079
18466,0.011927671,0.00047452498,0.011453146
18467,0.011926623,0.00047439066,0.0114522325
18468,0.011925636,0.00047444284,0.011451193
18469,0.011924772,0.00047453778,0.011450234
18470,0.011923932,0.00047460795,0.011449324
18471,0.011922816,0.00047432457,0.011448491
18472,0.011922076,0.00047438178,0.011447694
18473,0.011921209,0.00047436985,0.011446839
18474,0.011920329,0.00047432547,0.011446004
18475,0.011919651,0.0004745496,0.011445101
18476,0.01191867,0.00047446805,0.011444202
18477,0.011917761,0.0004744599,0.011443301
18478,0.011916892,0.00047446034,0.011442431
18479,0.011915928,0.00047439165,0.011441536
18480,0.011915133,0.00047444782,0.011440686
18481,0.011914206,0.00047436272,0.011439843
18482,0.011913404,0.00047440047,0.011439003
18483,0.011912535,0.00047439235,0.0114381425
18484,0.0119116735,0.00047438612,0.011437288
18485,0.011910712,0.00047430923,0.011436403
18486,0.011909598,0.00047406802,0.011435529
18487,0.011908787,0.0004741308,0.011434657
18488,0.01190799,0.00047419916,0.011433791
18489,0.0119071845,0.00047427742,0.011432908
18490,0.011906258,0.00047420926,0.011432049
18491,0.011905428,0.00047423926,0.011431188
18492,0.011904769,0.00047445524,0.011430314
18493,0.011903886,0.0004744697,0.011429416
18494,0.011902988,0.00047444698,0.011428541
18495,0.011902321,0.00047457832,0.011427742
18496,0.011901481,0.00047465012,0.011426831
18497,0.011900526,0.00047459596,0.011425929
18498,0.011899604,0.0004745451,0.011425059
18499,0.011898702,0.00047448798,0.011424214
18500,0.011897987,0.00047466616,0.0114233205
18501,0.011896982,0.0004745468,0.011422435
18502,0.01189616,0.00047456057,0.011421599
18503,0.011895332,0.00047452401,0.011420808
18504,0.011894418,0.00047455897,0.011419859
18505,0.011893531,0.00047454942,0.0114189815
18506,0.011892701,0.0004745912,0.01141811
18507,0.011891781,0.00047454063,0.011417241
18508,0.011890816,0.00047445713,0.011416359
18509,0.0118900435,0.00047453307,0.01141551
18510,0.011889172,0.00047454567,0.011414626
18511,0.01188837,0.0004746252,0.011413745
18512,0.011887304,0.0004744663,0.011412838
18513,0.011886527,0.00047453944,0.011411987
18514,0.0118856635,0.0004745379,0.011411126
18515,0.011884883,0.00047463927,0.011410244
18516,0.011884019,0.00047462835,0.011409391
18517,0.011883094,0.0004745725,0.011408522
18518,0.011882287,0.00047468452,0.011407603
18519,0.0118814865,0.0004747037,0.011406783
18520,0.0118806055,0.00047472058,0.011405885
18521,0.011879596,0.00047457975,0.011405016
18522,0.01187866,0.00047449901,0.011404161
18523,0.011877995,0.00047472716,0.011403268
18524,0.011877079,0.0004747075,0.011402371
18525,0.0118762385,0.00047473505,0.011401503
18526,0.011875379,0.00047476465,0.011400614
18527,0.011874564,0.000474813,0.011399751
18528,0.011873626,0.00047474162,0.0113988845
18529,0.011872854,0.00047483266,0.011398021
18530,0.011871975,0.00047488487,0.01139709
18531,0.011871075,0.00047487536,0.011396199
18532,0.011870316,0.00047492379,0.011395392
18533,0.011869334,0.0004748663,0.011394467
18534,0.011868435,0.00047484896,0.011393586
18535,0.011867557,0.00047483316,0.011392724
18536,0.01186672,0.00047489858,0.011391822
18537,0.011865498,0.00047458895,0.011390909
18538,0.011864643,0.00047463726,0.011390005
18539,0.011863922,0.00047475047,0.011389172
18540,0.011863043,0.0004747672,0.011388276
18541,0.011862284,0.00047485935,0.011387425
18542,0.011861334,0.00047482472,0.011386509
18543,0.011860424,0.00047474328,0.01138568
18544,0.011859588,0.0004748423,0.011384746
18545,0.0118588675,0.00047496476,0.011383902
18546,0.011857973,0.00047498362,0.01138299
18547,0.011857155,0.00047501823,0.0113821365
18548,0.011856344,0.00047509224,0.011381252
18549,0.0118553955,0.0004750454,0.01138035
18550,0.011854379,0.0004748825,0.011379497
18551,0.0118535925,0.00047498447,0.011378608
18552,0.011852715,0.00047499227,0.011377723
18553,0.011851685,0.00047486843,0.011376817
18554,0.011850739,0.00047475714,0.011375981
18555,0.011849863,0.0004748016,0.011375062
18556,0.011849046,0.00047487832,0.011374167
18557,0.011848199,0.000474912,0.011373287
18558,0.011847203,0.00047479515,0.011372408
18559,0.011846317,0.00047476657,0.01137155
18560,0.011845575,0.00047489407,0.01137068
18561,0.011844879,0.0004750377,0.011369841
18562,0.011844024,0.00047497137,0.011369052
18563,0.011843336,0.0004751463,0.01136819
18564,0.011842564,0.00047515598,0.011367408
18565,0.011841675,0.00047499902,0.011366677
18566,0.011841113,0.00047503604,0.011366077
18567,0.0118404655,0.00047494026,0.011365525
18568,0.011840331,0.00047508278,0.011365249
18569,0.011840376,0.00047504043,0.011365335
18570,0.011841245,0.00047510263,0.011366142
18571,0.011842911,0.00047516578,0.011367746
18572,0.011846386,0.00047535298,0.011371033
18573,0.01185215,0.00047587964,0.01137627
18574,0.0118610235,0.00047608797,0.011384935
18575,0.01187429,0.00047666897,0.011397622
18576,0.011891739,0.00047680363,0.011414936
18577,0.011910477,0.00047782794,0.011432649
18578,0.011923904,0.00047835533,0.011445548
18579,0.011921317,0.00047842073,0.011442897
18580,0.011897299,0.00047716327,0.011420136
18581,0.01186055,0.0004761305,0.01138442
18582,0.011832147,0.00047520237,0.011356944
18583,0.011827,0.00047523898,0.011351761
18584,0.011841141,0.00047596893,0.0113651715
18585,0.011858137,0.000476061,0.011382076
18586,0.011862595,0.00047649676,0.011386097
18587,0.011849705,0.00047593276,0.011373772
18588,0.011830791,0.00047555784,0.011355233
18589,0.011820903,0.00047522687,0.011345676
18590,0.011825085,0.00047554667,0.011349538
18591,0.011834585,0.000475883,0.011358703
18592,0.011838422,0.00047567362,0.011362748
18593,0.011832188,0.00047565886,0.011356529
18594,0.0118215345,0.0004752491,0.011346285
18595,0.011815716,0.00047506436,0.011340652
18596,0.011817736,0.00047543895,0.011342296
18597,0.011822432,0.00047535458,0.011347078
18598,0.011823895,0.00047572478,0.01134817
18599,0.011819667,0.0004753533,0.011344314
18600,0.011813783,0.00047525042,0.011338533
18601,0.0118108,0.00047526692,0.011335533
18602,0.011811841,0.00047540982,0.011336432
18603,0.011814084,0.0004755927,0.011338491
18604,0.011813755,0.00047528587,0.01133847
18605,0.011810953,0.0004753165,0.0113356365
18606,0.011807584,0.00047529212,0.011332292
18607,0.011805882,0.00047527364,0.011330608
18608,0.011806304,0.00047555068,0.011330753
18609,0.011806847,0.00047547498,0.011331372
18610,0.011806399,0.00047557667,0.011330822
18611,0.011804262,0.00047537204,0.01132889
18612,0.011802241,0.00047541625,0.011326825
18613,0.011800919,0.00047538526,0.0113255335
18614,0.011800821,0.00047548252,0.011325339
18615,0.011800725,0.000475544,0.011325181
18616,0.011799876,0.00047539847,0.011324477
18617,0.011798648,0.00047553,0.011323119
18618,0.011797133,0.00047556302,0.01132157
18619,0.011795992,0.00047547446,0.011320517
18620,0.011795435,0.0004755319,0.011319903
18621,0.011795034,0.0004754989,0.011319535
18622,0.011794265,0.0004754833,0.011318782
18623,0.011793172,0.00047547446,0.011317697
18624,0.011791945,0.00047544204,0.011316503
18625,0.011791057,0.0004755929,0.011315464
18626,0.011790256,0.0004754817,0.011314774
18627,0.011789625,0.00047547036,0.011314155
18628,0.011789086,0.00047567498,0.011313411
18629,0.011788153,0.00047567673,0.011312476
18630,0.0117870085,0.00047559387,0.011311415
18631,0.011786051,0.000475619,0.011310432
18632,0.011785322,0.00047572012,0.011309601
18633,0.011784619,0.0004757262,0.011308893
18634,0.011783826,0.0004756937,0.011308133
18635,0.0117828045,0.0004755528,0.011307252
18636,0.011782122,0.0004757676,0.011306354
18637,0.011781122,0.00047571427,0.011305408
18638,0.011780067,0.00047554474,0.011304523
18639,0.011779476,0.00047578005,0.011303696
18640,0.011778568,0.00047561756,0.011302951
18641,0.01177777,0.0004756037,0.011302166
18642,0.0117768925,0.00047559445,0.011301298
18643,0.011776194,0.00047577434,0.011300419
18644,0.011775168,0.0004756579,0.01129951
18645,0.011774371,0.0004756726,0.011298698
18646,0.011773569,0.00047568977,0.011297879
18647,0.011772819,0.000475745,0.011297074
18648,0.01177211,0.0004758703,0.01129624
18649,0.011771314,0.00047594987,0.011295364
18650,0.011770256,0.00047576247,0.011294493
18651,0.011769522,0.00047588057,0.011293641
18652,0.011768408,0.00047561174,0.011292797
18653,0.011767797,0.00047579076,0.011292007
18654,0.011767026,0.00047587673,0.011291149
18655,0.011766199,0.00047588474,0.011290315
18656,0.011765351,0.00047589783,0.011289453
18657,0.011764499,0.00047591943,0.01128858
18658,0.01176354,0.00047578994,0.01128775
18659,0.0117627,0.00047578986,0.011286911
18660,0.011761852,0.00047580418,0.011286047
18661,0.011761117,0.0004758875,0.01128523
18662,0.011760201,0.00047584058,0.011284361
18663,0.0117594665,0.0004759617,0.011283505
18664,0.011758482,0.00047583287,0.011282649
18665,0.011757808,0.00047602243,0.011281786
18666,0.0117569165,0.00047595537,0.011280961
18667,0.011756153,0.00047602842,0.011280124
18668,0.011755399,0.00047604757,0.011279352
18669,0.011754598,0.00047611995,0.0112784775
18670,0.011753554,0.0004759764,0.011277578
18671,0.011752724,0.00047593916,0.011276784
18672,0.011751996,0.00047603238,0.011275964
18673,0.011750985,0.0004759013,0.011275084
18674,0.011750144,0.00047592536,0.011274219
18675,0.011749238,0.00047582926,0.011273408
18676,0.011748632,0.00047604082,0.011272592
18677,0.011747748,0.00047606963,0.011271678
18678,0.011746844,0.0004760579,0.011270787
18679,0.011746016,0.00047607036,0.011269946
18680,0.011745239,0.00047608186,0.011269157
18681,0.011744352,0.0004760984,0.011268253
18682,0.011743697,0.00047629102,0.011267406
18683,0.011742671,0.00047612318,0.011266548
18684,0.011741855,0.00047605013,0.011265805
18685,0.0117409965,0.00047610176,0.011264895
18686,0.011740251,0.0004762066,0.011264045
18687,0.011739102,0.0004759066,0.011263195
18688,0.01173843,0.0004760503,0.01126238
18689,0.0117376475,0.00047615776,0.01126149
18690,0.011736613,0.00047599222,0.01126062
18691,0.011735774,0.00047596806,0.011259805
18692,0.011734957,0.00047598063,0.0112589765
18693,0.011734062,0.0004759533,0.011258109
18694,0.01173333,0.00047612964,0.0112572005
18695,0.011732379,0.00047601326,0.011256366
18696,0.011731602,0.0004760142,0.011255588
18697,0.011730655,0.00047597304,0.011254682
18698,0.011729805,0.00047600808,0.0112537965
18699,0.011729164,0.00047622476,0.01125294
18700,0.011728272,0.00047613343,0.011252139
18701,0.011727365,0.00047610476,0.01125126
18702,0.011726633,0.00047626128,0.011250371
18703,0.011725857,0.00047629751,0.011249559
18704,0.011724903,0.0004761283,0.011248775
18705,0.011723915,0.0004760469,0.011247869
18706,0.011723153,0.00047614775,0.011247005
18707,0.011722258,0.00047610636,0.011246152
18708,0.011721373,0.00047605095,0.0112453215
18709,0.011720652,0.0004761937,0.011244458
18710,0.011719715,0.0004761255,0.011243589
18711,0.011718926,0.00047613916,0.011242786
18712,0.011717917,0.00047598217,0.011241935
18713,0.011717181,0.0004761059,0.011241075
18714,0.011716361,0.00047620604,0.011240155
18715,0.011715463,0.00047614,0.011239324
18716,0.01171467,0.00047615397,0.011238516
18717,0.0117137935,0.00047613832,0.011237655
18718,0.011712932,0.0004762404,0.011236692
18719,0.011712022,0.00047614076,0.011235882
18720,0.01171123,0.0004762016,0.011235028
18721,0.011710415,0.00047628605,0.011234129
18722,0.01170956,0.00047629277,0.011233267
18723,0.011708712,0.00047628593,0.011232426
18724,0.011707797,0.00047621955,0.011231577
18725,0.011706931,0.00047623785,0.011230693
18726,0.011705966,0.00047614085,0.011229825
18727,0.01170507,0.0004760746,0.011228995
18728,0.011704393,0.0004762349,0.011228158
18729,0.011703592,0.00047629603,0.011227296
18730,0.011702789,0.00047635587,0.011226433
18731,0.011701953,0.00047637572,0.0112255765
18732,0.0117011815,0.0004764735,0.011224708
18733,0.011700313,0.0004764559,0.011223856
18734,0.011699465,0.00047651544,0.011222949
18735,0.011698502,0.00047639434,0.011222107
18736,0.011697718,0.00047640956,0.011221308
18737,0.011696855,0.0004763941,0.011220461
18738,0.011695982,0.0004764201,0.011219562
18739,0.011695172,0.00047646314,0.011218709
18740,0.011694392,0.00047653535,0.011217857
18741,0.011693609,0.00047657744,0.011217032
18742,0.011692758,0.00047659903,0.011216159
18743,0.011691786,0.00047653122,0.011215256
18744,0.011691044,0.00047664403,0.0112144
18745,0.011689985,0.00047643154,0.011213554
18746,0.011689149,0.0004764849,0.011212664
18747,0.011688362,0.0004765683,0.011211794
18748,0.011687494,0.00047651865,0.011210975
18749,0.011686558,0.0004764646,0.011210093
18750,0.011685695,0.00047647982,0.011209215
18751,0.0116847595,0.0004764071,0.011208353
18752,0.011683952,0.00047642976,0.011207522
18753,0.0116832405,0.00047660043,0.01120664
18754,0.011682363,0.00047658847,0.011205775
18755,0.011681442,0.00047650977,0.011204933
18756,0.011680651,0.00047660092,0.011204051
18757,0.011679851,0.00047663864,0.011203213
18758,0.011678937,0.0004766394,0.011202297
18759,0.011678122,0.00047668561,0.011201437
18760,0.011677146,0.00047658713,0.011200558
18761,0.01167626,0.0004765446,0.011199716
18762,0.011675421,0.0004765682,0.011198853
18763,0.011674739,0.0004767604,0.011197979
18764,0.011673648,0.00047653596,0.011197112
18765,0.0116728,0.00047654862,0.011196252
18766,0.011671933,0.00047652866,0.011195404
18767,0.011671133,0.000476625,0.0111945085
18768,0.011670303,0.00047667063,0.011193632
18769,0.011669192,0.00047639667,0.011192796
18770,0.011668459,0.00047645305,0.011192005
18771,0.011667535,0.00047650028,0.011191035
18772,0.011666807,0.00047662872,0.011190179
18773,0.011666012,0.0004767013,0.011189311
18774,0.011665063,0.00047655907,0.011188504
18775,0.011664374,0.00047673477,0.011187639
18776,0.011663358,0.00047656248,0.011186795
18777,0.011662599,0.00047660733,0.011185992
18778,0.011661833,0.00047664283,0.011185191
18779,0.011660981,0.0004764933,0.0111844875
18780,0.011660486,0.00047664958,0.0111838365
18781,0.011660101,0.00047678678,0.011183314
18782,0.011659961,0.00047701295,0.011182948
18783,0.011659873,0.00047691984,0.011182953
18784,0.01166048,0.00047704898,0.011183431
18785,0.011661739,0.00047699234,0.011184746
18786,0.01166415,0.00047707622,0.011187074
18787,0.0116683,0.00047724126,0.011191059
18788,0.01167496,0.00047733623,0.011197624
18789,0.011685194,0.0004775847,0.011207609
18790,0.011699,0.00047841764,0.011220583
18791,0.011714865,0.00047856968,0.011236296
18792,0.011729212,0.00047944658,0.011249765
18793,0.011733727,0.0004793025,0.011254424
18794,0.011721936,0.00047891669,0.011243019
18795,0.011694357,0.00047817966,0.011216178
18796,0.0116638,0.00047735457,0.011186445
18797,0.011646235,0.00047664365,0.011169592
18798,0.011648255,0.00047667077,0.011171585
18799,0.011662624,0.00047728315,0.011185341
18800,0.011675138,0.00047780818,0.0111973295
18801,0.011674942,0.0004776777,0.011197264
18802,0.011662363,0.00047743667,0.011184926
18803,0.011646958,0.00047716184,0.011169796
18804,0.011639547,0.00047670247,0.0111628445
18805,0.01164306,0.00047685253,0.0111662075
18806,0.011651006,0.00047725928,0.011173747
18807,0.01165452,0.00047742235,0.011177098
18808,0.011649885,0.00047730797,0.011172577
18809,0.011641039,0.00047698332,0.011164055
18810,0.011635077,0.00047691326,0.011158164
18811,0.011635167,0.0004769625,0.011158204
18812,0.011638911,0.0004771333,0.011161778
18813,0.011641434,0.0004773836,0.011164051
18814,0.011639242,0.00047710957,0.011162132
18815,0.011634679,0.00047726432,0.011157414
18816,0.011630586,0.0004771536,0.011153433
18817,0.011629405,0.00047707022,0.011152335
18818,0.01163077,0.0004771736,0.011153596
18819,0.011631923,0.000477136,0.011154787
18820,0.011630852,0.0004770479,0.011153804
18821,0.011628252,0.00047714222,0.01115111
18822,0.011625591,0.00047718565,0.011148405
18823,0.011624228,0.00047707095,0.011147157
18824,0.011624473,0.00047719694,0.0111472765
18825,0.011624686,0.0004771038,0.011147583
18826,0.011623967,0.00047697898,0.011146989
18827,0.011622452,0.00047717724,0.011145275
18828,0.011620554,0.00047708798,0.011143466
18829,0.01161927,0.00047713495,0.011142135
18830,0.011618684,0.00047704854,0.0111416355
18831,0.011618582,0.00047717427,0.011141407
18832,0.0116180545,0.00047714566,0.011140909
18833,0.011616962,0.00047710858,0.011139854
18834,0.011615619,0.00047717275,0.011138447
18835,0.01161458,0.00047732907,0.011137251
18836,0.011613654,0.00047722008,0.011136434
18837,0.011613032,0.00047709022,0.011135941
18838,0.011612689,0.00047730823,0.011135381
18839,0.0116117485,0.00047722756,0.011134521
18840,0.011610617,0.00047709257,0.011133525
18841,0.011609499,0.00047706717,0.011132432
18842,0.011608607,0.00047706807,0.011131539
18843,0.011607757,0.00047705296,0.011130704
18844,0.011607218,0.0004771885,0.011130029
18845,0.011606148,0.00047688416,0.011129265
18846,0.011605615,0.0004771634,0.011128452
18847,0.011604533,0.00047699394,0.011127539
18848,0.0116036255,0.00047705334,0.011126572
18849,0.0116026485,0.0004769618,0.011125687
18850,0.011601726,0.0004768546,0.011124871
18851,0.011600978,0.00047688672,0.011124091
18852,0.011600307,0.00047698195,0.011123326
18853,0.01159965,0.00047714138,0.011122508
18854,0.0115985675,0.00047693143,0.011121636
18855,0.0115978215,0.00047709406,0.011120727
18856,0.011597082,0.00047716612,0.011119916
18857,0.011596211,0.00047712203,0.011119089
18858,0.011595273,0.00047702919,0.011118244
18859,0.011594512,0.00047710305,0.011117408
18860,0.011593687,0.0004770909,0.011116597
18861,0.011592845,0.00047699918,0.011115846
18862,0.011591894,0.00047696754,0.011114926
18863,0.011591174,0.00047708207,0.011114092
18864,0.011590424,0.00047719406,0.01111323
18865,0.011589485,0.00047706312,0.011112422
18866,0.011588599,0.0004770467,0.011111552
18867,0.011587805,0.0004770946,0.011110711
18868,0.011587004,0.00047708701,0.011109917
18869,0.011586063,0.00047699976,0.0111090625
18870,0.011585325,0.00047705873,0.011108266
18871,0.011584454,0.00047706827,0.011107386
18872,0.0115837455,0.00047718306,0.011106563
18873,0.011582922,0.00047723076,0.011105691
18874,0.0115821175,0.00047724167,0.011104876
18875,0.011581286,0.00047720596,0.01110408
18876,0.011580397,0.00047714054,0.011103257
18877,0.011579532,0.00047711516,0.0111024175
18878,0.011578701,0.0004771635,0.011101538
18879,0.011577939,0.00047718323,0.011100755
18880,0.011577105,0.00047719656,0.0110999085
18881,0.011576268,0.00047720913,0.011099059
18882,0.011575471,0.00047728355,0.011098187
18883,0.011574451,0.00047707473,0.011097376
18884,0.011573716,0.00047718151,0.011096534
18885,0.01157281,0.00047711618,0.011095693
18886,0.011572009,0.0004771974,0.011094811
18887,0.011571395,0.0004773858,0.0110940095
18888,0.011570226,0.00047703198,0.011093195
18889,0.011569541,0.00047720986,0.011092331
18890,0.011568815,0.0004772968,0.011091518
18891,0.011567987,0.00047732468,0.011090662
18892,0.011567062,0.0004772472,0.011089815
18893,0.0115663465,0.00047735393,0.0110889925
18894,0.011565576,0.0004774362,0.01108814
18895,0.011564819,0.00047746365,0.011087355
18896,0.011563892,0.00047743702,0.011086455
18897,0.011563076,0.00047745157,0.011085624
18898,0.011561956,0.00047719508,0.0110847615
18899,0.011561163,0.00047721612,0.011083947
18900,0.011560516,0.0004774289,0.011083088
18901,0.011559801,0.00047757733,0.011082224
18902,0.011558796,0.00047740137,0.011081395
18903,0.011557931,0.00047739194,0.011080539
18904,0.011557146,0.0004774132,0.011079732
18905,0.011556307,0.00047741208,0.011078895
18906,0.01155548,0.00047740125,0.011078078
18907,0.011554743,0.0004775423,0.011077201
18908,0.011553943,0.0004775697,0.011076373
18909,0.011552996,0.00047749854,0.011075498
18910,0.011552116,0.0004774275,0.011074688
18911,0.011551238,0.00047743617,0.011073802
18912,0.011550348,0.00047733894,0.011073009
18913,0.011549512,0.00047738018,0.011072132
18914,0.011548698,0.0004773903,0.011071308
18915,0.0115479035,0.00047741097,0.011070493
18916,0.0115470085,0.00047736423,0.011069644
18917,0.0115464,0.00047759252,0.011068808
18918,0.011545422,0.00047747573,0.0110679455
18919,0.011544584,0.00047744592,0.011067138
18920,0.011543726,0.0004774865,0.011066239
18921,0.011542828,0.0004774436,0.011065384
18922,0.011542048,0.00047749205,0.011064556
18923,0.011541189,0.00047745608,0.011063732
18924,0.011540375,0.00047748926,0.011062886
18925,0.011539496,0.00047745105,0.011062045
18926,0.011538725,0.00047754272,0.011061182
18927,0.011537765,0.00047744336,0.011060322
18928,0.011536965,0.00047745838,0.011059507
18929,0.011536189,0.0004775444,0.011058645
18930,0.011535195,0.00047739196,0.0110578025
18931,0.011534341,0.00047742843,0.011056912
18932,0.01153362,0.00047751365,0.011056107
18933,0.011532718,0.00047746542,0.0110552525
18934,0.011531867,0.00047746263,0.011054404
18935,0.011530921,0.00047737962,0.011053542
18936,0.011530225,0.0004775093,0.011052716
18937,0.011529237,0.00047735617,0.011051881
18938,0.01152851,0.00047749694,0.011051013
18939,0.011527684,0.0004775308,0.011050153
18940,0.011526791,0.00047747904,0.011049313
18941,0.011526052,0.00047763842,0.011048414
18942,0.011525227,0.000477626,0.011047601
18943,0.011524319,0.00047757747,0.011046741
18944,0.011523435,0.000477506,0.011045929
18945,0.011522492,0.0004774741,0.011045018
18946,0.0115216905,0.0004774982,0.011044192
18947,0.011520855,0.00047749133,0.011043364
18948,0.011520147,0.00047762477,0.011042522
18949,0.0115192225,0.00047756417,0.011041658
18950,0.0115184765,0.0004776808,0.011040796
18951,0.011517676,0.00047771737,0.011039958
18952,0.011516808,0.00047771647,0.011039091
18953,0.0115157915,0.00047763338,0.011038158
18954,0.011515144,0.0004778193,0.011037325
18955,0.011514313,0.00047780515,0.011036508
18956,0.011513342,0.00047763114,0.011035711
18957,0.0115125505,0.00047769686,0.011034854
18958,0.011511679,0.00047770207,0.011033976
18959,0.011510754,0.00047761833,0.0110331355
18960,0.011509952,0.00047759528,0.011032357
18961,0.011509085,0.0004776407,0.011031444
18962,0.011508314,0.00047768728,0.0110306265
18963,0.011507588,0.0004777717,0.011029817
18964,0.011506774,0.0004777664,0.011029008
18965,0.011505912,0.0004777765,0.011028135
18966,0.011505126,0.00047779115,0.011027335
18967,0.011504342,0.00047775623,0.0110265855
18968,0.011503625,0.00047777515,0.01102585
18969,0.011502878,0.00047772325,0.011025155
18970,0.011502261,0.00047775777,0.011024504
18971,0.011501817,0.00047785562,0.011023961
18972,0.011501451,0.00047788187,0.011023569
18973,0.011501203,0.0004779406,0.0110232625
18974,0.011501276,0.00047789962,0.011023376
18975,0.011501951,0.00047809444,0.011023857
18976,0.011503181,0.00047815303,0.011025028
18977,0.011505183,0.0004782649,0.011026918
18978,0.011508348,0.0004782822,0.011030066
18979,0.011513024,0.00047872198,0.0110343015
18980,0.01151916,0.00047862466,0.011040536
18981,0.0115267085,0.0004789742,0.011047734
18982,0.011534923,0.00047928302,0.01105564
18983,0.0115411,0.0004796618,0.011061438
18984,0.011542988,0.00047948761,0.0110635
18985,0.011537031,0.0004791518,0.01105788
18986,0.011523987,0.0004787737,0.011045214
18987,0.0115077,0.00047826197,0.011029438
18988,0.0114938365,0.00047780047,0.011016036
18989,0.011486928,0.0004774954,0.011009432
18990,0.011487511,0.0004780193,0.011009492
18991,0.011492512,0.00047794366,0.011014569
18992,0.011497897,0.0004781789,0.011019718
18993,0.011500283,0.00047833612,0.0110219475
18994,0.011497906,0.00047812134,0.011019785
18995,0.0114918165,0.00047807326,0.0110137435
18996,0.011484513,0.00047760393,0.011006909
18997,0.011479863,0.00047791013,0.011001953
18998,0.011478866,0.00047796825,0.011000898
18999,0.011480918,0.00047808868,0.011002829
19000,0.011483428,0.0004780556,0.011005373
19001,0.011484207,0.00047793772,0.011006269
19002,0.01148204,0.00047794526,0.011004095
19003,0.011478371,0.0004779818,0.011000389
19004,0.011474724,0.00047781933,0.010996904
19005,0.011472877,0.00047790888,0.010994968
19006,0.01147244,0.0004778539,0.010994586
19007,0.01147296,0.00047804852,0.010994911
19008,0.011472944,0.00047773396,0.01099521
19009,0.011472727,0.00047800632,0.010994721
19010,0.011471232,0.00047778618,0.010993446
19011,0.011469526,0.00047779642,0.01099173
19012,0.011467452,0.00047780262,0.010989649
19013,0.01146609,0.0004778331,0.010988257
19014,0.011465525,0.00047802064,0.010987504
19015,0.011464962,0.00047773402,0.010987228
19016,0.011464999,0.00047793784,0.010987061
19017,0.011464343,0.00047790734,0.010986436
19018,0.011463429,0.00047799476,0.010985434
19019,0.011462031,0.00047803952,0.010983991
19020,0.011460542,0.0004778101,0.010982731
19021,0.011459732,0.00047793405,0.010981798
19022,0.011458779,0.00047786988,0.010980909
19023,0.011458106,0.00047780148,0.010980305
19024,0.011457655,0.000477988,0.010979666
19025,0.011456893,0.00047789502,0.010978998
19026,0.011456052,0.00047784793,0.010978204
19027,0.011455087,0.00047784936,0.0109772375
19028,0.011454146,0.00047791752,0.010976229
19029,0.011453266,0.00047805117,0.010975215
19030,0.01145243,0.000478082,0.010974348
19031,0.011451532,0.0004779716,0.010973561
19032,0.011450841,0.00047801304,0.010972828
19033,0.011450219,0.00047812052,0.010972098
19034,0.011449255,0.00047792064,0.010971335
19035,0.011448533,0.0004780551,0.010970478
19036,0.01144755,0.0004779453,0.010969604
19037,0.011446662,0.0004779662,0.010968696
19038,0.011445651,0.00047782593,0.010967825
19039,0.0114449905,0.00047799517,0.010966996
19040,0.01144394,0.0004778013,0.010966139
19041,0.011443343,0.00047794945,0.010965394
19042,0.011442651,0.0004780623,0.010964589
19043,0.011441995,0.0004781836,0.010963812
19044,0.011440997,0.0004779946,0.010963002
19045,0.01143996,0.00047779374,0.010962167
19046,0.011439176,0.00047785544,0.010961321
19047,0.011438356,0.00047786353,0.010960492
19048,0.011437585,0.0004779125,0.010959672
19049,0.01143681,0.00047800638,0.010958804
19050,0.011436074,0.00047811025,0.010957964
19051,0.011435241,0.0004780922,0.010957149
19052,0.0114346035,0.00047824462,0.010956359
19053,0.011433738,0.0004782017,0.010955537
19054,0.011432938,0.0004781886,0.01095475
19055,0.011432008,0.0004780707,0.010953938
19056,0.011431319,0.0004782034,0.010953115
19057,0.01143025,0.0004779798,0.01095227
19058,0.011429539,0.00047808752,0.010951451
19059,0.011428643,0.00047804738,0.010950596
19060,0.011427821,0.00047801688,0.0109498035
19061,0.011426992,0.00047801895,0.010948973
19062,0.011426177,0.00047801694,0.01094816
19063,0.011425307,0.00047797445,0.010947333
19064,0.011424495,0.00047797378,0.010946522
19065,0.011423751,0.00047803466,0.010945716
19066,0.011422831,0.00047796057,0.01094487
19067,0.011422091,0.00047799002,0.010944101
19068,0.0114211235,0.0004778415,0.010943282
19069,0.011420421,0.00047796674,0.010942454
19070,0.0114194555,0.000477866,0.010941589
19071,0.0114188455,0.00047804232,0.010940803
19072,0.011418031,0.00047804552,0.0109399855
19073,0.011417219,0.0004780687,0.010939151
19074,0.011416358,0.0004780032,0.010938355
19075,0.011415311,0.00047779555,0.010937516
19076,0.011414514,0.00047779357,0.01093672
19077,0.011413746,0.00047789444,0.010935851
19078,0.011412898,0.0004778863,0.010935011
19079,0.011412224,0.00047804546,0.010934179
19080,0.011411313,0.00047793757,0.010933375
19081,0.0114105055,0.0004779825,0.010932523
19082,0.011409904,0.0004782034,0.0109317005
19083,0.011409005,0.00047815574,0.010930849
19084,0.011408284,0.0004782155,0.010930069
19085,0.011407383,0.00047815056,0.010929232
19086,0.011406556,0.00047818368,0.010928372
19087,0.011405703,0.0004781241,0.010927578
19088,0.01140485,0.00047806752,0.010926782
19089,0.011403995,0.00047807122,0.0109259235
19090,0.011403216,0.00047813682,0.01092508
19091,0.011402518,0.00047825035,0.010924268
19092,0.011401899,0.00047834785,0.010923551
19093,0.011400991,0.0004783663,0.010922625
19094,0.011400108,0.0004783333,0.010921775
19095,0.0113991685,0.00047820172,0.010920967
19096,0.011398495,0.00047827218,0.010920223
19097,0.011397462,0.0004781298,0.0109193325
19098,0.011396591,0.00047812818,0.010918463
19099,0.01139562,0.0004779564,0.010917664
19100,0.011394983,0.00047806412,0.010916919
19101,0.011394165,0.0004780986,0.010916067
19102,0.011393305,0.0004780567,0.010915249
19103,0.011392556,0.0004781351,0.010914421
19104,0.011391877,0.00047821947,0.010913658
19105,0.011390952,0.0004780917,0.010912861
19106,0.011390237,0.0004781806,0.010912056
19107,0.011389576,0.00047826004,0.010911316
19108,0.011388726,0.00047814587,0.01091058
19109,0.011387985,0.00047810498,0.0109098805
19110,0.0113874115,0.00047819075,0.010909221
19111,0.011386969,0.00047834063,0.010908629
19112,0.011386301,0.00047812777,0.010908173
19113,0.011386162,0.0004783661,0.010907795
19114,0.011386013,0.00047836246,0.01090765
19115,0.011386106,0.0004782529,0.010907853
19116,0.011386887,0.00047833158,0.010908555
19117,0.011388146,0.00047852914,0.010909617
19118,0.011390045,0.00047851342,0.010911532
19119,0.011393166,0.00047881794,0.010914348
19120,0.0113972565,0.00047867605,0.01091858
19121,0.011402707,0.0004790351,0.010923672
19122,0.011408962,0.00047929998,0.010929663
19123,0.011415427,0.0004795116,0.010935915
19124,0.011420007,0.0004794938,0.010940513
19125,0.011420933,0.0004798106,0.010941122
19126,0.011415802,0.0004795161,0.010936285
19127,0.011404967,0.0004792973,0.010925669
19128,0.011391067,0.0004787945,0.010912272
19129,0.0113783255,0.00047831287,0.010900012
19130,0.0113711115,0.0004783619,0.01089275
19131,0.0113701075,0.0004782303,0.010891877
19132,0.011374037,0.0004785,0.010895537
19133,0.011379216,0.00047858973,0.010900626
19134,0.011382399,0.00047859873,0.010903801
19135,0.0113816075,0.00047851328,0.010903094
19136,0.011377076,0.00047846473,0.010898611
19137,0.011370706,0.00047831947,0.010892387
19138,0.011365432,0.00047818938,0.010887243
19139,0.0113629205,0.0004781771,0.010884743
19140,0.011363209,0.0004781191,0.010885091
19141,0.011365054,0.00047829284,0.010886761
19142,0.011366347,0.00047824217,0.010888104
19143,0.011366605,0.00047855667,0.010888048
19144,0.0113645485,0.0004783323,0.010886217
19145,0.011361527,0.00047822567,0.0108833015
19146,0.011358532,0.0004781603,0.010880372
19147,0.011356641,0.00047824768,0.0108783925
19148,0.011355891,0.00047817978,0.010877711
19149,0.011356102,0.00047829252,0.0108778095
19150,0.011356452,0.00047831793,0.010878134
19151,0.0113562,0.0004783189,0.010877881
19152,0.011355231,0.00047835393,0.010876876
19153,0.01135374,0.00047838336,0.010875356
19154,0.011351869,0.00047822788,0.010873642
19155,0.011350247,0.00047812655,0.010872121
19156,0.011349299,0.00047826805,0.010871031
19157,0.011348546,0.00047812163,0.010870424
19158,0.011348212,0.00047813696,0.010870075
19159,0.011347821,0.0004781613,0.0108696595
19160,0.01134723,0.00047819936,0.01086903
19161,0.011346314,0.0004782323,0.010868082
19162,0.011345196,0.00047825093,0.010866945
19163,0.0113439495,0.00047817876,0.01086577
19164,0.011342854,0.00047817596,0.010864678
19165,0.0113419825,0.00047819334,0.010863789
19166,0.011341299,0.0004782256,0.010863073
19167,0.011340724,0.0004782763,0.010862448
19168,0.0113398945,0.00047813987,0.010861754
19169,0.011339448,0.00047838897,0.01086106
19170,0.011338317,0.0004781212,0.010860195
19171,0.01133752,0.00047821703,0.010859302
19172,0.011336418,0.00047804875,0.010858369
19173,0.011335536,0.00047810999,0.010857426
19174,0.0113346195,0.00047805987,0.0108565595
19175,0.01133388,0.00047816726,0.010855713
19176,0.011333155,0.00047824698,0.010854908
19177,0.011332395,0.00047821755,0.010854177
19178,0.011331767,0.00047833263,0.010853434
19179,0.011330881,0.00047824628,0.010852635
19180,0.011330149,0.00047833982,0.01085181
19181,0.011329211,0.00047822524,0.0108509865
19182,0.01132865,0.00047844116,0.010850209
19183,0.011327497,0.00047822585,0.010849271
19184,0.011326695,0.00047826653,0.010848428
19185,0.011325833,0.00047824602,0.010847587
19186,0.011325078,0.00047829683,0.010846782
19187,0.0113243405,0.00047837413,0.010845967
19188,0.011323652,0.00047850655,0.010845145
19189,0.011322704,0.0004783572,0.010844347
19190,0.011321963,0.00047838286,0.01084358
19191,0.011321147,0.00047839308,0.010842754
19192,0.011320417,0.0004784483,0.0108419685
19193,0.011319466,0.0004783697,0.010841096
19194,0.011318732,0.00047843985,0.010840292
19195,0.011317911,0.00047844002,0.010839471
19196,0.01131692,0.00047825457,0.010838665
19197,0.01131603,0.00047819523,0.010837835
19198,0.011315265,0.00047826287,0.010837002
19199,0.011314483,0.00047830242,0.010836181
19200,0.01131374,0.00047830588,0.010835434
19201,0.011312765,0.00047812352,0.010834642
19202,0.011312061,0.0004783023,0.010833759
19203,0.011311328,0.0004783171,0.010833011
19204,0.011310466,0.00047824625,0.010832219
19205,0.011309848,0.00047836744,0.010831481
19206,0.011308884,0.00047821744,0.010830667
19207,0.011308083,0.00047836578,0.010829718
19208,0.011307205,0.000478284,0.010828921
19209,0.011306333,0.00047821036,0.010828123
19210,0.011305748,0.00047838365,0.0108273635
19211,0.011304812,0.000478297,0.010826515
19212,0.011304018,0.00047839174,0.010825627
19213,0.011303024,0.00047820923,0.010824815
19214,0.011302322,0.0004782716,0.010824051
19215,0.011301436,0.00047822026,0.010823216
19216,0.011300729,0.00047838612,0.010822343
19217,0.011299821,0.00047832078,0.0108215
19218,0.0112990495,0.00047833764,0.010820712
19219,0.011298162,0.0004782717,0.010819891
19220,0.011297462,0.00047837687,0.010819085
19221,0.0112965545,0.00047832084,0.010818234
19222,0.011295816,0.00047836165,0.010817454
19223,0.011295018,0.00047840297,0.010816615
19224,0.011294113,0.00047836074,0.010815752
19225,0.011293414,0.00047844602,0.0108149685
19226,0.011292649,0.00047849023,0.010814159
19227,0.011291804,0.00047845382,0.01081335
19228,0.011291003,0.000478523,0.01081248
19229,0.011290133,0.00047846776,0.010811665
19230,0.011289319,0.00047848863,0.010810831
19231,0.011288368,0.00047835152,0.010810017
19232,0.011287605,0.000478368,0.010809237
19233,0.011286617,0.00047824375,0.010808374
19234,0.011285844,0.00047829893,0.010807545
19235,0.011284972,0.00047821217,0.01080676
19236,0.011284124,0.0004781894,0.010805935
19237,0.01128341,0.00047831022,0.010805099
19238,0.011282511,0.00047828417,0.010804227
19239,0.011281744,0.0004782562,0.010803487
19240,0.011280861,0.0004781718,0.010802689
19241,0.011280173,0.0004782973,0.010801876
19242,0.011279446,0.0004784207,0.010801026
19243,0.011278655,0.00047840353,0.010800252
19244,0.0112779075,0.0004784306,0.010799477
19245,0.0112771345,0.00047840498,0.01079873
19246,0.011276195,0.00047822332,0.010797972
19247,0.0112754945,0.00047821898,0.010797275
19248,0.011274776,0.00047812404,0.010796652
19249,0.0112743415,0.00047832512,0.010796016
19250,0.011273957,0.00047841392,0.010795543
19251,0.011273644,0.00047831933,0.010795325
19252,0.011273892,0.0004784036,0.010795488
19253,0.011274406,0.00047834928,0.010796056
19254,0.011275744,0.0004784998,0.0107972445
19255,0.011278207,0.00047851354,0.010799694
19256,0.011282328,0.00047869523,0.010803632
19257,0.011288388,0.0004789759,0.010809412
19258,0.011296983,0.00047939236,0.01081759
19259,0.011307937,0.0004795204,0.010828417
19260,0.011320399,0.0004799202,0.010840479
19261,0.011330551,0.0004803036,0.010850247
19262,0.011333886,0.00048062362,0.010853262
19263,0.011324427,0.0004798794,0.010844547
19264,0.011303864,0.0004794939,0.01082437
19265,0.011279307,0.00047891052,0.010800397
19266,0.011262597,0.0004783466,0.01078425
19267,0.011259825,0.00047839532,0.01078143
19268,0.011268145,0.0004786701,0.010789475
19269,0.01127903,0.00047893327,0.010800096
19270,0.011284069,0.00047913432,0.010804934
19271,0.011279665,0.00047921817,0.010800446
19272,0.011268258,0.00047873578,0.010789522
19273,0.011257634,0.00047841502,0.010779219
19274,0.011253479,0.0004783513,0.010775127
19275,0.0112559805,0.00047825597,0.010777725
19276,0.011261322,0.00047853403,0.010782788
19277,0.011263814,0.00047866764,0.010785147
19278,0.011261283,0.00047862,0.010782664
19279,0.011255423,0.0004785345,0.010776889
19280,0.011249973,0.00047834706,0.010771627
19281,0.011247941,0.00047828408,0.010769657
19282,0.01124922,0.0004783381,0.010770882
19283,0.011251408,0.00047845813,0.010772949
19284,0.011252001,0.00047862873,0.010773372
19285,0.01124983,0.00047848752,0.010771343
19286,0.011246446,0.00047848045,0.010767966
19287,0.011243594,0.00047842835,0.010765165
19288,0.011242641,0.00047843796,0.010764203
19289,0.01124309,0.00047846598,0.010764624
19290,0.011243637,0.00047843414,0.010765202
19291,0.01124335,0.00047850114,0.010764848
19292,0.011241905,0.00047859765,0.010763308
19293,0.011239725,0.00047840996,0.010761315
19294,0.011237897,0.0004783531,0.010759544
19295,0.011237032,0.00047838208,0.01075865
19296,0.01123685,0.00047836432,0.010758486
19297,0.011236692,0.00047830446,0.010758388
19298,0.011236073,0.00047830454,0.0107577685
19299,0.011234887,0.00047832966,0.010756557
19300,0.01123353,0.00047830227,0.010755228
19301,0.011232129,0.00047817422,0.010753955
19302,0.011231294,0.00047820318,0.0107530905
19303,0.011230764,0.00047822206,0.010752542
19304,0.011230443,0.00047832646,0.010752116
19305,0.011229899,0.0004783902,0.010751508
19306,0.011228798,0.0004782961,0.010750501
19307,0.011227722,0.00047825967,0.010749463
19308,0.011226662,0.00047823263,0.01074843
19309,0.011225807,0.00047823027,0.010747576
19310,0.011225152,0.00047834383,0.010746808
19311,0.011224466,0.00047834526,0.010746121
19312,0.011223747,0.00047825993,0.010745487
19313,0.0112231225,0.00047844826,0.010744674
19314,0.011222211,0.00047843865,0.010743772
19315,0.01122123,0.00047835315,0.010742877
19316,0.011220303,0.000478337,0.010741967
19317,0.011219489,0.00047828967,0.010741199
19318,0.011218939,0.0004784298,0.010740509
19319,0.011218023,0.0004782435,0.010739779
19320,0.011217469,0.00047845911,0.01073901
19321,0.011216567,0.00047839747,0.01073817
19322,0.01121575,0.00047842975,0.01073732
19323,0.011214845,0.0004783555,0.01073649
19324,0.011214145,0.000478505,0.01073564
19325,0.011213155,0.0004783239,0.010734832
19326,0.011212498,0.0004784167,0.010734081
19327,0.01121169,0.00047839258,0.010733297
19328,0.0112109445,0.0004783942,0.01073255
19329,0.011210193,0.00047841968,0.010731773
19330,0.011209317,0.0004783836,0.010730933
19331,0.011208466,0.0004783666,0.0107301
19332,0.011207635,0.00047837218,0.010729263
19333,0.0112069445,0.00047843534,0.010728509
19334,0.011206129,0.00047836945,0.010727759
19335,0.011205225,0.00047832055,0.0107269045
19336,0.011204462,0.00047835422,0.010726107
19337,0.011203565,0.00047822084,0.010725344
19338,0.011202822,0.00047824087,0.010724582
19339,0.011202163,0.00047839698,0.010723766
19340,0.011201352,0.00047840408,0.010722948
19341,0.011200548,0.00047838653,0.010722161
19342,0.011199816,0.00047845248,0.010721364
19343,0.01119909,0.0004785466,0.010720543
19344,0.011198302,0.00047858607,0.010719716
19345,0.011197402,0.00047846787,0.010718934
19346,0.011196562,0.00047838723,0.010718175
19347,0.011195654,0.0004783095,0.0107173445
19348,0.011194943,0.00047838624,0.0107165575
19349,0.011194158,0.00047839672,0.010715761
19350,0.011193448,0.00047846066,0.010714987
19351,0.011192568,0.00047839963,0.010714168
19352,0.011191709,0.00047834936,0.010713359
19353,0.011191071,0.00047842486,0.010712646
19354,0.011189999,0.00047820457,0.010711795
19355,0.011189349,0.00047832052,0.010711028
19356,0.011188536,0.00047833892,0.0107101975
19357,0.011187779,0.0004783601,0.010709419
19358,0.011187069,0.0004784677,0.010708601
19359,0.01118629,0.00047848557,0.010707804
19360,0.011185378,0.00047835428,0.010707024
19361,0.011184593,0.00047837163,0.010706221
19362,0.011183661,0.00047824052,0.010705421
19363,0.011183011,0.00047843542,0.010704576
19364,0.011182198,0.00047842198,0.010703776
19365,0.011181313,0.00047835056,0.010702962
19366,0.011180569,0.0004784376,0.010702132
19367,0.011179854,0.0004784502,0.010701404
19368,0.011178984,0.00047839282,0.010700592
19369,0.011178197,0.00047838638,0.010699811
19370,0.011177386,0.0004784208,0.010698966
19371,0.011176591,0.00047842256,0.010698169
19372,0.0111758625,0.00047849826,0.010697364
19373,0.011175082,0.00047849983,0.0106965825
19374,0.01117419,0.00047840388,0.010695786
19375,0.011173312,0.00047834308,0.0106949685
19376,0.0111726085,0.0004784037,0.010694205
19377,0.011171657,0.0004783139,0.010693342
19378,0.011171025,0.00047843822,0.010692587
19379,0.011170081,0.00047832346,0.010691757
19380,0.011169426,0.00047843487,0.010690991
19381,0.011168469,0.00047833627,0.010690132
19382,0.0111677265,0.0004783658,0.010689361
19383,0.011166961,0.00047843077,0.01068853
19384,0.011166205,0.00047844963,0.010687755
19385,0.0111654205,0.00047851945,0.010686901
19386,0.011164676,0.00047856895,0.010686107
19387,0.011163836,0.00047849782,0.010685339
19388,0.011162919,0.00047839538,0.010684524
19389,0.011162013,0.00047831307,0.0106836995
19390,0.011161152,0.00047827113,0.010682881
19391,0.011160354,0.00047823557,0.010682118
19392,0.0111595765,0.00047829733,0.010681279
19393,0.011158646,0.00047812672,0.010680519
19394,0.011158074,0.0004783511,0.010679723
19395,0.011157194,0.00047828487,0.01067891
19396,0.011156501,0.00047841264,0.010678088
19397,0.011155771,0.0004785017,0.01067727
19398,0.011154788,0.00047834282,0.0106764445
19399,0.011154019,0.00047837157,0.010675647
19400,0.01115323,0.00047837172,0.0106748585
19401,0.011152426,0.00047835047,0.010674075
19402,0.011151614,0.00047836793,0.010673245
19403,0.011150775,0.00047836363,0.010672411
19404,0.011149996,0.0004783529,0.010671643
19405,0.011149274,0.00047842457,0.01067085
19406,0.011148692,0.0004785969,0.010670096
19407,0.011147524,0.00047825952,0.010669265
19408,0.01114686,0.00047838333,0.010668477
19409,0.011146218,0.00047851578,0.010667702
19410,0.011145394,0.0004785012,0.010666893
19411,0.011144512,0.0004784019,0.010666111
19412,0.011143853,0.00047850306,0.01066535
19413,0.011142946,0.00047835408,0.010664592
19414,0.011142353,0.0004785229,0.01066383
19415,0.011141299,0.0004782148,0.010663085
19416,0.011140667,0.0004782741,0.010662393
19417,0.011140063,0.0004782934,0.01066177
19418,0.01113944,0.0004781962,0.010661244
19419,0.01113918,0.00047839026,0.010660789
19420,0.011138605,0.00047817815,0.010660427
19421,0.011138592,0.00047840172,0.01066019
19422,0.011138586,0.00047819468,0.010660391
19423,0.011139287,0.00047828114,0.010661006
19424,0.011140535,0.00047837826,0.010662156
19425,0.011142474,0.00047850586,0.010663968
19426,0.011145726,0.00047878566,0.01066694
19427,0.011150257,0.00047877873,0.010671478
19428,0.011156398,0.00047889,0.010677508
19429,0.011164104,0.00047935,0.010684754
19430,0.0111725675,0.00047964204,0.010692925
19431,0.011179737,0.00047993526,0.010699801
19432,0.011182541,0.00048007618,0.010702465
19433,0.011177745,0.00047989815,0.010697846
19434,0.0111649465,0.00047962772,0.010685319
19435,0.01114751,0.000479037,0.010668473
19436,0.011131946,0.00047837332,0.010653573
19437,0.011123834,0.00047827445,0.01064556
19438,0.011124223,0.00047818504,0.010646038
19439,0.011130508,0.00047872736,0.01065178
19440,0.0111369835,0.0004787072,0.010658276
19441,0.011140233,0.00047916808,0.010661065
19442,0.011137151,0.00047879724,0.010658354
19443,0.0111299995,0.00047857818,0.010651422
19444,0.011122371,0.0004784418,0.010643929
19445,0.011117647,0.00047822646,0.010639421
19446,0.011117214,0.00047836965,0.010638844
19447,0.011119465,0.00047831118,0.010641154
19448,0.011122051,0.00047850833,0.010643543
19449,0.011122518,0.00047844072,0.010644077
19450,0.011120522,0.00047858254,0.01064194
19451,0.011116577,0.000478339,0.010638238
19452,0.01111293,0.0004780552,0.010634875
19453,0.011111035,0.00047821418,0.01063282
19454,0.011110783,0.00047817378,0.010632609
19455,0.011111527,0.00047830457,0.010633222
19456,0.011111981,0.00047827302,0.010633708
19457,0.011111589,0.00047832108,0.010633268
19458,0.011109943,0.00047835213,0.01063159
19459,0.011107949,0.0004783731,0.010629576
19460,0.011105889,0.00047827465,0.010627615
19461,0.011104791,0.0004782576,0.010626534
19462,0.011104401,0.00047836287,0.010626039
19463,0.011104209,0.00047829625,0.010625913
19464,0.011104079,0.00047835938,0.01062572
19465,0.0111032715,0.00047824613,0.010625025
19466,0.0111022135,0.00047831552,0.010623898
19467,0.011100622,0.00047825344,0.010622368
19468,0.011099399,0.0004782567,0.010621143
19469,0.011098417,0.00047824768,0.010620169
19470,0.011097796,0.00047827602,0.01061952
19471,0.01109728,0.00047822442,0.0106190555
19472,0.011096899,0.0004783967,0.010618502
19473,0.011096145,0.00047828327,0.0106178615
19474,0.011095223,0.00047832084,0.010616902
19475,0.011094156,0.000478286,0.010615869
19476,0.011093099,0.0004783111,0.010614787
19477,0.011092247,0.00047833327,0.010613915
19478,0.011091465,0.00047823624,0.010613229
19479,0.011090694,0.00047823208,0.010612462
19480,0.0110899,0.00047809197,0.010611808
19481,0.011089141,0.00047805265,0.010611088
19482,0.011088368,0.00047802815,0.010610339
19483,0.011087585,0.00047808862,0.010609496
19484,0.011086553,0.00047800437,0.010608549
19485,0.011085793,0.0004780753,0.0106077185
19486,0.0110851005,0.00047822806,0.010606873
19487,0.011084322,0.00047820862,0.010606113
19488,0.011083646,0.0004782938,0.010605352
19489,0.0110828355,0.00047822288,0.0106046125
19490,0.011082003,0.00047818385,0.010603819
19491,0.011081041,0.0004779741,0.0106030665
19492,0.011080183,0.0004778914,0.010602292
19493,0.011079327,0.00047786618,0.010601461
19494,0.011078547,0.00047790853,0.010600639
19495,0.011077729,0.00047789325,0.010599836
19496,0.011077072,0.00047803746,0.010599034
19497,0.011076336,0.0004781053,0.01059823
19498,0.011075421,0.00047793545,0.010597486
19499,0.011074689,0.0004779099,0.010596779
19500,0.011073867,0.00047792678,0.01059594
19501,0.011073143,0.0004780258,0.010595118
19502,0.011072248,0.0004778682,0.01059438
19503,0.011071547,0.00047792995,0.010593617
19504,0.011070611,0.00047783097,0.01059278
19505,0.011070078,0.00047810757,0.010591971
19506,0.011069219,0.00047803024,0.010591188
19507,0.011068314,0.00047790288,0.010590412
19508,0.011067746,0.00047814142,0.010589605
19509,0.01106696,0.00047815125,0.010588809
19510,0.011066244,0.00047820594,0.010588038
19511,0.011065355,0.00047807666,0.010587278
19512,0.011064629,0.0004781724,0.010586456
19513,0.011063888,0.00047818694,0.010585701
19514,0.011063035,0.0004781311,0.010584904
19515,0.0110622225,0.00047811973,0.010584103
19516,0.01106143,0.0004781229,0.010583307
19517,0.011060695,0.0004781638,0.010582532
19518,0.011059919,0.0004781441,0.010581776
19519,0.011059114,0.0004781481,0.010580965
19520,0.011058416,0.00047824217,0.010580174
19521,0.01105735,0.00047794642,0.0105794035
19522,0.011056542,0.0004779673,0.010578576
19523,0.011055842,0.00047809002,0.010577752
19524,0.011055003,0.00047799855,0.010577004
19525,0.011054266,0.0004780229,0.0105762435
19526,0.01105359,0.0004781798,0.01057541
19527,0.011052865,0.00047828577,0.010574579
19528,0.011051999,0.0004781895,0.01057381
19529,0.011051054,0.0004779922,0.010573062
19530,0.011050389,0.00047809965,0.010572289
19531,0.01104968,0.0004782569,0.010571424
19532,0.011048955,0.0004783014,0.010570654
19533,0.01104809,0.00047821354,0.010569876
19534,0.011047348,0.00047821106,0.0105691375
19535,0.011046447,0.00047814846,0.010568298
19536,0.0110455975,0.00047812314,0.010567474
19537,0.011044746,0.00047803356,0.010566712
19538,0.011043916,0.00047793347,0.010565983
19539,0.011043353,0.0004782027,0.0105651505
19540,0.011042319,0.0004779746,0.010564345
19541,0.011041483,0.00047792628,0.010563557
19542,0.011040591,0.00047781557,0.010562775
19543,0.011039965,0.00047796246,0.010562003
19544,0.011039115,0.0004778907,0.010561224
19545,0.011038425,0.0004779971,0.010560429
19546,0.011037694,0.0004780886,0.010559605
19547,0.011036798,0.00047798964,0.010558809
19548,0.011036018,0.00047800597,0.010558012
19549,0.011035072,0.00047783402,0.010557238
19550,0.011034425,0.00047799695,0.010556429
19551,0.011033513,0.00047789514,0.0105556175
19552,0.011032848,0.00047801965,0.010554828
19553,0.011032195,0.00047812922,0.010554066
19554,0.011031192,0.00047794776,0.010553244
19555,0.01103035,0.0004779079,0.010552442
19556,0.011029561,0.0004778784,0.010551683
19557,0.011028902,0.00047802128,0.010550881
19558,0.011027981,0.00047789564,0.0105500845
19559,0.011027255,0.00047796572,0.010549289
19560,0.011026434,0.00047794235,0.010548491
19561,0.011025731,0.00047802282,0.010547709
19562,0.011024992,0.0004780782,0.010546913
19563,0.011024337,0.00047822885,0.010546109
19564,0.011023311,0.00047795623,0.010545354
19565,0.011022663,0.0004780855,0.010544578
19566,0.0110218655,0.00047805544,0.01054381
19567,0.011021372,0.00047830612,0.010543066
19568,0.0110206185,0.00047821275,0.010542406
19569,0.011019952,0.00047822006,0.0105417315
19570,0.0110193305,0.00047825015,0.0105410805
19571,0.011018797,0.00047817084,0.010540626
19572,0.011018482,0.00047820865,0.010540273
19573,0.011018435,0.00047819683,0.010540238
19574,0.011018533,0.000478104,0.0105404295
19575,0.011019465,0.00047825536,0.010541209
19576,0.011020965,0.00047823653,0.010542728
19577,0.011023962,0.0004782277,0.010545734
19578,0.011028691,0.00047832273,0.010550369
19579,0.011035997,0.00047856546,0.010557432
19580,0.011046185,0.0004791942,0.010566991
19581,0.011058826,0.00047928272,0.010579543
19582,0.011072626,0.0004799392,0.010592687
19583,0.011082404,0.00048015564,0.010602249
19584,0.011082477,0.00048044027,0.0106020365
19585,0.011068068,0.00047948814,0.010588581
19586,0.011043219,0.00047919058,0.010564028
19587,0.011018081,0.00047830708,0.010539774
19588,0.011004705,0.00047777127,0.010526934
19589,0.011007139,0.00047798187,0.010529158
19590,0.011018965,0.00047848752,0.010540478
19591,0.011029293,0.00047861625,0.010550677
19592,0.0110304095,0.00047865883,0.010551751
19593,0.011021104,0.0004785213,0.010542583
19594,0.011008047,0.00047822457,0.010529822
19595,0.010999351,0.000477742,0.010521608
19596,0.010999644,0.00047780378,0.01052184
19597,0.011005509,0.0004780637,0.010527445
19598,0.011010364,0.000478342,0.0105320215
19599,0.011009653,0.00047835268,0.010531301
19600,0.011003666,0.00047814174,0.010525524
19601,0.010996722,0.0004777671,0.010518954
19602,0.010993514,0.00047780323,0.010515711
19603,0.010994475,0.00047790003,0.010516576
19604,0.010997274,0.00047803269,0.010519241
19605,0.010998454,0.00047806863,0.010520386
19606,0.010996534,0.0004779354,0.010518598
19607,0.010992994,0.00047805265,0.010514941
19608,0.0109896315,0.00047797608,0.010511655
19609,0.010988344,0.00047785701,0.0105104875
19610,0.010989189,0.0004781273,0.010511062
19611,0.010989987,0.00047806933,0.010511918
19612,0.010989658,0.00047799636,0.010511661
19613,0.010987937,0.00047798647,0.010509951
19614,0.010985492,0.00047788813,0.010507604
19615,0.0109839,0.0004779926,0.010505907
19616,0.010983041,0.0004776959,0.010505345
19617,0.010983125,0.00047785058,0.010505275
19618,0.010982928,0.00047766542,0.010505263
19619,0.01098222,0.0004776874,0.010504533
19620,0.010980809,0.0004775952,0.010503214
19621,0.010979344,0.000477639,0.010501705
19622,0.010978167,0.0004776124,0.010500555
19623,0.010977574,0.0004776087,0.010499965
19624,0.01097715,0.00047759738,0.010499553
19625,0.010976758,0.00047767148,0.010499086
19626,0.010976134,0.00047780905,0.010498324
19627,0.0109751355,0.00047789025,0.010497245
19628,0.010973946,0.00047773804,0.010496208
19629,0.010973108,0.00047787445,0.010495233
19630,0.010972369,0.00047782305,0.010494546
19631,0.0109716635,0.00047779793,0.010493865
19632,0.010971059,0.00047780437,0.010493254
19633,0.010970399,0.00047785678,0.010492542
19634,0.010969483,0.0004777726,0.010491711
19635,0.010968576,0.00047779386,0.010490783
19636,0.010967877,0.00047797355,0.010489903
19637,0.010966996,0.00047784302,0.010489153
19638,0.010966449,0.00047798277,0.010488466
19639,0.01096547,0.00047770512,0.010487765
19640,0.010964899,0.00047784374,0.010487055
19641,0.010964027,0.00047777762,0.010486249
19642,0.010963193,0.00047772203,0.010485471
19643,0.010962393,0.00047779907,0.010484594
19644,0.01096162,0.00047782142,0.010483799
19645,0.010960834,0.00047777226,0.010483062
19646,0.010959921,0.00047755853,0.0104823625
19647,0.010959165,0.0004775527,0.010481613
19648,0.01095834,0.0004775268,0.010480814
19649,0.010957758,0.00047765442,0.010480103
19650,0.010956868,0.0004775359,0.010479332
19651,0.01095615,0.00047762654,0.010478523
19652,0.01095535,0.00047764194,0.010477708
19653,0.010954476,0.00047753312,0.010476943
19654,0.010953914,0.0004776684,0.010476246
19655,0.010953119,0.00047762995,0.010475489
19656,0.010952449,0.0004777807,0.010474669
19657,0.010951568,0.00047764828,0.01047392
19658,0.01095095,0.00047775367,0.010473196
19659,0.010950043,0.00047767317,0.010472369
19660,0.010949445,0.00047785285,0.010471592
19661,0.0109485295,0.00047770492,0.010470824
19662,0.010947884,0.0004778346,0.010470049
19663,0.010947026,0.00047776537,0.010469261
19664,0.010946145,0.00047766324,0.010468482
19665,0.010945234,0.0004774534,0.010467781
19666,0.010944617,0.00047765102,0.010466966
19667,0.01094382,0.00047760984,0.01046621
19668,0.01094315,0.00047770762,0.010465442
19669,0.010942237,0.000477558,0.010464679
19670,0.010941377,0.00047748847,0.010463889
19671,0.0109407,0.00047759915,0.010463101
19672,0.010939804,0.00047746737,0.010462336
19673,0.010939011,0.0004774283,0.010461583
19674,0.0109383315,0.0004774902,0.0104608415
19675,0.010937654,0.0004776386,0.010460015
19676,0.010936907,0.00047766548,0.010459241
19677,0.010935903,0.00047738935,0.010458513
19678,0.010935263,0.0004774877,0.010457776
19679,0.010934496,0.00047753804,0.010456958
19680,0.010933709,0.0004775215,0.010456188
19681,0.010933009,0.00047757482,0.010455434
19682,0.010932346,0.00047766606,0.01045468
19683,0.010931663,0.00047771563,0.010453948
19684,0.010930803,0.0004776351,0.010453167
19685,0.010930059,0.00047769595,0.010452363
19686,0.010929027,0.0004774114,0.010451615
19687,0.010928289,0.0004774709,0.010450819
19688,0.010927496,0.00047744167,0.010450054
19689,0.010926762,0.00047750023,0.010449261
19690,0.010925926,0.00047743233,0.010448494
19691,0.010925233,0.00047743437,0.010447799
19692,0.01092436,0.00047737572,0.010446984
19693,0.010923664,0.0004774781,0.010446186
19694,0.010922919,0.00047750407,0.010445415
19695,0.010922221,0.00047755367,0.010444667
19696,0.010921387,0.0004775374,0.0104438495
19697,0.010920491,0.00047743064,0.010443061
19698,0.010919677,0.0004773653,0.010442312
19699,0.01091882,0.00047727444,0.010441545
19700,0.010918025,0.00047726737,0.0104407575
19701,0.010917334,0.0004773232,0.010440011
19702,0.010916446,0.00047723722,0.010439209
19703,0.0109156575,0.00047715585,0.010438502
19704,0.010914966,0.00047728015,0.010437686
19705,0.010914109,0.00047722438,0.010436884
19706,0.010913365,0.0004772495,0.010436115
19707,0.010912622,0.00047727244,0.01043535
19708,0.010911818,0.00047726184,0.010434556
19709,0.01091099,0.00047723434,0.010433756
19710,0.010910317,0.00047731758,0.010433
19711,0.010909492,0.00047727977,0.010432213
19712,0.0109087275,0.00047728643,0.0104314415
19713,0.010907923,0.0004773026,0.01043062
19714,0.01090707,0.0004772132,0.010429856
19715,0.010906388,0.0004773034,0.010429084
19716,0.010905785,0.00047744863,0.0104283355
19717,0.010904959,0.00047744715,0.010427512
19718,0.010904022,0.00047728734,0.010426735
19719,0.010903203,0.0004772097,0.010425993
19720,0.010902545,0.0004773544,0.010425191
19721,0.010901726,0.00047729508,0.0104244305
19722,0.010900884,0.00047723766,0.010423646
19723,0.010900103,0.0004772244,0.010422878
19724,0.010899432,0.00047734362,0.010422088
19725,0.010898729,0.00047740983,0.010421319
19726,0.010897865,0.0004773114,0.010420553
19727,0.010897098,0.00047729554,0.010419803
19728,0.010896175,0.00047715835,0.010419017
19729,0.010895445,0.00047724156,0.010418204
19730,0.010894799,0.00047737279,0.010417426
19731,0.010893909,0.00047723128,0.010416678
19732,0.010893092,0.00047722636,0.010415865
19733,0.010892318,0.00047721947,0.010415099
19734,0.010891619,0.0004773407,0.010414278
19735,0.010890776,0.00047727156,0.010413505
19736,0.010889905,0.00047714112,0.010412764
19737,0.010889062,0.00047710587,0.010411955
19738,0.010888266,0.00047708783,0.010411179
19739,0.01088753,0.00047716196,0.0104103675
19740,0.010886804,0.00047716495,0.010409639
19741,0.010886065,0.00047724362,0.0104088215
19742,0.0108852405,0.00047720107,0.010408039
19743,0.010884579,0.00047728626,0.010407293
19744,0.010883794,0.0004772484,0.010406545
19745,0.010883001,0.0004772247,0.010405776
19746,0.010882223,0.00047727948,0.0104049435
19747,0.010881423,0.00047718882,0.010404234
19748,0.010880621,0.0004771841,0.010403437
19749,0.010879891,0.00047713998,0.010402751
19750,0.010879112,0.0004771296,0.010401983
19751,0.010878499,0.0004771217,0.0104013765
19752,0.01087795,0.0004772625,0.010400687
19753,0.010877272,0.00047709342,0.010400179
19754,0.010877027,0.0004773392,0.010399688
19755,0.0108768195,0.00047727357,0.010399546
19756,0.010877015,0.00047749197,0.010399523
19757,0.010877431,0.00047733978,0.010400091
19758,0.010878758,0.00047767168,0.010401086
19759,0.010880951,0.00047765445,0.010403296
19760,0.010884773,0.0004778692,0.010406904
19761,0.010890716,0.0004780107,0.010412705
19762,0.010899265,0.00047816534,0.0104211
19763,0.010910923,0.0004786104,0.010432312
19764,0.010924733,0.00047921226,0.010445521
19765,0.010937405,0.00047925886,0.010458146
19766,0.0109439045,0.00047927967,0.0104646245
19767,0.010937769,0.0004793862,0.010458383
19768,0.010918181,0.000478361,0.010439821
19769,0.010891289,0.00047789817,0.0104133915
19770,0.010869965,0.000477086,0.010392879
19771,0.010863478,0.00047738224,0.010386096
19772,0.010871106,0.00047750902,0.010393597
19773,0.010883963,0.00047767384,0.010406289
19774,0.010890987,0.00047812788,0.010412859
19775,0.01088645,0.00047764453,0.010408806
19776,0.010873624,0.0004777054,0.010395919
19777,0.010861544,0.00047715535,0.010384388
19778,0.010857539,0.00047679435,0.010380745
19779,0.010861752,0.00047696274,0.010384789
19780,0.010867965,0.00047704892,0.010390917
19781,0.010869865,0.0004776625,0.010392203
19782,0.010865572,0.0004773248,0.010388247
19783,0.010858704,0.00047700256,0.010381701
19784,0.010854094,0.00047718867,0.010376906
19785,0.010853329,0.000476986,0.010376343
19786,0.010855375,0.00047715817,0.010378216
19787,0.010857225,0.00047708742,0.010380138
19788,0.010856921,0.00047729202,0.010379629
19789,0.010853948,0.0004771454,0.010376803
19790,0.010850439,0.00047708978,0.010373349
19791,0.010848192,0.00047720887,0.010370983
19792,0.010847974,0.00047706655,0.010370907
19793,0.010848881,0.00047697578,0.010371905
19794,0.010849421,0.00047724237,0.010372179
19795,0.010848102,0.0004770216,0.010371081
19796,0.010845931,0.00047706204,0.01036887
19797,0.010843823,0.0004769952,0.010366827
19798,0.010842951,0.0004771118,0.010365839
19799,0.010842826,0.0004770791,0.010365747
19800,0.010842704,0.00047692048,0.010365784
19801,0.010842231,0.0004769945,0.010365237
19802,0.010840991,0.00047691632,0.010364074
19803,0.010839712,0.00047693518,0.010362777
19804,0.010838425,0.0004769464,0.010361479
19805,0.010837563,0.00047684135,0.010360722
19806,0.010836858,0.00047668116,0.010360178
19807,0.010836574,0.00047679906,0.010359775
19808,0.0108359475,0.0004766951,0.010359253
19809,0.01083494,0.00047664106,0.010358299
19810,0.010833746,0.00047651152,0.010357235
19811,0.010832916,0.00047667345,0.010356243
19812,0.010832166,0.0004766851,0.010355481
19813,0.010831472,0.00047653113,0.010354942
19814,0.010831078,0.0004767668,0.010354311
19815,0.010830335,0.00047667648,0.010353659
19816,0.01082967,0.00047686734,0.010352803
19817,0.010828722,0.0004767175,0.010352004
19818,0.0108278105,0.00047663035,0.01035118
19819,0.010826934,0.00047662994,0.010350305
19820,0.010826249,0.00047660846,0.010349641
19821,0.010825762,0.00047676198,0.010349
19822,0.010825141,0.00047678687,0.0103483545
19823,0.01082434,0.000476779,0.010347561
19824,0.010823585,0.00047685034,0.010346735
19825,0.010822759,0.00047674225,0.010346017
19826,0.010821954,0.00047675043,0.010345204
19827,0.0108213145,0.00047684135,0.010344473
19828,0.010820622,0.0004768821,0.01034374
19829,0.010819811,0.0004767773,0.010343034
19830,0.010819162,0.00047683608,0.010342326
19831,0.010818098,0.00047651312,0.010341585
19832,0.01081736,0.0004765276,0.010340832
19833,0.010816522,0.0004764701,0.010340052
19834,0.010815829,0.00047656932,0.01033926
19835,0.010815154,0.00047664423,0.010338509
19836,0.010814565,0.00047672787,0.010337837
19837,0.010813859,0.00047674956,0.01033711
19838,0.010813186,0.00047684103,0.010336345
19839,0.010812326,0.00047673052,0.010335595
19840,0.010811632,0.0004767782,0.010334853
19841,0.010810868,0.0004767174,0.010334151
19842,0.010810018,0.00047663206,0.010333385
19843,0.010809222,0.0004766169,0.010332606
19844,0.01080858,0.00047670465,0.010331875
19845,0.010807824,0.00047665,0.010331174
19846,0.010807005,0.00047656958,0.010330435
19847,0.010806167,0.00047649717,0.010329669
19848,0.010805451,0.00047655127,0.0103289
19849,0.01080485,0.00047667732,0.010328173
19850,0.010804182,0.00047669263,0.010327489
19851,0.010803424,0.00047672723,0.010326697
19852,0.01080251,0.00047658363,0.010325926
19853,0.010801628,0.00047643355,0.010325194
19854,0.010801124,0.0004766843,0.01032444
19855,0.010800188,0.00047643046,0.010323758
19856,0.010799429,0.00047644874,0.010322981
19857,0.010798822,0.00047657127,0.01032225
19858,0.010797992,0.00047648913,0.0103215035
19859,0.010797309,0.00047653902,0.01032077
19860,0.010796486,0.00047651687,0.01031997
19861,0.0107958075,0.00047657944,0.010319228
19862,0.010795136,0.00047659336,0.010318543
19863,0.010794253,0.00047651483,0.010317738
19864,0.010793538,0.00047656507,0.010316973
19865,0.010792818,0.00047652348,0.010316295
19866,0.010791888,0.00047634973,0.010315538
19867,0.0107911555,0.0004763468,0.010314809
19868,0.010790504,0.00047649027,0.010314013
19869,0.010789816,0.00047654915,0.010313267
19870,0.010789123,0.00047657153,0.010312552
19871,0.01078843,0.00047663873,0.010311792
19872,0.010787535,0.00047648177,0.010311054
19873,0.010786734,0.00047645078,0.010310283
19874,0.010786194,0.00047656294,0.010309631
19875,0.010785404,0.0004765872,0.010308816
19876,0.010784504,0.00047644787,0.010308056
19877,0.01078365,0.00047631114,0.010307339
19878,0.010782967,0.00047638366,0.010306584
19879,0.010782224,0.00047641766,0.010305806
19880,0.010781604,0.00047652784,0.010305076
19881,0.010780758,0.0004763957,0.0103043625
19882,0.010780013,0.00047640255,0.010303611
19883,0.010779332,0.00047652863,0.0103028035
19884,0.010778625,0.00047656515,0.010302059
19885,0.010777801,0.0004764634,0.010301338
19886,0.010777046,0.0004764528,0.010300593
19887,0.010776377,0.00047656387,0.010299813
19888,0.0107757095,0.00047666437,0.010299046
19889,0.010774943,0.0004765665,0.010298377
19890,0.010774286,0.00047665255,0.010297634
19891,0.0107735535,0.00047671967,0.010296834
19892,0.010772692,0.00047661137,0.01029608
19893,0.010772007,0.0004766489,0.010295358
19894,0.0107713,0.00047667918,0.010294621
19895,0.010770665,0.0004768257,0.010293839
19896,0.01076979,0.0004766816,0.010293108
19897,0.010768972,0.0004765948,0.010292377
19898,0.010768279,0.00047669208,0.010291588
19899,0.010767566,0.00047673855,0.010290828
19900,0.010766751,0.00047665575,0.010290096
19901,0.010766054,0.0004766997,0.010289354
19902,0.010765167,0.00047657496,0.010288592
19903,0.010764461,0.00047662784,0.010287833
19904,0.010763602,0.00047652872,0.010287073
19905,0.01076272,0.0004763581,0.010286362
19906,0.010762044,0.00047645526,0.010285589
19907,0.010761187,0.0004763488,0.010284838
19908,0.010760419,0.0004763406,0.010284078
19909,0.010759811,0.00047645145,0.010283359
19910,0.010758874,0.00047628413,0.01028259
19911,0.010758229,0.00047635546,0.010281873
19912,0.010757375,0.00047631742,0.010281057
19913,0.010756812,0.00047648998,0.010280322
19914,0.010755999,0.00047638983,0.010279609
19915,0.010755061,0.00047619766,0.010278864
19916,0.010754272,0.00047618258,0.01027809
19917,0.0107535925,0.0004762798,0.010277312
19918,0.01075278,0.00047617682,0.0102766035
19919,0.010752096,0.0004762349,0.010275861
19920,0.010751281,0.00047614603,0.010275135
19921,0.01075071,0.000476318,0.010274392
19922,0.010749871,0.00047618768,0.010273683
19923,0.01074925,0.00047625127,0.010272998
19924,0.010748686,0.00047638902,0.010272297
19925,0.010747938,0.00047634577,0.010271593
19926,0.010747264,0.00047630194,0.0102709625
19927,0.010746602,0.00047627577,0.010270326
19928,0.010746142,0.0004763763,0.010269766
19929,0.01074559,0.0004764109,0.010269179
19930,0.010745118,0.00047628855,0.01026883
19931,0.010744846,0.00047629845,0.010268548
19932,0.010744723,0.00047626716,0.010268455
19933,0.010745269,0.0004765504,0.010268719
19934,0.010745854,0.00047633532,0.010269519
19935,0.010747125,0.00047633427,0.010270791
19936,0.010749558,0.00047657854,0.01027298
19937,0.01075312,0.0004766775,0.010276442
19938,0.010758286,0.0004768785,0.010281408
19939,0.010764813,0.00047712517,0.010287688
19940,0.010773099,0.00047763906,0.01029546
19941,0.0107814735,0.0004778234,0.01030365
19942,0.010787994,0.0004777798,0.010310214
19943,0.0107891625,0.00047795544,0.010311207
19944,0.010782807,0.00047790312,0.010304904
19945,0.010768399,0.0004772873,0.010291112
19946,0.010750883,0.0004765368,0.010274346
19947,0.010736337,0.00047620552,0.010260131
19948,0.010730188,0.00047602752,0.0102541605
19949,0.010732203,0.00047596858,0.010256235
19950,0.010739098,0.00047627802,0.01026282
19951,0.010745544,0.0004765783,0.010268966
19952,0.010747133,0.0004766574,0.010270475
19953,0.010742992,0.0004763268,0.010266665
19954,0.01073509,0.0004761659,0.010258924
19955,0.010727889,0.0004759581,0.010251931
19956,0.010724351,0.0004760512,0.0102483
19957,0.010724959,0.00047611873,0.01024884
19958,0.010727814,0.000476093,0.010251721
19959,0.010730116,0.00047623616,0.010253879
19960,0.010730056,0.00047626,0.010253796
19961,0.010727137,0.00047609524,0.010251042
19962,0.010723135,0.00047597248,0.010247163
19963,0.01071984,0.00047601826,0.010243822
19964,0.010718525,0.00047605773,0.010242468
19965,0.010718792,0.00047595063,0.010242841
19966,0.010720029,0.00047633474,0.010243693
19967,0.010720321,0.00047615508,0.010244166
19968,0.010719604,0.00047629184,0.010243312
19969,0.010717517,0.0004760524,0.010241465
19970,0.010715199,0.00047598983,0.010239209
19971,0.010713443,0.000475914,0.010237529
19972,0.010712659,0.00047600482,0.010236654
19973,0.010712566,0.00047607653,0.01023649
19974,0.010712596,0.0004760552,0.010236541
19975,0.010712245,0.00047612074,0.010236124
19976,0.010711358,0.00047605566,0.010235302
19977,0.010709989,0.00047588864,0.0102341
19978,0.010708725,0.00047594833,0.010232776
19979,0.01070759,0.00047597833,0.010231611
19980,0.010706775,0.00047592173,0.010230853
19981,0.010706106,0.0004757622,0.010230344
19982,0.010705825,0.00047594839,0.010229876
19983,0.010705103,0.00047570697,0.010229397
19984,0.010704576,0.00047590066,0.010228676
19985,0.010703419,0.0004756633,0.010227756
19986,0.010702444,0.00047570353,0.0102267405
19987,0.010701499,0.0004756888,0.01022581
19988,0.010700779,0.00047579178,0.010224987
19989,0.010700203,0.00047594524,0.010224258
19990,0.010699555,0.0004758854,0.01022367
19991,0.010698808,0.00047573593,0.010223072
19992,0.010698113,0.00047576227,0.01022235
19993,0.0106973825,0.00047580677,0.010221575
19994,0.010696461,0.0004756919,0.01022077
19995,0.010695818,0.0004757764,0.0102200415
19996,0.010694961,0.00047576573,0.010219195
19997,0.010694262,0.00047588788,0.0102183735
19998,0.010693345,0.0004757026,0.010217642
19999,0.0106928,0.0004757694,0.010217031
